{
  "报告信息": {
    "序号": null,
    "股票代码": "600080",
    "股票简称": "金花股份",
    "报告年份": "2024",
    "报告期": "HY",
    "总股本_股": 373270285,
    "流通股本_股": null,
    "报告日期": null,
    "审计意见": "未经审计",
    "会计师事务所": null
  },
  "核心业绩指标": {
    "每股收益_元": 0.03,
    "稀释每股收益_元": 0.03,
    "营业总收入_万元": 24596.548281,
    "营业总收入_亿元": 2.4596548281,
    "营收同比增长_百分比": -3.68,
    "营收环比增长_百分比": null,
    "净利润_万元": 946.289379,
    "净利润_亿元": 0.0946289379,
    "净利润同比增长_百分比": 211.01,
    "净利润环比增长_百分比": null,
    "归母净利润_万元": 946.289379,
    "少数股东损益_万元": null,
    "每股净资产_元": null,
    "净资产收益率_百分比": 0.6,
    "扣非净资产收益率_百分比": 0.67,
    "每股经营现金流_元": null,
    "扣非净利润_万元": 1003.137973,
    "扣非净利润同比增长_百分比": -42.39,
    "销售毛利率_百分比": 76.66,
    "销售净利率_百分比": 3.85,
    "加权平均净资产收益率_百分比": 0.6,
    "扣非加权净资产收益率_百分比": 0.64,
    "总资产收益率_百分比": 0.53,
    "主营业务收入_万元": null,
    "主营业务成本_万元": 5740.478682,
    "主营业务利润_万元": null
  },
  "资产负债表": {
    "货币资金_万元": 30256.629775,
    "应收账款_万元": 8467.292813,
    "应收票据_万元": 1305.454592,
    "应收款项融资_万元": 198.775604,
    "预付款项_万元": 5191.98001,
    "其他应收款_万元": 17868.751204,
    "存货_万元": 3087.04882,
    "合同资产_万元": null,
    "一年内到期的非流动资产_万元": null,
    "其他流动资产_万元": 141.9,
    "流动资产合计_万元": 75281.161062,
    "交易性金融资产_万元": 8229.371567,
    "债权投资_万元": null,
    "其他债权投资_万元": null,
    "长期应收款_万元": null,
    "长期股权投资_万元": 49795.539461,
    "其他权益工具投资_万元": 1065.89,
    "投资性房地产_万元": 127.723611,
    "固定资产_万元": 12213.69084,
    "在建工程_万元": 18200.15954,
    "生产性生物资产_万元": null,
    "油气资产_万元": null,
    "使用权资产_万元": 1977.389017,
    "无形资产_万元": 7298.405413,
    "开发支出_万元": 2341.926648,
    "商誉_万元": null,
    "长期待摊费用_万元": 875.05559,
    "递延所得税资产_万元": 3153.667327,
    "其他非流动资产_万元": 7582.774249,
    "非流动资产合计_万元": 103509.323402,
    "总资产_万元": 178790.484464,
    "总资产同比增长_百分比": -15.21,
    "短期借款_万元": 4262.333283,
    "交易性金融负债_万元": null,
    "应付票据_万元": 1432.63072,
    "应付账款_万元": 742.687446,
    "预收款项_万元": null,
    "合同负债_万元": 829.421956,
    "应付职工薪酬_万元": 453.341352,
    "应交税费_万元": 781.345553,
    "其他应付款_万元": 17185.178636,
    "一年内到期的非流动负债_万元": 166.096433,
    "其他流动负债_万元": 1238.06756,
    "流动负债合计_万元": 27091.102939,
    "长期借款_万元": null,
    "应付债券_万元": null,
    "租赁负债_万元": 973.835589,
    "长期应付款_万元": null,
    "预计负债_万元": 594.100356,
    "递延收益_万元": 19.875,
    "递延所得税负债_万元": 272.619358,
    "其他非流动负债_万元": null,
    "非流动负债合计_万元": 1860.430303,
    "总负债_万元": 28951.533242,
    "总负债同比增长_百分比": null,
    "资产负债率_百分比": 16.19,
    "实收资本_万元": 37327.0285,
    "资本公积_万元": 82134.567632,
    "盈余公积_万元": 12497.267063,
    "未分配利润_万元": 45384.702156,
    "其他综合收益_万元": -12554.623427,
    "专项储备_万元": null,
    "归属于母公司所有者权益合计_万元": 149838.951222,
    "少数股东权益_万元": null,
    "股东权益合计_万元": 149838.951222
  },
  "利润表": {
    "营业总收入_万元": 24596.548281,
    "营业收入_万元": 24596.548281,
    "营业总收入同比增长_百分比": -3.68,
    "营业成本_万元": 5740.478682,
    "税金及附加_万元": 268.670079,
    "销售费用_万元": 14080.47134,
    "管理费用_万元": 2473.715576,
    "研发费用_万元": 842.192046,
    "财务费用_万元": -96.287596,
    "其中利息费用_万元": 157.100737,
    "其中利息收入_万元": 303.66219,
    "其他收益_万元": 94.235077,
    "投资收益_万元": 2940.139085,
    "其中对联营企业投资收益_万元": 474.670923,
    "公允价值变动收益_万元": -2589.076066,
    "信用减值损失_万元": -772.755139,
    "资产减值损失_万元": 959.851111,
    "资产处置收益_万元": 18.221237,
    "营业总支出_万元": null,
    "营业利润_万元": 924.980958,
    "营业外收入_万元": 1.821237,
    "营业外支出_万元": 36.69139,
    "利润总额_万元": 946.289379,
    "所得税费用_万元": -21.308421,
    "净利润_万元": 946.289379,
    "归母净利润_万元": 946.289379,
    "少数股东损益_万元": null,
    "持续经营净利润_万元": 98.622215,
    "终止经营净利润_万元": -4.0327771,
    "其他综合收益_万元": null,
    "综合收益总额_万元": 946.289379,
    "归母综合收益总额_万元": 946.289379
  },
  "现金流量表": {
    "销售商品收到现金_万元": 27037.580699,
    "收到的税费返还_万元": null,
    "收到其他经营活动现金_万元": 3764.881717,
    "经营活动现金流入_万元": 30802.462416,
    "购买商品支付现金_万元": 2575.971303,
    "支付职工现金_万元": 4805.042172,
    "支付税费_万元": 1762.462721,
    "支付其他经营活动现金_万元": 23968.923427,
    "经营活动现金流出_万元": 33112.399623,
    "经营现金流净额_万元": -2309.937207,
    "经营现金流净额同比增长_百分比": null,
    "收回投资现金_万元": null,
    "取得投资收益现金_万元": 290.751868,
    "处置资产收回现金_万元": 0.086,
    "收到其他投资活动现金_万元": 60455.100463,
    "投资活动现金流入_万元": 6070.3705576,
    "投资支付现金_万元": null,
    "购建资产支付现金_万元": 12009.14397,
    "支付其他投资活动现金_万元": 66492.360113,
    "投资活动现金流出_万元": 7850.1504083,
    "投资现金流净额_万元": -1779.7798507,
    "吸收投资现金_万元": null,
    "取得借款现金_万元": 29823.485645,
    "收到其他筹资活动现金_万元": null,
    "筹资活动现金流入_万元": 29823.485645,
    "偿还债务现金_万元": 25568.042868,
    "分配股利现金_万元": 116.950886,
    "支付其他筹资活动现金_万元": 15747.404569,
    "筹资活动现金流出_万元": 41432.398323,
    "融资现金流净额_万元": -11608.912678,
    "汇率变动影响_万元": null,
    "现金及等价物净增加额_万元": -31716.648392,
    "净现金流_元": null,
    "净现金流同比增长_百分比": null,
    "期初现金及等价物_万元": 61973.278167,
    "期末现金及等价物_万元": 30256.629775,
    "经营现金流占比_百分比": 7.28,
    "投资现金流占比_百分比": 5.61,
    "融资现金流占比_百分比": 36.61
  },
  "historical_data": {
    "core_performance_indicators_sheet": {
      "current": {
        "id": 7,
        "serial_number": null,
        "stock_code": "600080",
        "stock_abbr": "金花股份",
        "eps": -0.1149,
        "total_operating_revenue": 56540.34,
        "operating_revenue_yoy_growth": -2.41,
        "operating_revenue_qoq_growth": null,
        "net_profit_10k_yuan": -4289.06,
        "net_profit_yoy_growth": -228.19,
        "net_profit_qoq_growth": null,
        "net_asset_per_share": null,
        "roe": -2.58,
        "operating_cf_per_share": null,
        "net_profit_excl_non_recurring": 300.47,
        "net_profit_excl_non_recurring_yoy": -21.2,
        "gross_profit_margin": 76.34,
        "net_profit_margin": -7.58,
        "roe_weighted_excl_non_recurring": 0.18,
        "report_period": "FY",
        "report_year": 2024,
        "created_at": "2026-04-17 18:47:43",
        "updated_at": "2026-04-17 18:47:43"
      },
      "last": {
        "id": 3,
        "serial_number": null,
        "stock_code": "600080",
        "stock_abbr": "金花股份",
        "eps": 0.0125,
        "total_operating_revenue": 10825.951244,
        "operating_revenue_yoy_growth": -9.18,
        "operating_revenue_qoq_growth": null,
        "net_profit_10k_yuan": 468.093536,
        "net_profit_yoy_growth": -49.56,
        "net_profit_qoq_growth": null,
        "net_asset_per_share": null,
        "roe": null,
        "operating_cf_per_share": -0.1037,
        "net_profit_excl_non_recurring": 235.042763,
        "net_profit_excl_non_recurring_yoy": -80.24,
        "gross_profit_margin": null,
        "net_profit_margin": null,
        "roe_weighted_excl_non_recurring": null,
        "report_period": "Q1",
        "report_year": 2023,
        "created_at": "2026-04-17 18:40:15",
        "updated_at": "2026-04-17 18:40:15"
      }
    },
    "balance_sheet": {
      "current": {
        "id": 7,
        "serial_number": null,
        "stock_code": "600080",
        "stock_abbr": "金花股份",
        "asset_cash_and_cash_equivalents": 62044.96,
        "asset_accounts_receivable": 11394.6,
        "asset_inventory": 2624.71,
        "asset_trading_financial_assets": 5682.72,
        "asset_construction_in_progress": 11083.15,
        "asset_total_assets": 210855.11,
        "asset_total_assets_yoy_growth": 6.79,
        "liability_accounts_payable": 928.48,
        "liability_advance_from_customers": 0,
        "liability_total_liabilities": 47012.46,
        "liability_total_liabilities_yoy_growth": null,
        "liability_contract_liabilities": 71.87,
        "liability_short_term_loans": null,
        "asset_liability_ratio": 22.3,
        "equity_unappropriated_profit": 44438.41,
        "equity_total_equity": 163842.65,
        "report_period": "FY",
        "report_year": 2024,
        "created_at": "2026-04-17 18:47:43",
        "updated_at": "2026-04-17 18:47:43"
      },
      "last": {
        "id": 3,
        "serial_number": null,
        "stock_code": "600080",
        "stock_abbr": "金花股份",
        "asset_cash_and_cash_equivalents": 53383.757842,
        "asset_accounts_receivable": 10634.788632,
        "asset_inventory": 2728.429325,