{
  "报告信息": {
    "序号": null,
    "股票代码": "600080",
    "股票简称": "金花股份",
    "报告年份": "2024",
    "报告期": "Q1",
    "总股本_股": 373270285,
    "流通股本_股": null,
    "报告日期": "2024-04-25",
    "审计意见": "未经审计",
    "会计师事务所": null
  },
  "核心业绩指标": {
    "每股收益_元": 0.0648,
    "稀释每股收益_元": 0.0648,
    "营业总收入_万元": 11578.927068,
    "营业总收入_亿元": 1.1578927068,
    "营收同比增长_百分比": 6.96,
    "营收环比增长_百分比": null,
    "净利润_万元": 2396.242714,
    "净利润_亿元": 0.2396242714,
    "净利润同比增长_百分比": 411.92,
    "净利润环比增长_百分比": null,
    "归母净利润_万元": 2396.242714,
    "少数股东损益_万元": null,
    "每股净资产_元": null,
    "净资产收益率_百分比": null,
    "扣非净资产收益率_百分比": 0.27,
    "扣非净利润_万元": 423.949297,
    "扣非净利润同比增长_百分比": 80.37,
    "销售毛利率_百分比": 76.56,
    "销售净利率_百分比": 20.69,
    "加权平均净资产收益率_百分比": 1.5068,
    "扣非加权净资产收益率_百分比": null,
    "总资产收益率_百分比": 1.32,
    "主营业务收入_万元": null,
    "主营业务成本_万元": null,
    "主营业务利润_万元": null
  },
  "资产负债表": {
    "货币资金_万元": 36403.211057,
    "应收账款_万元": 9666.071736,
    "应收票据_万元": 1417.260543,
    "应收款项融资_万元": 187.321091,
    "预付款项_万元": 6607.010646,
    "其他应收款_万元": 18731.645384,
    "存货_万元": 3173.797523,
    "合同资产_万元": null,
    "一年内到期的非流动资产_万元": null,
    "其他流动资产_万元": 212.85,
    "流动资产合计_万元": 85071.094054,
    "交易性金融资产_万元": 8671.926074,
    "债权投资_万元": null,
    "其他债权投资_万元": null,
    "长期应收款_万元": null,
    "长期股权投资_万元": 49532.471345,
    "其他权益工具投资_万元": 1065.89,
    "投资性房地产_万元": 129.897408,
    "固定资产_万元": 11989.195252,
    "在建工程_万元": 13463.667512,
    "生产性生物资产_万元": null,
    "油气资产_万元": null,
    "使用权资产_万元": 2146.404148,
    "无形资产_万元": 7423.095295,
    "开发支出_万元": 1047.904608,
    "商誉_万元": null,
    "长期待摊费用_万元": 989.946642,
    "递延所得税资产_万元": 3181.999882,
    "其他非流动资产_万元": 5459.754331,
    "非流动资产合计_万元": 96430.226423,
    "总资产_万元": 181501.320477,
    "总资产同比增长_百分比": -13.92,
    "短期借款_万元": 2123.84974,
    "交易性金融负债_万元": null,
    "应付票据_万元": null,
    "应付账款_万元": 1131.52863,
    "预收款项_万元": null,
    "合同负债_万元": 99.713342,
    "应付职工薪酬_万元": 501.534203,
    "应交税费_万元": 1011.772833,
    "其他应付款_万元": 18393.972504,
    "一年内到期的非流动负债_万元": 427.203333,
    "其他流动负债_万元": 888.473911,
    "流动负债合计_万元": 24578.048496,
    "长期借款_万元": null,
    "应付债券_万元": null,
    "租赁负债_万元": 694.645775,
    "长期应付款_万元": null,
    "预计负债_万元": 1562.999239,
    "递延收益_万元": 20.67,
    "递延所得税负债_万元": 427.388078,
    "其他非流动负债_万元": null,
    "非流动负债合计_万元": 2705.703092,
    "总负债_万元": 27283.751588,
    "总负债同比增长_百分比": null,
    "资产负债率_百分比": 15.03,
    "实收资本_万元": 37327.0285,
    "资本公积_万元": 82134.567632,
    "盈余公积_万元": 12497.267063,
    "未分配利润_万元": 46834.655491,
    "其他综合收益_万元": -12554.623427,
    "专项储备_万元": null,
    "归属于母公司所有者权益合计_万元": 154217.568889,
    "少数股东权益_万元": null,
    "股东权益合计_万元": 154217.568889
  },
  "利润表": {
    "营业总收入_万元": 11578.927068,
    "营业收入_万元": 11578.927068,
    "营业总收入同比增长_百分比": 6.96,
    "营业成本_万元": 2714.308924,
    "税金及附加_万元": 139.719674,
    "销售费用_万元": 6521.833135,
    "管理费用_万元": 1366.810489,
    "研发费用_万元": 232.953304,
    "财务费用_万元": -68.630782,
    "其中利息费用_万元": 109.716606,
    "其中利息收入_万元": 180.047365,
    "其他收益_万元": 20.795,
    "投资收益_万元": 3345.51086,
    "其中对联营企业投资收益_万元": 211.602807,
    "公允价值变动收益_万元": -451.326203,
    "信用减值损失_万元": -759.892679,
    "资产减值损失_万元": null,
    "资产处置收益_万元": null,
    "营业总支出_万元": 10906.994744,
    "营业利润_万元": 2827.019302,
    "营业外收入_万元": 0.739492,
    "营业外支出_万元": 37.224716,
    "利润总额_万元": 2790.534078,
    "所得税费用_万元": 394.291364,
    "净利润_万元": 2396.242714,
    "归母净利润_万元": 2396.242714,
    "少数股东损益_万元": null,
    "持续经营净利润_万元": 2436.782421,
    "终止经营净利润_万元": -40.539707,
    "其他综合收益_万元": null,
    "综合收益总额_万元": 2396.242714,
    "归母综合收益总额_万元": 2396.242714
  },
  "现金流量表": {
    "销售商品收到现金_万元": 12058.880353,
    "收到的税费返还_万元": null,
    "收到其他经营活动现金_万元": 1868.416607,
    "经营活动现金流入_万元": 13927.29696,
    "购买商品支付现金_万元": 1281.46836,
    "支付职工现金_万元": 3233.390991,
    "支付税费_万元": 1016.413349,
    "支付其他经营活动现金_万元": 13317.309083,
    "经营活动现金流出_万元": 18848.581783,
    "经营现金流净额_万元": -4921.284823,
    "经营现金流净额同比增长_百分比": null,
    "收回投资现金_万元": null,
    "取得投资收益现金_万元": 309.174761,
    "处置资产收回现金_万元": 0.086,
    "收到其他投资活动现金_万元": 45008.800747,
    "投资活动现金流入_万元": 45275.828753,
    "投资支付现金_万元": null,
    "购建资产支付现金_万元": 6384.577125,
    "支付其他投资活动现金_万元": 48969.526797,
    "投资活动现金流出_万元": 55354.103922,
    "投资现金流净额_万元": -10078.275169,
    "吸收投资现金_万元": null,
    "取得借款现金_万元": 20652.268902,
    "收到其他筹资活动现金_万元": null,
    "筹资活动现金流入_万元": 20652.268902,
    "偿还债务现金_万元": 18535.309668,
    "分配股利现金_万元": 87.64838,
    "支付其他筹资活动现金_万元": 12703.932219,
    "筹资活动现金流出_万元": 31326.890267,
    "融资现金流净额_万元": -10674.621365,
    "汇率变动影响_万元": null,
    "现金及等价物净增加额_万元": -25674.181357,
    "净现金流_元": null,
    "净现金流同比增长_百分比": null,
    "期初现金及等价物_万元": 61973.278167,
    "期末现金及等价物_万元": 36299.09681,
    "经营现金流占比_百分比": 19.17,
    "投资现金流占比_百分比": 39.26,
    "融资现金流占比_百分比": 41.57
  },
  "historical_data": {
    "core_performance_indicators_sheet": {
      "current": null,
      "last": {
        "id": 3,
        "serial_number": null,
        "stock_code": "600080",
        "stock_abbr": "金花股份",
        "eps": 0.0125,
        "total_operating_revenue": 10825.951244,
        "operating_revenue_yoy_growth": -9.18,
        "operating_revenue_qoq_growth": null,
        "net_profit_10k_yuan": 468.093536,
        "net_profit_yoy_growth": -49.56,
        "net_profit_qoq_growth": null,
        "net_asset_per_share": null,
        "roe": null,
        "operating_cf_per_share": -0.1037,
        "net_profit_excl_non_recurring": 235.042763,
        "net_profit_excl_non_recurring_yoy": -80.24,
        "gross_profit_margin": null,
        "net_profit_margin": null,
        "roe_weighted_excl_non_recurring": null,
        "report_period": "Q1",
        "report_year": 2023,
        "created_at": "2026-04-17 18:40:15",
        "updated_at": "2026-04-17 18:40:15"
      }
    },
    "balance_sheet": {
      "current": null,
      "last": {
        "id": 3,
        "serial_number": null,
        "stock_code": "600080",
        "stock_abbr": "金花股份",
        "asset_cash_and_cash_equivalents": 53383.757842,
        "asset_accounts_receivable": 10634.788632,
        "asset_inventory": 2728.429325,
        "asset_trading_financial_assets": 10566.722096,
        "asset_construction_in_progress": 19600.436816,
        "asset_total_assets": 202015.42828,
        "asset_total_assets_yoy_growth": 2.32,
        "liability_accounts_payable": 1833.68108,
        "liability_advance_from_customers": 3.674951,
        "liability_total_liabilities": 33170.796388,
        "liability_total_liabilities_yoy_growth": null,
        "liability_contract_liabilities": 230.581172,
        "liability_short_term_loans": 9900,
        "asset_liability_ratio": null,
        "equity_unappropriated_profit": 48561.673188,
        "equity_total_equity": 168844.631892,
        "report_period": "Q1",
        "report_year": 2023,
        "created_at": "2026-04-17 18:40:15",
        "updated_at": "2026-04-17 18:40:15"
      }
    },
    "income_sheet": {
      "current": null,
      "last": {
        "id": 3,
        "serial_number": null,
        "stock_code": "600080",
        "stock_abbr": "金花股份",
        "net_profit": 468.093536,
        "net_profit_yoy_growth": null,
        "other_income": 0.795,
        "total_operating_revenue": 10825.951244,
        "operating_revenue_yoy_growth": null,
        "operating_expense_cost_of_sales": 2871.278318,
        "operating_expense_selling_expenses": 6191.34557,
        "operating_expense_administrative_expenses": 1770.843835,
        "operating_expense_financial_expenses": -83.722371,
        "operating_expense_rnd_expenses": 208.917564,
        "operating_expense_taxes_and_surcharges": 212.734244,
        "total_operating_expenses": null,
        "operating_profit": 497.697611,
        "total_profit": 490.645995,
        "asset_impairment_loss": null,
        "credit_impairment_loss": 49.531122,
        "report_period": "Q1",
        "report_year": 2023,
        "created_at": "2026-04-17 18:40:15",
        "updated_at": "2026-04-17 18:40:15"
      }
    },