{
  "报告信息": {
    "序号": null,
    "股票代码": "002603",
    "股票简称": "以岭药业",
    "报告年份": "2025",
    "报告期": "HY",
    "总股本_股": 1670705376,
    "流通股本_股": null,
    "报告日期": "2025-08-28",
    "审计意见": "未经审计",
    "会计师事务所": "中勤万信会计师事务所（特殊普通合伙）"
  },
  "核心业绩指标": {
    "每股收益_元": 0.4002,
    "稀释每股收益_元": 0.4002,
    "营业总收入_万元": 404014.221794,
    "营业总收入_亿元": 40.4014221794,
    "营收同比增长_百分比": -12.26,
    "营收环比增长_百分比": null,
    "净利润_万元": 66529.829044,
    "净利润_亿元": 6.6529829044,
    "净利润同比增长_百分比": 26.03,
    "净利润环比增长_百分比": null,
    "归母净利润_万元": 66853.502473,
    "少数股东损益_万元": -323.673429,
    "每股净资产_元": null,
    "净资产收益率_百分比": 6.34,
    "扣非净资产收益率_百分比": null,
    "每股经营现金流_元": null,
    "扣非净利润_万元": 64135.564222,
    "扣非净利润同比增长_百分比": 27.08,
    "销售毛利率_百分比": null,
    "销售净利率_百分比": null,
    "加权平均净资产收益率_百分比": 6.34,
    "扣非加权净资产收益率_百分比": null,
    "总资产收益率_百分比": null,
    "主营业务收入_万元": 403399.099897,
    "主营业务成本_万元": 163293.716408,
    "主营业务利润_万元": null
  },
  "资产负债表": {
    "货币资金_万元": 104020.033252,
    "应收账款_万元": 139991.641919,
    "应收票据_万元": null,
    "应收款项融资_万元": 55623.088396,
    "预付款项_万元": 6903.606844,
    "其他应收款_万元": 1775.355418,
    "存货_万元": 146772.994052,
    "合同资产_万元": null,
    "一年内到期的非流动资产_万元": null,
    "其他流动资产_万元": 5651.063426,
    "流动资产合计_万元": 516787.783307,
    "交易性金融资产_万元": 56050.0,
    "债权投资_万元": null,
    "其他债权投资_万元": null,
    "长期应收款_万元": null,
    "长期股权投资_万元": 246.533281,
    "其他权益工具投资_万元": null,
    "投资性房地产_万元": 5636.243235,
    "固定资产_万元": 576037.681724,
    "在建工程_万元": 128050.567653,
    "生产性生物资产_万元": 1921.692727,
    "油气资产_万元": null,
    "使用权资产_万元": 3444.67295,
    "无形资产_万元": 79246.957233,
    "开发支出_万元": 29879.366893,
    "商誉_万元": 10639.407939,
    "长期待摊费用_万元": 303.135172,
    "递延所得税资产_万元": 30748.073958,
    "其他非流动资产_万元": 6989.195203,
    "非流动资产合计_万元": 873143.527968,
    "总资产_万元": 1389931.311275,
    "总资产同比增长_百分比": 4.36,
    "短期借款_万元": null,
    "交易性金融负债_万元": null,
    "应付票据_万元": 8325.739468,
    "应付账款_万元": 168311.048398,
    "预收款项_万元": null,
    "合同负债_万元": 40920.538945,
    "应付职工薪酬_万元": 20156.582721,
    "应交税费_万元": 8925.174557,
    "其他应付款_万元": 4100.187498,
    "一年内到期的非流动负债_万元": 974.654292,
    "其他流动负债_万元": 922.777936,
    "流动负债合计_万元": 252636.703815,
    "长期借款_万元": null,
    "应付债券_万元": null,
    "租赁负债_万元": 2179.55892,
    "长期应付款_万元": null,
    "预计负债_万元": null,
    "递延收益_万元": 37148.460874,
    "递延所得税负债_万元": 11239.075422,
    "其他非流动负债_万元": null,
    "非流动负债合计_万元": 50567.095216,
    "总负债_万元": 303203.799031,
    "总负债同比增长_百分比": null,
    "资产负债率_百分比": null,
    "实收资本_万元": 167070.5376,
    "资本公积_万元": 232384.276407,
    "盈余公积_万元": 93676.24037,
    "未分配利润_万元": 594889.466724,
    "其他综合收益_万元": -723.641979,
    "专项储备_万元": null,
    "归属于母公司所有者权益合计_万元": 1087296.879122,
    "少数股东权益_万元": -569.366878,
    "股东权益合计_万元": 1087275.122444
  },
  "利润表": {
    "营业总收入_万元": 404014.221794,
    "营业收入_万元": 404014.221794,
    "营业总收入同比增长_百分比": -12.26,
    "营业成本_万元": 163700.946027,
    "税金及附加_万元": 6481.473842,
    "销售费用_万元": 91322.353633,
    "管理费用_万元": 27378.36703,
    "研发费用_万元": 35828.463901,
    "财务费用_万元": -183.719294,
    "其中利息费用_万元": 40.183823,
    "其中利息收入_万元": 344.841232,
    "其他收益_万元": 4889.482157,
    "投资收益_万元": -8.057367,
    "其中对联营企业投资收益_万元": -0.520879,
    "公允价值变动收益_万元": null,
    "信用减值损失_万元": 121.023846,
    "资产减值损失_万元": -2336.567647,
    "资产处置收益_万元": 1.419117,
    "营业总支出_万元": null,
    "营业利润_万元": 82153.636761,
    "营业外收入_万元": 797.296498,
    "营业外支出_万元": 2585.557305,
    "利润总额_万元": 80365.375954,
    "所得税费用_万元": 13835.54691,
    "净利润_万元": 66529.829044,
    "归母净利润_万元": 66853.502473,
    "少数股东损益_万元": -323.673429,
    "持续经营净利润_万元": 66529.829044,
    "终止经营净利润_万元": null,
    "其他综合收益_万元": -11.583371,
    "综合收益总额_万元": 66518.245673,
    "归母综合收益总额_万元": 66841.919102
  },
  "现金流量表": {
    "销售商品收到现金_万元": 409695.171803,
    "收到的税费返还_万元": 1098.358172,
    "收到其他经营活动现金_万元": 19495.259789,
    "经营活动现金流入_万元": 430288.789764,
    "购买商品支付现金_万元": 139926.918384,
    "支付职工现金_万元": 89087.412506,
    "支付税费_万元": 43644.967181,
    "支付其他经营活动现金_万元": 74425.484097,
    "经营活动现金流出_万元": 347084.782168,
    "经营现金流净额_万元": 83204.007596,
    "经营现金流净额同比增长_百分比": 214.97,
    "收回投资现金_万元": 79300.0,
    "取得投资收益现金_万元": 115.912001,
    "处置资产收回现金_万元": 4.163717,
    "收到其他投资活动现金_万元": 79420.075718,
    "投资活动现金流入_万元": 200609.606316,
    "投资支付现金_万元": 135350.0,
    "购建资产支付现金_万元": 8765.776476,
    "支付其他投资活动现金_万元": null,
    "投资活动现金流出_万元": 265253.070758,
    "投资现金流净额_万元": -64695.700758,
    "吸收投资现金_万元": null,
    "取得借款现金_万元": null,
    "收到其他筹资活动现金_万元": null,
    "筹资活动现金流入_万元": 67771.673333,
    "偿还债务现金_万元": 60163.45,
    "分配股利现金_万元": 1537.917656,
    "支付其他筹资活动现金_万元": 542.311814,
    "筹资活动现金流出_万元": 68313.97947,
    "融资现金流净额_万元": -542.311814,
    "汇率变动影响_万元": 4.504394,
    "现金及等价物净增加额_万元": 17980.381175,
    "净现金流_元": null,
    "净现金流同比增长_百分比": -42.64,
    "期初现金及等价物_万元": 81660.31744,
    "期末现金及等价物_万元": 99640.698615,
    "经营现金流占比_百分比": null,
    "投资现金流占比_百分比": null,
    "融资现金流占比_百分比": null
  },
  "historical_data": {
    "core_performance_indicators_sheet": {
      "current": {
        "id": 1,
        "serial_number": null,
        "stock_code": "002603",
        "stock_abbr": null,
        "eps": 0.4002,
        "total_operating_revenue": 404014.221794,
        "operating_revenue_yoy_growth": -12.26,
        "operating_revenue_qoq_growth": null,
        "net_profit_10k_yuan": 66853.502473,
        "net_profit_yoy_growth": 26.03,
        "net_profit_qoq_growth": null,
        "net_asset_per_share": null,
        "roe": 6.34,
        "operating_cf_per_share": null,
        "net_profit_excl_non_recurring": 64135.564222,
        "net_profit_excl_non_recurring_yoy": 27.08,
        "gross_profit_margin": 59.48,
        "net_profit_margin": 16.47,
        "roe_weighted_excl_non_recurring": 5.9,
        "report_period": "HY",
        "report_year": 2025,
        "created_at": "2026-04-17 18:28:10",
        "updated_at": "2026-04-17 18:28:10"
      },
      "last": null
    },
    "balance_sheet": {
      "current": {
        "id": 1,
        "serial_number": null,
        "stock_code": "002603",
        "stock_abbr": null,
        "asset_cash_and_cash_equivalents": 104020.033252,
        "asset_accounts_receivable": 139991.641919,
        "asset_inventory": 146772.994052,
        "asset_trading_financial_assets": 56050,
        "asset_construction_in_progress": 128050.567653,
        "asset_total_assets": 1389931.311275,
        "asset_total_assets_yoy_growth": 4.36,
        "liability_accounts_payable": 168311.048398,
        "liability_advance_from_customers": null,
        "liability_total_liabilities": 303203.799031,
        "liability_total_liabilities_yoy_growth": null,
        "liability_contract_liabilities": 40920.538945,
        "liability_short_term_loans": null,
        "asset_liability_ratio": 21.81,
        "equity_unappropriated_profit": 594889.466724,
        "equity_total_equity": 1087275.122444,
        "report_period": "HY",
        "report_year": 2025,
        "created_at": "2026-04-17 18:28:10",
        "updated_at": "2026-04-17 18:28:10"
      },
      "last": null
    },
    "income_sheet": {
      "current": {
        "id": 1,
        "serial_number": null,
        "stock_code": "002603",
        "stock_abbr": null,
        "net_profit": 66529.829044,
        "net_profit_yoy_growth": null,
        "other_income": 4889.482157,
        "total_operating_revenue": 404014.221794,
        "operating_revenue_yoy_growth": -12.26,
        "operating_expense_cost_of_sales": 163700.946027,
        "operating_expense_selling_expenses": 91322.353633,
        "operating_expense_administrative_expenses": 27378.36703,
        "operating_expense_financial_expenses": -183.719294,
        "operating_expense_rnd_expenses": 35828.463901,
        "operating_expense_taxes_and_surcharges": 6481.473842,
        "total_operating_expenses": null,
        "operating_profit": 82153.636761,
        "total_profit": 80365.375954,
        "asset_impairment_loss": -2336.567647,
        "credit_impairment_loss": 121.023846,