{
    "报告信息": {
        "序号": null,
        "股票代码": "600080",
        "股票简称": "金花股份",
        "报告年份": "2025",
        "报告期": "Q1",
        "总股本_股": 373270285,
        "流通股本_股": null,
        "报告日期": "2025-04-23",
        "审计意见": "未经审计",
        "会计师事务所": null
    },
    "核心业绩指标": {
        "每股收益_元": 0.0034,
        "稀释每股收益_元": 0.0034,
        "营业总收入_万元": 10732.261751,
        "营业总收入_亿元": 1.0732261751,
        "营收同比增长_百分比": -7.31,
        "营收环比增长_百分比": null,
        "净利润_万元": 121.35054,
        "净利润_亿元": 0.012135054,
        "净利润同比增长_百分比": -94.93,
        "净利润环比增长_百分比": null,
        "归母净利润_万元": 121.530587,
        "少数股东损益_万元": -0.180047,
        "每股净资产_元": null,
        "净资产收益率_百分比": null,
        "扣非净资产收益率_百分比": null,
        "每股经营现金流_元": null,
        "扣非净利润_万元": 1067.46218,
        "扣非净利润同比增长_百分比": 151.79,
        "销售毛利率_百分比": null,
        "销售净利率_百分比": null,
        "加权平均净资产收益率_百分比": 0.0778,
        "扣非加权净资产收益率_百分比": null,
        "总资产收益率_百分比": null,
        "主营业务收入_万元": null,
        "主营业务成本_万元": null,
        "主营业务利润_万元": null
    },
    "资产负债表": {
        "货币资金_万元": 16771.10328,
        "应收账款_万元": 11054.92765,
        "应收票据_万元": 894.792724,
        "应收款项融资_万元": 537.630275,
        "预付款项_万元": 11603.114561,
        "其他应收款_万元": 21729.38873,
        "存货_万元": 3489.929119,
        "合同资产_万元": null,
        "一年内到期的非流动资产_万元": null,
        "其他流动资产_万元": 234.378351,
        "流动资产合计_万元": 76042.345614,
        "交易性金融资产_万元": 9727.080924,
        "债权投资_万元": null,
        "其他债权投资_万元": null,
        "长期应收款_万元": 250.0,
        "长期股权投资_万元": 49974.328403,
        "其他权益工具投资_万元": 744.39,
        "投资性房地产_万元": 121.20222,
        "固定资产_万元": 12001.429089,
        "在建工程_万元": 41464.021363,
        "生产性生物资产_万元": null,
        "油气资产_万元": null,
        "使用权资产_万元": 1501.739183,
        "无形资产_万元": 7060.397809,
        "开发支出_万元": 1206.6451,
        "商誉_万元": null,
        "长期待摊费用_万元": 846.861206,
        "递延所得税资产_万元": 5966.440832,
        "其他非流动资产_万元": 2004.713693,
        "非流动资产合计_万元": 123142.168898,
        "总资产_万元": 199184.514512,
        "总资产同比增长_百分比": 1.0,
        "短期借款_万元": 7946.943762,
        "交易性金融负债_万元": null,
        "应付票据_万元": 6929.895239,
        "应付账款_万元": 635.7206,
        "预收款项_万元": null,
        "合同负债_万元": 66.527008,
        "应付职工薪酬_万元": 365.538144,
        "应交税费_万元": 155.578286,
        "其他应付款_万元": 21275.870679,
        "一年内到期的非流动负债_万元": 1245.531582,
        "其他流动负债_万元": 600.726946,
        "流动负债合计_万元": 39222.332246,
        "长期借款_万元": null,
        "应付债券_万元": null,
        "租赁负债_万元": 578.459032,
        "长期应付款_万元": 978.611019,
        "预计负债_万元": 53.045117,
        "递延收益_万元": 2071.49,
        "递延所得税负债_万元": 210.850727,
        "其他非流动负债_万元": null,
        "非流动负债合计_万元": 3892.455895,
        "总负债_万元": 43114.788141,
        "总负债同比增长_百分比": null,
        "资产负债率_百分比": null,
        "实收资本_万元": 37327.0285,
        "资本公积_万元": 82134.567632,
        "盈余公积_万元": 13186.234289,
        "未分配利润_万元": 51332.109126,
        "其他综合收益_万元": -12858.834022,
        "专项储备_万元": null,
        "归属于母公司所有者权益合计_万元": 156170.986369,
        "少数股东权益_万元": -101.259998,
        "股东权益合计_万元": 156069.726371
    },
    "利润表": {
        "营业总收入_万元": 10732.261751,
        "营业收入_万元": 10732.261751,
        "营业总收入同比增长_百分比": -7.31,
        "营业成本_万元": 2552.513127,
        "税金及附加_万元": 105.167968,
        "销售费用_万元": 5361.153919,
        "管理费用_万元": 901.143477,
        "研发费用_万元": 1169.137711,
        "财务费用_万元": -137.455577,
        "其中利息费用_万元": 114.520048,
        "其中利息收入_万元": 255.385573,
        "其他收益_万元": 49.951376,
        "投资收益_万元": 283.174088,
        "其中对联营企业投资收益_万元": 357.708824,
        "公允价值变动收益_万元": -1047.610254,
        "信用减值损失_万元": 0.766221,
        "资产减值损失_万元": 1.793599,
        "资产处置收益_万元": null,
        "营业总支出_万元": 9951.660625,
        "营业利润_万元": 68.676156,
        "营业外收入_万元": 10.348867,
        "营业外支出_万元": 15.930146,
        "利润总额_万元": 63.094877,
        "所得税费用_万元": -58.255663,
        "净利润_万元": 121.35054,
        "归母净利润_万元": 121.530587,
        "少数股东损益_万元": -0.180047,
        "持续经营净利润_万元": 121.35054,
        "终止经营净利润_万元": null,
        "其他综合收益_万元": null,
        "综合收益总额_万元": 121.35054,
        "归母综合收益总额_万元": 121.530587
    },
    "现金流量表": {
        "销售商品收到现金_万元": 9777.890416,
        "收到的税费返还_万元": null,
        "收到其他经营活动现金_万元": 483.550213,
        "经营活动现金流入_万元": 10261.440629,
        "购买商品支付现金_万元": 5780.247689,
        "支付职工现金_万元": 3207.046588,
        "支付税费_万元": 1028.172761,
        "支付其他经营活动现金_万元": 12382.825643,
        "经营活动现金流出_万元": 22398.292681,
        "经营现金流净额_万元": -12136.852052,
        "经营现金流净额同比增长_百分比": null,
        "收回投资现金_万元": null,
        "取得投资收益现金_万元": 403.371662,
        "处置资产收回现金_万元": 0.08,
        "收到其他投资活动现金_万元": 28682.162511,
        "投资活动现金流入_万元": 29085.614173,
        "投资支付现金_万元": 21.279913,
        "购建资产支付现金_万元": 5285.115956,
        "支付其他投资活动现金_万元": 37036.6882,
        "投资活动现金流出_万元": 42343.084069,
        "投资现金流净额_万元": -13257.469896,
        "吸收投资现金_万元": null,
        "取得借款现金_万元": 13630.792394,
        "收到其他筹资活动现金_万元": null,
        "筹资活动现金流入_万元": 13630.792394,
        "偿还债务现金_万元": 9139.509939,
        "分配股利现金_万元": 400.197792,
        "支付其他筹资活动现金_万元": 643.757166,
        "筹资活动现金流出_万元": 10183.464897,
        "融资现金流净额_万元": 3447.327497,
        "汇率变动影响_万元": null,
        "现金及等价物净增加额_万元": -21946.994451,
        "净现金流_元": null,
        "净现金流同比增长_百分比": null,
        "期初现金及等价物_万元": 33792.059239,
        "期末现金及等价物_万元": 11845.064788,
        "经营现金流占比_百分比": null,
        "投资现金流占比_百分比": null,
        "融资现金流占比_百分比": null
    }
}