{
    "报告信息": {
        "序号": null,
        "股票代码": "600085",
        "股票简称": "同仁堂",
        "报告年份": "2024",
        "报告期": "第一季度",
        "总股本_股": 1371470262,
        "流通股本_股": null,
        "报告日期": "2024-04-28",
        "审计意见": "未经审计",
        "会计师事务所": null,
        "期": "Q1"
    },
    "核心业绩指标": {
        "每股收益_元": 0.42,
        "稀释每股收益_元": null,
        "营业总收入_万元": 526728.915473,
        "营业总收入_亿元": 52.6728915473,
        "营收同比增长_百分比": 2.42,
        "营收环比增长_百分比": null,
        "净利润_万元": 86253.367469,
        "净利润_亿元": 8.6253367469,
        "净利润同比增长_百分比": null,
        "净利润环比增长_百分比": null,
        "归母净利润_万元": 57587.757758,
        "少数股东损益_万元": 28665.609711,
        "每股净资产_元": null,
        "净资产收益率_百分比": null,
        "扣非净资产收益率_百分比": null,
        "每股经营现金流_元": null,
        "扣非净利润_万元": 57133.910527,
        "扣非净利润同比增长_百分比": 9.98,
        "销售毛利率_百分比": null,
        "销售净利率_百分比": null,
        "加权平均净资产收益率_百分比": 4.32,
        "扣非加权净资产收益率_百分比": null,
        "总资产收益率_百分比": null,
        "主营业务收入_万元": 526728.915473,
        "主营业务成本_万元": 300595.703508,
        "主营业务利润_万元": null
    },
    "资产负债表": {
        "货币资金_万元": 1234660.462059,
        "应收账款_万元": 169562.341392,
        "应收票据_万元": 17455.40728,
        "应收款项融资_万元": 7822.908991,
        "预付款项_万元": 12724.504412,
        "其他应收款_万元": 15174.584562,
        "存货_万元": 959968.822742,
        "合同资产_万元": null,
        "一年内到期的非流动资产_万元": 28.393851,
        "其他流动资产_万元": 15949.787234,
        "流动资产合计_万元": 2433389.189234,
        "交易性金融资产_万元": 41.976711,
        "债权投资_万元": null,
        "其他债权投资_万元": null,
        "长期应收款_万元": 45.360569,
        "长期股权投资_万元": 2823.745208,
        "其他权益工具投资_万元": 710.099074,
        "投资性房地产_万元": 51.417511,
        "固定资产_万元": 385232.854546,
        "在建工程_万元": 17523.409741,
        "生产性生物资产_万元": 430.342844,
        "油气资产_万元": null,
        "使用权资产_万元": 159188.829634,
        "无形资产_万元": 77774.938983,
        "开发支出_万元": null,
        "商誉_万元": 4580.151741,
        "长期待摊费用_万元": 12489.306512,
        "递延所得税资产_万元": 25981.413253,
        "其他非流动资产_万元": 5072.6174,
        "非流动资产合计_万元": 691913.487016,
        "总资产_万元": 3125302.67625,
        "总资产同比增长_百分比": 3.87,
        "短期借款_万元": 9927.475,
        "交易性金融负债_万元": null,
        "应付票据_万元": 15152.408058,
        "应付账款_万元": 388254.712994,
        "预收款项_万元": null,
        "合同负债_万元": 57062.269342,
        "应付职工薪酬_万元": 52929.070638,
        "应交税费_万元": 16408.788931,
        "其他应付款_万元": 47126.973322,
        "一年内到期的非流动负债_万元": 54823.101795,
        "其他流动负债_万元": 5427.003047,
        "流动负债合计_万元": 647111.803127,
        "长期借款_万元": 222975.087639,
        "应付债券_万元": null,
        "租赁负债_万元": 111863.295295,
        "长期应付款_万元": 975.995874,
        "预计负债_万元": null,
        "递延收益_万元": 15179.625306,
        "递延所得税负债_万元": 1013.946223,
        "其他非流动负债_万元": null,
        "非流动负债合计_万元": 352010.375389,
        "总负债_万元": 999122.178516,
        "总负债同比增长_百分比": null,
        "资产负债率_百分比": null,
        "实收资本_万元": 137147.0262,
        "资本公积_万元": 195023.659235,
        "盈余公积_万元": 120362.713951,
        "未分配利润_万元": 894658.031043,
        "其他综合收益_万元": 10879.052176,
        "专项储备_万元": null,
        "归属于母公司所有者权益合计_万元": 1358070.482605,
        "少数股东权益_万元": 768110.015129,
        "股东权益合计_万元": 2126180.497734
    },
    "利润表": {
        "营业总收入_万元": 526728.915473,
        "营业收入_万元": 526728.915473,
        "营业总收入同比增长_百分比": 2.42,
        "营业成本_万元": 300595.703508,
        "税金及附加_万元": 4139.094643,
        "销售费用_万元": 84016.723158,
        "管理费用_万元": 35992.746352,
        "研发费用_万元": 4157.995241,
        "财务费用_万元": -1043.149885,
        "其中利息费用_万元": 3079.005944,
        "其中利息收入_万元": 4593.643577,
        "其他收益_万元": 3113.11629,
        "投资收益_万元": 1242.612393,
        "其中对联营企业投资收益_万元": 130.566741,
        "公允价值变动收益_万元": 4.939044,
        "信用减值损失_万元": -380.279588,
        "资产减值损失_万元": null,
        "资产处置收益_万元": 67.820468,
        "营业总支出_万元": 427859.113017,
        "营业利润_万元": 102918.011063,
        "营业外收入_万元": 86.322268,
        "营业外支出_万元": 140.043617,
        "利润总额_万元": 102864.289714,
        "所得税费用_万元": 16610.922245,
        "净利润_万元": 86253.367469,
        "归母净利润_万元": 57587.757758,
        "少数股东损益_万元": 28665.609711,
        "持续经营净利润_万元": 86253.367469,
        "终止经营净利润_万元": null,
        "其他综合收益_万元": -476.280931,
        "综合收益总额_万元": 85777.086538,
        "归母综合收益总额_万元": 57343.151898
    },
    "现金流量表": {
        "销售商品收到现金_万元": 514643.239069,
        "收到的税费返还_万元": 410.416108,
        "收到其他经营活动现金_万元": 15950.653456,
        "经营活动现金流入_万元": 531004.308633,
        "购买商品支付现金_万元": 351725.723035,
        "支付职工现金_万元": 100022.149436,
        "支付税费_万元": 44727.783376,
        "支付其他经营活动现金_万元": 59705.274928,
        "经营活动现金流出_万元": 556180.930775,
        "经营现金流净额_万元": -25176.622142,
        "经营现金流净额同比增长_百分比": -121.98,
        "收回投资现金_万元": null,
        "取得投资收益现金_万元": 3.760294,
        "处置资产收回现金_万元": 40.441406,
        "收到其他投资活动现金_万元": 4196.743166,
        "投资活动现金流入_万元": 4240.944866,
        "投资支付现金_万元": null,
        "购建资产支付现金_万元": 9894.256768,
        "支付其他投资活动现金_万元": 4098.920367,
        "投资活动现金流出_万元": 13993.177135,
        "投资现金流净额_万元": -9752.232269,
        "吸收投资现金_万元": 1470.0,
        "取得借款现金_万元": 81000.0,
        "收到其他筹资活动现金_万元": null,
        "筹资活动现金流入_万元": 82470.0,
        "偿还债务现金_万元": 375.0,
        "分配股利现金_万元": 4539.686299,
        "支付其他筹资活动现金_万元": 13382.460133,
        "筹资活动现金流出_万元": 18297.146432,
        "融资现金流净额_万元": 64172.853568,
        "汇率变动影响_万元": -455.920496,
        "现金及等价物净增加额_万元": 28788.078661,
        "净现金流_元": null,
        "净现金流同比增长_百分比": null,
        "期初现金及等价物_万元": 1201637.048414,
        "期末现金及等价物_万元": 1230425.127075,
        "经营现金流占比_百分比": null,
        "投资现金流占比_百分比": null,
        "融资现金流占比_百分比": null
    }
}