{
    "报告信息": {
        "序号": null,
        "股票代码": "600080",
        "股票简称": "金花股份",
        "报告年份": "2023",
        "报告期": "HY",
        "总股本_股": 373270285,
        "流通股本_股": null,
        "报告日期": null,
        "审计意见": "未经审计",
        "会计师事务所": null
    },
    "核心业绩指标": {
        "每股收益_元": 0.0082,
        "稀释每股收益_元": 0.0082,
        "营业总收入_万元": 25536.954371,
        "营业总收入_亿元": 2.5536954371,
        "营收同比增长_百分比": -1.29,
        "营收环比增长_百分比": null,
        "净利润_万元": 304.2638,
        "净利润_亿元": 0.03042638,
        "净利润同比增长_百分比": -85.83,
        "净利润环比增长_百分比": null,
        "归母净利润_万元": 304.2638,
        "少数股东损益_万元": 0,
        "每股净资产_元": null,
        "净资产收益率_百分比": null,
        "扣非净资产收益率_百分比": null,
        "每股经营现金流_元": null,
        "扣非净利润_万元": 1741.222202,
        "扣非净利润同比增长_百分比": -13.34,
        "销售毛利率_百分比": null,
        "销售净利率_百分比": null,
        "加权平均净资产收益率_百分比": 0.18,
        "扣非加权净资产收益率_百分比": 1.03,
        "总资产收益率_百分比": null,
        "主营业务收入_万元": null,
        "主营业务成本_万元": null,
        "主营业务利润_万元": null
    },
    "资产负债表": {
        "货币资金_万元": 47545.28723,
        "应收账款_万元": 11413.954899,
        "应收票据_万元": 1342.246991,
        "应收款项融资_万元": 599.09843,
        "预付款项_万元": 2892.561772,
        "其他应收款_万元": 1639.194799,
        "存货_万元": 2562.321276,
        "合同资产_万元": null,
        "一年内到期的非流动资产_万元": null,
        "其他流动资产_万元": 293.799997,
        "流动资产合计_万元": 74734.229764,
        "交易性金融资产_万元": 6994.99,
        "债权投资_万元": null,
        "其他债权投资_万元": null,
        "长期应收款_万元": null,
        "长期股权投资_万元": 49519.241759,
        "其他权益工具投资_万元": 2772.85,
        "投资性房地产_万元": 136.418799,
        "固定资产_万元": 28555.51041,
        "在建工程_万元": 20107.183361,
        "生产性生物资产_万元": null,
        "油气资产_万元": null,
        "使用权资产_万元": 1687.453012,
        "无形资产_万元": 7319.032549,
        "开发支出_万元": 1493.16456,
        "商誉_万元": null,
        "长期待摊费用_万元": 1434.995926,
        "递延所得税资产_万元": 2711.756254,
        "其他非流动资产_万元": 3447.9588,
        "非流动资产合计_万元": 119185.56543,
        "总资产_万元": 193919.795194,
        "总资产同比增长_百分比": -1.78,
        "短期借款_万元": 0,
        "交易性金融负债_万元": null,
        "应付票据_万元": 374.650952,
        "应付账款_万元": 1318.017571,
        "预收款项_万元": 33.709932,
        "合同负债_万元": 433.519746,
        "应付职工薪酬_万元": 639.91076,
        "应交税费_万元": 710.849282,
        "其他应付款_万元": 16855.77645,
        "一年内到期的非流动负债_万元": 395.964691,
        "其他流动负债_万元": 967.775626,
        "流动负债合计_万元": 21696.465078,
        "长期借款_万元": null,
        "应付债券_万元": null,
        "租赁负债_万元": 835.196058,
        "长期应付款_万元": null,
        "预计负债_万元": 2181.776005,
        "递延收益_万元": 23.055,
        "递延所得税负债_万元": 502.472041,
        "其他非流动负债_万元": null,
        "非流动负债合计_万元": 3542.499104,
        "总负债_万元": 25238.964182,
        "总负债同比增长_百分比": null,
        "资产负债率_百分比": null,
        "实收资本_万元": 37327.0285,
        "资本公积_万元": 82134.567632,
        "盈余公积_万元": 12426.834713,
        "未分配利润_万元": 48397.872308,
        "其他综合收益_万元": -11605.472141,
        "专项储备_万元": null,
        "归属于母公司所有者权益合计_万元": 168680.831012,
        "少数股东权益_万元": 0,
        "股东权益合计_万元": 168680.831012
    },
    "利润表": {
        "营业总收入_万元": 25536.954371,
        "营业收入_万元": 25536.954371,
        "营业总收入同比增长_百分比": -1.29,
        "营业成本_万元": 6114.849755,
        "税金及附加_万元": 453.91488,
        "销售费用_万元": 14704.349063,
        "管理费用_万元": 3515.783472,
        "研发费用_万元": 523.333912,
        "财务费用_万元": -74.509702,
        "其中利息费用_万元": 190.159252,
        "其中利息收入_万元": 267.940824,
        "其他收益_万元": 3.18119,
        "投资收益_万元": 1846.969053,
        "其中对联营企业投资收益_万元": 939.048714,
        "公允价值变动收益_万元": -781.620092,
        "信用减值损失_万元": 835.766326,
        "资产减值损失_万元": null,
        "资产处置收益_万元": null,
        "营业总支出_万元": null,
        "营业利润_万元": 2203.529468,
        "营业外收入_万元": 414.473846,
        "营业外支出_万元": 2232.037837,
        "利润总额_万元": 385.965477,
        "所得税费用_万元": 81.701677,
        "净利润_万元": 304.2638,
        "归母净利润_万元": 304.2638,
        "少数股东损益_万元": 0,
        "持续经营净利润_万元": 304.2638,
        "终止经营净利润_万元": null,
        "其他综合收益_万元": null,
        "综合收益总额_万元": 304.2638,
        "归母综合收益总额_万元": 304.2638
    },
    "现金流量表": {
        "销售商品收到现金_万元": 26076.045174,
        "收到的税费返还_万元": 6.083203,
        "收到其他经营活动现金_万元": 889.980087,
        "经营活动现金流入_万元": 26972.108464,
        "购买商品支付现金_万元": 2881.995989,
        "支付职工现金_万元": 5310.097253,
        "支付税费_万元": 3980.181923,
        "支付其他经营活动现金_万元": 18238.965438,
        "经营活动现金流出_万元": 30411.240603,
        "经营现金流净额_万元": -3439.132139,
        "经营现金流净额同比增长_百分比": null,
        "收回投资现金_万元": 5811.101323,
        "取得投资收益现金_万元": 175.507464,
        "处置资产收回现金_万元": 0.09,
        "收到其他投资活动现金_万元": 106656.441591,
        "投资活动现金流入_万元": 106831.074967,
        "投资支付现金_万元": 16600,
        "购建资产支付现金_万元": 833.304315,
        "支付其他投资活动现金_万元": 81609.365547,
        "投资活动现金流出_万元": 99042.669862,
        "投资现金流净额_万元": 7788.405105,
        "吸收投资现金_万元": null,
        "取得借款现金_万元": 9900,
        "收到其他筹资活动现金_万元": null,
        "筹资活动现金流入_万元": 9900,
        "偿还债务现金_万元": 9900,
        "分配股利现金_万元": 153.844659,
        "支付其他筹资活动现金_万元": 401.604394,
        "筹资活动现金流出_万元": 10455.449053,
        "融资现金流净额_万元": -555.449053,
        "汇率变动影响_万元": null,
        "现金及等价物净增加额_万元": 3793.823913,
        "净现金流_元": null,
        "净现金流同比增长_百分比": null,
        "期初现金及等价物_万元": 43263.869517,
        "期末现金及等价物_万元": 47057.69343,
        "经营现金流占比_百分比": null,
        "投资现金流占比_百分比": null,
        "融资现金流占比_百分比": null
    }
}