{
    "报告信息": {
        "序号": null,
        "股票代码": "600085",
        "股票简称": "同仁堂",
        "报告年份": "2025",
        "报告期": "第一季度",
        "总股本_股": 1371470262,
        "流通股本_股": null,
        "报告日期": "2025-04-28",
        "审计意见": "未经审计",
        "会计师事务所": null,
        "期": "Q1"
    },
    "核心业绩指标": {
        "每股收益_元": 0.425,
        "稀释每股收益_元": null,
        "营业总收入_万元": 527567.631868,
        "营业总收入_亿元": 52.7567631868,
        "营收同比增长_百分比": 0.16,
        "营收环比增长_百分比": null,
        "净利润_万元": 84089.472274,
        "净利润_亿元": 8.4089472274,
        "净利润同比增长_百分比": null,
        "净利润环比增长_百分比": null,
        "归母净利润_万元": 58220.717028,
        "少数股东损益_万元": 25868.755246,
        "每股净资产_元": null,
        "净资产收益率_百分比": null,
        "扣非净资产收益率_百分比": null,
        "每股经营现金流_元": null,
        "扣非净利润_万元": 58084.613593,
        "扣非净利润同比增长_百分比": 1.66,
        "销售毛利率_百分比": null,
        "销售净利率_百分比": null,
        "加权平均净资产收益率_百分比": 4.317,
        "扣非加权净资产收益率_百分比": null,
        "总资产收益率_百分比": null,
        "主营业务收入_万元": null,
        "主营业务成本_万元": 287458.553949,
        "主营业务利润_万元": null
    },
    "资产负债表": {
        "货币资金_万元": 1137746.482716,
        "应收账款_万元": 177223.502511,
        "应收票据_万元": 13364.869948,
        "应收款项融资_万元": 7514.995192,
        "预付款项_万元": 29540.1919,
        "其他应收款_万元": 16212.085577,
        "存货_万元": 1086561.641383,
        "合同资产_万元": null,
        "一年内到期的非流动资产_万元": null,
        "其他流动资产_万元": 19596.885111,
        "流动资产合计_万元": 2487801.0537,
        "交易性金融资产_万元": 40.399362,
        "债权投资_万元": null,
        "其他债权投资_万元": null,
        "长期应收款_万元": null,
        "长期股权投资_万元": 8769.603387,
        "其他权益工具投资_万元": 713.121594,
        "投资性房地产_万元": 36.426823,
        "固定资产_万元": 378443.205605,
        "在建工程_万元": 32809.229692,
        "生产性生物资产_万元": 424.127886,
        "油气资产_万元": null,
        "使用权资产_万元": 175728.376117,
        "无形资产_万元": 77778.066482,
        "开发支出_万元": null,
        "商誉_万元": 4660.358845,
        "长期待摊费用_万元": 17880.607584,
        "递延所得税资产_万元": 34756.834714,
        "其他非流动资产_万元": 11360.026677,
        "非流动资产合计_万元": 743368.985406,
        "总资产_万元": 3231170.039106,
        "总资产同比增长_百分比": 3.57,
        "短期借款_万元": 12104.0505,
        "交易性金融负债_万元": null,
        "应付票据_万元": 53400.85247,
        "应付账款_万元": 389137.665878,
        "预收款项_万元": null,
        "合同负债_万元": 28402.110406,
        "应付职工薪酬_万元": 47031.765638,
        "应交税费_万元": 18992.001447,
        "其他应付款_万元": 73697.950283,
        "一年内到期的非流动负债_万元": 94311.702164,
        "其他流动负债_万元": 4089.168333,
        "流动负债合计_万元": 721167.267119,
        "长期借款_万元": 188603.164391,
        "应付债券_万元": null,
        "租赁负债_万元": 124393.471686,
        "长期应付款_万元": 300.0,
        "预计负债_万元": null,
        "递延收益_万元": 18337.023835,
        "递延所得税负债_万元": 1963.008825,
        "其他非流动负债_万元": null,
        "非流动负债合计_万元": 333881.626829,
        "总负债_万元": 1055048.893948,
        "总负债同比增长_百分比": null,
        "资产负债率_百分比": null,
        "实收资本_万元": 137147.0262,
        "资本公积_万元": 195023.659235,
        "盈余公积_万元": 134295.858627,
        "未分配利润_万元": 896838.312035,
        "其他综合收益_万元": 14114.748934,
        "专项储备_万元": null,
        "归属于母公司所有者权益合计_万元": 1377419.605031,
        "少数股东权益_万元": 798701.540127,
        "股东权益合计_万元": 2176121.145158
    },
    "利润表": {
        "营业总收入_万元": 527567.631868,
        "营业收入_万元": 527567.631868,
        "营业总收入同比增长_百分比": 0.16,
        "营业成本_万元": 287458.553949,
        "税金及附加_万元": 4357.047855,
        "销售费用_万元": 102420.972172,
        "管理费用_万元": 36715.784961,
        "研发费用_万元": 3646.544201,
        "财务费用_万元": -4727.412242,
        "其中利息费用_万元": 3457.749606,
        "其中利息收入_万元": 8693.078304,
        "其他收益_万元": 2212.590928,
        "投资收益_万元": 4.35311,
        "其中对联营企业投资收益_万元": 3.049732,
        "公允价值变动收益_万元": -3.9831,
        "信用减值损失_万元": -223.55753,
        "资产减值损失_万元": null,
        "资产处置收益_万元": 1.964141,
        "营业总支出_万元": null,
        "营业利润_万元": 99687.508521,
        "营业外收入_万元": 94.811392,
        "营业外支出_万元": 172.408629,
        "利润总额_万元": 99609.911284,
        "所得税费用_万元": 15520.43901,
        "净利润_万元": 84089.472274,
        "归母净利润_万元": 58220.717028,
        "少数股东损益_万元": 25868.755246,
        "持续经营净利润_万元": 84089.472274,
        "终止经营净利润_万元": null,
        "其他综合收益_万元": -835.472989,
        "综合收益总额_万元": 83253.999285,
        "归母综合收益总额_万元": 57787.283225
    },
    "现金流量表": {
        "销售商品收到现金_万元": 496250.541434,
        "收到的税费返还_万元": 207.248492,
        "收到其他经营活动现金_万元": 21386.774696,
        "经营活动现金流入_万元": 517844.564622,
        "购买商品支付现金_万元": 222151.337816,
        "支付职工现金_万元": 107302.869095,
        "支付税费_万元": 49527.769864,
        "支付其他经营活动现金_万元": 55604.517989,
        "经营活动现金流出_万元": 434586.494764,
        "经营现金流净额_万元": 83258.069858,
        "经营现金流净额同比增长_百分比": null,
        "收回投资现金_万元": null,
        "取得投资收益现金_万元": 1.303378,
        "处置资产收回现金_万元": 6.168996,
        "收到其他投资活动现金_万元": 2615.843253,
        "投资活动现金流入_万元": 2623.315627,
        "投资支付现金_万元": null,
        "购建资产支付现金_万元": 7449.723473,
        "支付其他投资活动现金_万元": null,
        "投资活动现金流出_万元": 7449.723473,
        "投资现金流净额_万元": -4826.407846,
        "吸收投资现金_万元": 825.3,
        "取得借款现金_万元": 114600.0,
        "收到其他筹资活动现金_万元": null,
        "筹资活动现金流入_万元": 115425.3,
        "偿还债务现金_万元": 118990.9276,
        "分配股利现金_万元": 1752.792865,
        "支付其他筹资活动现金_万元": 13893.443719,
        "筹资活动现金流出_万元": 134637.164184,
        "融资现金流净额_万元": -19211.864184,
        "汇率变动影响_万元": -521.985624,
        "现金及等价物净增加额_万元": 58697.812204,
        "净现金流_元": null,
        "净现金流同比增长_百分比": null,
        "期初现金及等价物_万元": 1053591.009639,
        "期末现金及等价物_万元": null,
        "经营现金流占比_百分比": null,
        "投资现金流占比_百分比": null,
        "融资现金流占比_百分比": null
    }
}