{
    "报告信息": {
        "序号": null,
        "股票代码": "600080",
        "股票简称": "金花股份",
        "报告年份": "2023",
        "报告期": "Q1",
        "总股本_股": 373270285,
        "流通股本_股": null,
        "报告日期": "2023-04-26",
        "审计意见": "未经审计",
        "会计师事务所": null
    },
    "核心业绩指标": {
        "每股收益_元": 0.0125,
        "稀释每股收益_元": 0.0125,
        "营业总收入_万元": 10825.951244,
        "营业总收入_亿元": 1.0825951244,
        "营收同比增长_百分比": -9.18,
        "营收环比增长_百分比": null,
        "净利润_万元": 468.093536,
        "净利润_亿元": 0.0468093536,
        "净利润同比增长_百分比": -49.56,
        "净利润环比增长_百分比": null,
        "归母净利润_万元": 468.093536,
        "少数股东损益_万元": null,
        "每股净资产_元": null,
        "净资产收益率_百分比": null,
        "扣非净资产收益率_百分比": null,
        "每股经营现金流_元": -0.1037,
        "扣非净利润_万元": 235.042763,
        "扣非净利润同比增长_百分比": -80.24,
        "销售毛利率_百分比": null,
        "销售净利率_百分比": null,
        "加权平均净资产收益率_百分比": 0.2776,
        "扣非加权净资产收益率_百分比": null,
        "总资产收益率_百分比": null,
        "主营业务收入_万元": 10825.951244,
        "主营业务成本_万元": 2871.278318,
        "主营业务利润_万元": null
    },
    "资产负债表": {
        "货币资金_万元": 53383.757842,
        "应收账款_万元": 10634.788632,
        "应收票据_万元": 1492.961021,
        "应收款项融资_万元": 988.660345,
        "预付款项_万元": 2932.268574,
        "其他应收款_万元": 16735.481617,
        "存货_万元": 2728.429325,
        "合同资产_万元": null,
        "一年内到期的非流动资产_万元": null,
        "其他流动资产_万元": null,
        "流动资产合计_万元": 99463.069452,
        "交易性金融资产_万元": 10566.722096,
        "债权投资_万元": null,
        "其他债权投资_万元": null,
        "长期应收款_万元": null,
        "长期股权投资_万元": 32492.52648,
        "其他权益工具投资_万元": 2772.85,
        "投资性房地产_万元": 138.592596,
        "固定资产_万元": 29156.162196,
        "在建工程_万元": 19600.436816,
        "生产性生物资产_万元": null,
        "油气资产_万元": null,
        "使用权资产_万元": 1799.953744,
        "无形资产_万元": 7433.541919,
        "开发支出_万元": 1479.229328,
        "商誉_万元": null,
        "长期待摊费用_万元": 1612.937588,
        "递延所得税资产_万元": 2569.989361,
        "其他非流动资产_万元": 3496.1388,
        "非流动资产合计_万元": 102552.358828,
        "总资产_万元": 202015.42828,
        "总资产同比增长_百分比": 2.32,
        "短期借款_万元": 9900.0,
        "交易性金融负债_万元": null,
        "应付票据_万元": 374.650952,
        "应付账款_万元": 1833.68108,
        "预收款项_万元": 3.674951,
        "合同负债_万元": 230.581172,
        "应付职工薪酬_万元": 596.445235,
        "应交税费_万元": 701.116353,
        "其他应付款_万元": 16474.103894,
        "一年内到期的非流动负债_万元": 414.911233,
        "其他流动负债_万元": 880.55362,
        "流动负债合计_万元": 31409.71849,
        "长期借款_万元": null,
        "应付债券_万元": null,
        "租赁负债_万元": 1188.522401,
        "长期应付款_万元": null,
        "预计负债_万元": 1.393772,
        "递延收益_万元": 23.85,
        "递延所得税负债_万元": 547.311725,
        "其他非流动负债_万元": null,
        "非流动负债合计_万元": 1761.077898,
        "总负债_万元": 33170.796388,
        "总负债同比增长_百分比": null,
        "资产负债率_百分比": null,
        "实收资本_万元": 37327.0285,
        "资本公积_万元": 82134.567632,
        "盈余公积_万元": 12426.834713,
        "未分配利润_万元": 48561.673188,
        "其他综合收益_万元": -11605.472141,
        "专项储备_万元": null,
        "归属于母公司所有者权益合计_万元": 168844.631892,
        "少数股东权益_万元": null,
        "股东权益合计_万元": 168844.631892
    },
    "利润表": {
        "营业总收入_万元": 10825.951244,
        "营业收入_万元": 10825.951244,
        "营业总收入同比增长_百分比": null,
        "营业成本_万元": 2871.278318,
        "税金及附加_万元": 212.734244,
        "销售费用_万元": 6191.34557,
        "管理费用_万元": 1770.843835,
        "研发费用_万元": 208.917564,
        "财务费用_万元": -83.722371,
        "其中利息费用_万元": 26.313539,
        "其中利息收入_万元": 130.516192,
        "其他收益_万元": 0.795,
        "投资收益_万元": 1473.628505,
        "其中对联营企业投资收益_万元": 512.332108,
        "公允价值变动收益_万元": -680.8111,
        "信用减值损失_万元": 49.531122,
        "资产减值损失_万元": null,
        "资产处置收益_万元": null,
        "营业总支出_万元": null,
        "营业利润_万元": 497.697611,
        "营业外收入_万元": 1.902001,
        "营业外支出_万元": 8.953617,
        "利润总额_万元": 490.645995,
        "所得税费用_万元": 22.552459,
        "净利润_万元": 468.093536,
        "归母净利润_万元": 468.093536,
        "少数股东损益_万元": null,
        "持续经营净利润_万元": 468.093536,
        "终止经营净利润_万元": null,
        "其他综合收益_万元": null,
        "综合收益总额_万元": 468.093536,
        "归母综合收益总额_万元": 468.093536
    },
    "现金流量表": {
        "销售商品收到现金_万元": 11141.675612,
        "收到的税费返还_万元": null,
        "收到其他经营活动现金_万元": 182.263564,
        "经营活动现金流入_万元": 11323.939176,
        "购买商品支付现金_万元": 933.061318,
        "支付职工现金_万元": 3611.427896,
        "支付税费_万元": 2105.610264,
        "支付其他经营活动现金_万元": 8549.849496,
        "经营活动现金流出_万元": 15199.948974,
        "经营现金流净额_万元": -3876.009798,
        "经营现金流净额同比增长_百分比": null,
        "收回投资现金_万元": 4385.03769,
        "取得投资收益现金_万元": 383.644365,
        "处置资产收回现金_万元": 0.09,
        "收到其他投资活动现金_万元": 46365.0,
        "投资活动现金流入_万元": 51133.772055,
        "投资支付现金_万元": 3700.0,
        "购建资产支付现金_万元": 438.925835,
        "支付其他投资活动现金_万元": 43058.237263,
        "投资活动现金流出_万元": 47197.163098,
        "投资现金流净额_万元": 3936.608957,
        "吸收投资现金_万元": null,
        "取得借款现金_万元": 9900.0,
        "收到其他筹资活动现金_万元": null,
        "筹资活动现金流入_万元": 9900.0,
        "偿还债务现金_万元": null,
        "分配股利现金_万元": null,
        "支付其他筹资活动现金_万元": null,
        "筹资活动现金流出_万元": 26.303539,
        "融资现金流净额_万元": 9873.696461,
        "汇率变动影响_万元": null,
        "现金及等价物净增加额_万元": 9934.29562,
        "净现金流_元": null,
        "净现金流同比增长_百分比": null,
        "期初现金及等价物_万元": 43342.362655,
        "期末现金及等价物_万元": 53276.658275,
        "经营现金流占比_百分比": null,
        "投资现金流占比_百分比": null,
        "融资现金流占比_百分比": null
    }
}