{
    "报告信息": {
        "序号": null,
        "股票代码": "600085",
        "股票简称": "同仁堂",
        "报告年份": "2025",
        "报告期": "第三季度",
        "总股本_股": 1371470262,
        "流通股本_股": null,
        "报告日期": "2025-10-29",
        "审计意见": "未经审计",
        "会计师事务所": null,
        "期": "Q3"
    },
    "核心业绩指标": {
        "每股收益_元": 0.859,
        "稀释每股收益_元": null,
        "营业总收入_万元": 133079.1480027,
        "营业总收入_亿元": 13.30791480027,
        "营收同比增长_百分比": -3.7,
        "营收环比增长_百分比": null,
        "净利润_万元": 15929.5435895,
        "净利润_亿元": 1.59295435895,
        "净利润同比增长_百分比": null,
        "净利润环比增长_百分比": null,
        "归母净利润_万元": 11775.558453,
        "少数股东损益_万元": 4153.9851365,
        "每股净资产_元": 9.98,
        "净资产收益率_百分比": 8.72,
        "扣非净资产收益率_百分比": null,
        "每股经营现金流_元": 1.45,
        "扣非净利润_万元": 11626.7011226,
        "扣非净利润同比增长_百分比": -11.95,
        "销售毛利率_百分比": 44.0,
        "销售净利率_百分比": 11.97,
        "加权平均净资产收益率_百分比": 8.72,
        "扣非加权净资产收益率_百分比": null,
        "总资产收益率_百分比": 5.0,
        "主营业务收入_万元": 133079.1480027,
        "主营业务成本_万元": 74708.0178505,
        "主营业务利润_万元": 19629.0883857
    },
    "资产负债表": {
        "货币资金_万元": 109100.0974934,
        "应收账款_万元": 15834.9984031,
        "应收票据_万元": 937.072263,
        "应收款项融资_万元": 201.983369,
        "预付款项_万元": 2936.6876916,
        "其他应收款_万元": 1553.7297016,
        "存货_万元": 111249.0377765,
        "合同资产_万元": null,
        "一年内到期的非流动资产_万元": null,
        "其他流动资产_万元": 1722.2576209,
        "流动资产合计_万元": 245139.7927285,
        "交易性金融资产_万元": 160.39284094,
        "债权投资_万元": null,
        "其他债权投资_万元": null,
        "长期应收款_万元": null,
        "长期股权投资_万元": 1068.3659153,
        "其他权益工具投资_万元": 67.1281936,
        "投资性房地产_万元": 2.8931479,
        "固定资产_万元": 37024.7117604,
        "在建工程_万元": 3598.7357975,
        "生产性生物资产_万元": 47.7265461,
        "油气资产_万元": null,
        "使用权资产_万元": 16934.9163986,
        "无形资产_万元": 7684.2870725,
        "开发支出_万元": null,
        "商誉_万元": 461.1739771,
        "长期待摊费用_万元": 1859.9393448,
        "递延所得税资产_万元": 3327.5156544,
        "其他非流动资产_万元": 972.4103071,
        "非流动资产合计_万元": 73050.7041153,
        "总资产_万元": 318190.4968438,
        "总资产同比增长_百分比": 1.99,
        "短期借款_万元": 1300.0,
        "交易性金融负债_万元": null,
        "应付票据_万元": 4805.2715096,
        "应付账款_万元": 34763.8829561,
        "预收款项_万元": null,
        "合同负债_万元": 4248.3524221,
        "应付职工薪酬_万元": 5289.3019213,
        "应交税费_万元": 1495.3611704,
        "其他应付款_万元": 8820.8217818,
        "一年内到期的非流动负债_万元": 9762.5428075,
        "其他流动负债_万元": 493.4762235,
        "流动负债合计_万元": 70979.0107923,
        "长期借款_万元": 18828.9768035,
        "应付债券_万元": null,
        "租赁负债_万元": 11823.0601121,
        "长期应付款_万元": 30.0,
        "预计负债_万元": null,
        "递延收益_万元": 1763.3196501,
        "递延所得税负债_万元": 195.0297161,
        "其他非流动负债_万元": null,
        "非流动负债合计_万元": 32668.5783023,
        "总负债_万元": 103647.5890946,
        "总负债同比增长_百分比": 0.66,
        "资产负债率_百分比": 32.57,
        "实收资本_万元": 13714.70262,
        "资本公积_万元": 19502.3659235,
        "盈余公积_万元": 13429.5858627,
        "未分配利润_万元": 88779.9666437,
        "其他综合收益_万元": 1207.9886307,
        "专项储备_万元": null,
        "归属于母公司所有者权益合计_万元": 136634.6096806,
        "少数股东权益_万元": 77908.2980686,
        "股东权益合计_万元": 214542.9077492
    },
    "利润表": {
        "营业总收入_万元": 133079.1480027,
        "营业收入_万元": 133079.1480027,
        "营业总收入同比增长_百分比": -3.7,
        "营业成本_万元": 74708.0178505,
        "税金及附加_万元": 1112.3762655,
        "销售费用_万元": 26121.7053926,
        "管理费用_万元": 10256.8940486,
        "研发费用_万元": 1429.2983387,
        "财务费用_万元": -445.2968808,
        "其中利息费用_万元": 962.9225868,
        "其中利息收入_万元": 1521.4814025,
        "其他收益_万元": 563.6195337,
        "投资收益_万元": 107.810599,
        "其中对联营企业投资收益_万元": 88.372588,
        "公允价值变动收益_万元": -0.5098368,
        "信用减值损失_万元": -281.8118292,
        "资产减值损失_万元": -725.2590091,
        "资产处置收益_万元": 69.0859405,
        "营业总支出_万元": 113182.9950151,
        "营业利润_万元": 19629.0883857,
        "营业外收入_万元": 86.1435181,
        "营业外支出_万元": 123.7715045,
        "利润总额_万元": 19591.4603993,
        "所得税费用_万元": 3661.9168098,
        "净利润_万元": 15929.5435895,
        "归母净利润_万元": 11775.558453,
        "少数股东损益_万元": 4153.9851365,
        "持续经营净利润_万元": 15929.5435895,
        "终止经营净利润_万元": null,
        "其他综合收益_万元": -476.90286,
        "综合收益总额_万元": null,
        "归母综合收益总额_万元": 11528.72881
    },
    "现金流量表": {
        "销售商品收到现金_万元": 136862.6949015,
        "收到的税费返还_万元": 62.4270571,
        "收到其他经营活动现金_万元": 3689.1597267,
        "经营活动现金流入_万元": 140614.2816853,
        "购买商品支付现金_万元": 68686.4867535,
        "支付职工现金_万元": 25772.4971909,
        "支付税费_万元": 11416.0098744,
        "支付其他经营活动现金_万元": 14860.6535384,
        "经营活动现金流出_万元": 120735.6473572,
        "经营现金流净额_万元": 19878.6343281,
        "经营现金流净额同比增长_百分比": null,
        "收回投资现金_万元": 14.6520511,
        "取得投资收益现金_万元": 19.4380109,
        "处置资产收回现金_万元": 6.985305,
        "收到其他投资活动现金_万元": 3854.552104,
        "投资活动现金流入_万元": 3895.627471,
        "投资支付现金_万元": 120.95121,
        "购建资产支付现金_万元": 2460.6110682,
        "支付其他投资活动现金_万元": 5312.9126986,
        "投资活动现金流出_万元": 7919.7520326,
        "投资现金流净额_万元": -4024.1245616,
        "吸收投资现金_万元": 143.83,
        "取得借款现金_万元": 13110.0,
        "收到其他筹资活动现金_万元": null,
        "筹资活动现金流入_万元": 1325.383,
        "偿还债务现金_万元": 13686.09276,
        "分配股利现金_万元": 1088.96349523,
        "支付其他筹资活动现金_万元": 4372.0868771,
        "筹资活动现金流出_万元": 28947.8145894,
        "融资现金流净额_万元": -15693.9845894,
        "汇率变动影响_万元": -220.679359,
        "现金及等价物净增加额_万元": -60.1541819,
        "净现金流_元": -6015418.19,
        "净现金流同比增长_百分比": null,
        "期初现金及等价物_万元": 105359.1009639,
        "期末现金及等价物_万元": 105298.946782,
        "经营现金流占比_百分比": null,
        "投资现金流占比_百分比": null,
        "融资现金流占比_百分比": null
    }
}