{
    "报告信息": {
        "序号": null,
        "股票代码": "600080",
        "股票简称": "金花股份",
        "报告年份": "2025",
        "报告期": "Q3",
        "总股本_股": 373270285,
        "流通股本_股": null,
        "报告日期": "2025-10-30",
        "审计意见": "未经审计",
        "会计师事务所": null
    },
    "核心业绩指标": {
        "每股收益_元": 0.0978,
        "稀释每股收益_元": 0.0978,
        "营业总收入_万元": 38390.836363,
        "营业总收入_亿元": 3.8390836363,
        "营收同比增长_百分比": -8.36,
        "营收环比增长_百分比": null,
        "净利润_万元": 3423.739622,
        "净利润_亿元": 0.3423739622,
        "净利润同比增长_百分比": null,
        "净利润环比增长_百分比": null,
        "归母净利润_万元": 3448.124386,
        "少数股东损益_万元": -24.384764,
        "每股净资产_元": null,
        "净资产收益率_百分比": null,
        "扣非净资产收益率_百分比": null,
        "每股经营现金流_元": null,
        "扣非净利润_万元": 2535.219733,
        "扣非净利润同比增长_百分比": 45.96,
        "销售毛利率_百分比": null,
        "销售净利率_百分比": null,
        "加权平均净资产收益率_百分比": 2.19,
        "扣非加权净资产收益率_百分比": null,
        "总资产收益率_百分比": null,
        "主营业务收入_万元": 38390.836363,
        "主营业务成本_万元": 9002.093645,
        "主营业务利润_万元": null
    },
    "资产负债表": {
        "货币资金_万元": 23546.738144,
        "应收账款_万元": 11438.916399,
        "应收票据_万元": 1895.656781,
        "应收款项融资_万元": 297.812828,
        "预付款项_万元": 6057.077332,
        "其他应收款_万元": 5515.883075,
        "存货_万元": 2805.614427,
        "合同资产_万元": null,
        "一年内到期的非流动资产_万元": null,
        "其他流动资产_万元": null,
        "流动资产合计_万元": 62723.414873,
        "交易性金融资产_万元": 11165.715887,
        "债权投资_万元": null,
        "其他债权投资_万元": null,
        "长期应收款_万元": 250.0,
        "长期股权投资_万元": 50614.423624,
        "其他权益工具投资_万元": 744.39,
        "投资性房地产_万元": 116.854626,
        "固定资产_万元": 17235.335544,
        "在建工程_万元": 47426.091973,
        "生产性生物资产_万元": null,
        "油气资产_万元": null,
        "使用权资产_万元": 1048.256144,
        "无形资产_万元": 7652.184996,
        "开发支出_万元": 405.514532,
        "商誉_万元": null,
        "长期待摊费用_万元": 754.169225,
        "递延所得税资产_万元": 5738.399319,
        "其他非流动资产_万元": 966.127309,
        "非流动资产合计_万元": 132951.747292,
        "总资产_万元": 195675.162165,
        "总资产同比增长_百分比": -0.78,
        "短期借款_万元": 6230.300724,
        "交易性金融负债_万元": null,
        "应付票据_万元": 2979.895239,
        "应付账款_万元": 796.603924,
        "预收款项_万元": null,
        "合同负债_万元": 39.30168,
        "应付职工薪酬_万元": 393.636256,
        "应交税费_万元": 903.69375,
        "其他应付款_万元": 21541.123479,
        "一年内到期的非流动负债_万元": 1888.676265,
        "其他流动负债_万元": 688.380843,
        "流动负债合计_万元": 32481.71692,
        "长期借款_万元": null,
        "应付债券_万元": null,
        "租赁负债_万元": 412.045787,
        "长期应付款_万元": 882.368423,
        "预计负债_万元": null,
        "递延收益_万元": 3438.9,
        "递延所得税负债_万元": 146.153691,
        "其他非流动负债_万元": null,
        "非流动负债合计_万元": 4879.467901,
        "总负债_万元": 37361.184821,
        "总负债同比增长_百分比": null,
        "资产负债率_百分比": null,
        "实收资本_万元": 37327.0285,
        "资本公积_万元": 82134.567632,
        "盈余公积_万元": 13186.234289,
        "未分配利润_万元": 53600.564816,
        "其他综合收益_万元": -12858.834022,
        "专项储备_万元": null,
        "归属于母公司所有者权益合计_万元": 158439.442059,
        "少数股东权益_万元": -125.464715,
        "股东权益合计_万元": 158313.977344
    },
    "利润表": {
        "营业总收入_万元": 38390.836363,
        "营业收入_万元": 38390.836363,
        "营业总收入同比增长_百分比": -8.36,
        "营业成本_万元": 9002.093645,
        "税金及附加_万元": 441.49887,
        "销售费用_万元": 22422.031459,
        "管理费用_万元": 3382.889561,
        "研发费用_万元": 2233.099127,
        "财务费用_万元": -339.011837,
        "其中利息费用_万元": 394.58528,
        "其中利息收入_万元": 740.23641,
        "其他收益_万元": -274.389556,
        "投资收益_万元": 2962.636089,
        "其中对联营企业投资收益_万元": 997.804045,
        "公允价值变动收益_万元": -1225.664658,
        "信用减值损失_万元": 746.195701,
        "资产减值损失_万元": 25.843259,
        "资产处置收益_万元": -4.961058,
        "营业总支出_万元": 37142.600825,
        "营业利润_万元": 3477.895315,
        "营业外收入_万元": 98.558526,
        "营业外支出_万元": 42.863839,
        "利润总额_万元": 3533.590002,
        "所得税费用_万元": 109.85038,
        "净利润_万元": 3423.739622,
        "归母净利润_万元": 3448.124386,
        "少数股东损益_万元": -24.384764,
        "持续经营净利润_万元": 3423.739622,
        "终止经营净利润_万元": null,
        "其他综合收益_万元": null,
        "综合收益总额_万元": 3423.739622,
        "归母综合收益总额_万元": 3448.124386
    },
    "现金流量表": {
        "销售商品收到现金_万元": 38132.204904,
        "收到的税费返还_万元": null,
        "收到其他经营活动现金_万元": 6466.395845,
        "经营活动现金流入_万元": 44598.600749,
        "购买商品支付现金_万元": 6965.801754,
        "支付职工现金_万元": 6767.607276,
        "支付税费_万元": 3314.318818,
        "支付其他经营活动现金_万元": 33323.001764,
        "经营活动现金流出_万元": 50370.729612,
        "经营现金流净额_万元": -5772.128863,
        "经营现金流净额同比增长_百分比": null,
        "收回投资现金_万元": null,
        "取得投资收益现金_万元": 1078.329778,
        "处置资产收回现金_万元": 0.38,
        "收到其他投资活动现金_万元": 143780.173158,
        "投资活动现金流入_万元": 158760.512936,
        "投资支付现金_万元": 21.279913,
        "购建资产支付现金_万元": 12437.407915,
        "支付其他投资活动现金_万元": 151612.200535,
        "投资活动现金流出_万元": 164070.888363,
        "投资现金流净额_万元": -5310.375427,
        "吸收投资现金_万元": null,
        "取得借款现金_万元": 79713.333677,
        "收到其他筹资活动现金_万元": 1000.0,
        "筹资活动现金流入_万元": 80713.333677,
        "偿还债务现金_万元": 76934.47583,
        "分配股利现金_万元": 1298.936271,
        "支付其他筹资活动现金_万元": 1642.738381,
        "筹资活动现金流出_万元": 79876.150482,
        "融资现金流净额_万元": 837.183195,
        "汇率变动影响_万元": null,
        "现金及等价物净增加额_万元": -10245.321095,
        "净现金流_元": null,
        "净现金流同比增长_百分比": null,
        "期初现金及等价物_万元": 33792.059239,
        "期末现金及等价物_万元": 23546.738144,
        "经营现金流占比_百分比": null,
        "投资现金流占比_百分比": null,
        "融资现金流占比_百分比": null
    }
}