{
    "报告信息": {
        "序号": null,
        "股票代码": "600085",
        "股票简称": "同仁堂",
        "报告年份": "2024",
        "报告期": "Q3",
        "总股本_股": 1371470262,
        "流通股本_股": null,
        "报告日期": "2024-09-30",
        "审计意见": "未经审计",
        "会计师事务所": null
    },
    "核心业绩指标": {
        "每股收益_元": 0.984,
        "稀释每股收益_元": null,
        "营业总收入_万元": 1381970.953621,
        "营业总收入_亿元": 138.1970953621,
        "营收同比增长_百分比": 0.72,
        "营收环比增长_百分比": null,
        "净利润_万元": 198365.898281,
        "净利润_亿元": 19.8365898281,
        "净利润同比增长_百分比": -8.73,
        "净利润环比增长_百分比": null,
        "归母净利润_万元": 135005.938669,
        "少数股东损益_万元": 63359.959612,
        "每股净资产_元": 9.463,
        "净资产收益率_百分比": 10.05,
        "扣非净资产收益率_百分比": null,
        "每股经营现金流_元": -0.0383,
        "扣非净利润_万元": 132043.530529,
        "扣非净利润同比增长_百分比": -4.17,
        "销售毛利率_百分比": null,
        "销售净利率_百分比": null,
        "加权平均净资产收益率_百分比": 10.05,
        "扣非加权净资产收益率_百分比": null,
        "总资产收益率_百分比": null,
        "主营业务收入_万元": 1381970.953621,
        "主营业务成本_万元": 778035.933492,
        "主营业务利润_万元": null
    },
    "资产负债表": {
        "货币资金_万元": 1094138.358145,
        "应收账款_万元": 159012.824393,
        "应收票据_万元": 15036.453573,
        "应收款项融资_万元": 4384.920881,
        "预付款项_万元": 24639.868486,
        "其他应收款_万元": 15151.931036,
        "存货_万元": 1079283.445426,
        "合同资产_万元": null,
        "一年内到期的非流动资产_万元": 29.694322,
        "其他流动资产_万元": 14014.520275,
        "流动资产合计_万元": 2405732.240684,
        "交易性金融资产_万元": 40.224147,
        "债权投资_万元": null,
        "其他债权投资_万元": null,
        "长期应收款_万元": 45.97015,
        "长期股权投资_万元": 7653.434066,
        "其他权益工具投资_万元": 795.61286,
        "投资性房地产_万元": 43.922167,
        "固定资产_万元": 379307.040579,
        "在建工程_万元": 24283.101304,
        "生产性生物资产_万元": 423.53027,
        "油气资产_万元": null,
        "使用权资产_万元": 177784.118077,
        "无形资产_万元": 76717.82017,
        "开发支出_万元": null,
        "商誉_万元": 4556.403772,
        "长期待摊费用_万元": 14194.195444,
        "递延所得税资产_万元": 25266.709284,
        "其他非流动资产_万元": 7068.724018,
        "非流动资产合计_万元": 718149.582161,
        "总资产_万元": 3123881.822845,
        "总资产同比增长_百分比": 3.82,
        "短期借款_万元": 13140.734539,
        "交易性金融负债_万元": null,
        "应付票据_万元": 20034.49597,
        "应付账款_万元": 366744.520613,
        "预收款项_万元": null,
        "合同负债_万元": 47229.168992,
        "应付职工薪酬_万元": 62980.171653,
        "应交税费_万元": 14775.669989,
        "其他应付款_万元": 120333.799177,
        "一年内到期的非流动负债_万元": 190425.031966,
        "其他流动负债_万元": 4907.002472,
        "流动负债合计_万元": 840570.595371,
        "长期借款_万元": 88937.502783,
        "应付债券_万元": null,
        "租赁负债_万元": 126998.011307,
        "长期应付款_万元": 957.14524,
        "预计负债_万元": null,
        "递延收益_万元": 14527.571954,
        "递延所得税负债_万元": 1209.856453,
        "其他非流动负债_万元": null,
        "非流动负债合计_万元": 232632.512789,
        "总负债_万元": 1073203.10816,
        "总负债同比增长_百分比": 9.15,
        "资产负债率_百分比": 34.35,
        "实收资本_万元": 137147.0262,
        "资本公积_万元": 195018.971622,
        "盈余公积_万元": 120362.713951,
        "未分配利润_万元": 834929.185754,
        "其他综合收益_万元": 10413.88492,
        "专项储备_万元": null,
        "归属于母公司所有者权益合计_万元": 1297871.782447,
        "少数股东权益_万元": 752806.932238,
        "股东权益合计_万元": 2050678.714685
    },
    "利润表": {
        "营业总收入_万元": 1381970.953621,
        "营业收入_万元": 1381970.953621,
        "营业总收入同比增长_百分比": 0.72,
        "营业成本_万元": 778035.933492,
        "税金及附加_万元": 10318.099604,
        "销售费用_万元": 240811.363387,
        "管理费用_万元": 106326.145901,
        "研发费用_万元": 13908.530433,
        "财务费用_万元": -978.937797,
        "其中利息费用_万元": 9753.982897,
        "其中利息收入_万元": 12453.543769,
        "其他收益_万元": 8176.471306,
        "投资收益_万元": 6636.557884,
        "其中对联营企业投资收益_万元": 330.10473,
        "公允价值变动收益_万元": 3.18648,
        "信用减值损失_万元": -712.681149,
        "资产减值损失_万元": -6291.958968,
        "资产处置收益_万元": 388.242352,
        "营业总支出_万元": 1148421.13502,
        "营业利润_万元": 241749.636506,
        "营业外收入_万元": 399.330997,
        "营业外支出_万元": 283.373749,
        "利润总额_万元": 241865.593754,
        "所得税费用_万元": 43499.695473,
        "净利润_万元": 198365.898281,
        "归母净利润_万元": 135005.938669,
        "少数股东损益_万元": 63359.959612,
        "持续经营净利润_万元": 198365.898281,
        "终止经营净利润_万元": null,
        "其他综合收益_万元": -1369.864193,
        "综合收益总额_万元": 196996.034088,
        "归母综合收益总额_万元": 134296.165553
    },
    "现金流量表": {
        "销售商品收到现金_万元": 1401796.857536,
        "收到的税费返还_万元": 999.043438,
        "收到其他经营活动现金_万元": 29159.879608,
        "经营活动现金流入_万元": 1431955.780582,
        "购买商品支付现金_万元": 906047.924625,
        "支付职工现金_万元": 253061.255056,
        "支付税费_万元": 109219.181268,
        "支付其他经营活动现金_万元": 168882.210703,
        "经营活动现金流出_万元": 1437210.571652,
        "经营现金流净额_万元": -5254.79107,
        "经营现金流净额同比增长_百分比": -102.19,
        "收回投资现金_万元": null,
        "取得投资收益现金_万元": 60.775551,
        "处置资产收回现金_万元": 131.673898,
        "收到其他投资活动现金_万元": 12967.098091,
        "投资活动现金流入_万元": 13159.54754,
        "投资支付现金_万元": null,
        "购建资产支付现金_万元": 31402.572815,
        "支付其他投资活动现金_万元": 4098.949524,
        "投资活动现金流出_万元": 35501.522339,
        "投资现金流净额_万元": -22341.974799,
        "吸收投资现金_万元": 1617.0,
        "取得借款现金_万元": 87764.024539,
        "收到其他筹资活动现金_万元": null,
        "筹资活动现金流入_万元": 89381.024539,
        "偿还债务现金_万元": 7292.595641,
        "分配股利现金_万元": 120189.981841,
        "支付其他筹资活动现金_万元": 46544.949149,
        "筹资活动现金流出_万元": 174027.526631,
        "融资现金流净额_万元": -84646.502092,
        "汇率变动影响_万元": -613.137563,
        "现金及等价物净增加额_万元": -112856.405524,
        "净现金流_元": -0.8229,
        "净现金流同比增长_百分比": -194.55,
        "期初现金及等价物_万元": 1201637.048414,
        "期末现金及等价物_万元": 1088780.64289,
        "经营现金流占比_百分比": -4.66,
        "投资现金流占比_百分比": -19.8,
        "融资现金流占比_百分比": -75.04
    }
}