{
    "报告信息": {
        "序号": null,
        "股票代码": "600085",
        "股票简称": "同仁堂",
        "报告年份": "2023",
        "报告期": "第三季度",
        "总股本_股": 1371470262,
        "流通股本_股": null,
        "报告日期": null,
        "审计意见": "未经审计",
        "会计师事务所": null,
        "期": "Q3"
    },
    "核心业绩指标": {
        "每股收益_元": 1.014,
        "稀释每股收益_元": null,
        "营业总收入_万元": 1372138.001626,
        "营业总收入_亿元": 137.2138001626,
        "营收同比增长_百分比": 25.88,
        "营收环比增长_百分比": null,
        "净利润_万元": 217331.351302,
        "净利润_亿元": 21.7331351302,
        "净利润同比增长_百分比": null,
        "净利润环比增长_百分比": null,
        "归母净利润_万元": 139069.228932,
        "少数股东损益_万元": 78262.12237,
        "每股净资产_元": null,
        "净资产收益率_百分比": null,
        "扣非净资产收益率_百分比": null,
        "每股经营现金流_元": null,
        "扣非净利润_万元": 137784.649551,
        "扣非净利润同比增长_百分比": 39.22,
        "销售毛利率_百分比": null,
        "销售净利率_百分比": null,
        "加权平均净资产收益率_百分比": 11.23,
        "扣非加权净资产收益率_百分比": null,
        "总资产收益率_百分比": null,
        "主营业务收入_万元": 1372138.001626,
        "主营业务成本_万元": 737052.333901,
        "主营业务利润_万元": null
    },
    "资产负债表": {
        "货币资金_万元": 1285184.450189,
        "应收账款_万元": 163411.992774,
        "应收票据_万元": 34416.479541,
        "应收款项融资_万元": 10024.31411,
        "预付款项_万元": 33241.70524,
        "其他应收款_万元": 13218.426564,
        "存货_万元": 758609.598605,
        "合同资产_万元": null,
        "一年内到期的非流动资产_万元": 80.108988,
        "其他流动资产_万元": 4699.175478,
        "流动资产合计_万元": 2302923.692877,
        "交易性金融资产_万元": 37.441388,
        "债权投资_万元": null,
        "其他债权投资_万元": null,
        "长期应收款_万元": 88.239861,
        "长期股权投资_万元": 1800.215455,
        "其他权益工具投资_万元": 728.34968,
        "投资性房地产_万元": 58.912855,
        "固定资产_万元": 378520.382705,
        "在建工程_万元": 9953.956617,
        "生产性生物资产_万元": 341.892135,
        "油气资产_万元": null,
        "使用权资产_万元": 137544.265214,
        "无形资产_万元": 75123.50853,
        "开发支出_万元": null,
        "商誉_万元": 4634.512686,
        "长期待摊费用_万元": 9990.095215,
        "递延所得税资产_万元": 23116.57246,
        "其他非流动资产_万元": 6390.128982,
        "非流动资产合计_万元": 648300.032395,
        "总资产_万元": 2951223.725272,
        "总资产同比增长_百分比": 9.09,
        "短期借款_万元": 10560.0,
        "交易性金融负债_万元": null,
        "应付票据_万元": 18019.057467,
        "应付账款_万元": 410355.458359,
        "预收款项_万元": null,
        "合同负债_万元": 63185.950138,
        "应付职工薪酬_万元": 61898.578347,
        "应交税费_万元": 23292.364082,
        "其他应付款_万元": 64119.706804,
        "一年内到期的非流动负债_万元": 49882.826034,
        "其他流动负债_万元": 5848.130697,
        "流动负债合计_万元": 707162.071928,
        "长期借款_万元": 139422.907122,
        "应付债券_万元": null,
        "租赁负债_万元": 94898.760402,
        "长期应付款_万元": 913.574,
        "预计负债_万元": null,
        "递延收益_万元": 16087.693449,
        "递延所得税负债_万元": 926.394234,
        "其他非流动负债_万元": null,
        "非流动负债合计_万元": 252283.28718,
        "总负债_万元": 959445.359108,
        "总负债同比增长_百分比": null,
        "资产负债率_百分比": null,
        "实收资本_万元": 137147.0262,
        "资本公积_万元": 200271.108962,
        "盈余公积_万元": 107871.342389,
        "未分配利润_万元": 821747.422816,
        "其他综合收益_万元": 13137.594052,
        "专项储备_万元": null,
        "归属于母公司所有者权益合计_万元": 1280174.494419,
        "少数股东权益_万元": 711603.871745,
        "股东权益合计_万元": 1991778.366164
    },
    "利润表": {
        "营业总收入_万元": 1372138.001626,
        "营业收入_万元": 1372138.001626,
        "营业总收入同比增长_百分比": 25.88,
        "营业成本_万元": 737052.333901,
        "税金及附加_万元": 12526.997532,
        "销售费用_万元": 243762.433326,
        "管理费用_万元": 108499.06184,
        "研发费用_万元": 15040.43516,
        "财务费用_万元": -7704.801229,
        "其中利息费用_万元": 6611.381139,
        "其中利息收入_万元": 15829.354047,
        "其他收益_万元": 2558.230381,
        "投资收益_万元": -104.689328,
        "其中对联营企业投资收益_万元": -181.002645,
        "公允价值变动收益_万元": -5.417016,
        "信用减值损失_万元": 656.287466,
        "资产减值损失_万元": -5999.676473,
        "资产处置收益_万元": -304.452538,
        "营业总支出_万元": null,
        "营业利润_万元": 259761.823588,
        "营业外收入_万元": 513.688575,
        "营业外支出_万元": 653.280199,
        "利润总额_万元": 259622.231964,
        "所得税费用_万元": 42290.880662,
        "净利润_万元": 217331.351302,
        "归母净利润_万元": 139069.228932,
        "少数股东损益_万元": 78262.12237,
        "持续经营净利润_万元": 217331.351302,
        "终止经营净利润_万元": null,
        "其他综合收益_万元": 8178.641116,
        "综合收益总额_万元": 225509.992418,
        "归母综合收益总额_万元": 143302.89827
    },
    "现金流量表": {
        "销售商品收到现金_万元": 1488062.371528,
        "收到的税费返还_万元": 823.176601,
        "收到其他经营活动现金_万元": 16471.517278,
        "经营活动现金流入_万元": 1505357.065407,
        "购买商品支付现金_万元": 720664.054763,
        "支付职工现金_万元": 240722.116046,
        "支付税费_万元": 152145.326,
        "支付其他经营活动现金_万元": 152391.368983,
        "经营活动现金流出_万元": 1265922.865792,
        "经营现金流净额_万元": 239434.199615,
        "经营现金流净额同比增长_百分比": -0.78,
        "收回投资现金_万元": null,
        "取得投资收益现金_万元": 25.578198,
        "处置资产收回现金_万元": 37.048377,
        "收到其他投资活动现金_万元": 18224.118304,
        "投资活动现金流入_万元": 18286.744879,
        "投资支付现金_万元": 7804.59194,
        "购建资产支付现金_万元": 18789.263105,
        "支付其他投资活动现金_万元": null,
        "投资活动现金流出_万元": 26593.855045,
        "投资现金流净额_万元": -8307.110166,
        "吸收投资现金_万元": 5343.5,
        "取得借款现金_万元": 23000.0,
        "收到其他筹资活动现金_万元": null,
        "筹资活动现金流入_万元": 28343.5,
        "偿还债务现金_万元": 24102.115539,
        "分配股利现金_万元": 82042.088491,
        "支付其他筹资活动现金_万元": 39583.540149,
        "筹资活动现金流出_万元": 145727.744179,
        "融资现金流净额_万元": -117384.244179,
        "汇率变动影响_万元": 5628.847486,
        "现金及等价物净增加额_万元": 119371.692756,
        "净现金流_元": null,
        "净现金流同比增长_百分比": null,
        "期初现金及等价物_万元": 1162164.307404,
        "期末现金及等价物_万元": 1281536.00016,
        "经营现金流占比_百分比": null,
        "投资现金流占比_百分比": null,
        "融资现金流占比_百分比": null
    }
}