{
    "报告信息": {
        "序号": null,
        "股票代码": "600085",
        "股票简称": "同仁堂",
        "报告年份": "2023",
        "报告期": "年度",
        "总股本_股": 1371470262,
        "流通股本_股": null,
        "报告日期": "2023-03-28",
        "审计意见": "标准无保留意见",
        "会计师事务所": "致同会计师事务所（特殊普通合伙）",
        "期": "FY"
    },
    "核心业绩指标": {
        "每股收益_元": 1.04,
        "稀释每股收益_元": null,
        "营业总收入_万元": 1537242.336317,
        "营业总收入_亿元": 153.7242336317,
        "营收同比增长_百分比": 5.27,
        "营收环比增长_百分比": null,
        "净利润_万元": 219939.081172,
        "净利润_亿元": 21.9939081172,
        "净利润同比增长_百分比": null,
        "净利润环比增长_百分比": null,
        "归母净利润_万元": 142581.170531,
        "少数股东损益_万元": 77357.910641,
        "每股净资产_元": null,
        "净资产收益率_百分比": null,
        "扣非净资产收益率_百分比": null,
        "每股经营现金流_元": null,
        "扣非净利润_万元": 139857.543062,
        "扣非净利润同比增长_百分比": 15.67,
        "销售毛利率_百分比": null,
        "销售净利率_百分比": null,
        "加权平均净资产收益率_百分比": 12.71,
        "扣非加权净资产收益率_百分比": 12.47,
        "总资产收益率_百分比": null,
        "主营业务收入_万元": null,
        "主营业务成本_万元": null,
        "主营业务利润_万元": null
    },
    "资产负债表": {
        "货币资金_万元": 1162398.643344,
        "应收账款_万元": 130114.843472,
        "应收票据_万元": 46421.022992,
        "应收款项融资_万元": 11582.760564,
        "预付款项_万元": 16063.248181,
        "其他应收款_万元": 9587.216191,
        "存货_万元": 669436.842837,
        "合同资产_万元": null,
        "一年内到期的非流动资产_万元": 91.743119,
        "其他流动资产_万元": 10202.443498,
        "流动资产合计_万元": 2055941.622602,
        "交易性金融资产_万元": 42.858404,
        "债权投资_万元": null,
        "其他债权投资_万元": null,
        "长期应收款_万元": 112.820714,
        "长期股权投资_万元": 1944.967053,
        "其他权益工具投资_万元": 859.135831,
        "投资性房地产_万元": null,
        "固定资产_万元": 380859.733293,
        "在建工程_万元": 13602.349068,
        "生产性生物资产_万元": 411.507581,
        "油气资产_万元": null,
        "使用权资产_万元": 134433.913479,
        "无形资产_万元": 74646.76719,
        "开发支出_万元": null,
        "商誉_万元": 4514.424415,
        "长期待摊费用_万元": 10857.926874,
        "递延所得税资产_万元": 20634.961752,
        "其他非流动资产_万元": 5620.059098,
        "非流动资产合计_万元": 648507.566348,
        "总资产_万元": 2704449.18895,
        "总资产同比增长_百分比": 7.86,
        "短期借款_万元": 30953.2,
        "交易性金融负债_万元": null,
        "应付票据_万元": null,
        "应付账款_万元": null,
        "预收款项_万元": null,
        "合同负债_万元": null,
        "应付职工薪酬_万元": 40790.857395,
        "应交税费_万元": 41836.194731,
        "其他应付款_万元": 51757.282001,
        "一年内到期的非流动负债_万元": 48589.034256,
        "其他流动负债_万元": 8061.502788,
        "流动负债合计_万元": 633560.657988,
        "长期借款_万元": 122179.734684,
        "应付债券_万元": null,
        "租赁负债_万元": 86077.128523,
        "长期应付款_万元": 913.574,
        "预计负债_万元": 26.25,
        "递延收益_万元": 15395.613042,
        "递延所得税负债_万元": 881.691437,
        "其他非流动负债_万元": null,
        "非流动负债合计_万元": 225481.699659,
        "总负债_万元": 859042.357647,
        "总负债同比增长_百分比": null,
        "资产负债率_百分比": 31.76,
        "实收资本_万元": 137147.0262,
        "资本公积_万元": 200561.90673,
        "盈余公积_万元": 107871.342389,
        "未分配利润_万元": 726243.354828,
        "其他综合收益_万元": 8903.924714,
        "专项储备_万元": null,
        "归属于母公司所有者权益合计_万元": 1180727.554861,
        "少数股东权益_万元": 664679.276442,
        "股东权益合计_万元": 1845406.831303
    },
    "利润表": {
        "营业总收入_万元": 1537242.336317,
        "营业收入_万元": 1537242.336317,
        "营业总收入同比增长_百分比": 5.27,
        "营业成本_万元": 787013.20373,
        "税金及附加_万元": 16733.540027,
        "销售费用_万元": 307145.221852,
        "管理费用_万元": 134217.301528,
        "研发费用_万元": 21744.626351,
        "财务费用_万元": -463.059251,
        "其中利息费用_万元": 11139.758316,
        "其中利息收入_万元": 12366.633351,
        "其他收益_万元": 9154.804142,
        "投资收益_万元": 311.939763,
        "其中对联营企业投资收益_万元": -77.970105,
        "公允价值变动收益_万元": -11.471328,
        "信用减值损失_万元": 557.63778,
        "资产减值损失_万元": -8733.65308,
        "资产处置收益_万元": 13.04906,
        "营业总支出_万元": null,
        "营业利润_万元": 272143.808417,
        "营业外收入_万元": 456.740364,
        "营业外支出_万元": 906.760098,
        "利润总额_万元": 271693.774683,
        "所得税费用_万元": 51754.693511,
        "净利润_万元": 219939.081172,
        "归母净利润_万元": 142581.170531,
        "少数股东损益_万元": 77357.910641,
        "持续经营净利润_万元": 219939.081172,
        "终止经营净利润_万元": null,
        "其他综合收益_万元": 26383.379243,
        "综合收益总额_万元": 246322.460415,
        "归母综合收益总额_万元": 155833.349651
    },
    "现金流量表": {
        "销售商品收到现金_万元": 1715747.806391,
        "收到的税费返还_万元": 7961.113429,
        "收到其他经营活动现金_万元": 16443.241796,
        "经营活动现金流入_万元": 1740152.161616,
        "购买商品支付现金_万元": 786682.672486,
        "支付职工现金_万元": 311906.605666,
        "支付税费_万元": 143619.163338,
        "支付其他经营活动现金_万元": 188514.091699,
        "经营活动现金流出_万元": 1430722.533189,
        "经营现金流净额_万元": 309429.628427,
        "经营现金流净额同比增长_百分比": -9.69,
        "收回投资现金_万元": null,
        "取得投资收益现金_万元": 22.335905,
        "处置资产收回现金_万元": 129.159542,
        "收到其他投资活动现金_万元": 11646.703417,
        "投资活动现金流入_万元": 12075.357413,
        "投资支付现金_万元": null,
        "购建资产支付现金_万元": 33002.868033,
        "支付其他投资活动现金_万元": null,
        "投资活动现金流出_万元": 33214.715378,
        "投资现金流净额_万元": -21139.357965,
        "吸收投资现金_万元": 7020.7494,
        "取得借款现金_万元": 172640.0,
        "收到其他筹资活动现金_万元": null,
        "筹资活动现金流入_万元": 179660.7494,
        "偿还债务现金_万元": 178235.196988,
        "分配股利现金_万元": 79563.139154,
        "支付其他筹资活动现金_万元": 52885.336101,
        "筹资活动现金流出_万元": 310683.672243,
        "融资现金流净额_万元": -131022.922843,
        "汇率变动影响_万元": 16272.933352,
        "现金及等价物净增加额_万元": 173540.280971,
        "净现金流_元": null,
        "净现金流同比增长_百分比": 5.16,
        "期初现金及等价物_万元": 988624.026433,
        "期末现金及等价物_万元": 1162164.307404,
        "经营现金流占比_百分比": null,
        "投资现金流占比_百分比": null,
        "融资现金流占比_百分比": null
    }
}