{
    "报告信息": {
        "序号": null,
        "股票代码": "600080",
        "股票简称": "金花股份",
        "报告年份": "2025",
        "报告期": "HY",
        "总股本_股": 373270285,
        "流通股本_股": null,
        "报告日期": null,
        "审计意见": "未经审计",
        "会计师事务所": null
    },
    "核心业绩指标": {
        "每股收益_元": 0.0176,
        "稀释每股收益_元": 0.0176,
        "营业总收入_万元": 24129.296366,
        "营业总收入_亿元": 2.4129296366,
        "营收同比增长_百分比": -1.9,
        "营收环比增长_百分比": null,
        "净利润_万元": 618.323355,
        "净利润_亿元": 0.0618323355,
        "净利润同比增长_百分比": -34.53,
        "净利润环比增长_百分比": null,
        "归母净利润_万元": 619.501143,
        "少数股东损益_万元": -1.177788,
        "每股净资产_元": null,
        "净资产收益率_百分比": 0.4,
        "扣非净资产收益率_百分比": 0.44,
        "每股经营现金流_元": null,
        "扣非净利润_万元": 678.99573,
        "扣非净利润同比增长_百分比": -32.31,
        "销售毛利率_百分比": null,
        "销售净利率_百分比": null,
        "加权平均净资产收益率_百分比": 0.4,
        "扣非加权净资产收益率_百分比": 0.44,
        "总资产收益率_百分比": null,
        "主营业务收入_万元": 24129.296366,
        "主营业务成本_万元": 5649.637739,
        "主营业务利润_万元": null
    },
    "资产负债表": {
        "货币资金_万元": 17823.294938,
        "应收账款_万元": 11541.275027,
        "应收票据_万元": 854.497618,
        "应收款项融资_万元": 507.232619,
        "预付款项_万元": 6600.296591,
        "其他应收款_万元": 19636.251471,
        "存货_万元": 3229.756688,
        "合同资产_万元": null,
        "一年内到期的非流动资产_万元": null,
        "其他流动资产_万元": 0,
        "流动资产合计_万元": 61092.760939,
        "交易性金融资产_万元": 900.155987,
        "债权投资_万元": null,
        "其他债权投资_万元": null,
        "长期应收款_万元": 250,
        "长期股权投资_万元": 50242.211146,
        "其他权益工具投资_万元": 744.39,
        "投资性房地产_万元": 119.028423,
        "固定资产_万元": 17415.347738,
        "在建工程_万元": 45694.481572,
        "生产性生物资产_万元": null,
        "油气资产_万元": null,
        "使用权资产_万元": 1172.76273,
        "无形资产_万元": 6931.279948,
        "开发支出_万元": 1261.905106,
        "商誉_万元": null,
        "长期待摊费用_万元": 809.958202,
        "递延所得税资产_万元": 6090.181566,
        "其他非流动资产_万元": 1137.788286,
        "非流动资产合计_万元": 131869.334717,
        "总资产_万元": 192962.095656,
        "总资产同比增长_百分比": -2.15,
        "短期借款_万元": 3455.661307,
        "交易性金融负债_万元": null,
        "应付票据_万元": 3950,
        "应付账款_万元": 492.5892,
        "预收款项_万元": null,
        "合同负债_万元": 31.314917,
        "应付职工薪酬_万元": 377.039886,
        "应交税费_万元": 650.554653,
        "其他应付款_万元": 22338.609245,
        "一年内到期的非流动负债_万元": 1421.532446,
        "其他流动负债_万元": 73.552359,
        "流动负债合计_万元": 32790.854013,
        "长期借款_万元": null,
        "应付债券_万元": null,
        "租赁负债_万元": 403.140195,
        "长期应付款_万元": 656.678402,
        "预计负债_万元": 0,
        "递延收益_万元": 3439.695,
        "递延所得税负债_万元": 163.166969,
        "其他非流动负债_万元": null,
        "非流动负债合计_万元": 4662.680566,
        "总负债_万元": 37453.534579,
        "总负债同比增长_百分比": null,
        "资产负债率_百分比": null,
        "实收资本_万元": 37327.0285,
        "资本公积_万元": 82134.567632,
        "盈余公积_万元": 13186.234289,
        "未分配利润_万元": 50771.941573,
        "其他综合收益_万元": -12858.834022,
        "专项储备_万元": null,
        "归属于母公司所有者权益合计_万元": 155610.818816,
        "少数股东权益_万元": -102.257739,
        "股东权益合计_万元": 155508.561077
    },
    "利润表": {
        "营业总收入_万元": 24129.296366,
        "营业收入_万元": 24129.296366,
        "营业总收入同比增长_百分比": -1.9,
        "营业成本_万元": 5649.637739,
        "税金及附加_万元": 267.199569,
        "销售费用_万元": 13872.083317,
        "管理费用_万元": 2080.244896,
        "研发费用_万元": 1542.880127,
        "财务费用_万元": -227.211813,
        "其中利息费用_万元": 265.889199,
        "其中利息收入_万元": 498.580513,
        "其他收益_万元": 70.563465,
        "投资收益_万元": 1135.168697,
        "其中对联营企业投资收益_万元": 625.591567,
        "公允价值变动收益_万元": -1043.516226,
        "信用减值损失_万元": -722.40144,
        "资产减值损失_万元": 17.193207,
        "资产处置收益_万元": -4.961058,
        "营业总支出_万元": 23184.833835,
        "营业利润_万元": 396.509176,
        "营业外收入_万元": 27.915323,
        "营业外支出_万元": 31.019733,
        "利润总额_万元": 393.404766,
        "所得税费用_万元": -224.918589,
        "净利润_万元": 618.323355,
        "归母净利润_万元": 619.501143,
        "少数股东损益_万元": -1.177788,
        "持续经营净利润_万元": 618.323355,
        "终止经营净利润_万元": 0,
        "其他综合收益_万元": null,
        "综合收益总额_万元": null,
        "归母综合收益总额_万元": null
    },
    "现金流量表": {
        "销售商品收到现金_万元": 22712.56221,
        "收到的税费返还_万元": null,
        "收到其他经营活动现金_万元": 6213.682618,
        "经营活动现金流入_万元": 28926.244828,
        "购买商品支付现金_万元": 7909.033159,
        "支付职工现金_万元": 4950.637819,
        "支付税费_万元": 2094.917629,
        "支付其他经营活动现金_万元": 22064.99912,
        "经营活动现金流出_万元": 37019.587727,
        "经营现金流净额_万元": -8093.342899,
        "经营现金流净额同比增长_百分比": null,
        "收回投资现金_万元": null,
        "取得投资收益现金_万元": 418.469555,
        "处置资产收回现金_万元": 0.08,
        "收到其他投资活动现金_万元": 42830.259326,
        "投资活动现金流入_万元": 43248.808881,
        "投资支付现金_万元": 21.279913,
        "购建资产支付现金_万元": 10770.463704,
        "支付其他投资活动现金_万元": 41750.582567,
        "投资活动现金流出_万元": 52542.326184,
        "投资现金流净额_万元": -9293.517303,
        "吸收投资现金_万元": null,
        "取得借款现金_万元": 15215.877584,
        "收到其他筹资活动现金_万元": null,
        "筹资活动现金流入_万元": 15215.877584,
        "偿还债务现金_万元": 15215.877584,
        "分配股利现金_万元": 1239.875789,
        "支付其他筹资活动现金_万元": 1292.02831,
        "筹资活动现金流出_万元": 17747.781683,
        "融资现金流净额_万元": -2531.904099,
        "汇率变动影响_万元": null,
        "现金及等价物净增加额_万元": -19918.764301,
        "净现金流_元": null,
        "净现金流同比增长_百分比": null,
        "期初现金及等价物_万元": 33792.059239,
        "期末现金及等价物_万元": 13873.294938,
        "经营现金流占比_百分比": null,
        "投资现金流占比_百分比": null,
        "融资现金流占比_百分比": null
    }
}