{
    "报告信息": {
        "序号": null,
        "股票代码": "600080",
        "股票简称": "金花股份",
        "报告年份": "2023",
        "报告期": "Q3",
        "总股本_股": 373270285,
        "流通股本_股": null,
        "报告日期": "2023-10-26",
        "审计意见": "未经审计",
        "会计师事务所": null
    },
    "核心业绩指标": {
        "每股收益_元": 0.0009,
        "稀释每股收益_元": 0.0009,
        "营业总收入_万元": 40280.503175,
        "营业总收入_亿元": 4.0280503175,
        "营收同比增长_百分比": -4.81,
        "营收环比增长_百分比": null,
        "净利润_万元": 339.02983,
        "净利润_亿元": 0.033902983,
        "净利润同比增长_百分比": -89.35,
        "净利润环比增长_百分比": null,
        "归母净利润_万元": 339.02983,
        "少数股东损益_万元": 0.0,
        "每股净资产_元": null,
        "净资产收益率_百分比": null,
        "扣非净资产收益率_百分比": null,
        "每股经营现金流_元": null,
        "扣非净利润_万元": 2001.616467,
        "扣非净利润同比增长_百分比": -36.94,
        "销售毛利率_百分比": null,
        "销售净利率_百分比": null,
        "加权平均净资产收益率_百分比": 0.2,
        "扣非加权净资产收益率_百分比": null,
        "总资产收益率_百分比": null,
        "主营业务收入_万元": 40280.503175,
        "主营业务成本_万元": null,
        "主营业务利润_万元": null
    },
    "资产负债表": {
        "货币资金_万元": 44058.095602,
        "应收账款_万元": 11331.779362,
        "应收票据_万元": 1462.007712,
        "应收款项融资_万元": 333.745665,
        "预付款项_万元": 2643.28442,
        "其他应收款_万元": 3573.968466,
        "存货_万元": 2843.854088,
        "合同资产_万元": null,
        "一年内到期的非流动资产_万元": null,
        "其他流动资产_万元": 146.899996,
        "流动资产合计_万元": 85781.099259,
        "交易性金融资产_万元": 19387.463948,
        "债权投资_万元": null,
        "其他债权投资_万元": null,
        "长期应收款_万元": null,
        "长期股权投资_万元": 49765.625326,
        "其他权益工具投资_万元": 2772.85,
        "投资性房地产_万元": 134.245002,
        "固定资产_万元": 11921.478812,
        "在建工程_万元": 40614.62838,
        "生产性生物资产_万元": null,
        "油气资产_万元": null,
        "使用权资产_万元": 1574.95228,
        "无形资产_万元": 7204.523179,
        "开发支出_万元": 1519.745876,
        "商誉_万元": null,
        "长期待摊费用_万元": 1476.019662,
        "递延所得税资产_万元": 2743.677614,
        "其他非流动资产_万元": 374.2588,
        "非流动资产合计_万元": 120102.004931,
        "总资产_万元": 205883.10419,
        "总资产同比增长_百分比": 4.28,
        "短期借款_万元": 7640.539044,
        "交易性金融负债_万元": null,
        "应付票据_万元": 0.0,
        "应付账款_万元": 1466.457001,
        "预收款项_万元": 0.0,
        "合同负债_万元": 155.297614,
        "应付职工薪酬_万元": 641.920902,
        "应交税费_万元": 360.575006,
        "其他应付款_万元": 21791.074719,
        "一年内到期的非流动负债_万元": 395.964691,
        "其他流动负债_万元": 1207.42012,
        "流动负债合计_万元": 33659.249097,
        "长期借款_万元": null,
        "应付债券_万元": null,
        "租赁负债_万元": 804.919502,
        "长期应付款_万元": null,
        "预计负债_万元": 2181.776005,
        "递延收益_万元": 22.26,
        "递延所得税负债_万元": 499.302544,
        "其他非流动负债_万元": null,
        "非流动负债合计_万元": 3508.258051,
        "总负债_万元": 37167.507148,
        "总负债同比增长_百分比": null,
        "资产负债率_百分比": null,
        "实收资本_万元": 37327.0285,
        "资本公积_万元": 82134.567632,
        "盈余公积_万元": 12426.834713,
        "未分配利润_万元": 48432.638338,
        "其他综合收益_万元": -11605.472141,
        "专项储备_万元": null,
        "归属于母公司所有者权益合计_万元": 168715.597042,
        "少数股东权益_万元": null,
        "股东权益合计_万元": 168715.597042
    },
    "利润表": {
        "营业总收入_万元": 40280.503175,
        "营业收入_万元": 40280.503175,
        "营业总收入同比增长_百分比": -4.81,
        "营业成本_万元": 9291.415305,
        "税金及附加_万元": 686.466077,
        "销售费用_万元": 24088.989091,
        "管理费用_万元": 5162.776233,
        "研发费用_万元": 886.027209,
        "财务费用_万元": -157.366254,
        "其中利息费用_万元": 285.524578,
        "其中利息收入_万元": 447.72479,
        "其他收益_万元": 22.235042,
        "投资收益_万元": 1774.508826,
        "其中对联营企业投资收益_万元": 1185.432281,
        "公允价值变动收益_万元": -703.68896,
        "信用减值损失_万元": 640.421178,
        "资产减值损失_万元": null,
        "资产处置收益_万元": null,
        "营业总支出_万元": 39958.307661,
        "营业利润_万元": 2055.6716,
        "营业外收入_万元": 414.216955,
        "营业外支出_万元": 2276.285202,
        "利润总额_万元": 193.603353,
        "所得税费用_万元": -145.426477,
        "净利润_万元": 339.02983,
        "归母净利润_万元": 339.02983,
        "少数股东损益_万元": 0.0,
        "持续经营净利润_万元": 339.02983,
        "终止经营净利润_万元": null,
        "其他综合收益_万元": null,
        "综合收益总额_万元": 339.02983,
        "归母综合收益总额_万元": 339.02983
    },
    "现金流量表": {
        "销售商品收到现金_万元": 40935.379393,
        "收到的税费返还_万元": 6.083203,
        "收到其他经营活动现金_万元": 3241.567237,
        "经营活动现金流入_万元": 44183.029833,
        "购买商品支付现金_万元": 4053.584829,
        "支付职工现金_万元": 7244.023898,
        "支付税费_万元": 5656.392802,
        "支付其他经营活动现金_万元": 28423.95977,
        "经营活动现金流出_万元": 45377.961299,
        "经营现金流净额_万元": -1194.931466,
        "经营现金流净额同比增长_百分比": -28.52,
        "收回投资现金_万元": null,
        "取得投资收益现金_万元": 248.570233,
        "处置资产收回现金_万元": 0.09,
        "收到其他投资活动现金_万元": 143670.056347,
        "投资活动现金流入_万元": 144697.652492,
        "投资支付现金_万元": 16600.0,
        "购建资产支付现金_万元": 1617.430314,
        "支付其他投资活动现金_万元": 131331.694702,
        "投资活动现金流出_万元": 149549.125016,
        "投资现金流净额_万元": -4851.472524,
        "吸收投资现金_万元": null,
        "取得借款现金_万元": 17540.539044,
        "收到其他筹资活动现金_万元": null,
        "筹资活动现金流入_万元": 17540.539044,
        "偿还债务现金_万元": 9900.0,
        "分配股利现金_万元": 234.577368,
        "支付其他筹资活动现金_万元": 669.340656,
        "筹资活动现金流出_万元": 10803.918024,
        "融资现金流净额_万元": 6736.62102,
        "汇率变动影响_万元": -17.653076,
        "现金及等价物净增加额_万元": 690.21703,
        "净现金流_元": null,
        "净现金流同比增长_百分比": null,
        "期初现金及等价物_万元": 43263.869517,
        "期末现金及等价物_万元": 43954.086547,
        "经营现金流占比_百分比": null,
        "投资现金流占比_百分比": null,
        "融资现金流占比_百分比": null
    }
}