{
    "报告信息": {
        "序号": null,
        "股票代码": "600129",
        "股票简称": "太极集团",
        "报告年份": "2025",
        "报告期": "年度",
        "总股本_股": null,
        "流通股本_股": null,
        "报告日期": "2025-03-29",
        "审计意见": "标准无保留意见",
        "会计师事务所": "天健会计师事务所（特殊普通合伙）",
        "期": "FY"
    },
    "核心业绩指标": {
        "每股收益_元": 0.05,
        "稀释每股收益_元": 0.05,
        "营业总收入_万元": 1238601.698342,
        "营业总收入_亿元": 123.8601698342,
        "营收同比增长_百分比": -20.72,
        "营收环比增长_百分比": null,
        "净利润_万元": 2665.272794,
        "净利润_亿元": 0.2665272794,
        "净利润同比增长_百分比": -96.76,
        "净利润环比增长_百分比": null,
        "归母净利润_万元": 2665.272794,
        "少数股东损益_万元": 2464.013758,
        "每股净资产_元": null,
        "净资产收益率_百分比": 0.75,
        "扣非净资产收益率_百分比": 1.08,
        "每股经营现金流_元": null,
        "扣非净利润_万元": 3853.928446,
        "扣非净利润同比增长_百分比": -95.02,
        "销售毛利率_百分比": null,
        "销售净利率_百分比": null,
        "加权平均净资产收益率_百分比": 0.75,
        "扣非加权净资产收益率_百分比": 1.08,
        "总资产收益率_百分比": null,
        "主营业务收入_万元": 1223549.38,
        "主营业务成本_万元": 738644.45,
        "主营业务利润_万元": null
    },
    "资产负债表": {
        "货币资金_万元": 81162.321666,
        "应收账款_万元": 208955.154183,
        "应收票据_万元": 3530.432126,
        "应收款项融资_万元": 32472.810394,
        "预付款项_万元": 24634.565922,
        "其他应收款_万元": 19536.166275,
        "存货_万元": 272672.012918,
        "合同资产_万元": null,
        "一年内到期的非流动资产_万元": null,
        "其他流动资产_万元": 13293.772895,
        "流动资产合计_万元": 670424.621335,
        "交易性金融资产_万元": 14149.1,
        "债权投资_万元": null,
        "其他债权投资_万元": null,
        "长期应收款_万元": null,
        "长期股权投资_万元": 1252.429069,
        "其他权益工具投资_万元": null,
        "投资性房地产_万元": 18046.305331,
        "固定资产_万元": 430124.503134,
        "在建工程_万元": 86765.957422,
        "生产性生物资产_万元": null,
        "油气资产_万元": null,
        "使用权资产_万元": 19792.864459,
        "无形资产_万元": 141677.590982,
        "开发支出_万元": 12403.759824,
        "商誉_万元": null,
        "长期待摊费用_万元": 2912.359025,
        "递延所得税资产_万元": 5312.574624,
        "其他非流动资产_万元": 10377.818059,
        "非流动资产合计_万元": 735351.370929,
        "总资产_万元": 1405775.923264,
        "总资产同比增长_百分比": -2.46,
        "短期借款_万元": 440505.166044,
        "交易性金融负债_万元": null,
        "应付票据_万元": 52745.525286,
        "应付账款_万元": 132451.268825,
        "预收款项_万元": 30475.488703,
        "合同负债_万元": 27665.438516,
        "应付职工薪酬_万元": 22990.586238,
        "应交税费_万元": 9750.738998,
        "其他应付款_万元": 187857.999417,
        "一年内到期的非流动负债_万元": 27400.619492,
        "其他流动负债_万元": 3705.388757,
        "流动负债合计_万元": 935548.220276,
        "长期借款_万元": 30277.685036,
        "应付债券_万元": null,
        "租赁负债_万元": 11635.330909,
        "长期应付款_万元": 127.01911,
        "预计负债_万元": null,
        "递延收益_万元": 15818.074962,
        "递延所得税负债_万元": 1236.605335,
        "其他非流动负债_万元": 2000.0,
        "非流动负债合计_万元": 106883.192424,
        "总负债_万元": 1042431.4127,
        "总负债同比增长_百分比": null,
        "资产负债率_百分比": null,
        "实收资本_万元": 55689.0744,
        "资本公积_万元": 207152.554763,
        "盈余公积_万元": 27847.991423,
        "未分配利润_万元": 70325.813037,
        "其他综合收益_万元": -12710.044036,
        "专项储备_万元": 911.40616,
        "归属于母公司所有者权益合计_万元": 349216.795747,
        "少数股东权益_万元": 14127.714817,
        "股东权益合计_万元": 363344.510564
    },
    "利润表": {
        "营业总收入_万元": 1238601.698342,
        "营业收入_万元": 1238601.698342,
        "营业总收入同比增长_百分比": -20.72,
        "营业成本_万元": 751580.125605,
        "税金及附加_万元": 15803.730879,
        "销售费用_万元": 328733.009349,
        "管理费用_万元": 67984.450501,
        "研发费用_万元": 27957.024734,
        "财务费用_万元": 13984.796539,
        "其中利息费用_万元": 13275.493545,
        "其中利息收入_万元": 1174.703477,
        "其他收益_万元": 14314.676736,
        "投资收益_万元": -396.498208,
        "其中对联营企业投资收益_万元": -995.012694,
        "公允价值变动收益_万元": -2437.45,
        "信用减值损失_万元": -802.068634,
        "资产减值损失_万元": -4318.937995,
        "资产处置收益_万元": 12.923742,
        "营业总支出_万元": null,
        "营业利润_万元": 38931.206376,
        "营业外收入_万元": 1628.003526,
        "营业外支出_万元": 8178.239617,
        "利润总额_万元": 32380.970285,
        "所得税费用_万元": 27251.683733,
        "净利润_万元": 2665.272794,
        "归母净利润_万元": 2665.272794,
        "少数股东损益_万元": 2464.013758,
        "持续经营净利润_万元": 5129.286552,
        "终止经营净利润_万元": null,
        "其他综合收益_万元": 952.369192,
        "综合收益总额_万元": 6081.655744,
        "归母综合收益总额_万元": 3613.605613
    },
    "现金流量表": {
        "销售商品收到现金_万元": 1227414.230896,
        "收到的税费返还_万元": 188.137031,
        "收到其他经营活动现金_万元": 62555.905721,
        "经营活动现金流入_万元": 1290158.273648,
        "购买商品支付现金_万元": 664311.495108,
        "支付职工现金_万元": 201606.236555,
        "支付税费_万元": 110342.093326,
        "支付其他经营活动现金_万元": 377044.742028,
        "经营活动现金流出_万元": 1353304.567017,
        "经营现金流净额_万元": -63146.293369,
        "经营现金流净额同比增长_百分比": -194.03,
        "收回投资现金_万元": 4909.469024,
        "取得投资收益现金_万元": 633.416291,
        "处置资产收回现金_万元": 1539.149502,
        "收到其他投资活动现金_万元": null,
        "投资活动现金流入_万元": 2172.565793,
        "投资支付现金_万元": null,
        "购建资产支付现金_万元": 83172.982416,
        "支付其他投资活动现金_万元": null,
        "投资活动现金流出_万元": 83172.982416,
        "投资现金流净额_万元": -81000.416623,
        "吸收投资现金_万元": 0.0,
        "取得借款现金_万元": 489396.316693,
        "收到其他筹资活动现金_万元": 13303.774832,
        "筹资活动现金流入_万元": 489396.316693,
        "偿还债务现金_万元": 404314.138325,
        "分配股利现金_万元": 29587.98892,
        "支付其他筹资活动现金_万元": 8561.811335,
        "筹资活动现金流出_万元": 442463.93858,
        "融资现金流净额_万元": 46932.378113,
        "汇率变动影响_万元": 50.082557,
        "现金及等价物净增加额_万元": -97164.249322,
        "净现金流_元": null,
        "净现金流同比增长_百分比": null,
        "期初现金及等价物_万元": 165233.56304,
        "期末现金及等价物_万元": 68069.313718,
        "经营现金流占比_百分比": null,
        "投资现金流占比_百分比": null,
        "融资现金流占比_百分比": null
    }
}