{
    "报告信息": {
        "序号": null,
        "股票代码": "600285",
        "股票简称": "羚锐制药",
        "报告年份": "2024",
        "报告期": "第一季度",
        "总股本_股": 567140242,
        "流通股本_股": null,
        "报告日期": "2024-04-24",
        "审计意见": "未经审计",
        "会计师事务所": null,
        "期": "Q1"
    },
    "核心业绩指标": {
        "每股收益_元": 0.34,
        "稀释每股收益_元": 0.336,
        "营业总收入_万元": 90904.68677,
        "营业总收入_亿元": 9.090468677,
        "营收同比增长_百分比": 15.27,
        "营收环比增长_百分比": null,
        "净利润_万元": 19032.863498,
        "净利润_亿元": 1.9032863498,
        "净利润同比增长_百分比": 31.98,
        "净利润环比增长_百分比": null,
        "归母净利润_万元": 19037.863992,
        "少数股东损益_万元": -5.000494,
        "每股净资产_元": null,
        "净资产收益率_百分比": null,
        "扣非净资产收益率_百分比": null,
        "每股经营现金流_元": null,
        "扣非净利润_万元": 18145.931333,
        "扣非净利润同比增长_百分比": 31.55,
        "销售毛利率_百分比": null,
        "销售净利率_百分比": null,
        "加权平均净资产收益率_百分比": 6.59,
        "扣非加权净资产收益率_百分比": null,
        "总资产收益率_百分比": null,
        "主营业务收入_万元": 90904.68677,
        "主营业务成本_万元": 22183.244812,
        "主营业务利润_万元": null
    },
    "资产负债表": {
        "货币资金_万元": 146628.482394,
        "应收账款_万元": 28409.904744,
        "应收票据_万元": 20737.059956,
        "应收款项融资_万元": 19710.348623,
        "预付款项_万元": 3972.47014,
        "其他应收款_万元": 3214.588426,
        "存货_万元": 45938.319757,
        "合同资产_万元": null,
        "一年内到期的非流动资产_万元": 18470.152222,
        "其他流动资产_万元": 1824.909802,
        "流动资产合计_万元": 294949.879369,
        "交易性金融资产_万元": 6043.643305,
        "债权投资_万元": null,
        "其他债权投资_万元": null,
        "长期应收款_万元": null,
        "长期股权投资_万元": 7126.367328,
        "其他权益工具投资_万元": 9230.313341,
        "投资性房地产_万元": null,
        "固定资产_万元": 62167.901119,
        "在建工程_万元": 344.20762,
        "生产性生物资产_万元": null,
        "油气资产_万元": null,
        "使用权资产_万元": 840.083032,
        "无形资产_万元": 19994.192525,
        "开发支出_万元": 2766.408534,
        "商誉_万元": null,
        "长期待摊费用_万元": 872.346907,
        "递延所得税资产_万元": 21224.694943,
        "其他非流动资产_万元": 67006.633033,
        "非流动资产合计_万元": 203205.552328,
        "总资产_万元": 498155.431697,
        "总资产同比增长_百分比": 4.39,
        "短期借款_万元": 2809.915076,
        "交易性金融负债_万元": null,
        "应付票据_万元": null,
        "应付账款_万元": 8304.200934,
        "预收款项_万元": 8.179501,
        "合同负债_万元": 10728.348856,
        "应付职工薪酬_万元": 15690.269598,
        "应交税费_万元": 10573.972957,
        "其他应付款_万元": 146321.738417,
        "一年内到期的非流动负债_万元": 90.746631,
        "其他流动负债_万元": 3036.312069,
        "流动负债合计_万元": 197563.684039,
        "长期借款_万元": null,
        "应付债券_万元": null,
        "租赁负债_万元": 724.806565,
        "长期应付款_万元": null,
        "预计负债_万元": null,
        "递延收益_万元": 3851.04459,
        "递延所得税负债_万元": 1846.925416,
        "其他非流动负债_万元": null,
        "非流动负债合计_万元": 6422.776571,
        "总负债_万元": 203986.460609,
        "总负债同比增长_百分比": null,
        "资产负债率_百分比": null,
        "实收资本_万元": 56714.0242,
        "资本公积_万元": 32831.585471,
        "盈余公积_万元": 28382.576864,
        "未分配利润_万元": 180062.104859,
        "其他综合收益_万元": 155.308957,
        "专项储备_万元": null,
        "归属于母公司所有者权益合计_万元": 293406.784786,
        "少数股东权益_万元": 762.186302,
        "股东权益合计_万元": 294168.971088
    },
    "利润表": {
        "营业总收入_万元": 90904.68677,
        "营业收入_万元": 90904.68677,
        "营业总收入同比增长_百分比": 15.27,
        "营业成本_万元": 22183.244812,
        "税金及附加_万元": 1328.860758,
        "销售费用_万元": 41410.850486,
        "管理费用_万元": 3489.596844,
        "研发费用_万元": 2039.311338,
        "财务费用_万元": -802.089034,
        "其中利息费用_万元": 14.467882,
        "其中利息收入_万元": 815.294265,
        "其他收益_万元": 291.517018,
        "投资收益_万元": 685.55556,
        "其中对联营企业投资收益_万元": -0.399718,
        "公允价值变动收益_万元": 73.275471,
        "信用减值损失_万元": -222.240302,
        "资产减值损失_万元": -0.377452,
        "资产处置收益_万元": null,
        "营业总支出_万元": 69649.775204,
        "营业利润_万元": 22082.641861,
        "营业外收入_万元": 4.581211,
        "营业外支出_万元": 5.207901,
        "利润总额_万元": 22082.015171,
        "所得税费用_万元": 3049.151673,
        "净利润_万元": 19032.863498,
        "归母净利润_万元": 19037.863992,
        "少数股东损益_万元": -5.000494,
        "持续经营净利润_万元": 19032.863498,
        "终止经营净利润_万元": null,
        "其他综合收益_万元": -4943.457149,
        "综合收益总额_万元": 14089.406349,
        "归母综合收益总额_万元": 14092.829382
    },
    "现金流量表": {
        "销售商品收到现金_万元": 76187.821797,
        "收到的税费返还_万元": null,
        "收到其他经营活动现金_万元": 4774.508311,
        "经营活动现金流入_万元": 80962.330108,
        "购买商品支付现金_万元": 21707.105846,
        "支付职工现金_万元": 7453.804496,
        "支付税费_万元": 17626.795509,
        "支付其他经营活动现金_万元": 29683.994878,
        "经营活动现金流出_万元": 76471.700729,
        "经营现金流净额_万元": 4490.629379,
        "经营现金流净额同比增长_百分比": -44.91,
        "收回投资现金_万元": null,
        "取得投资收益现金_万元": null,
        "处置资产收回现金_万元": null,
        "收到其他投资活动现金_万元": 4000.0,
        "投资活动现金流入_万元": 4000.0,
        "投资支付现金_万元": null,
        "购建资产支付现金_万元": 644.453653,
        "支付其他投资活动现金_万元": 9099.6,
        "投资活动现金流出_万元": 9744.053653,
        "投资现金流净额_万元": -5744.053653,
        "吸收投资现金_万元": null,
        "取得借款现金_万元": null,
        "收到其他筹资活动现金_万元": 861.240851,
        "筹资活动现金流入_万元": 861.240851,
        "偿还债务现金_万元": 2000.0,
        "分配股利现金_万元": 2.066667,
        "支付其他筹资活动现金_万元": 5.6191,
        "筹资活动现金流出_万元": 2007.685767,
        "融资现金流净额_万元": -1146.444916,
        "汇率变动影响_万元": 0.069405,
        "现金及等价物净增加额_万元": -2399.799785,
        "净现金流_元": null,
        "净现金流同比增长_百分比": null,
        "期初现金及等价物_万元": 149027.600756,
        "期末现金及等价物_万元": 146627.800971,
        "经营现金流占比_百分比": null,
        "投资现金流占比_百分比": null,
        "融资现金流占比_百分比": null
    }
}