{
    "报告信息": {
        "序号": null,
        "股票代码": "600252",
        "股票简称": "中恒集团",
        "报告年份": "2023",
        "报告期": "Q3",
        "总股本_股": 3451489454,
        "流通股本_股": 3451489454,
        "报告日期": "2023-10-26",
        "审计意见": "未经审计",
        "会计师事务所": null
    },
    "核心业绩指标": {
        "每股收益_元": 0.0352,
        "稀释每股收益_元": 0.0352,
        "营业总收入_万元": 216574.716401,
        "营业总收入_亿元": 21.6574716401,
        "营收同比增长_百分比": 14.58,
        "营收环比增长_百分比": null,
        "净利润_万元": 5748.111463,
        "净利润_亿元": 0.5748111463,
        "净利润同比增长_百分比": -37.73,
        "净利润环比增长_百分比": null,
        "归母净利润_万元": 12046.453927,
        "少数股东损益_万元": -6298.342464,
        "每股净资产_元": 1.9167,
        "净资产收益率_百分比": 1.83,
        "扣非净资产收益率_百分比": null,
        "每股经营现金流_元": 0.112,
        "扣非净利润_万元": 9496.222248,
        "扣非净利润同比增长_百分比": 18.05,
        "销售毛利率_百分比": 65.69,
        "销售净利率_百分比": 2.65,
        "加权平均净资产收益率_百分比": 1.83,
        "扣非加权净资产收益率_百分比": null,
        "总资产收益率_百分比": 0.49,
        "主营业务收入_万元": 216574.716401,
        "主营业务成本_万元": 74318.599654,
        "主营业务利润_万元": null
    },
    "资产负债表": {
        "货币资金_万元": 378527.88851,
        "应收账款_万元": 67892.388809,
        "应收票据_万元": 4243.246278,
        "应收款项融资_万元": 2466.3098,
        "预付款项_万元": 9666.673947,
        "其他应收款_万元": 86602.013363,
        "存货_万元": 75317.956572,
        "合同资产_万元": null,
        "一年内到期的非流动资产_万元": 0.24885000000000002,
        "其他流动资产_万元": 2132.741337,
        "流动资产合计_万元": 685706.748498,
        "交易性金融资产_万元": 58857.281032,
        "债权投资_万元": null,
        "其他债权投资_万元": null,
        "长期应收款_万元": null,
        "长期股权投资_万元": 32435.81582,
        "其他权益工具投资_万元": 59338.773073,
        "投资性房地产_万元": 25480.454544,
        "固定资产_万元": 159363.135141,
        "在建工程_万元": 12611.924899,
        "生产性生物资产_万元": 87.192479,
        "油气资产_万元": null,
        "使用权资产_万元": 1719.16988,
        "无形资产_万元": 47622.838205,
        "开发支出_万元": 5828.238876,
        "商誉_万元": 32000.410906,
        "长期待摊费用_万元": 5227.700486,
        "递延所得税资产_万元": 15371.409427,
        "其他非流动资产_万元": 6254.652405,
        "非流动资产合计_万元": 481502.018675,
        "总资产_万元": 1167208.767173,
        "总资产同比增长_百分比": -0.68,
        "短期借款_万元": 101192.72,
        "交易性金融负债_万元": null,
        "应付票据_万元": 886.802466,
        "应付账款_万元": 49952.637008,
        "预收款项_万元": 498.519218,
        "合同负债_万元": 5668.641261,
        "应付职工薪酬_万元": 4560.260295,
        "应交税费_万元": 5547.595814,
        "其他应付款_万元": 56792.507476,
        "一年内到期的非流动负债_万元": 10420.747253,
        "其他流动负债_万元": 1403.481769,
        "流动负债合计_万元": 236923.91256,
        "长期借款_万元": 70989.671956,
        "应付债券_万元": null,
        "租赁负债_万元": 1223.785138,
        "长期应付款_万元": null,
        "预计负债_万元": 5176.1588,
        "递延收益_万元": 16195.950311,
        "递延所得税负债_万元": 3923.205439,
        "其他非流动负债_万元": 1984.48026,
        "非流动负债合计_万元": 99493.251904,
        "总负债_万元": 336417.164464,
        "总负债同比增长_百分比": -2.84,
        "资产负债率_百分比": 28.82,
        "实收资本_万元": 345148.9454,
        "资本公积_万元": 276.500115,
        "盈余公积_万元": 73793.999589,
        "未分配利润_万元": 245166.80601,
        "其他综合收益_万元": 1891.735426,
        "专项储备_万元": null,
        "归属于母公司所有者权益合计_万元": 661586.862864,
        "少数股东权益_万元": 169204.739845,
        "股东权益合计_万元": 830791.602709
    },
    "利润表": {
        "营业总收入_万元": 216574.716401,
        "营业收入_万元": 216574.716401,
        "营业总收入同比增长_百分比": 14.58,
        "营业成本_万元": 74318.599654,
        "税金及附加_万元": 3908.899066,
        "销售费用_万元": 103267.083948,
        "管理费用_万元": 27287.883116,
        "研发费用_万元": 8998.683854,
        "财务费用_万元": -6370.837235,
        "其中利息费用_万元": 5005.116509,
        "其中利息收入_万元": 11243.984397,
        "其他收益_万元": 4812.999045,
        "投资收益_万元": 3444.532666,
        "其中对联营企业投资收益_万元": 195.349997,
        "公允价值变动收益_万元": -2768.680753,
        "信用减值损失_万元": -1021.250617,
        "资产减值损失_万元": -421.559663,
        "资产处置收益_万元": 1378.01854,
        "营业总支出_万元": 211410.312403,
        "营业利润_万元": 10588.463216,
        "营业外收入_万元": 1604.120229,
        "营业外支出_万元": 5353.456297,
        "利润总额_万元": 6839.127148,
        "所得税费用_万元": 1091.015685,
        "净利润_万元": 5748.111463,
        "归母净利润_万元": 12046.453927,
        "少数股东损益_万元": -6298.342464,
        "持续经营净利润_万元": 5748.111463,
        "终止经营净利润_万元": null,
        "其他综合收益_万元": 816.855496,
        "综合收益总额_万元": 6564.966959,
        "归母综合收益总额_万元": 12863.453451
    },
    "现金流量表": {
        "销售商品收到现金_万元": 236076.003884,
        "收到的税费返还_万元": 780.041984,
        "收到其他经营活动现金_万元": 57600.038871,
        "经营活动现金流入_万元": 294456.084739,
        "购买商品支付现金_万元": 59697.760754,
        "支付职工现金_万元": 31987.481281,
        "支付税费_万元": 27620.263989,
        "支付其他经营活动现金_万元": 136511.368432,
        "经营活动现金流出_万元": 255816.874456,
        "经营现金流净额_万元": 38639.210283,
        "经营现金流净额同比增长_百分比": 3184.06,
        "收回投资现金_万元": 9215.331723,
        "取得投资收益现金_万元": 3894.736354,
        "处置资产收回现金_万元": 6699.100914,
        "收到其他投资活动现金_万元": null,
        "投资活动现金流入_万元": 19809.168991,
        "投资支付现金_万元": 2651.4,
        "购建资产支付现金_万元": 11509.019576,
        "支付其他投资活动现金_万元": 2.26285,
        "投资活动现金流出_万元": 14162.682426,
        "投资现金流净额_万元": 5646.486565,
        "吸收投资现金_万元": 1018.1,
        "取得借款现金_万元": 123305.455058,
        "收到其他筹资活动现金_万元": 1818.262444,
        "筹资活动现金流入_万元": 126141.817502,
        "偿还债务现金_万元": 135397.908021,
        "分配股利现金_万元": 11766.722881,
        "支付其他筹资活动现金_万元": 1086.736214,
        "筹资活动现金流出_万元": 148251.367116,
        "融资现金流净额_万元": -22109.549614,
        "汇率变动影响_万元": 104.922046,
        "现金及等价物净增加额_万元": 22280.06928,
        "净现金流_元": 0.0646,
        "净现金流同比增长_百分比": null,
        "期初现金及等价物_万元": 349560.778781,
        "期末现金及等价物_万元": 371841.848061,
        "经营现金流占比_百分比": null,
        "投资现金流占比_百分比": null,
        "融资现金流占比_百分比": null
    }
}