{
    "报告信息": {
        "序号": null,
        "股票代码": "600285",
        "股票简称": "羚锐制药",
        "报告年份": "2025",
        "报告期": "Q3",
        "总股本_股": 567115486,
        "流通股本_股": null,
        "报告日期": "2025-10-28",
        "审计意见": "未经审计",
        "会计师事务所": null
    },
    "核心业绩指标": {
        "每股收益_元": 1.148,
        "稀释每股收益_元": 1.145,
        "营业总收入_万元": 304136.163917,
        "营业总收入_亿元": 30.4136163917,
        "营收同比增长_百分比": 10.23,
        "营收环比增长_百分比": null,
        "净利润_万元": 65353.65232,
        "净利润_亿元": 6.535365232,
        "净利润同比增长_百分比": null,
        "净利润环比增长_百分比": null,
        "归母净利润_万元": 65093.260977,
        "少数股东损益_万元": 260.391343,
        "每股净资产_元": null,
        "净资产收益率_百分比": null,
        "扣非净资产收益率_百分比": null,
        "每股经营现金流_元": null,
        "扣非净利润_万元": 60522.506674,
        "扣非净利润同比增长_百分比": 11.77,
        "销售毛利率_百分比": null,
        "销售净利率_百分比": null,
        "加权平均净资产收益率_百分比": 20.4,
        "扣非加权净资产收益率_百分比": null,
        "总资产收益率_百分比": null,
        "主营业务收入_万元": 304136.163917,
        "主营业务成本_万元": 57729.90155,
        "主营业务利润_万元": null
    },
    "资产负债表": {
        "货币资金_万元": 45965.629081,
        "应收账款_万元": 53285.173971,
        "应收票据_万元": 17156.700761,
        "应收款项融资_万元": 6943.731867,
        "预付款项_万元": 1861.549371,
        "其他应收款_万元": 991.424156,
        "存货_万元": 40727.680811,
        "合同资产_万元": null,
        "一年内到期的非流动资产_万元": 57404.640612,
        "其他流动资产_万元": 501.771299,
        "流动资产合计_万元": 257410.63175,
        "交易性金融资产_万元": 32572.329821,
        "债权投资_万元": null,
        "其他债权投资_万元": null,
        "长期应收款_万元": null,
        "长期股权投资_万元": 7293.321823,
        "其他权益工具投资_万元": 6306.337279,
        "投资性房地产_万元": null,
        "固定资产_万元": 68238.586098,
        "在建工程_万元": 652.811467,
        "生产性生物资产_万元": null,
        "油气资产_万元": null,
        "使用权资产_万元": 905.412273,
        "无形资产_万元": 33794.23237,
        "开发支出_万元": 971.895264,
        "商誉_万元": 48201.623604,
        "长期待摊费用_万元": 500.748034,
        "递延所得税资产_万元": 21878.435079,
        "其他非流动资产_万元": 116161.058707,
        "非流动资产合计_万元": 318158.140738,
        "总资产_万元": 575568.772488,
        "总资产同比增长_百分比": 14.73,
        "短期借款_万元": 51668.426592,
        "交易性金融负债_万元": null,
        "应付票据_万元": null,
        "应付账款_万元": 9177.113161,
        "预收款项_万元": 12.9123,
        "合同负债_万元": 4691.874132,
        "应付职工薪酬_万元": 14925.719225,
        "应交税费_万元": 14875.673541,
        "其他应付款_万元": 142310.385576,
        "一年内到期的非流动负债_万元": 283.705771,
        "其他流动负债_万元": 1407.928663,
        "流动负债合计_万元": 239353.738961,
        "长期借款_万元": null,
        "应付债券_万元": null,
        "租赁负债_万元": 555.502312,
        "长期应付款_万元": null,
        "预计负债_万元": null,
        "递延收益_万元": 2941.386263,
        "递延所得税负债_万元": 4389.613248,
        "其他非流动负债_万元": null,
        "非流动负债合计_万元": 7886.501823,
        "总负债_万元": 247240.240784,
        "总负债同比增长_百分比": null,
        "资产负债率_百分比": null,
        "实收资本_万元": 56711.5486,
        "资本公积_万元": 36058.574135,
        "盈余公积_万元": 28625.240742,
        "未分配利润_万元": 204401.441667,
        "其他综合收益_万元": 284.667863,
        "专项储备_万元": null,
        "归属于母公司所有者权益合计_万元": 324823.973007,
        "少数股东权益_万元": 3504.558697,
        "股东权益合计_万元": 328328.531704
    },
    "利润表": {
        "营业总收入_万元": 304136.163917,
        "营业收入_万元": 304136.163917,
        "营业总收入同比增长_百分比": 10.23,
        "营业成本_万元": 57729.90155,
        "税金及附加_万元": 4090.872215,
        "销售费用_万元": 143738.733038,
        "管理费用_万元": 17699.336627,
        "研发费用_万元": 10460.077385,
        "财务费用_万元": -511.254094,
        "其中利息费用_万元": 326.04016,
        "其中利息收入_万元": 859.237519,
        "其他收益_万元": 1649.559962,
        "投资收益_万元": 3672.742367,
        "其中对联营企业投资收益_万元": -15.838579,
        "公允价值变动收益_万元": 80.072964,
        "信用减值损失_万元": -962.530234,
        "资产减值损失_万元": -5.821677,
        "资产处置收益_万元": 473.938135,
        "营业总支出_万元": 233207.666721,
        "营业利润_万元": 75836.458713,
        "营业外收入_万元": 141.553605,
        "营业外支出_万元": 222.133037,
        "利润总额_万元": 75755.879281,
        "所得税费用_万元": 10402.226961,
        "净利润_万元": 65353.65232,
        "归母净利润_万元": 65093.260977,
        "少数股东损益_万元": 260.391343,
        "持续经营净利润_万元": 65353.65232,
        "终止经营净利润_万元": null,
        "其他综合收益_万元": 488.528379,
        "综合收益总额_万元": 65842.180699,
        "归母综合收益总额_万元": 65579.663717
    },
    "现金流量表": {
        "销售商品收到现金_万元": 306516.413621,
        "收到的税费返还_万元": null,
        "收到其他经营活动现金_万元": 4357.409376,
        "经营活动现金流入_万元": 310873.822997,
        "购买商品支付现金_万元": 47432.424833,
        "支付职工现金_万元": 28335.344518,
        "支付税费_万元": 38937.177163,
        "支付其他经营活动现金_万元": 147130.110847,
        "经营活动现金流出_万元": 261835.057361,
        "经营现金流净额_万元": 49038.765636,
        "经营现金流净额同比增长_百分比": 40.09,
        "收回投资现金_万元": 2394.182015,
        "取得投资收益现金_万元": 2169.081557,
        "处置资产收回现金_万元": 718.5462,
        "收到其他投资活动现金_万元": 66937.850522,
        "投资活动现金流入_万元": 72219.660294,
        "投资支付现金_万元": 2000.0,
        "购建资产支付现金_万元": 3822.588511,
        "支付其他投资活动现金_万元": 118570.315168,
        "投资活动现金流出_万元": 191647.888054,
        "投资现金流净额_万元": -119428.22776,
        "吸收投资现金_万元": null,
        "取得借款现金_万元": 51737.455827,
        "收到其他筹资活动现金_万元": null,
        "筹资活动现金流入_万元": 51737.455827,
        "偿还债务现金_万元": 7000.0,
        "分配股利现金_万元": 51033.860965,
        "支付其他筹资活动现金_万元": 184.071065,
        "筹资活动现金流出_万元": 58217.93203,
        "融资现金流净额_万元": -6480.476203,
        "汇率变动影响_万元": -2.213192,
        "现金及等价物净增加额_万元": -76872.151519,
        "净现金流_元": null,
        "净现金流同比增长_百分比": null,
        "期初现金及等价物_万元": 122837.7806,
        "期末现金及等价物_万元": 45965.629081,
        "经营现金流占比_百分比": null,
        "投资现金流占比_百分比": null,
        "融资现金流占比_百分比": null
    }
}