{
    "报告信息": {
        "序号": null,
        "股票代码": "600285",
        "股票简称": "羚锐制药",
        "报告年份": "2023",
        "报告期": "第一季度",
        "总股本_股": 567299680,
        "流通股本_股": null,
        "报告日期": "2023-04-23",
        "审计意见": "未经审计",
        "会计师事务所": null,
        "期": "Q1"
    },
    "核心业绩指标": {
        "每股收益_元": 0.26,
        "稀释每股收益_元": 0.254,
        "营业总收入_万元": 78864.824906,
        "营业总收入_亿元": 7.8864824906,
        "营收同比增长_百分比": 15.62,
        "营收环比增长_百分比": null,
        "净利润_万元": 14418.029827,
        "净利润_亿元": 1.4418029827,
        "净利润同比增长_百分比": 10.3,
        "净利润环比增长_百分比": null,
        "归母净利润_万元": 14424.63849,
        "少数股东损益_万元": -6.608663,
        "每股净资产_元": null,
        "净资产收益率_百分比": null,
        "扣非净资产收益率_百分比": null,
        "每股经营现金流_元": null,
        "扣非净利润_万元": 13793.522271,
        "扣非净利润同比增长_百分比": 31.71,
        "销售毛利率_百分比": null,
        "销售净利率_百分比": null,
        "加权平均净资产收益率_百分比": 5.5,
        "扣非加权净资产收益率_百分比": null,
        "总资产收益率_百分比": null,
        "主营业务收入_万元": 78864.824906,
        "主营业务成本_万元": 18506.526391,
        "主营业务利润_万元": null
    },
    "资产负债表": {
        "货币资金_万元": 142128.362104,
        "应收账款_万元": 21192.986787,
        "应收票据_万元": 21583.085085,
        "应收款项融资_万元": 7810.602279,
        "预付款项_万元": 2455.922403,
        "其他应收款_万元": 4632.296802,
        "存货_万元": 49156.834725,
        "合同资产_万元": null,
        "一年内到期的非流动资产_万元": 6505.645833,
        "其他流动资产_万元": 3973.294927,
        "流动资产合计_万元": 259457.567749,
        "交易性金融资产_万元": 18.536804,
        "债权投资_万元": null,
        "其他债权投资_万元": null,
        "长期应收款_万元": null,
        "长期股权投资_万元": 7169.094715,
        "其他权益工具投资_万元": 18120.938903,
        "投资性房地产_万元": null,
        "固定资产_万元": 68139.728026,
        "在建工程_万元": 178.402518,
        "生产性生物资产_万元": null,
        "油气资产_万元": null,
        "使用权资产_万元": 754.408795,
        "无形资产_万元": 20130.338296,
        "开发支出_万元": 4060.054711,
        "商誉_万元": null,
        "长期待摊费用_万元": 1356.767637,
        "递延所得税资产_万元": 20229.360259,
        "其他非流动资产_万元": 40855.699209,
        "非流动资产合计_万元": 189688.64697,
        "总资产_万元": 449146.214719,
        "总资产同比增长_百分比": 3.39,
        "短期借款_万元": 8150.292818,
        "交易性金融负债_万元": null,
        "应付票据_万元": null,
        "应付账款_万元": 7345.990388,
        "预收款项_万元": 6.484,
        "合同负债_万元": 6220.020722,
        "应付职工薪酬_万元": 13794.890796,
        "应交税费_万元": 11337.575944,
        "其他应付款_万元": 118910.608879,
        "一年内到期的非流动负债_万元": 80.766603,
        "其他流动负债_万元": 4708.969393,
        "流动负债合计_万元": 170555.599543,
        "长期借款_万元": null,
        "应付债券_万元": null,
        "租赁负债_万元": 636.655936,
        "长期应付款_万元": null,
        "预计负债_万元": null,
        "递延收益_万元": 4372.203004,
        "递延所得税负债_万元": 2933.672845,
        "其他非流动负债_万元": null,
        "非流动负债合计_万元": 7942.531785,
        "总负债_万元": 178498.131328,
        "总负债同比增长_百分比": null,
        "资产负债率_百分比": null,
        "实收资本_万元": 56745.8992,
        "资本公积_万元": 31344.984151,
        "盈余公积_万元": 28383.625036,
        "未分配利润_万元": 152492.983918,
        "其他综合收益_万元": 7693.054168,
        "专项储备_万元": null,
        "归属于母公司所有者权益合计_万元": 269898.770812,
        "少数股东权益_万元": 749.312579,
        "股东权益合计_万元": 270648.083391
    },
    "利润表": {
        "营业总收入_万元": 78864.824906,
        "营业收入_万元": 78864.824906,
        "营业总收入同比增长_百分比": 15.62,
        "营业成本_万元": 18506.526391,
        "税金及附加_万元": 1091.980555,
        "销售费用_万元": 37634.901913,
        "管理费用_万元": 3504.489868,
        "研发费用_万元": 2120.520259,
        "财务费用_万元": -581.950133,
        "其中利息费用_万元": 236.472909,
        "其中利息收入_万元": 655.932378,
        "其他收益_万元": 309.346748,
        "投资收益_万元": 414.517476,
        "其中对联营企业投资收益_万元": 3.860179,
        "公允价值变动收益_万元": 4.204088,
        "信用减值损失_万元": -250.077353,
        "资产减值损失_万元": -3.228082,
        "资产处置收益_万元": -0.119278,
        "营业总支出_万元": 62276.468853,
        "营业利润_万元": 17062.999652,
        "营业外收入_万元": 4.312993,
        "营业外支出_万元": 72.019526,
        "利润总额_万元": 16995.293119,
        "所得税费用_万元": 2577.263292,
        "净利润_万元": 14418.029827,
        "归母净利润_万元": 14424.63849,
        "少数股东损益_万元": -6.608663,
        "持续经营净利润_万元": 14418.029827,
        "终止经营净利润_万元": null,
        "其他综合收益_万元": 20.425786,
        "综合收益总额_万元": 14438.455613,
        "归母综合收益总额_万元": 14443.829632
    },
    "现金流量表": {
        "销售商品收到现金_万元": 83615.804846,
        "收到的税费返还_万元": null,
        "收到其他经营活动现金_万元": 3760.89981,
        "经营活动现金流入_万元": 87376.704656,
        "购买商品支付现金_万元": 21286.02209,
        "支付职工现金_万元": 7797.611217,
        "支付税费_万元": 14655.77151,
        "支付其他经营活动现金_万元": 35485.136985,
        "经营活动现金流出_万元": 79224.541802,
        "经营现金流净额_万元": 8152.162854,
        "经营现金流净额同比增长_百分比": -5.6,
        "收回投资现金_万元": 318.736103,
        "取得投资收益现金_万元": 606.973595,
        "处置资产收回现金_万元": 1.584719,
        "收到其他投资活动现金_万元": 26018.433333,
        "投资活动现金流入_万元": 26945.72775,
        "投资支付现金_万元": 5.663868,
        "购建资产支付现金_万元": 702.705251,
        "支付其他投资活动现金_万元": 12000.0,
        "投资活动现金流出_万元": 12708.369119,
        "投资现金流净额_万元": 14237.358631,
        "吸收投资现金_万元": null,
        "取得借款现金_万元": 3879.27656,
        "收到其他筹资活动现金_万元": null,
        "筹资活动现金流入_万元": 3879.27656,
        "偿还债务现金_万元": 2000.0,
        "分配股利现金_万元": 28.344446,
        "支付其他筹资活动现金_万元": 41.14718,
        "筹资活动现金流出_万元": 2069.491626,
        "融资现金流净额_万元": 1809.784934,
        "汇率变动影响_万元": -0.51199,
        "现金及等价物净增加额_万元": 24198.794429,
        "净现金流_元": null,
        "净现金流同比增长_百分比": null,
        "期初现金及等价物_万元": 117929.567675,
        "期末现金及等价物_万元": 142128.362104,
        "经营现金流占比_百分比": null,
        "投资现金流占比_百分比": null,
        "融资现金流占比_百分比": null
    }
}