{
    "报告信息": {
        "序号": null,
        "股票代码": "600252",
        "股票简称": "中恒集团",
        "报告年份": "2024",
        "报告期": "第一季度",
        "总股本_股": 3451489454,
        "流通股本_股": null,
        "报告日期": "2024-04-29",
        "审计意见": "未经审计",
        "会计师事务所": null,
        "期": "Q1"
    },
    "核心业绩指标": {
        "每股收益_元": 0.016,
        "稀释每股收益_元": 0.016,
        "营业总收入_万元": 80589.609375,
        "营业总收入_亿元": 8.0589609375,
        "营收同比增长_百分比": 20.34,
        "营收环比增长_百分比": null,
        "净利润_万元": 5207.983767,
        "净利润_亿元": 0.5207983767,
        "净利润同比增长_百分比": null,
        "净利润环比增长_百分比": null,
        "归母净利润_万元": 5471.119513,
        "少数股东损益_万元": -263.135746,
        "每股净资产_元": null,
        "净资产收益率_百分比": null,
        "扣非净资产收益率_百分比": null,
        "每股经营现金流_元": null,
        "扣非净利润_万元": 2608.749749,
        "扣非净利润同比增长_百分比": 1461.09,
        "销售毛利率_百分比": null,
        "销售净利率_百分比": null,
        "加权平均净资产收益率_百分比": 0.83,
        "扣非加权净资产收益率_百分比": null,
        "总资产收益率_百分比": null,
        "主营业务收入_万元": null,
        "主营业务成本_万元": null,
        "主营业务利润_万元": null
    },
    "资产负债表": {
        "货币资金_万元": 310344.689383,
        "应收账款_万元": 102122.105027,
        "应收票据_万元": 1642.862382,
        "应收款项融资_万元": 986.909874,
        "预付款项_万元": 10568.260081,
        "其他应收款_万元": 77387.721882,
        "存货_万元": 76178.029535,
        "合同资产_万元": null,
        "一年内到期的非流动资产_万元": null,
        "其他流动资产_万元": 51139.833924,
        "流动资产合计_万元": 693316.450685,
        "交易性金融资产_万元": 62946.038597,
        "债权投资_万元": null,
        "其他债权投资_万元": null,
        "长期应收款_万元": null,
        "长期股权投资_万元": 41496.757171,
        "其他权益工具投资_万元": 83432.648054,
        "投资性房地产_万元": 31400.948703,
        "固定资产_万元": 143982.054076,
        "在建工程_万元": 10465.66303,
        "生产性生物资产_万元": 89.562091,
        "油气资产_万元": null,
        "使用权资产_万元": 1625.408494,
        "无形资产_万元": 44293.810476,
        "开发支出_万元": 1918.611427,
        "商誉_万元": 25460.604599,
        "长期待摊费用_万元": 4466.276394,
        "递延所得税资产_万元": 17145.746911,
        "其他非流动资产_万元": 4260.664264,
        "非流动资产合计_万元": 476307.157279,
        "总资产_万元": 1169623.607964,
        "总资产同比增长_百分比": 0.26,
        "短期借款_万元": 106896.7816,
        "交易性金融负债_万元": null,
        "应付票据_万元": 191.8528,
        "应付账款_万元": 53980.414741,
        "预收款项_万元": 406.444008,
        "合同负债_万元": 4919.941831,
        "应付职工薪酬_万元": 7012.412681,
        "应交税费_万元": 3930.0681,
        "其他应付款_万元": 57848.358168,
        "一年内到期的非流动负债_万元": 23125.909009,
        "其他流动负债_万元": 539.695766,
        "流动负债合计_万元": 258851.878704,
        "长期借款_万元": 50125.212817,
        "应付债券_万元": null,
        "租赁负债_万元": 1200.887383,
        "长期应付款_万元": null,
        "预计负债_万元": 5409.362761,
        "递延收益_万元": 16818.033737,
        "递延所得税负债_万元": 5019.575178,
        "其他非流动负债_万元": 2560.911017,
        "非流动负债合计_万元": 81133.982893,
        "总负债_万元": 339985.861597,
        "总负债同比增长_百分比": null,
        "资产负债率_百分比": null,
        "实收资本_万元": 345148.9454,
        "资本公积_万元": 684.021868,
        "盈余公积_万元": 81944.802936,
        "未分配利润_万元": 238892.304042,
        "其他综合收益_万元": -2872.301484,
        "专项储备_万元": 294.139081,
        "归属于母公司所有者权益合计_万元": 659164.395371,
        "少数股东权益_万元": 170473.350996,
        "股东权益合计_万元": 829637.746367
    },
    "利润表": {
        "营业总收入_万元": 80589.609375,
        "营业收入_万元": 80589.609375,
        "营业总收入同比增长_百分比": 20.34,
        "营业成本_万元": 48951.454997,
        "税金及附加_万元": 990.519687,
        "销售费用_万元": 20902.903808,
        "管理费用_万元": 7444.029046,
        "研发费用_万元": 2592.530081,
        "财务费用_万元": -1275.225269,
        "其中利息费用_万元": 1540.908826,
        "其中利息收入_万元": 2856.92954,
        "其他收益_万元": 2634.721811,
        "投资收益_万元": 2321.817413,
        "其中对联营企业投资收益_万元": -597.310743,
        "公允价值变动收益_万元": 24.295869,
        "信用减值损失_万元": -236.018415,
        "资产减值损失_万元": -11.082874,
        "资产处置收益_万元": 0.800635,
        "营业总支出_万元": null,
        "营业利润_万元": 5717.931464,
        "营业外收入_万元": 148.228514,
        "营业外支出_万元": -7.798497,
        "利润总额_万元": 5873.958475,
        "所得税费用_万元": 665.974708,
        "净利润_万元": 5207.983767,
        "归母净利润_万元": 5471.119513,
        "少数股东损益_万元": -263.135746,
        "持续经营净利润_万元": 5207.983767,
        "终止经营净利润_万元": null,
        "其他综合收益_万元": -3424.320255,
        "综合收益总额_万元": 1783.663512,
        "归母综合收益总额_万元": 2046.789717
    },
    "现金流量表": {
        "销售商品收到现金_万元": 79218.864843,
        "收到的税费返还_万元": 35.532138,
        "收到其他经营活动现金_万元": 22527.009394,
        "经营活动现金流入_万元": 101781.406375,
        "购买商品支付现金_万元": 40811.375814,
        "支付职工现金_万元": 10088.87456,
        "支付税费_万元": 12740.045082,
        "支付其他经营活动现金_万元": 34554.941136,
        "经营活动现金流出_万元": 98195.236592,
        "经营现金流净额_万元": 3586.169783,
        "经营现金流净额同比增长_百分比": -53.79,
        "收回投资现金_万元": 1002.778567,
        "取得投资收益现金_万元": 1203.375316,
        "处置资产收回现金_万元": 9626.016193,
        "收到其他投资活动现金_万元": 4121.164483,
        "投资活动现金流入_万元": 15953.334559,
        "投资支付现金_万元": -2.307417,
        "购建资产支付现金_万元": 4753.713094,
        "支付其他投资活动现金_万元": 730.0,
        "投资活动现金流出_万元": 5481.405677,
        "投资现金流净额_万元": 10471.928882,
        "吸收投资现金_万元": null,
        "取得借款现金_万元": 31294.0,
        "收到其他筹资活动现金_万元": 1078.27911,
        "筹资活动现金流入_万元": 32372.27911,
        "偿还债务现金_万元": 28381.38612,
        "分配股利现金_万元": 1489.574499,
        "支付其他筹资活动现金_万元": 148.361189,
        "筹资活动现金流出_万元": 30019.321808,
        "融资现金流净额_万元": 2352.957302,
        "汇率变动影响_万元": 6.321187,
        "现金及等价物净增加额_万元": 16417.377154,
        "净现金流_元": null,
        "净现金流同比增长_百分比": null,
        "期初现金及等价物_万元": 279635.992507,
        "期末现金及等价物_万元": 296053.369661,
        "经营现金流占比_百分比": null,
        "投资现金流占比_百分比": null,
        "融资现金流占比_百分比": null
    }
}