{
    "报告信息": {
        "序号": null,
        "股票代码": "600222",
        "股票简称": "太龙药业",
        "报告年份": "2023",
        "报告期": "Q3",
        "总股本_股": 573886283,
        "流通股本_股": null,
        "报告日期": "2023-10-26",
        "审计意见": "未经审计",
        "会计师事务所": null
    },
    "核心业绩指标": {
        "每股收益_元": 0.0374,
        "稀释每股收益_元": 0.0374,
        "营业总收入_万元": 44895.988299,
        "营业总收入_亿元": 0.4495988299,
        "营收同比增长_百分比": 3.55,
        "营收环比增长_百分比": null,
        "净利润_万元": -1952.067595,
        "净利润_亿元": -0.1952067595,
        "净利润同比增长_百分比": 70.24,
        "净利润环比增长_百分比": null,
        "归母净利润_万元": -1692.635176,
        "少数股东损益_万元": -259.432419,
        "每股净资产_元": 2.53,
        "净资产收益率_百分比": 1.5,
        "扣非净资产收益率_百分比": null,
        "每股经营现金流_元": -0.0917,
        "扣非净利润_万元": 1655.496774,
        "扣非净利润同比增长_百分比": 154.36,
        "销售毛利率_百分比": 25.3,
        "销售净利率_百分比": -1.35,
        "加权平均净资产收益率_百分比": 1.5,
        "扣非加权净资产收益率_百分比": null,
        "总资产收益率_百分比": null,
        "主营业务收入_万元": 144286.962259,
        "主营业务成本_万元": 107793.051579,
        "主营业务利润_万元": 36493.91068
    },
    "资产负债表": {
        "货币资金_万元": 18154.601958,
        "应收账款_万元": 70430.324564,
        "应收票据_万元": 6901.320195,
        "应收款项融资_万元": null,
        "预付款项_万元": 10025.979446,
        "其他应收款_万元": 6599.604348,
        "存货_万元": 45215.638732,
        "合同资产_万元": 18363.569703,
        "一年内到期的非流动资产_万元": null,
        "其他流动资产_万元": 1724.04476,
        "流动资产合计_万元": 183672.981706,
        "交易性金融资产_万元": 6257.898,
        "债权投资_万元": null,
        "其他债权投资_万元": null,
        "长期应收款_万元": null,
        "长期股权投资_万元": 5602.336967,
        "其他权益工具投资_万元": 29003.826907,
        "投资性房地产_万元": 264.650236,
        "固定资产_万元": 45646.519829,
        "在建工程_万元": 3601.145963,
        "生产性生物资产_万元": null,
        "油气资产_万元": null,
        "使用权资产_万元": 3552.171778,
        "无形资产_万元": 5381.517304,
        "开发支出_万元": 2856.77733,
        "商誉_万元": 28649.278975,
        "长期待摊费用_万元": 2513.366578,
        "递延所得税资产_万元": 8103.700357,
        "其他非流动资产_万元": 5361.726264,
        "非流动资产合计_万元": 150259.324814,
        "总资产_万元": 333932.30652,
        "总资产同比增长_百分比": -7.25,
        "短期借款_万元": 40681.873992,
        "交易性金融负债_万元": null,
        "应付票据_万元": 5357.0,
        "应付账款_万元": 40282.080424,
        "预收款项_万元": null,
        "合同负债_万元": 2391.604289,
        "应付职工薪酬_万元": 1040.829613,
        "应交税费_万元": 1023.734593,
        "其他应付款_万元": 58944.72185,
        "一年内到期的非流动负债_万元": 21938.171279,
        "其他流动负债_万元": 475.395503,
        "流动负债合计_万元": 172135.411543,
        "长期借款_万元": 680.0,
        "应付债券_万元": null,
        "租赁负债_万元": 2609.29839,
        "长期应付款_万元": 8000.0,
        "预计负债_万元": 161.5,
        "递延收益_万元": 243.603337,
        "递延所得税负债_万元": 905.362267,
        "其他非流动负债_万元": null,
        "非流动负债合计_万元": 12599.763994,
        "总负债_万元": 184735.175537,
        "总负债同比增长_百分比": null,
        "资产负债率_百分比": null,
        "实收资本_万元": 57388.6283,
        "资本公积_万元": 67517.402861,
        "盈余公积_万元": 5090.70956,
        "未分配利润_万元": 16968.360007,
        "其他综合收益_万元": 6103.347363,
        "专项储备_万元": null,
        "归属于母公司所有者权益合计_万元": 145096.047516,
        "少数股东权益_万元": 4101.083467,
        "股东权益合计_万元": 149197.130983
    },
    "利润表": {
        "营业总收入_万元": 144286.962259,
        "营业收入_万元": 144286.962259,
        "营业总收入同比增长_百分比": 11.23,
        "营业成本_万元": 107793.051579,
        "税金及附加_万元": 631.0362,
        "销售费用_万元": 14423.073062,
        "管理费用_万元": 10403.711162,
        "研发费用_万元": 10202.129307,
        "财务费用_万元": 3951.344325,
        "其中利息费用_万元": 3831.307004,
        "其中利息收入_万元": 170.281949,
        "其他收益_万元": 778.799708,
        "投资收益_万元": -398.379868,
        "其中对联营企业投资收益_万元": -427.457064,
        "公允价值变动收益_万元": 59.288881,
        "信用减值损失_万元": 1037.565506,
        "资产减值损失_万元": -478.381276,
        "资产处置收益_万元": 44.46136,
        "营业总支出_万元": null,
        "营业利润_万元": -2074.029065,
        "营业外收入_万元": 0.856426,
        "营业外支出_万元": 25.833335,
        "利润总额_万元": -2099.005974,
        "所得税费用_万元": -146.938379,
        "净利润_万元": -1952.067595,
        "归母净利润_万元": -1692.635176,
        "少数股东损益_万元": -259.432419,
        "持续经营净利润_万元": -1952.067595,
        "终止经营净利润_万元": null,
        "其他综合收益_万元": -6052.466789,
        "综合收益总额_万元": -8004.534384,
        "归母综合收益总额_万元": -7745.101965
    },
    "现金流量表": {
        "销售商品收到现金_万元": 151421.993838,
        "收到的税费返还_万元": null,
        "收到其他经营活动现金_万元": 2273.028729,
        "经营活动现金流入_万元": 153695.022567,
        "购买商品支付现金_万元": 102604.76261,
        "支付职工现金_万元": 28782.575254,
        "支付税费_万元": 6311.64029,
        "支付其他经营活动现金_万元": 21265.016715,
        "经营活动现金流出_万元": 158963.994869,
        "经营现金流净额_万元": -5268.972302,
        "经营现金流净额同比增长_百分比": 27.81,
        "收回投资现金_万元": 37650.620274,
        "取得投资收益现金_万元": 5476.416624,
        "处置资产收回现金_万元": 25.22856,
        "收到其他投资活动现金_万元": null,
        "投资活动现金流入_万元": 43247.265458,
        "投资支付现金_万元": 43946.368,
        "购建资产支付现金_万元": 2958.025374,
        "支付其他投资活动现金_万元": null,
        "投资活动现金流出_万元": 46904.393374,
        "投资现金流净额_万元": -3657.127916,
        "吸收投资现金_万元": null,
        "取得借款现金_万元": 24015.413492,
        "收到其他筹资活动现金_万元": 28134.809083,
        "筹资活动现金流入_万元": 52150.222575,
        "偿还债务现金_万元": 25190.0,
        "分配股利现金_万元": 3268.420448,
        "支付其他筹资活动现金_万元": 25606.478275,
        "筹资活动现金流出_万元": 54064.898723,
        "融资现金流净额_万元": -1914.676148,
        "汇率变动影响_万元": null,
        "现金及等价物净增加额_万元": -10840.776366,
        "净现金流_元": -108407763.66,
        "净现金流同比增长_百分比": null,
        "期初现金及等价物_万元": 25472.128324,
        "期末现金及等价物_万元": 14631.351958,
        "经营现金流占比_百分比": null,
        "投资现金流占比_百分比": null,
        "融资现金流占比_百分比": null
    }
}