{
    "报告信息": {
        "序号": null,
        "股票代码": "600285",
        "股票简称": "羚锐制药",
        "报告年份": "2025",
        "报告期": "第一季度",
        "总股本_股": 567115486,
        "流通股本_股": null,
        "报告日期": null,
        "审计意见": "未经审计",
        "会计师事务所": null,
        "期": "Q1"
    },
    "核心业绩指标": {
        "每股收益_元": 0.383,
        "稀释每股收益_元": 0.382,
        "营业总收入_万元": 102075.587055,
        "营业总收入_亿元": 10.2075587055,
        "营收同比增长_百分比": 12.29,
        "营收环比增长_百分比": null,
        "净利润_万元": 21673.37891,
        "净利润_亿元": 2.167337891,
        "净利润同比增长_百分比": null,
        "净利润环比增长_百分比": null,
        "归母净利润_万元": 21681.754012,
        "少数股东损益_万元": -8.375102,
        "每股净资产_元": null,
        "净资产收益率_百分比": null,
        "扣非净资产收益率_百分比": null,
        "每股经营现金流_元": null,
        "扣非净利润_万元": 20392.071725,
        "扣非净利润同比增长_百分比": 12.38,
        "销售毛利率_百分比": null,
        "销售净利率_百分比": null,
        "加权平均净资产收益率_百分比": 6.81,
        "扣非加权净资产收益率_百分比": null,
        "总资产收益率_百分比": null,
        "主营业务收入_万元": null,
        "主营业务成本_万元": null,
        "主营业务利润_万元": null
    },
    "资产负债表": {
        "货币资金_万元": 57092.961867,
        "应收账款_万元": 43334.314187,
        "应收票据_万元": 16141.920835,
        "应收款项融资_万元": 10415.502047,
        "预付款项_万元": 3467.005075,
        "其他应收款_万元": 1988.867982,
        "存货_万元": 38441.722704,
        "合同资产_万元": null,
        "一年内到期的非流动资产_万元": 29164.03749,
        "其他流动资产_万元": 394.153383,
        "流动资产合计_万元": 200440.48557,
        "交易性金融资产_万元": null,
        "债权投资_万元": null,
        "其他债权投资_万元": null,
        "长期应收款_万元": null,
        "长期股权投资_万元": 7306.005434,
        "其他权益工具投资_万元": 6463.852529,
        "投资性房地产_万元": null,
        "固定资产_万元": 65754.937043,
        "在建工程_万元": 4153.387771,
        "生产性生物资产_万元": null,
        "油气资产_万元": null,
        "使用权资产_万元": 804.741809,
        "无形资产_万元": 31712.355129,
        "开发支出_万元": 4564.977172,
        "商誉_万元": 48201.623604,
        "长期待摊费用_万元": 638.264054,
        "递延所得税资产_万元": 22423.678472,
        "其他非流动资产_万元": 137390.639051,
        "非流动资产合计_万元": 340649.092522,
        "总资产_万元": 541089.578092,
        "总资产同比增长_百分比": 7.85,
        "短期借款_万元": 8135.965923,
        "交易性金融负债_万元": null,
        "应付票据_万元": null,
        "应付账款_万元": 8579.15138,
        "预收款项_万元": 22.0523,
        "合同负债_万元": 6370.695886,
        "应付职工薪酬_万元": 15976.155257,
        "应交税费_万元": 11206.110623,
        "其他应付款_万元": 144810.301379,
        "一年内到期的非流动负债_万元": 243.386814,
        "其他流动负债_万元": 3266.997327,
        "流动负债合计_万元": 198610.816889,
        "长期借款_万元": null,
        "应付债券_万元": null,
        "租赁负债_万元": 520.75409,
        "长期应付款_万元": null,
        "预计负债_万元": null,
        "递延收益_万元": 3535.553767,
        "递延所得税负债_万元": 4035.604889,
        "其他非流动负债_万元": null,
        "非流动负债合计_万元": 8091.912746,
        "总负债_万元": 206702.729635,
        "总负债同比增长_百分比": null,
        "资产负债率_百分比": null,
        "实收资本_万元": 56711.5486,
        "资本公积_万元": 34726.686715,
        "盈余公积_万元": 28625.240742,
        "未分配利润_万元": 212030.328441,
        "其他综合收益_万元": 428.446093,
        "专项储备_万元": null,
        "归属于母公司所有者权益合计_万元": 331152.250591,
        "少数股东权益_万元": 3234.597866,
        "股东权益合计_万元": 334386.848457
    },
    "利润表": {
        "营业总收入_万元": 102075.587055,
        "营业收入_万元": 102075.587055,
        "营业总收入同比增长_百分比": 12.29,
        "营业成本_万元": 23714.930575,
        "税金及附加_万元": 1410.297117,
        "销售费用_万元": 47088.751737,
        "管理费用_万元": 3749.361565,
        "研发费用_万元": 2279.957217,
        "财务费用_万元": -209.785988,
        "其中利息费用_万元": 50.650411,
        "其中利息收入_万元": 247.083915,
        "其他收益_万元": 409.29678,
        "投资收益_万元": 1212.876889,
        "其中对联营企业投资收益_万元": -3.154968,
        "公允价值变动收益_万元": -37.562182,
        "信用减值损失_万元": -299.021963,
        "资产减值损失_万元": -0.444536,
        "资产处置收益_万元": 41.193939,
        "营业总支出_万元": 78033.512223,
        "营业利润_万元": 25368.413759,
        "营业外收入_万元": 5.671669,
        "营业外支出_万元": 7.196172,
        "利润总额_万元": 25366.889256,
        "所得税费用_万元": 3693.510346,
        "净利润_万元": 21673.37891,
        "归母净利润_万元": 21681.754012,
        "少数股东损益_万元": -8.375102,
        "持续经营净利润_万元": 21673.37891,
        "终止经营净利润_万元": null,
        "其他综合收益_万元": 631.112223,
        "综合收益总额_万元": 22304.491133,
        "归母综合收益总额_万元": 22311.934982
    },
    "现金流量表": {
        "销售商品收到现金_万元": 89551.12321,
        "收到的税费返还_万元": null,
        "收到其他经营活动现金_万元": 772.086745,
        "经营活动现金流入_万元": 90323.209955,
        "购买商品支付现金_万元": 17207.631672,
        "支付职工现金_万元": 7471.472382,
        "支付税费_万元": 13713.882349,
        "支付其他经营活动现金_万元": 40168.63354,
        "经营活动现金流出_万元": 78561.619943,
        "经营现金流净额_万元": 11761.590012,
        "经营现金流净额同比增长_百分比": 161.91,
        "收回投资现金_万元": 2335.283309,
        "取得投资收益现金_万元": 1451.419179,
        "处置资产收回现金_万元": 32.3,
        "收到其他投资活动现金_万元": 12000.0,
        "投资活动现金流入_万元": 15901.213942,
        "投资支付现金_万元": null,
        "购建资产支付现金_万元": 1174.347469,
        "支付其他投资活动现金_万元": 26049.261,
        "投资活动现金流出_万元": 94478.592844,
        "投资现金流净额_万元": -78577.378902,
        "吸收投资现金_万元": null,
        "取得借款现金_万元": 1134.027189,
        "收到其他筹资活动现金_万元": 861.240851,
        "筹资活动现金流入_万元": 1134.027189,
        "偿还债务现金_万元": 2000.0,
        "分配股利现金_万元": 41.461112,
        "支付其他筹资活动现金_万元": 20.2977,
        "筹资活动现金流出_万元": 61.758812,
        "融资现金流净额_万元": 1072.268377,
        "汇率变动影响_万元": -1.29822,
        "现金及等价物净增加额_万元": -65744.818733,
        "净现金流_元": null,
        "净现金流同比增长_百分比": null,
        "期初现金及等价物_万元": 122837.7806,
        "期末现金及等价物_万元": 57092.961867,
        "经营现金流占比_百分比": null,
        "投资现金流占比_百分比": null,
        "融资现金流占比_百分比": null
    }
}