{
    "报告信息": {
        "序号": null,
        "股票代码": "600252",
        "股票简称": "中恒集团",
        "报告年份": "2024",
        "报告期": "FY",
        "总股本_股": 3451489454,
        "流通股本_股": null,
        "报告日期": "2023-12-31",
        "审计意见": "标准无保留意见",
        "会计师事务所": "永拓会计师事务所（特殊普通合伙）"
    },
    "核心业绩指标": {
        "每股收益_元": 0.0246,
        "稀释每股收益_元": 0.0246,
        "营业总收入_万元": 309654.205305,
        "营业总收入_亿元": 30.9654205305,
        "营收同比增长_百分比": 14.1,
        "营收环比增长_百分比": null,
        "净利润_万元": 3045.426929,
        "净利润_亿元": 0.3045426929,
        "净利润同比增长_百分比": null,
        "净利润环比增长_百分比": null,
        "归母净利润_万元": 8430.878904,
        "少数股东损益_万元": -5385.451975,
        "每股净资产_元": null,
        "净资产收益率_百分比": null,
        "扣非净资产收益率_百分比": null,
        "每股经营现金流_元": null,
        "扣非净利润_万元": 2272.964554,
        "扣非净利润同比增长_百分比": 321.59,
        "销售毛利率_百分比": null,
        "销售净利率_百分比": null,
        "加权平均净资产收益率_百分比": 1.27,
        "扣非加权净资产收益率_百分比": 0.34,
        "总资产收益率_百分比": null,
        "主营业务收入_万元": 309654.205305,
        "主营业务成本_万元": 119357.848522,
        "主营业务利润_万元": null
    },
    "资产负债表": {
        "货币资金_万元": 296422.028023,
        "应收账款_万元": 88114.901101,
        "应收票据_万元": 3566.87699,
        "应收款项融资_万元": 1447.868253,
        "预付款项_万元": 7489.393475,
        "其他应收款_万元": 88113.126831,
        "存货_万元": 77612.219713,
        "合同资产_万元": null,
        "一年内到期的非流动资产_万元": null,
        "其他流动资产_万元": 51533.9033,
        "流动资产合计_万元": 676887.644809,
        "交易性金融资产_万元": 62587.327123,
        "债权投资_万元": null,
        "其他债权投资_万元": null,
        "长期应收款_万元": null,
        "长期股权投资_万元": 42108.378987,
        "其他权益工具投资_万元": 88038.857398,
        "投资性房地产_万元": 31861.328642,
        "固定资产_万元": 146180.736367,
        "在建工程_万元": 10362.250754,
        "生产性生物资产_万元": 88.925851,
        "油气资产_万元": null,
        "使用权资产_万元": 1693.394324,
        "无形资产_万元": 43822.251308,
        "开发支出_万元": 2267.791104,
        "商誉_万元": 25460.604599,
        "长期待摊费用_万元": 4654.066818,
        "递延所得税资产_万元": 17111.491435,
        "其他非流动资产_万元": 7561.287475,
        "非流动资产合计_万元": 489708.364806,
        "总资产_万元": 1166596.009615,
        "总资产同比增长_百分比": -0.75,
        "短期借款_万元": 102834.16772,
        "交易性金融负债_万元": null,
        "应付票据_万元": 446.069022,
        "应付账款_万元": 52532.270158,
        "预收款项_万元": 406.24991,
        "合同负债_万元": 5768.708602,
        "应付职工薪酬_万元": 7952.928934,
        "应交税费_万元": 9171.091558,
        "其他应付款_万元": 52710.403455,
        "一年内到期的非流动负债_万元": 20371.319075,
        "其他流动负债_万元": 668.15335,
        "流动负债合计_万元": 252861.361784,
        "长期借款_万元": 54225.212817,
        "应付债券_万元": null,
        "租赁负债_万元": 1122.272765,
        "长期应付款_万元": null,
        "预计负债_万元": 5409.362761,
        "递延收益_万元": 17067.267624,
        "递延所得税负债_万元": 6244.912832,
        "其他非流动负债_万元": 1984.207304,
        "非流动负债合计_万元": 86053.236103,
        "总负债_万元": 338914.597887,
        "总负债同比增长_百分比": null,
        "资产负债率_百分比": null,
        "实收资本_万元": null,
        "资本公积_万元": null,
        "盈余公积_万元": null,
        "未分配利润_万元": null,
        "其他综合收益_万元": null,
        "专项储备_万元": null,
        "归属于母公司所有者权益合计_万元": 656944.940917,
        "少数股东权益_万元": 170736.470811,
        "股东权益合计_万元": 827681.411728
    },
    "利润表": {
        "营业总收入_万元": 309654.205305,
        "营业收入_万元": 309654.205305,
        "营业总收入同比增长_百分比": 14.1,
        "营业成本_万元": 119357.848522,
        "税金及附加_万元": 5814.477156,
        "销售费用_万元": 133279.336257,
        "管理费用_万元": 38097.85749,
        "研发费用_万元": 15372.558751,
        "财务费用_万元": -8248.133262,
        "其中利息费用_万元": 6512.593656,
        "其中利息收入_万元": 14702.686669,
        "其他收益_万元": 7765.642138,
        "投资收益_万元": 13429.21321,
        "其中对联营企业投资收益_万元": -2353.519068,
        "公允价值变动收益_万元": -6574.386788,
        "信用减值损失_万元": -1457.010403,
        "资产减值损失_万元": -9258.382328,
        "资产处置收益_万元": 3383.214982,
        "营业总支出_万元": null,
        "营业利润_万元": 13268.551202,
        "营业外收入_万元": 2153.633348,
        "营业外支出_万元": 7154.053367,
        "利润总额_万元": 8268.131183,
        "所得税费用_万元": 5222.704254,
        "净利润_万元": 3045.426929,
        "归母净利润_万元": 8430.878904,
        "少数股东损益_万元": -5385.451975,
        "持续经营净利润_万元": 3045.426929,
        "终止经营净利润_万元": null,
        "其他综合收益_万元": -522.855254,
        "综合收益总额_万元": 2522.571675,
        "归母综合收益总额_万元": 7908.171314
    },
    "现金流量表": {
        "销售商品收到现金_万元": 320782.247728,
        "收到的税费返还_万元": 886.117757,
        "收到其他经营活动现金_万元": 76939.798587,
        "经营活动现金流入_万元": 398608.164072,
        "购买商品支付现金_万元": 98389.865574,
        "支付职工现金_万元": 42943.796644,
        "支付税费_万元": 36165.49047,
        "支付其他经营活动现金_万元": 180806.496797,
        "经营活动现金流出_万元": 358305.649485,
        "经营现金流净额_万元": 40302.514587,
        "经营现金流净额同比增长_百分比": null,
        "收回投资现金_万元": 11959.009419,
        "取得投资收益现金_万元": 5837.597881,
        "处置资产收回现金_万元": 13113.700368,
        "收到其他投资活动现金_万元": 200.0,
        "投资活动现金流入_万元": 31110.307668,
        "投资支付现金_万元": 83352.307342,
        "购建资产支付现金_万元": 16692.478524,
        "支付其他投资活动现金_万元": 12270.624887,
        "投资活动现金流出_万元": 112315.410753,
        "投资现金流净额_万元": -81205.103085,
        "吸收投资现金_万元": 132.757011,
        "取得借款现金_万元": 137282.76048,
        "收到其他筹资活动现金_万元": 2402.131714,
        "筹资活动现金流入_万元": 141012.462304,
        "偿还债务现金_万元": 151592.684247,
        "分配股利现金_万元": 13189.045115,
        "支付其他筹资活动现金_万元": 5313.138795,
        "筹资活动现金流出_万元": 170094.868157,
        "融资现金流净额_万元": -29082.405853,
        "汇率变动影响_万元": 60.208077,
        "现金及等价物净增加额_万元": -69924.786274,
        "净现金流_元": null,
        "净现金流同比增长_百分比": null,
        "期初现金及等价物_万元": 349560.778781,
        "期末现金及等价物_万元": 279635.992507,
        "经营现金流占比_百分比": null,
        "投资现金流占比_百分比": null,
        "融资现金流占比_百分比": null
    }
}