{
    "报告信息": {
        "序号": null,
        "股票代码": "600222",
        "股票简称": "太龙药业",
        "报告年份": "2024",
        "报告期": "Q1",
        "总股本_股": 573886283,
        "流通股本_股": null,
        "报告日期": null,
        "审计意见": "未经审计",
        "会计师事务所": null
    },
    "核心业绩指标": {
        "每股收益_元": 0.0381,
        "稀释每股收益_元": 0.0381,
        "营业总收入_万元": 49911.155706,
        "营业总收入_亿元": 4.9911155706,
        "营收同比增长_百分比": -10.92,
        "营收环比增长_百分比": null,
        "净利润_万元": 2052.142843,
        "净利润_亿元": 0.2052142843,
        "净利润同比增长_百分比": null,
        "净利润环比增长_百分比": null,
        "归母净利润_万元": 2125.863934,
        "少数股东损益_万元": -73.721091,
        "每股净资产_元": null,
        "净资产收益率_百分比": null,
        "扣非净资产收益率_百分比": null,
        "每股经营现金流_元": null,
        "扣非净利润_万元": 1895.913912,
        "扣非净利润同比增长_百分比": 449.09,
        "销售毛利率_百分比": null,
        "销售净利率_百分比": null,
        "加权平均净资产收益率_百分比": 1.34,
        "扣非加权净资产收益率_百分比": null,
        "总资产收益率_百分比": null,
        "主营业务收入_万元": 49828.828244,
        "主营业务成本_万元": 36228.685515,
        "主营业务利润_万元": null
    },
    "资产负债表": {
        "货币资金_万元": 28493.628383,
        "应收账款_万元": 78762.142551,
        "应收票据_万元": 13183.895254,
        "应收款项融资_万元": null,
        "预付款项_万元": 9485.347196,
        "其他应收款_万元": 6903.713041,
        "存货_万元": 45931.685218,
        "合同资产_万元": 19593.513874,
        "一年内到期的非流动资产_万元": null,
        "其他流动资产_万元": 1893.820847,
        "流动资产合计_万元": 207038.196364,
        "交易性金融资产_万元": 2790.45,
        "债权投资_万元": null,
        "其他债权投资_万元": null,
        "长期应收款_万元": null,
        "长期股权投资_万元": 15825.39525,
        "其他权益工具投资_万元": 33959.802526,
        "投资性房地产_万元": 259.181944,
        "固定资产_万元": 45900.730884,
        "在建工程_万元": 2889.882681,
        "生产性生物资产_万元": null,
        "油气资产_万元": null,
        "使用权资产_万元": 2760.294379,
        "无形资产_万元": 5113.674336,
        "开发支出_万元": 2572.885446,
        "商誉_万元": 28649.278975,
        "长期待摊费用_万元": 2347.201978,
        "递延所得税资产_万元": 9740.269914,
        "其他非流动资产_万元": 5066.303995,
        "非流动资产合计_万元": 158253.996474,
        "总资产_万元": 365292.192838,
        "总资产同比增长_百分比": 2.13,
        "短期借款_万元": 49230.621001,
        "交易性金融负债_万元": null,
        "应付票据_万元": 10000.0,
        "应付账款_万元": 37651.091899,
        "预收款项_万元": null,
        "合同负债_万元": 738.834476,
        "应付职工薪酬_万元": 960.215603,
        "应交税费_万元": 837.600791,
        "其他应付款_万元": 57980.673145,
        "一年内到期的非流动负债_万元": 15682.941445,
        "其他流动负债_万元": 474.089256,
        "流动负债合计_万元": 173556.067616,
        "长期借款_万元": 16580.0,
        "应付债券_万元": null,
        "租赁负债_万元": 1884.038977,
        "长期应付款_万元": 7000.0,
        "预计负债_万元": 161.5,
        "递延收益_万元": 316.983339,
        "递延所得税负债_万元": 2401.671638,
        "其他非流动负债_万元": null,
        "非流动负债合计_万元": 28344.193954,
        "总负债_万元": 201900.26157,
        "总负债同比增长_百分比": null,
        "资产负债率_百分比": null,
        "实收资本_万元": 57388.6283,
        "资本公积_万元": 67517.376423,
        "盈余公积_万元": 5090.70956,
        "未分配利润_万元": 25136.371491,
        "其他综合收益_万元": 11946.653897,
        "专项储备_万元": null,
        "归属于母公司所有者权益合计_万元": 158611.339333,
        "少数股东权益_万元": 4780.591935,
        "股东权益合计_万元": 163391.931268
    },
    "利润表": {
        "营业总收入_万元": 49911.155706,
        "营业收入_万元": 49911.155706,
        "营业总收入同比增长_百分比": -10.92,
        "营业成本_万元": 36261.293979,
        "税金及附加_万元": 267.733288,
        "销售费用_万元": 4896.571238,
        "管理费用_万元": 3632.02986,
        "研发费用_万元": 2427.814533,
        "财务费用_万元": 1438.851052,
        "其中利息费用_万元": 1370.564381,
        "其中利息收入_万元": 15.652362,
        "其他收益_万元": 157.752949,
        "投资收益_万元": 259.356711,
        "其中对联营企业投资收益_万元": 176.776595,
        "公允价值变动收益_万元": -24.461651,
        "信用减值损失_万元": 703.668696,
        "资产减值损失_万元": -404.795437,
        "资产处置收益_万元": 11.354761,
        "营业总支出_万元": null,
        "营业利润_万元": 1689.737785,
        "营业外收入_万元": null,
        "营业外支出_万元": 0.2,
        "利润总额_万元": 1689.537785,
        "所得税费用_万元": -362.605058,
        "净利润_万元": 2052.142843,
        "归母净利润_万元": 2125.863934,
        "少数股东损益_万元": -73.721091,
        "持续经营净利润_万元": 2052.142843,
        "终止经营净利润_万元": null,
        "其他综合收益_万元": -867.882698,
        "综合收益总额_万元": 1184.260145,
        "归母综合收益总额_万元": 1257.981236
    },
    "现金流量表": {
        "销售商品收到现金_万元": 47917.190081,
        "收到的税费返还_万元": null,
        "收到其他经营活动现金_万元": 196.947758,
        "经营活动现金流入_万元": 48114.137839,
        "购买商品支付现金_万元": 38223.825146,
        "支付职工现金_万元": 10146.71853,
        "支付税费_万元": 1886.432447,
        "支付其他经营活动现金_万元": 9439.541104,
        "经营活动现金流出_万元": 59696.517227,
        "经营现金流净额_万元": -11582.379388,
        "经营现金流净额同比增长_百分比": -25.53,
        "收回投资现金_万元": 31685.6805,
        "取得投资收益现金_万元": 46.638084,
        "处置资产收回现金_万元": 13.7615,
        "收到其他投资活动现金_万元": null,
        "投资活动现金流入_万元": 31746.080084,
        "投资支付现金_万元": 21371.59,
        "购建资产支付现金_万元": 347.140243,
        "支付其他投资活动现金_万元": null,
        "投资活动现金流出_万元": 21718.730243,
        "投资现金流净额_万元": 10027.349841,
        "吸收投资现金_万元": null,
        "取得借款现金_万元": 21630.316484,
        "收到其他筹资活动现金_万元": 5000.0,
        "筹资活动现金流入_万元": 26630.316484,
        "偿还债务现金_万元": 12155.413492,
        "分配股利现金_万元": 1206.837637,
        "支付其他筹资活动现金_万元": 8678.674415,
        "筹资活动现金流出_万元": 22040.925544,
        "融资现金流净额_万元": 4589.39094,
        "汇率变动影响_万元": null,
        "现金及等价物净增加额_万元": 3034.361393,
        "净现金流_元": null,
        "净现金流同比增长_百分比": null,
        "期初现金及等价物_万元": 18292.81699,
        "期末现金及等价物_万元": 21327.178383,
        "经营现金流占比_百分比": null,
        "投资现金流占比_百分比": null,
        "融资现金流占比_百分比": null
    }
}