{
    "报告信息": {
        "序号": null,
        "股票代码": "600252",
        "股票简称": "中恒集团",
        "报告年份": "2025",
        "报告期": "第一季度",
        "总股本_股": 3354321713,
        "流通股本_股": null,
        "报告日期": "2025-03-31",
        "审计意见": "未经审计",
        "会计师事务所": null,
        "期": "Q1"
    },
    "核心业绩指标": {
        "每股收益_元": 0.0055,
        "稀释每股收益_元": 0.0055,
        "营业总收入_万元": 74203.248062,
        "营业总收入_亿元": 0.74203248062,
        "营收同比增长_百分比": -7.92,
        "营收环比增长_百分比": null,
        "净利润_万元": 543.40078,
        "净利润_亿元": 0.054340078,
        "净利润同比增长_百分比": null,
        "净利润环比增长_百分比": null,
        "归母净利润_万元": 1826.71088,
        "少数股东损益_万元": -1283.3101,
        "每股净资产_元": 1.787,
        "净资产收益率_百分比": 0.3,
        "扣非净资产收益率_百分比": null,
        "每股经营现金流_元": -0.0235,
        "扣非净利润_万元": 1577.2127,
        "扣非净利润同比增长_百分比": -39.54,
        "销售毛利率_百分比": 29.6,
        "销售净利率_百分比": 0.73,
        "加权平均净资产收益率_百分比": 0.3,
        "扣非加权净资产收益率_百分比": null,
        "总资产收益率_百分比": null,
        "主营业务收入_万元": 74203.248062,
        "主营业务成本_万元": 52222.292264,
        "主营业务利润_万元": 457.936254
    },
    "资产负债表": {
        "货币资金_万元": 406314.994105,
        "应收账款_万元": 74950.16074,
        "应收票据_万元": 565.381733,
        "应收款项融资_万元": 2329.381509,
        "预付款项_万元": 6825.831563,
        "其他应收款_万元": 61861.694419,
        "存货_万元": 72620.825472,
        "合同资产_万元": 0,
        "一年内到期的非流动资产_万元": 0,
        "其他流动资产_万元": 1925.483465,
        "流动资产合计_万元": 636178.601077,
        "交易性金融资产_万元": 8784.848071,
        "债权投资_万元": 0,
        "其他债权投资_万元": 0,
        "长期应收款_万元": 0,
        "长期股权投资_万元": 60804.933404,
        "其他权益工具投资_万元": 99752.225768,
        "投资性房地产_万元": 31295.51098,
        "固定资产_万元": 143995.30419,
        "在建工程_万元": 5382.976143,
        "生产性生物资产_万元": 79.322932,
        "油气资产_万元": 0,
        "使用权资产_万元": 1804.945764,
        "无形资产_万元": 41565.336844,
        "开发支出_万元": 3669.820431,
        "商誉_万元": 11477.047905,
        "长期待摊费用_万元": 4088.996805,
        "递延所得税资产_万元": 18853.587099,
        "其他非流动资产_万元": 5376.247826,
        "非流动资产合计_万元": 461409.74908,
        "总资产_万元": 1097588.350157,
        "总资产同比增长_百分比": -0.03,
        "短期借款_万元": 142630.22191,
        "交易性金融负债_万元": 0,
        "应付票据_万元": 1200,
        "应付账款_万元": 52036.222301,
        "预收款项_万元": 421.850523,
        "合同负债_万元": 3329.629088,
        "应付职工薪酬_万元": 6462.42576,
        "应交税费_万元": 5259.208712,
        "其他应付款_万元": 43457.872657,
        "一年内到期的非流动负债_万元": 19627.22284,
        "其他流动负债_万元": 506.469955,
        "流动负债合计_万元": 275021.123746,
        "长期借款_万元": 46901.626996,
        "应付债券_万元": 0,
        "租赁负债_万元": 1122.724461,
        "长期应付款_万元": 0,
        "预计负债_万元": 233.203961,
        "递延收益_万元": 16420.550992,
        "递延所得税负债_万元": 8099.056035,
        "其他非流动负债_万元": 2249.437821,
        "非流动负债合计_万元": 75026.600266,
        "总负债_万元": 350047.724012,
        "总负债同比增长_百分比": null,
        "资产负债率_百分比": 31.92,
        "实收资本_万元": 335432.1713,
        "资本公积_万元": 1340.830225,
        "盈余公积_万元": 70904.719052,
        "未分配利润_万元": 194043.314237,
        "其他综合收益_万元": 9330.095164,
        "专项储备_万元": 838.134451,
        "归属于母公司所有者权益合计_万元": 599266.737683,
        "少数股东权益_万元": 148273.888462,
        "股东权益合计_万元": 747540.626145
    },
    "利润表": {
        "营业总收入_万元": 74203.248062,
        "营业收入_万元": 74203.248062,
        "营业总收入同比增长_百分比": -7.92,
        "营业成本_万元": 52222.292264,
        "税金及附加_万元": 750.812971,
        "销售费用_万元": 10948.923598,
        "管理费用_万元": 7254.793246,
        "研发费用_万元": 2555.768367,
        "财务费用_万元": -278.180269,
        "其中利息费用_万元": 1541.827679,
        "其中利息收入_万元": 1848.210898,
        "其他收益_万元": 792.290556,
        "投资收益_万元": -22.776087,
        "其中对联营企业投资收益_万元": -952.018149,
        "公允价值变动收益_万元": -991.917981,
        "信用减值损失_万元": -77.968236,
        "资产减值损失_万元": 6.964858,
        "资产处置收益_万元": 2.505259,
        "营业总支出_万元": 73454.410177,
        "营业利润_万元": 457.936254,
        "营业外收入_万元": 484.678043,
        "营业外支出_万元": 32.611406,
        "利润总额_万元": 910.002891,
        "所得税费用_万元": 366.602111,
        "净利润_万元": 543.40078,
        "归母净利润_万元": 1826.71088,
        "少数股东损益_万元": -1283.3101,
        "持续经营净利润_万元": 543.40078,
        "终止经营净利润_万元": 0,
        "其他综合收益_万元": -4907.268582,
        "综合收益总额_万元": -4363.867802,
        "归母综合收益总额_万元": -3080.553246
    },
    "现金流量表": {
        "销售商品收到现金_万元": 59771.164981,
        "收到的税费返还_万元": 711.320989,
        "收到其他经营活动现金_万元": 13735.154886,
        "经营活动现金流入_万元": 74217.640856,
        "购买商品支付现金_万元": 39401.676806,
        "支付职工现金_万元": 11310.174432,
        "支付税费_万元": 5867.933799,
        "支付其他经营活动现金_万元": 25525.495953,
        "经营活动现金流出_万元": 82105.28099,
        "经营现金流净额_万元": -7887.640134,
        "经营现金流净额同比增长_百分比": -319.95,
        "收回投资现金_万元": 14109.832196,
        "取得投资收益现金_万元": 2347.549312,
        "处置资产收回现金_万元": 15.379429,
        "收到其他投资活动现金_万元": 0,
        "投资活动现金流入_万元": 16472.760937,
        "投资支付现金_万元": 10020,
        "购建资产支付现金_万元": 6363.32101,
        "支付其他投资活动现金_万元": 295.754813,
        "投资活动现金流出_万元": 16679.075823,
        "投资现金流净额_万元": -206.314886,
        "吸收投资现金_万元": 378.6,
        "取得借款现金_万元": 54871.963642,
        "收到其他筹资活动现金_万元": 872.31611,
        "筹资活动现金流入_万元": 56122.879752,
        "偿还债务现金_万元": 43198.07078,
        "分配股利现金_万元": 1448.430908,
        "支付其他筹资活动现金_万元": 2911.492369,
        "筹资活动现金流出_万元": 47557.994057,
        "融资现金流净额_万元": 8564.885695,
        "汇率变动影响_万元": -5.35643,
        "现金及等价物净增加额_万元": 465.574245,
        "净现金流_元": 4655742.45,
        "净现金流同比增长_百分比": null,
        "期初现金及等价物_万元": 400331.438054,
        "期末现金及等价物_万元": 400797.012299,
        "经营现金流占比_百分比": null,
        "投资现金流占比_百分比": null,
        "融资现金流占比_百分比": null
    }
}