{
    "报告信息": {
        "序号": null,
        "股票代码": "600285",
        "股票简称": "羚锐制药",
        "报告年份": "2025",
        "报告期": "HY",
        "总股本_股": 567115486,
        "流通股本_股": 565865486,
        "报告日期": null,
        "审计意见": "未经审计",
        "会计师事务所": null
    },
    "核心业绩指标": {
        "每股收益_元": 0.836,
        "稀释每股收益_元": 0.834,
        "营业总收入_万元": 209920.551581,
        "营业总收入_亿元": 20.9920551581,
        "营收同比增长_百分比": 10.14,
        "营收环比增长_百分比": null,
        "净利润_万元": 47586.849988,
        "净利润_亿元": 4.7586849988,
        "净利润同比增长_百分比": 15.12,
        "净利润环比增长_百分比": null,
        "归母净利润_万元": 47438.580653,
        "少数股东损益_万元": 148.269335,
        "每股净资产_元": null,
        "净资产收益率_百分比": null,
        "扣非净资产收益率_百分比": null,
        "每股经营现金流_元": null,
        "扣非净利润_万元": 44249.914075,
        "扣非净利润同比增长_百分比": 12.28,
        "销售毛利率_百分比": null,
        "销售净利率_百分比": null,
        "加权平均净资产收益率_百分比": 14.65,
        "扣非加权净资产收益率_百分比": 13.67,
        "总资产收益率_百分比": null,
        "主营业务收入_万元": null,
        "主营业务成本_万元": null,
        "主营业务利润_万元": null
    },
    "资产负债表": {
        "货币资金_万元": 53231.899937,
        "应收账款_万元": 49309.529755,
        "应收票据_万元": 19158.447772,
        "应收款项融资_万元": 8818.852239,
        "预付款项_万元": 1706.955261,
        "其他应收款_万元": 1146.729147,
        "存货_万元": 41185.366596,
        "合同资产_万元": null,
        "一年内到期的非流动资产_万元": 53917.465656,
        "其他流动资产_万元": 129.310307,
        "流动资产合计_万元": 234658.470486,
        "交易性金融资产_万元": 6053.913816,
        "债权投资_万元": null,
        "其他债权投资_万元": null,
        "长期应收款_万元": null,
        "长期股权投资_万元": 7300.681138,
        "其他权益工具投资_万元": 6457.329134,
        "投资性房地产_万元": null,
        "固定资产_万元": 69581.559061,
        "在建工程_万元": 435.617598,
        "生产性生物资产_万元": null,
        "油气资产_万元": null,
        "使用权资产_万元": 798.7016,
        "无形资产_万元": 34564.428983,
        "开发支出_万元": 729.831649,
        "商誉_万元": 48201.623604,
        "长期待摊费用_万元": 571.369574,
        "递延所得税资产_万元": 22180.169179,
        "其他非流动资产_万元": 118733.456636,
        "非流动资产合计_万元": 322564.276474,
        "总资产_万元": 557222.74696,
        "总资产同比增长_百分比": 11.07,
        "短期借款_万元": 45666.59313,
        "交易性金融负债_万元": null,
        "应付票据_万元": null,
        "应付账款_万元": 11795.160779,
        "预收款项_万元": 8.3523,
        "合同负债_万元": 5323.085657,
        "应付职工薪酬_万元": 14770.958271,
        "应交税费_万元": 12945.327322,
        "其他应付款_万元": 145774.133164,
        "一年内到期的非流动负债_万元": 326.799414,
        "其他流动负债_万元": 2784.537568,
        "流动负债合计_万元": 239394.947605,
        "长期借款_万元": null,
        "应付债券_万元": null,
        "租赁负债_万元": 422.171645,
        "长期应付款_万元": null,
        "预计负债_万元": null,
        "递延收益_万元": 3109.830615,
        "递延所得税负债_万元": 4264.967855,
        "其他非流动负债_万元": null,
        "非流动负债合计_万元": 7796.970115,
        "总负债_万元": 247191.91772,
        "总负债同比增长_百分比": null,
        "资产负债率_百分比": null,
        "实收资本_万元": 56711.5486,
        "资本公积_万元": 35392.630425,
        "盈余公积_万元": 28625.240742,
        "未分配利润_万元": 186746.761343,
        "其他综合收益_万元": 420.635322,
        "专项储备_万元": null,
        "归属于母公司所有者权益合计_万元": 306639.316432,
        "少数股东权益_万元": 3391.512808,
        "股东权益合计_万元": 310030.82924
    },
    "利润表": {
        "营业总收入_万元": 209920.551581,
        "营业收入_万元": 209920.551581,
        "营业总收入同比增长_百分比": 10.14,
        "营业成本_万元": 39197.200689,
        "税金及附加_万元": 2811.344444,
        "销售费用_万元": 99449.735435,
        "管理费用_万元": 10657.78389,
        "研发费用_万元": 6306.086263,
        "财务费用_万元": -413.926723,
        "其中利息费用_万元": 159.663086,
        "其中利息收入_万元": 604.083842,
        "其他收益_万元": 1192.946394,
        "投资收益_万元": 2413.125321,
        "其中对联营企业投资收益_万元": -8.479264,
        "公允价值变动收益_万元": -199.871796,
        "信用减值损失_万元": -638.234775,
        "资产减值损失_万元": -3.568224,
        "资产处置收益_万元": 470.382772,
        "营业总支出_万元": null,
        "营业利润_万元": 55147.107275,
        "营业外收入_万元": 128.524301,
        "营业外支出_万元": 120.877301,
        "利润总额_万元": 55154.754275,
        "所得税费用_万元": 7567.904287,
        "净利润_万元": 47586.849988,
        "归母净利润_万元": 47438.580653,
        "少数股东损益_万元": 148.269335,
        "持续经营净利润_万元": 47586.849988,
        "终止经营净利润_万元": null,
        "其他综合收益_万元": 623.571957,
        "综合收益总额_万元": 48210.421945,
        "归母综合收益总额_万元": 48060.950852
    },
    "现金流量表": {
        "销售商品收到现金_万元": 203555.375408,
        "收到的税费返还_万元": null,
        "收到其他经营活动现金_万元": 3386.6177,
        "经营活动现金流入_万元": 206941.993108,
        "购买商品支付现金_万元": 29440.347776,
        "支付职工现金_万元": 18573.878309,
        "支付税费_万元": 27671.616412,
        "支付其他经营活动现金_万元": 95697.399936,
        "经营活动现金流出_万元": 171383.242433,
        "经营现金流净额_万元": 35558.750675,
        "经营现金流净额同比增长_百分比": 22.36,
        "收回投资现金_万元": 2394.182015,
        "取得投资收益现金_万元": 1637.470169,
        "处置资产收回现金_万元": 718.5162,
        "收到其他投资活动现金_万元": 14650.0,
        "投资活动现金流入_万元": 19400.168384,
        "投资支付现金_万元": 2000.0,
        "购建资产支付现金_万元": 3261.822135,
        "支付其他投资活动现金_万元": 39749.261,
        "投资活动现金流出_万元": 112266.06751,
        "投资现金流净额_万元": -92865.899126,
        "吸收投资现金_万元": null,
        "取得借款现金_万元": 39807.036229,
        "收到其他筹资活动现金_万元": null,
        "筹资活动现金流入_万元": 39807.036229,
        "偿还债务现金_万元": 1000.0,
        "分配股利现金_万元": 50998.62529,
        "支付其他筹资活动现金_万元": 105.251105,
        "筹资活动现金流出_万元": 52103.876395,
        "融资现金流净额_万元": -12296.840166,
        "汇率变动影响_万元": -1.892046,
        "现金及等价物净增加额_万元": -69605.880663,
        "净现金流_元": null,
        "净现金流同比增长_百分比": null,
        "期初现金及等价物_万元": 122837.7806,
        "期末现金及等价物_万元": 53231.899937,
        "经营现金流占比_百分比": null,
        "投资现金流占比_百分比": null,
        "融资现金流占比_百分比": null
    }
}