{
    "报告信息": {
        "序号": null,
        "股票代码": "600252",
        "股票简称": "中恒集团",
        "报告年份": "2024",
        "报告期": "Q3",
        "总股本_股": 3451489454,
        "流通股本_股": null,
        "报告日期": "2024-10-29",
        "审计意见": "未经审计",
        "会计师事务所": null
    },
    "核心业绩指标": {
        "每股收益_元": 0.0033,
        "稀释每股收益_元": 0.0033,
        "营业总收入_万元": 192686.470767,
        "营业总收入_亿元": 19.2686470767,
        "营收同比增长_百分比": -11.03,
        "营收环比增长_百分比": null,
        "净利润_万元": -918.547853,
        "净利润_亿元": -0.0918547853,
        "净利润同比增长_百分比": null,
        "净利润环比增长_百分比": null,
        "归母净利润_万元": 1122.004444,
        "少数股东损益_万元": -2040.552297,
        "每股净资产_元": null,
        "净资产收益率_百分比": null,
        "扣非净资产收益率_百分比": null,
        "每股经营现金流_元": null,
        "扣非净利润_万元": -1132.699718,
        "扣非净利润同比增长_百分比": -111.93,
        "销售毛利率_百分比": null,
        "销售净利率_百分比": null,
        "加权平均净资产收益率_百分比": 0.17,
        "扣非加权净资产收益率_百分比": null,
        "总资产收益率_百分比": null,
        "主营业务收入_万元": 192686.470767,
        "主营业务成本_万元": 114656.396659,
        "主营业务利润_万元": null
    },
    "资产负债表": {
        "货币资金_万元": 356645.605242,
        "应收账款_万元": 58668.666476,
        "应收票据_万元": 1092.939355,
        "应收款项融资_万元": 431.624106,
        "预付款项_万元": 9541.611348,
        "其他应收款_万元": 81871.29625,
        "存货_万元": 76793.559651,
        "合同资产_万元": 0.0,
        "一年内到期的非流动资产_万元": 0.0,
        "其他流动资产_万元": 2000.509913,
        "流动资产合计_万元": 642281.214702,
        "交易性金融资产_万元": 55235.402361,
        "债权投资_万元": 0.0,
        "其他债权投资_万元": 0.0,
        "长期应收款_万元": 0.0,
        "长期股权投资_万元": 49927.545251,
        "其他权益工具投资_万元": 119756.952656,
        "投资性房地产_万元": 30456.698177,
        "固定资产_万元": 139760.505081,
        "在建工程_万元": 10325.208982,
        "生产性生物资产_万元": 90.834571,
        "油气资产_万元": 0.0,
        "使用权资产_万元": 1943.167519,
        "无形资产_万元": 43189.563791,
        "开发支出_万元": 3016.307281,
        "商誉_万元": 26660.123633,
        "长期待摊费用_万元": 4422.530576,
        "递延所得税资产_万元": 17601.002801,
        "其他非流动资产_万元": 4480.556283,
        "非流动资产合计_万元": 498896.979179,
        "总资产_万元": 1141178.193881,
        "总资产同比增长_百分比": -2.18,
        "短期借款_万元": 103659.736201,
        "交易性金融负债_万元": 0.0,
        "应付票据_万元": 0.0,
        "应付账款_万元": 44666.46298,
        "预收款项_万元": 392.157038,
        "合同负债_万元": 4930.119657,
        "应付职工薪酬_万元": 5601.101247,
        "应交税费_万元": 3091.064276,
        "其他应付款_万元": 54777.83157,
        "一年内到期的非流动负债_万元": 18472.803123,
        "其他流动负债_万元": 526.772847,
        "流动负债合计_万元": 236118.048939,
        "长期借款_万元": 52314.02175,
        "应付债券_万元": 0.0,
        "租赁负债_万元": 1430.728102,
        "长期应付款_万元": 0.0,
        "预计负债_万元": 233.203961,
        "递延收益_万元": 16309.665924,
        "递延所得税负债_万元": 12807.993222,
        "其他非流动负债_万元": 2205.534079,
        "非流动负债合计_万元": 85346.147038,
        "总负债_万元": 321464.195977,
        "总负债同比增长_百分比": null,
        "资产负债率_百分比": null,
        "实收资本_万元": 345148.9454,
        "资本公积_万元": 2222.077566,
        "盈余公积_万元": 81944.802936,
        "未分配利润_万元": 231160.624669,
        "其他综合收益_万元": 24345.73058,
        "专项储备_万元": 627.237027,
        "归属于母公司所有者权益合计_万元": 651069.216128,
        "少数股东权益_万元": 168644.781776,
        "股东权益合计_万元": 819713.997904
    },
    "利润表": {
        "营业总收入_万元": 192686.470767,
        "营业收入_万元": 192686.470767,
        "营业总收入同比增长_百分比": -11.03,
        "营业成本_万元": 114656.396659,
        "税金及附加_万元": 3186.442194,
        "销售费用_万元": 53349.817146,
        "管理费用_万元": 23580.174329,
        "研发费用_万元": 7816.551341,
        "财务费用_万元": -3278.267054,
        "其中利息费用_万元": 4587.348557,
        "其中利息收入_万元": 7988.013028,
        "其他收益_万元": 5861.184473,
        "投资收益_万元": 6519.842062,
        "其中对联营企业投资收益_万元": -2012.201736,
        "公允价值变动收益_万元": -8023.960188,
        "信用减值损失_万元": -762.595116,
        "资产减值损失_万元": -264.886934,
        "资产处置收益_万元": -10.274691,
        "营业总支出_万元": 199311.114615,
        "营业利润_万元": -3305.334242,
        "营业外收入_万元": 4182.83248,
        "营业外支出_万元": 796.586549,
        "利润总额_万元": 80.911689,
        "所得税费用_万元": 999.459542,
        "净利润_万元": -918.547853,
        "归母净利润_万元": 1122.004444,
        "少数股东损益_万元": -2040.552297,
        "持续经营净利润_万元": -917.105908,
        "终止经营净利润_万元": -1.441945,
        "其他综合收益_万元": 23793.703882,
        "综合收益总额_万元": 22875.156029,
        "归母综合收益总额_万元": 24915.706712
    },
    "现金流量表": {
        "销售商品收到现金_万元": 240187.283533,
        "收到的税费返还_万元": 149.942105,
        "收到其他经营活动现金_万元": 72420.153985,
        "经营活动现金流入_万元": 312757.379623,
        "购买商品支付现金_万元": 102879.434727,
        "支付职工现金_万元": 30133.714507,
        "支付税费_万元": 26806.855405,
        "支付其他经营活动现金_万元": 108311.485211,
        "经营活动现金流出_万元": 268131.48985,
        "经营现金流净额_万元": 44625.889773,
        "经营现金流净额同比增长_百分比": 15.49,
        "收回投资现金_万元": 58145.895611,
        "取得投资收益现金_万元": 5171.381216,
        "处置资产收回现金_万元": 11026.899393,
        "收到其他投资活动现金_万元": 12994.431035,
        "投资活动现金流入_万元": 87338.607255,
        "投资支付现金_万元": 10376.92,
        "购建资产支付现金_万元": 11190.943434,
        "支付其他投资活动现金_万元": 4372.305732,
        "投资活动现金流出_万元": 25940.169166,
        "投资现金流净额_万元": 61398.438089,
        "吸收投资现金_万元": 340.0,
        "取得借款现金_万元": 104813.398531,
        "收到其他筹资活动现金_万元": 2376.039148,
        "筹资活动现金流入_万元": 107529.437679,
        "偿还债务现金_万元": 108537.252614,
        "分配股利现金_万元": 8317.230305,
        "支付其他筹资活动现金_万元": 30401.039935,
        "筹资活动现金流出_万元": 147255.522854,
        "融资现金流净额_万元": -39726.085175,
        "汇率变动影响_万元": -57.879541,
        "现金及等价物净增加额_万元": 66240.363146,
        "净现金流_元": null,
        "净现金流同比增长_百分比": null,
        "期初现金及等价物_万元": 279635.992507,
        "期末现金及等价物_万元": 345876.355653,
        "经营现金流占比_百分比": null,
        "投资现金流占比_百分比": null,
        "融资现金流占比_百分比": null
    }
}