{
    "报告信息": {
        "序号": null,
        "股票代码": "600285",
        "股票简称": "羚锐制药",
        "报告年份": "2023",
        "报告期": "Q3",
        "总股本_股": 567143992,
        "流通股本_股": null,
        "报告日期": "2023-09-30",
        "审计意见": "未经审计",
        "会计师事务所": null
    },
    "核心业绩指标": {
        "每股收益_元": 0.83,
        "稀释每股收益_元": 0.823,
        "营业总收入_万元": 250678.083345,
        "营业总收入_亿元": 25.0678083345,
        "营收同比增长_百分比": 10.09,
        "营收环比增长_百分比": null,
        "净利润_万元": 46618.594916,
        "净利润_亿元": 4.6618594916,
        "净利润同比增长_百分比": 15.01,
        "净利润环比增长_百分比": null,
        "归母净利润_万元": 46618.204218,
        "少数股东损益_万元": 0.390698,
        "每股净资产_元": null,
        "净资产收益率_百分比": null,
        "扣非净资产收益率_百分比": null,
        "每股经营现金流_元": null,
        "扣非净利润_万元": 44186.899378,
        "扣非净利润同比增长_百分比": 20.19,
        "销售毛利率_百分比": null,
        "销售净利率_百分比": null,
        "加权平均净资产收益率_百分比": 17.64,
        "扣非加权净资产收益率_百分比": null,
        "总资产收益率_百分比": null,
        "主营业务收入_万元": 250678.083345,
        "主营业务成本_万元": 63604.344715,
        "主营业务利润_万元": null
    },
    "资产负债表": {
        "货币资金_万元": 121782.744046,
        "应收账款_万元": 29482.835834,
        "应收票据_万元": 24016.135687,
        "应收款项融资_万元": 10397.952295,
        "预付款项_万元": 1957.388277,
        "其他应收款_万元": 1867.843482,
        "存货_万元": 45461.343381,
        "合同资产_万元": null,
        "一年内到期的非流动资产_万元": 6487.095833,
        "其他流动资产_万元": 3162.334956,
        "流动资产合计_万元": 244635.877391,
        "交易性金融资产_万元": 20.2036,
        "债权投资_万元": null,
        "其他债权投资_万元": null,
        "长期应收款_万元": null,
        "长期股权投资_万元": 7142.536274,
        "其他权益工具投资_万元": 18383.312497,
        "投资性房地产_万元": null,
        "固定资产_万元": 65200.855552,
        "在建工程_万元": 88.373572,
        "生产性生物资产_万元": null,
        "油气资产_万元": null,
        "使用权资产_万元": 665.554021,
        "无形资产_万元": 20541.071718,
        "开发支出_万元": 3652.655159,
        "商誉_万元": null,
        "长期待摊费用_万元": 1208.085361,
        "递延所得税资产_万元": 19278.020458,
        "其他非流动资产_万元": 71717.621309,
        "非流动资产合计_万元": 218571.939822,
        "总资产_万元": 463207.817213,
        "总资产同比增长_百分比": 6.62,
        "短期借款_万元": 10178.71303,
        "交易性金融负债_万元": null,
        "应付票据_万元": null,
        "应付账款_万元": 7495.544714,
        "预收款项_万元": 7.4976,
        "合同负债_万元": 6113.023941,
        "应付职工薪酬_万元": 14217.321883,
        "应交税费_万元": 10627.719422,
        "其他应付款_万元": 131082.704306,
        "一年内到期的非流动负债_万元": 25.270014,
        "其他流动负债_万元": 4084.785605,
        "流动负债合计_万元": 183832.580515,
        "长期借款_万元": null,
        "应付债券_万元": null,
        "租赁负债_万元": 613.535104,
        "长期应付款_万元": null,
        "预计负债_万元": null,
        "递延收益_万元": 3903.618222,
        "递延所得税负债_万元": 2984.292641,
        "其他非流动负债_万元": null,
        "非流动负债合计_万元": 7501.445967,
        "总负债_万元": 191334.026482,
        "总负债同比增长_百分比": null,
        "资产负债率_百分比": null,
        "实收资本_万元": 56714.3992,
        "资本公积_万元": 31958.603065,
        "盈余公积_万元": 28383.625036,
        "未分配利润_万元": 150840.948346,
        "其他综合收益_万元": 7954.399889,
        "专项储备_万元": null,
        "归属于母公司所有者权益合计_万元": 271111.779971,
        "少数股东权益_万元": 762.01076,
        "股东权益合计_万元": 271873.790731
    },
    "利润表": {
        "营业总收入_万元": 250678.083345,
        "营业收入_万元": 250678.083345,
        "营业总收入同比增长_百分比": 10.09,
        "营业成本_万元": 63604.344715,
        "税金及附加_万元": 3458.506398,
        "销售费用_万元": 114887.453612,
        "管理费用_万元": 12671.84828,
        "研发费用_万元": 6645.163723,
        "财务费用_万元": -2445.687633,
        "其中利息费用_万元": 123.421426,
        "其中利息收入_万元": 2616.860654,
        "其他收益_万元": 1540.4612,
        "投资收益_万元": 1077.669002,
        "其中对联营企业投资收益_万元": -22.698262,
        "公允价值变动收益_万元": 5.870885,
        "信用减值损失_万元": -555.911702,
        "资产减值损失_万元": -19.605337,
        "资产处置收益_万元": 4.749998,
        "营业总支出_万元": 198821.629095,
        "营业利润_万元": 53909.688296,
        "营业外收入_万元": 31.894559,
        "营业外支出_万元": 153.901469,
        "利润总额_万元": 53787.681386,
        "所得税费用_万元": 7169.08647,
        "净利润_万元": 46618.594916,
        "归母净利润_万元": 46618.204218,
        "少数股东损益_万元": 0.390698,
        "持续经营净利润_万元": 46618.594916,
        "终止经营净利润_万元": null,
        "其他综合收益_万元": 287.470327,
        "综合收益总额_万元": 46906.065243,
        "归母综合收益总额_万元": 46898.741081
    },
    "现金流量表": {
        "销售商品收到现金_万元": 259300.578576,
        "收到的税费返还_万元": null,
        "收到其他经营活动现金_万元": 7125.062505,
        "经营活动现金流入_万元": 266425.641081,
        "购买商品支付现金_万元": 56322.529798,
        "支付职工现金_万元": 27296.144988,
        "支付税费_万元": 39492.758722,
        "支付其他经营活动现金_万元": 92445.29231,
        "经营活动现金流出_万元": 215556.725818,
        "经营现金流净额_万元": 50868.915263,
        "经营现金流净额同比增长_百分比": 6.3,
        "收回投资现金_万元": 318.736103,
        "取得投资收益现金_万元": 873.718012,
        "处置资产收回现金_万元": 15.469425,
        "收到其他投资活动现金_万元": 34296.433333,
        "投资活动现金流入_万元": 35504.356873,
        "投资支付现金_万元": 2005.663868,
        "购建资产支付现金_万元": 1094.880833,
        "支付其他投资活动现金_万元": 51017.09589,
        "投资活动现金流出_万元": 54117.640591,
        "投资现金流净额_万元": -18613.283718,
        "吸收投资现金_万元": null,
        "取得借款现金_万元": 7377.601919,
        "收到其他筹资活动现金_万元": null,
        "筹资活动现金流入_万元": 7377.601919,
        "偿还债务现金_万元": 2000.0,
        "分配股利现金_万元": 33622.7456,
        "支付其他筹资活动现金_万元": 156.939584,
        "筹资活动现金流出_万元": 35779.685184,
        "融资现金流净额_万元": -28402.083265,
        "汇率变动影响_万元": 0.585116,
        "现金及等价物净增加额_万元": 3854.133396,
        "净现金流_元": null,
        "净现金流同比增长_百分比": null,
        "期初现金及等价物_万元": 117928.61065,
        "期末现金及等价物_万元": 121782.744046,
        "经营现金流占比_百分比": null,
        "投资现金流占比_百分比": null,
        "融资现金流占比_百分比": null
    }
}