{
    "报告信息": {
        "序号": null,
        "股票代码": "600252",
        "股票简称": "中恒集团",
        "报告年份": "2023",
        "报告期": "HY",
        "总股本_股": 3465433704,
        "流通股本_股": null,
        "报告日期": "2023-08-28",
        "审计意见": "未经审计",
        "会计师事务所": null
    },
    "核心业绩指标": {
        "每股收益_元": 0.0257,
        "稀释每股收益_元": 0.0257,
        "营业总收入_万元": 147936.895169,
        "营业总收入_亿元": 14.7936895169,
        "营收同比增长_百分比": 24.35,
        "营收环比增长_百分比": null,
        "净利润_万元": 2896.041912,
        "净利润_亿元": 0.2896041912,
        "净利润同比增长_百分比": -46.06,
        "净利润环比增长_百分比": null,
        "归母净利润_万元": 8825.754531,
        "少数股东损益_万元": -5929.712619,
        "每股净资产_元": 1.887,
        "净资产收益率_百分比": 1.35,
        "扣非净资产收益率_百分比": 0.98,
        "每股经营现金流_元": 0.0726,
        "扣非净利润_万元": 6450.669627,
        "扣非净利润同比增长_百分比": -16.66,
        "销售毛利率_百分比": 65.08,
        "销售净利率_百分比": 1.96,
        "加权平均净资产收益率_百分比": 1.35,
        "扣非加权净资产收益率_百分比": 0.98,
        "总资产收益率_百分比": 0.25,
        "主营业务收入_万元": null,
        "主营业务成本_万元": null,
        "主营业务利润_万元": null
    },
    "资产负债表": {
        "货币资金_万元": 341595.28243,
        "应收账款_万元": 71610.129565,
        "应收票据_万元": 8617.942189,
        "应收款项融资_万元": 1252.482,
        "预付款项_万元": 7067.819662,
        "其他应收款_万元": 88341.668315,
        "存货_万元": 76818.610297,
        "合同资产_万元": null,
        "一年内到期的非流动资产_万元": null,
        "其他流动资产_万元": 2462.43713,
        "流动资产合计_万元": 657701.1265,
        "交易性金融资产_万元": 59934.754912,
        "债权投资_万元": null,
        "其他债权投资_万元": null,
        "长期应收款_万元": null,
        "长期股权投资_万元": 32189.329935,
        "其他权益工具投资_万元": 54390.811074,
        "投资性房地产_万元": 25889.401522,
        "固定资产_万元": 162596.576365,
        "在建工程_万元": 11891.66899,
        "生产性生物资产_万元": 86.54699,
        "油气资产_万元": null,
        "使用权资产_万元": 1924.709941,
        "无形资产_万元": 48641.089321,
        "开发支出_万元": 5800.452566,
        "商誉_万元": 32000.410906,
        "长期待摊费用_万元": 5398.260557,
        "递延所得税资产_万元": 15728.173142,
        "其他非流动资产_万元": 5956.680978,
        "非流动资产合计_万元": 480798.432973,
        "总资产_万元": 1138499.559473,
        "总资产同比增长_百分比": -3.12,
        "短期借款_万元": 82926.85,
        "交易性金融负债_万元": null,
        "应付票据_万元": 565.643444,
        "应付账款_万元": 53057.050496,
        "预收款项_万元": 444.97936,
        "合同负债_万元": 4258.633194,
        "应付职工薪酬_万元": 4565.838614,
        "应交税费_万元": 5295.435304,
        "其他应付款_万元": 60949.396946,
        "一年内到期的非流动负债_万元": 14676.233556,
        "其他流动负债_万元": 1290.424394,
        "流动负债合计_万元": 228030.485308,
        "长期借款_万元": 58057.348064,
        "应付债券_万元": null,
        "租赁负债_万元": 1302.831036,
        "长期应付款_万元": null,
        "预计负债_万元": 5176.1588,
        "递延收益_万元": null,
        "递延所得税负债_万元": null,
        "其他非流动负债_万元": null,
        "非流动负债合计_万元": 86588.207829,
        "总负债_万元": 314618.693137,
        "总负债同比增长_百分比": -9.15,
        "资产负债率_百分比": 27.63,
        "实收资本_万元": 346543.3704,
        "资本公积_万元": 3025.254541,
        "盈余公积_万元": 73793.999589,
        "未分配利润_万元": 241946.106614,
        "其他综合收益_万元": -2117.820376,
        "专项储备_万元": null,
        "归属于母公司所有者权益合计_万元": 654356.607666,
        "少数股东权益_万元": 169524.25867,
        "股东权益合计_万元": 823880.866336
    },
    "利润表": {
        "营业总收入_万元": 147936.895169,
        "营业收入_万元": 147936.895169,
        "营业总收入同比增长_百分比": 24.35,
        "营业成本_万元": 51672.801514,
        "税金及附加_万元": 2809.271619,
        "销售费用_万元": 69847.958992,
        "管理费用_万元": 18650.81292,
        "研发费用_万元": 6086.316688,
        "财务费用_万元": -4490.07191,
        "其中利息费用_万元": 3337.513188,
        "其中利息收入_万元": 7660.436449,
        "其他收益_万元": 2586.883262,
        "投资收益_万元": 3100.69642,
        "其中对联营企业投资收益_万元": -93.853794,
        "公允价值变动收益_万元": -1856.461896,
        "信用减值损失_万元": -1130.560108,
        "资产减值损失_万元": -272.935097,
        "资产处置收益_万元": 1378.01854,
        "营业总支出_万元": null,
        "营业利润_万元": 7165.446467,
        "营业外收入_万元": 1054.404573,
        "营业外支出_万元": 5305.742412,
        "利润总额_万元": 2905.108628,
        "所得税费用_万元": 9.066716,
        "净利润_万元": 2896.041912,
        "归母净利润_万元": 8825.754531,
        "少数股东损益_万元": -5929.712619,
        "持续经营净利润_万元": null,
        "终止经营净利润_万元": null,
        "其他综合收益_万元": -3192.68312,
        "综合收益总额_万元": -296.641208,
        "归母综合收益总额_万元": 5633.198253
    },
    "现金流量表": {
        "销售商品收到现金_万元": 156499.170212,
        "收到的税费返还_万元": 431.409446,
        "收到其他经营活动现金_万元": 37972.364396,
        "经营活动现金流入_万元": 194902.944054,
        "购买商品支付现金_万元": 39309.286151,
        "支付职工现金_万元": 22430.036616,
        "支付税费_万元": 19560.814045,
        "支付其他经营活动现金_万元": 88468.871686,
        "经营活动现金流出_万元": 169769.008498,
        "经营现金流净额_万元": 25133.935556,
        "经营现金流净额同比增长_百分比": null,
        "收回投资现金_万元": 8919.858548,
        "取得投资收益现金_万元": 3797.385993,
        "处置资产收回现金_万元": 6683.583598,
        "收到其他投资活动现金_万元": null,
        "投资活动现金流入_万元": 19400.828139,
        "投资支付现金_万元": 2375,
        "购建资产支付现金_万元": 8165.681296,
        "支付其他投资活动现金_万元": null,
        "投资活动现金流出_万元": 10540.681296,
        "投资现金流净额_万元": 8860.146843,
        "吸收投资现金_万元": 591.7,
        "取得借款现金_万元": 63239.585058,
        "收到其他筹资活动现金_万元": 1063.966245,
        "筹资活动现金流入_万元": 64895.251303,
        "偿还债务现金_万元": 102347.908021,
        "分配股利现金_万元": 4215.506619,
        "支付其他筹资活动现金_万元": 727.002588,
        "筹资活动现金流出_万元": 113171.792361,
        "融资现金流净额_万元": -48276.541058,
        "汇率变动影响_万元": 124.061463,
        "现金及等价物净增加额_万元": -14158.397196,
        "净现金流_元": -141583971.96,
        "净现金流同比增长_百分比": -156.08,
        "期初现金及等价物_万元": 349560.778781,
        "期末现金及等价物_万元": 335402.381585,
        "经营现金流占比_百分比": 177.48,
        "投资现金流占比_百分比": -62.46,
        "融资现金流占比_百分比": 340.98
    }
}