{
    "报告信息": {
        "序号": null,
        "股票代码": "600222",
        "股票简称": "太龙药业",
        "报告年份": "2024",
        "报告期": "半年度",
        "总股本_股": 573886283,
        "流通股本_股": null,
        "报告日期": null,
        "审计意见": "未经审计",
        "会计师事务所": null,
        "期": "HY"
    },
    "核心业绩指标": {
        "每股收益_元": 0.0477,
        "稀释每股收益_元": 0.0477,
        "营业总收入_万元": 92724.851493,
        "营业总收入_亿元": 9.2724851493,
        "营收同比增长_百分比": -6.71,
        "营收环比增长_百分比": null,
        "净利润_万元": 2602.964465,
        "净利润_亿元": 0.2602964465,
        "净利润同比增长_百分比": null,
        "净利润环比增长_百分比": null,
        "归母净利润_万元": 2661.799743,
        "少数股东损益_万元": -181.860712,
        "每股净资产_元": null,
        "净资产收益率_百分比": null,
        "扣非净资产收益率_百分比": null,
        "每股经营现金流_元": null,
        "扣非净利润_万元": 2559.517158,
        "扣非净利润同比增长_百分比": null,
        "销售毛利率_百分比": null,
        "销售净利率_百分比": null,
        "加权平均净资产收益率_百分比": 1.68,
        "扣非加权净资产收益率_百分比": 1.61,
        "总资产收益率_百分比": null,
        "主营业务收入_万元": 92432.247575,
        "主营业务成本_万元": 66541.450276,
        "主营业务利润_万元": null
    },
    "资产负债表": {
        "货币资金_万元": 32539.267076,
        "应收账款_万元": 81416.979411,
        "应收票据_万元": 2702.014336,
        "应收款项融资_万元": null,
        "预付款项_万元": 9681.98289,
        "其他应收款_万元": 4468.761818,
        "存货_万元": 49601.150294,
        "合同资产_万元": 18915.293111,
        "一年内到期的非流动资产_万元": null,
        "其他流动资产_万元": 2182.076281,
        "流动资产合计_万元": 203927.155217,
        "交易性金融资产_万元": 2419.63,
        "债权投资_万元": null,
        "其他债权投资_万元": null,
        "长期应收款_万元": null,
        "长期股权投资_万元": 16607.607456,
        "其他权益工具投资_万元": 32644.250936,
        "投资性房地产_万元": 256.447798,
        "固定资产_万元": 44925.805878,
        "在建工程_万元": 2918.024274,
        "生产性生物资产_万元": null,
        "油气资产_万元": null,
        "使用权资产_万元": 2434.205272,
        "无形资产_万元": 5380.018518,
        "开发支出_万元": 2455.614895,
        "商誉_万元": 28649.278975,
        "长期待摊费用_万元": 2293.624899,
        "递延所得税资产_万元": 9658.62644,
        "其他非流动资产_万元": 5251.44614,
        "非流动资产合计_万元": 156924.77399,
        "总资产_万元": 360851.929207,
        "总资产同比增长_百分比": 0.89,
        "短期借款_万元": 53666.13104,
        "交易性金融负债_万元": null,
        "应付票据_万元": 12000.0,
        "应付账款_万元": 31931.850068,
        "预收款项_万元": null,
        "合同负债_万元": 366.428019,
        "应付职工薪酬_万元": 1093.642754,
        "应交税费_万元": 1122.369451,
        "其他应付款_万元": 59041.69352,
        "一年内到期的非流动负债_万元": 30835.167908,
        "其他流动负债_万元": 459.855593,
        "流动负债合计_万元": 190517.138353,
        "长期借款_万元": 680.0,
        "应付债券_万元": null,
        "租赁负债_万元": 1162.326356,
        "长期应付款_万元": 6000.0,
        "预计负债_万元": 0.0,
        "递延收益_万元": 308.04834,
        "递延所得税负债_万元": 2187.974686,
        "其他非流动负债_万元": null,
        "非流动负债合计_万元": 10338.349382,
        "总负债_万元": 200855.487735,
        "总负债同比增长_百分比": null,
        "资产负债率_百分比": null,
        "实收资本_万元": 57388.6283,
        "资本公积_万元": 67517.376423,
        "盈余公积_万元": 5090.70956,
        "未分配利润_万元": 24673.901895,
        "其他综合收益_万元": 10631.102307,
        "专项储备_万元": null,
        "归属于母公司所有者权益合计_万元": 155200.963724,
        "少数股东权益_万元": 3682.340222,
        "股东权益合计_万元": 159996.441472
    },
    "利润表": {
        "营业总收入_万元": 92724.851493,
        "营业收入_万元": 92724.851493,
        "营业总收入同比增长_百分比": -6.71,
        "营业成本_万元": 66619.22083,
        "税金及附加_万元": 551.725643,
        "销售费用_万元": 8631.474464,
        "管理费用_万元": 6784.619337,
        "研发费用_万元": 6015.221793,
        "财务费用_万元": 2835.60375,
        "其中利息费用_万元": 2720.992559,
        "其中利息收入_万元": 83.673817,
        "其他收益_万元": 265.215696,
        "投资收益_万元": 120.345056,
        "其中对联营企业投资收益_万元": -67.845632,
        "公允价值变动收益_万元": 50.441425,
        "信用减值损失_万元": 588.514502,
        "资产减值损失_万元": -138.438718,
        "资产处置收益_万元": 11.32866,
        "营业总支出_万元": null,
        "营业利润_万元": 2184.392297,
        "营业外收入_万元": 2.822073,
        "营业外支出_万元": 11.08751,
        "利润总额_万元": 2176.12686,
        "所得税费用_万元": -426.837605,
        "净利润_万元": 2602.964465,
        "归母净利润_万元": 2661.799743,
        "少数股东损益_万元": -181.860712,
        "持续经营净利润_万元": 2602.964465,
        "终止经营净利润_万元": null,
        "其他综合收益_万元": -2183.434288,
        "综合收益总额_万元": 419.530177,
        "归母综合收益总额_万元": 478.365455
    },
    "现金流量表": {
        "销售商品收到现金_万元": 98600.834518,
        "收到的税费返还_万元": null,
        "收到其他经营活动现金_万元": 388.349959,
        "经营活动现金流入_万元": 98989.184477,
        "购买商品支付现金_万元": 75119.357641,
        "支付职工现金_万元": 18510.19689,
        "支付税费_万元": 3043.297522,
        "支付其他经营活动现金_万元": 11511.50733,
        "经营活动现金流出_万元": 108184.359383,
        "经营现金流净额_万元": -9195.174906,
        "经营现金流净额同比增长_百分比": null,
        "收回投资现金_万元": 42463.6805,
        "取得投资收益现金_万元": 137.8885,
        "处置资产收回现金_万元": 15.0481,
        "收到其他投资活动现金_万元": 324.965421,
        "投资活动现金流入_万元": 42941.582521,
        "投资支付现金_万元": 32656.23,
        "购建资产支付现金_万元": 731.090268,
        "支付其他投资活动现金_万元": null,
        "投资活动现金流出_万元": 33387.320268,
        "投资现金流净额_万元": 9554.262253,
        "吸收投资现金_万元": null,
        "取得借款现金_万元": 37398.381173,
        "收到其他筹资活动现金_万元": 23450.0,
        "筹资活动现金流入_万元": 60848.381173,
        "偿还债务现金_万元": 21179.748703,
        "分配股利现金_万元": 2750.755768,
        "支付其他筹资活动现金_万元": 26404.498542,
        "筹资活动现金流出_万元": 50335.003013,
        "融资现金流净额_万元": 10513.37816,
        "汇率变动影响_万元": null,
        "现金及等价物净增加额_万元": 10872.465507,
        "净现金流_元": null,
        "净现金流同比增长_百分比": null,
        "期初现金及等价物_万元": 17500.351569,
        "期末现金及等价物_万元": 28372.817076,
        "经营现金流占比_百分比": null,
        "投资现金流占比_百分比": null,
        "融资现金流占比_百分比": null
    }
}