{
    "报告信息": {
        "序号": null,
        "股票代码": "600222",
        "股票简称": "太龙药业",
        "报告年份": "2025",
        "报告期": "Q1",
        "总股本_股": 573886283,
        "流通股本_股": null,
        "报告日期": "2025-04-29",
        "审计意见": "未经审计",
        "会计师事务所": null
    },
    "核心业绩指标": {
        "每股收益_元": 0.0028,
        "稀释每股收益_元": 0.0028,
        "营业总收入_万元": 32327.419226,
        "营业总收入_亿元": 3.2327419226,
        "营收同比增长_百分比": -35.23,
        "营收环比增长_百分比": null,
        "净利润_万元": 263.114299,
        "净利润_亿元": 0.0263114299,
        "净利润同比增长_百分比": null,
        "净利润环比增长_百分比": null,
        "归母净利润_万元": 153.057006,
        "少数股东损益_万元": 110.057293,
        "每股净资产_元": null,
        "净资产收益率_百分比": null,
        "扣非净资产收益率_百分比": null,
        "每股经营现金流_元": null,
        "扣非净利润_万元": 45.785698,
        "扣非净利润同比增长_百分比": -97.59,
        "销售毛利率_百分比": null,
        "销售净利率_百分比": null,
        "加权平均净资产收益率_百分比": 0.1,
        "扣非加权净资产收益率_百分比": null,
        "总资产收益率_百分比": null,
        "主营业务收入_万元": 32229.465443,
        "主营业务成本_万元": 23611.424862,
        "主营业务利润_万元": 8618.040581
    },
    "资产负债表": {
        "货币资金_万元": 40394.494701,
        "应收账款_万元": 88375.913755,
        "应收票据_万元": 766.199799,
        "应收款项融资_万元": null,
        "预付款项_万元": 9098.372643,
        "其他应收款_万元": 5180.095803,
        "存货_万元": 36481.993682,
        "合同资产_万元": 17452.786205,
        "一年内到期的非流动资产_万元": null,
        "其他流动资产_万元": 2057.024788,
        "流动资产合计_万元": 199806.881376,
        "交易性金融资产_万元": 0,
        "债权投资_万元": null,
        "其他债权投资_万元": null,
        "长期应收款_万元": null,
        "长期股权投资_万元": 20593.207969,
        "其他权益工具投资_万元": 28066.458346,
        "投资性房地产_万元": 248.24536,
        "固定资产_万元": 44797.320752,
        "在建工程_万元": 2987.35376,
        "生产性生物资产_万元": null,
        "油气资产_万元": null,
        "使用权资产_万元": 1230.848786,
        "无形资产_万元": 4999.134644,
        "开发支出_万元": 2915.455301,
        "商誉_万元": 28649.278975,
        "长期待摊费用_万元": 2424.91091,
        "递延所得税资产_万元": 11367.099302,
        "其他非流动资产_万元": 4847.283799,
        "非流动资产合计_万元": 156746.196126,
        "总资产_万元": 356553.077502,
        "总资产同比增长_百分比": 2.17,
        "短期借款_万元": 69507.261169,
        "交易性金融负债_万元": null,
        "应付票据_万元": 13600,
        "应付账款_万元": 17577.946881,
        "预收款项_万元": null,
        "合同负债_万元": 661.776565,
        "应付职工薪酬_万元": 770.789562,
        "应交税费_万元": 616.709906,
        "其他应付款_万元": 50129.768266,
        "一年内到期的非流动负债_万元": 23739.4657,
        "其他流动负债_万元": 470.046506,
        "流动负债合计_万元": 177073.764555,
        "长期借款_万元": 10301.958336,
        "应付债券_万元": null,
        "租赁负债_万元": 809.548262,
        "长期应付款_万元": 3000,
        "预计负债_万元": null,
        "递延收益_万元": 269.670015,
        "递延所得税负债_万元": 1995.618649,
        "其他非流动负债_万元": null,
        "非流动负债合计_万元": 16376.795262,
        "总负债_万元": 193450.559817,
        "总负债同比增长_百分比": null,
        "资产负债率_百分比": null,
        "实收资本_万元": 57388.6283,
        "资本公积_万元": 67517.376423,
        "盈余公积_万元": 5755.293272,
        "未分配利润_万元": 27510.560656,
        "其他综合收益_万元": 10648.825023,
        "专项储备_万元": null,
        "归属于母公司所有者权益合计_万元": 157841.132434,
        "少数股东权益_万元": 5261.385251,
        "股东权益合计_万元": 163102.517685
    },
    "利润表": {
        "营业总收入_万元": 32327.419226,
        "营业收入_万元": 32327.419226,
        "营业总收入同比增长_百分比": -35.23,
        "营业成本_万元": 23660.028506,
        "税金及附加_万元": 157.218071,
        "销售费用_万元": 3072.053757,
        "管理费用_万元": 2596.953922,
        "研发费用_万元": 1317.201842,
        "财务费用_万元": 1460.541151,
        "其中利息费用_万元": 1435.208215,
        "其中利息收入_万元": 12.45551,
        "其他收益_万元": 141.231043,
        "投资收益_万元": -4.056862,
        "其中对联营企业投资收益_万元": -4.056862,
        "公允价值变动收益_万元": 14.297213,
        "信用减值损失_万元": 87.397588,
        "资产减值损失_万元": -38.728199,
        "资产处置收益_万元": 0,
        "营业总支出_万元": 32263.997249,
        "营业利润_万元": 263.56276,
        "营业外收入_万元": 3.717797,
        "营业外支出_万元": 2.706001,
        "利润总额_万元": 264.574556,
        "所得税费用_万元": 1.460257,
        "净利润_万元": 263.114299,
        "归母净利润_万元": 153.057006,
        "少数股东损益_万元": 110.057293,
        "持续经营净利润_万元": 263.114299,
        "终止经营净利润_万元": null,
        "其他综合收益_万元": -659.642214,
        "综合收益总额_万元": -396.527915,
        "归母综合收益总额_万元": -506.585208
    },
    "现金流量表": {
        "销售商品收到现金_万元": 41480.462803,
        "收到的税费返还_万元": null,
        "收到其他经营活动现金_万元": 243.074913,
        "经营活动现金流入_万元": 41723.537716,
        "购买商品支付现金_万元": 26274.118462,
        "支付职工现金_万元": 8383.138291,
        "支付税费_万元": 2039.899492,
        "支付其他经营活动现金_万元": 3931.336514,
        "经营活动现金流出_万元": 40628.492759,
        "经营现金流净额_万元": 1095.044957,
        "经营现金流净额同比增长_百分比": 109.45,
        "收回投资现金_万元": 8395.441501,
        "取得投资收益现金_万元": 1807.005355,
        "处置资产收回现金_万元": 8.33,
        "收到其他投资活动现金_万元": null,
        "投资活动现金流入_万元": 10210.776856,
        "投资支付现金_万元": 825,
        "购建资产支付现金_万元": 441.215849,
        "支付其他投资活动现金_万元": null,
        "投资活动现金流出_万元": 1266.215849,
        "投资现金流净额_万元": 8944.561007,
        "吸收投资现金_万元": null,
        "取得借款现金_万元": 29470.978095,
        "收到其他筹资活动现金_万元": 12990,
        "筹资活动现金流入_万元": 42460.978095,
        "偿还债务现金_万元": 24247.979752,
        "分配股利现金_万元": 1555.994831,
        "支付其他筹资活动现金_万元": 4306.095358,
        "筹资活动现金流出_万元": 30110.069941,
        "融资现金流净额_万元": 12350.908154,
        "汇率变动影响_万元": null,
        "现金及等价物净增加额_万元": 22390.514118,
        "净现金流_元": null,
        "净现金流同比增长_百分比": null,
        "期初现金及等价物_万元": 14389.290585,
        "期末现金及等价物_万元": 36779.804703,
        "经营现金流占比_百分比": null,
        "投资现金流占比_百分比": null,
        "融资现金流占比_百分比": null
    }
}