{
    "报告信息": {
        "序号": null,
        "股票代码": "600222",
        "股票简称": "太龙药业",
        "报告年份": "2024",
        "报告期": "第三季度",
        "总股本_股": 573886283,
        "流通股本_股": null,
        "报告日期": "2024年10月23日",
        "审计意见": "未经审计",
        "会计师事务所": null,
        "期": "Q3"
    },
    "核心业绩指标": {
        "每股收益_元": 0.0041,
        "稀释每股收益_元": 0.0041,
        "营业总收入_万元": 134067.317746,
        "营业总收入_亿元": 13.4067317746,
        "营收同比增长_百分比": -7.08,
        "营收环比增长_百分比": null,
        "净利润_万元": 2994.75263,
        "净利润_亿元": 0.299475263,
        "净利润同比增长_百分比": 270.72,
        "净利润环比增长_百分比": null,
        "归母净利润_万元": 2889.585799,
        "少数股东损益_万元": 105.166831,
        "每股净资产_元": 2.74,
        "净资产收益率_百分比": 1.84,
        "扣非净资产收益率_百分比": null,
        "每股经营现金流_元": -0.1687,
        "扣非净利润_万元": 1948.683565,
        "扣非净利润同比增长_百分比": 181.61,
        "销售毛利率_百分比": 26.37,
        "销售净利率_百分比": 2.23,
        "加权平均净资产收益率_百分比": 1.84,
        "扣非加权净资产收益率_百分比": null,
        "总资产收益率_百分比": null,
        "主营业务收入_万元": 133675.556682,
        "主营业务成本_万元": 98424.978782,
        "主营业务利润_万元": 35250.5779
    },
    "资产负债表": {
        "货币资金_万元": 36945.774218,
        "应收账款_万元": 82378.993754,
        "应收票据_万元": 3113.179815,
        "应收款项融资_万元": null,
        "预付款项_万元": 9809.731578,
        "其他应收款_万元": 5171.252082,
        "存货_万元": 51947.881403,
        "合同资产_万元": 20205.954644,
        "一年内到期的非流动资产_万元": null,
        "其他流动资产_万元": 2617.836985,
        "流动资产合计_万元": 215020.004479,
        "交易性金融资产_万元": 2829.4,
        "债权投资_万元": null,
        "其他债权投资_万元": null,
        "长期应收款_万元": null,
        "长期股权投资_万元": 20202.770057,
        "其他权益工具投资_万元": 30766.886347,
        "投资性房地产_万元": 253.713652,
        "固定资产_万元": 44108.076002,
        "在建工程_万元": 3035.408699,
        "生产性生物资产_万元": null,
        "油气资产_万元": null,
        "使用权资产_万元": 1994.104215,
        "无形资产_万元": 5238.437632,
        "开发支出_万元": 2528.957872,
        "商誉_万元": 28649.278975,
        "长期待摊费用_万元": 2022.895152,
        "递延所得税资产_万元": 10199.405858,
        "其他非流动资产_万元": 4889.88574,
        "非流动资产合计_万元": 157435.24102,
        "总资产_万元": 372455.245499,
        "总资产同比增长_百分比": 4.13,
        "短期借款_万元": 60034.310116,
        "交易性金融负债_万元": null,
        "应付票据_万元": 12000,
        "应付账款_万元": 35891.065603,
        "预收款项_万元": null,
        "合同负债_万元": 757.580048,
        "应付职工薪酬_万元": 863.392055,
        "应交税费_万元": 1044.839518,
        "其他应付款_万元": 58624.938835,
        "一年内到期的非流动负债_万元": 30469.745631,
        "其他流动负债_万元": 500.833987,
        "流动负债合计_万元": 200186.705793,
        "长期借款_万元": 680,
        "应付债券_万元": null,
        "租赁负债_万元": 861.591582,
        "长期应付款_万元": 6000,
        "预计负债_万元": null,
        "递延收益_万元": 286.840011,
        "递延所得税负债_万元": 2446.403065,
        "其他非流动负债_万元": null,
        "非流动负债合计_万元": 10274.834658,
        "总负债_万元": 210461.540451,
        "总负债同比增长_百分比": null,
        "资产负债率_百分比": 56.55,
        "实收资本_万元": 57388.6283,
        "资本公积_万元": 67517.376423,
        "盈余公积_万元": 5090.70956,
        "未分配利润_万元": 24901.687951,
        "其他综合收益_万元": 12236.577718,
        "专项储备_万元": null,
        "归属于母公司所有者权益合计_万元": 157034.225191,
        "少数股东权益_万元": 4959.479857,
        "股东权益合计_万元": 161993.705048
    },
    "利润表": {
        "营业总收入_万元": 134067.317746,
        "营业收入_万元": 134067.317746,
        "营业总收入同比增长_百分比": -7.08,
        "营业成本_万元": 98557.095551,
        "税金及附加_万元": 741.086293,
        "销售费用_万元": 12837.095144,
        "管理费用_万元": 10341.184652,
        "研发费用_万元": 7711.685971,
        "财务费用_万元": 4416.188395,
        "其中利息费用_万元": 4071.184595,
        "其中利息收入_万元": 76.167854,
        "其他收益_万元": 691.900489,
        "投资收益_万元": 105.133044,
        "其中对联营企业投资收益_万元": -96.988599,
        "公允价值变动收益_万元": 612.092747,
        "信用减值损失_万元": 1130.752399,
        "资产减值损失_万元": 453.201837,
        "资产处置收益_万元": 11.163485,
        "营业总支出_万元": null,
        "营业利润_万元": 2467.225741,
        "营业外收入_万元": 0.933698,
        "营业外支出_万元": 26.060231,
        "利润总额_万元": 2442.099208,
        "所得税费用_万元": -552.653422,
        "净利润_万元": 2994.75263,
        "归母净利润_万元": 2889.585799,
        "少数股东损益_万元": 105.166831,
        "持续经营净利润_万元": 2994.75263,
        "终止经营净利润_万元": null,
        "其他综合收益_万元": -577.958877,
        "综合收益总额_万元": 2416.793753,
        "归母综合收益总额_万元": 2311.626922
    },
    "现金流量表": {
        "销售商品收到现金_万元": 142016.422805,
        "收到的税费返还_万元": null,
        "收到其他经营活动现金_万元": 412.625571,
        "经营活动现金流入_万元": 142429.048376,
        "购买商品支付现金_万元": 104438.532231,
        "支付职工现金_万元": 26424.259137,
        "支付税费_万元": 4566.939654,
        "支付其他经营活动现金_万元": 16670.798121,
        "经营活动现金流出_万元": 152100.529143,
        "经营现金流净额_万元": -9671.480767,
        "经营现金流净额同比增长_百分比": -83.56,
        "收回投资现金_万元": 49942.161455,
        "取得投资收益现金_万元": 243.556517,
        "处置资产收回现金_万元": 15.5181,
        "收到其他投资活动现金_万元": 324.965421,
        "投资活动现金流入_万元": 50526.201493,
        "投资支付现金_万元": 39986.23,
        "购建资产支付现金_万元": 944.037288,
        "支付其他投资活动现金_万元": null,
        "投资活动现金流出_万元": 40930.267288,
        "投资现金流净额_万元": 9595.934205,
        "吸收投资现金_万元": null,
        "取得借款现金_万元": 52829.900707,
        "收到其他筹资活动现金_万元": 34250,
        "筹资活动现金流入_万元": 87079.900707,
        "偿还债务现金_万元": 30669.501144,
        "分配股利现金_万元": 5350.785627,
        "支付其他筹资活动现金_万元": 35540.094725,
        "筹资活动现金流出_万元": 71560.381496,
        "融资现金流净额_万元": 15519.519211,
        "汇率变动影响_万元": null,
        "现金及等价物净增加额_万元": 15443.972649,
        "净现金流_元": 154439726.49,
        "净现金流同比增长_百分比": null,
        "期初现金及等价物_万元": 17500.351569,
        "期末现金及等价物_万元": 32944.324218,
        "经营现金流占比_百分比": -62.66,
        "投资现金流占比_百分比": 62.11,
        "融资现金流占比_百分比": 100.49
    }
}