{
    "报告信息": {
        "序号": null,
        "股票代码": "600252",
        "股票简称": "中恒集团",
        "报告年份": "2023",
        "报告期": "第一季度",
        "总股本_股": 3468733704,
        "流通股本_股": null,
        "报告日期": "2023-04-27",
        "审计意见": "未经审计",
        "会计师事务所": null,
        "期": "Q1"
    },
    "核心业绩指标": {
        "每股收益_元": -0.005,
        "稀释每股收益_元": -0.005,
        "营业总收入_万元": 66968.814545,
        "营业总收入_亿元": 6.6968814545,
        "营收同比增长_百分比": 4.56,
        "营收环比增长_百分比": null,
        "净利润_万元": -2900.669377,
        "净利润_亿元": -0.2900669377,
        "净利润同比增长_百分比": null,
        "净利润环比增长_百分比": null,
        "归母净利润_万元": -1711.684517,
        "少数股东损益_万元": -1188.98486,
        "每股净资产_元": null,
        "净资产收益率_百分比": null,
        "扣非净资产收益率_百分比": null,
        "每股经营现金流_元": null,
        "扣非净利润_万元": 167.110318,
        "扣非净利润同比增长_百分比": -97.78,
        "销售毛利率_百分比": null,
        "销售净利率_百分比": null,
        "加权平均净资产收益率_百分比": -0.26,
        "扣非加权净资产收益率_百分比": null,
        "总资产收益率_百分比": null,
        "主营业务收入_万元": null,
        "主营业务成本_万元": null,
        "主营业务利润_万元": null
    },
    "资产负债表": {
        "货币资金_万元": 358011.967867,
        "应收账款_万元": 87312.16775,
        "应收票据_万元": 1399.675212,
        "应收款项融资_万元": 1120.293225,
        "预付款项_万元": 9900.544507,
        "其他应收款_万元": 88293.662125,
        "存货_万元": 76861.538599,
        "合同资产_万元": 0,
        "一年内到期的非流动资产_万元": 0,
        "其他流动资产_万元": 2529.822219,
        "流动资产合计_万元": 686366.618952,
        "交易性金融资产_万元": 60936.947448,
        "债权投资_万元": 0,
        "其他债权投资_万元": 0,
        "长期应收款_万元": 0,
        "长期股权投资_万元": 32023.356569,
        "其他权益工具投资_万元": 54417.507013,
        "投资性房地产_万元": 26298.3485,
        "固定资产_万元": 164680.028622,
        "在建工程_万元": 12479.277701,
        "生产性生物资产_万元": 85.888761,
        "油气资产_万元": null,
        "使用权资产_万元": 2106.780285,
        "无形资产_万元": 49069.4247,
        "开发支出_万元": 5840.774681,
        "商誉_万元": 32000.410906,
        "长期待摊费用_万元": 4856.258201,
        "递延所得税资产_万元": 14635.402029,
        "其他非流动资产_万元": 6094.272005,
        "非流动资产合计_万元": 481794.151952,
        "总资产_万元": 1168160.770904,
        "总资产同比增长_百分比": -0.6,
        "短期借款_万元": 104059.2199,
        "交易性金融负债_万元": 0,
        "应付票据_万元": 46.53288,
        "应付账款_万元": 55561.583375,
        "预收款项_万元": 917.800638,
        "合同负债_万元": 3997.454727,
        "应付职工薪酬_万元": 4490.602704,
        "应交税费_万元": 6986.273039,
        "其他应付款_万元": 64356.371176,
        "一年内到期的非流动负债_万元": 17050.018615,
        "其他流动负债_万元": 1381.996708,
        "流动负债合计_万元": 258847.853762,
        "长期借款_万元": 63722.287326,
        "应付债券_万元": 0,
        "租赁负债_万元": 1386.89084,
        "长期应付款_万元": 0,
        "预计负债_万元": 0,
        "递延收益_万元": 16759.500221,
        "递延所得税负债_万元": 3166.67095,
        "其他非流动负债_万元": 1043.475006,
        "非流动负债合计_万元": 86078.824343,
        "总负债_万元": 344926.678105,
        "总负债同比增长_百分比": null,
        "资产负债率_百分比": null,
        "实收资本_万元": 346873.3704,
        "资本公积_万元": 1454.493279,
        "盈余公积_万元": 73793.999589,
        "未分配利润_万元": 234833.87627,
        "其他综合收益_万元": -1743.826868,
        "专项储备_万元": 0,
        "归属于母公司所有者权益合计_万元": 647294.494916,
        "少数股东权益_万元": 175939.597883,
        "股东权益合计_万元": 823234.092799
    },
    "利润表": {
        "营业总收入_万元": 66968.814545,
        "营业收入_万元": 66968.814545,
        "营业总收入同比增长_百分比": null,
        "营业成本_万元": 24229.706679,
        "税金及附加_万元": 1093.2565,
        "销售费用_万元": 33335.080002,
        "管理费用_万元": 8953.815567,
        "研发费用_万元": 2517.452919,
        "财务费用_万元": -1762.232039,
        "其中利息费用_万元": 1724.279141,
        "其中利息收入_万元": 3567.119304,
        "其他收益_万元": 1386.903733,
        "投资收益_万元": 1246.888352,
        "其中对联营企业投资收益_万元": -31.111648,
        "公允价值变动收益_万元": -4103.764821,
        "信用减值损失_万元": -252.165425,
        "资产减值损失_万元": -4.542801,
        "资产处置收益_万元": 5.035722,
        "营业总支出_万元": null,
        "营业利润_万元": -3119.910323,
        "营业外收入_万元": 34.251797,
        "营业外支出_万元": 74.008547,
        "利润总额_万元": -3159.667073,
        "所得税费用_万元": -258.997696,
        "净利润_万元": -2900.669377,
        "归母净利润_万元": -1711.684517,
        "少数股东损益_万元": -1188.98486,
        "持续经营净利润_万元": -2900.669377,
        "终止经营净利润_万元": null,
        "其他综合收益_万元": -3248.483206,
        "综合收益总额_万元": -6149.152583,
        "归母综合收益总额_万元": -4960.017035
    },
    "现金流量表": {
        "销售商品收到现金_万元": 67545.011603,
        "收到的税费返还_万元": 30.41072,
        "收到其他经营活动现金_万元": 16987.961415,
        "经营活动现金流入_万元": 84563.383738,
        "购买商品支付现金_万元": 15203.492439,
        "支付职工现金_万元": 13249.341637,
        "支付税费_万元": 8118.847253,
        "支付其他经营活动现金_万元": 40230.890102,
        "经营活动现金流出_万元": 76802.571431,
        "经营现金流净额_万元": 7760.812307,
        "经营现金流净额同比增长_百分比": 241.05,
        "收回投资现金_万元": 4911.527255,
        "取得投资收益现金_万元": 1631.340318,
        "处置资产收回现金_万元": 5683.228,
        "收到其他投资活动现金_万元": 0,
        "投资活动现金流入_万元": 12226.095573,
        "投资支付现金_万元": 0,
        "购建资产支付现金_万元": 4728.422359,
        "支付其他投资活动现金_万元": 0,
        "投资活动现金流出_万元": 4728.422359,
        "投资现金流净额_万元": 7497.673214,
        "吸收投资现金_万元": 232.7,
        "取得借款现金_万元": 31665.577858,
        "收到其他筹资活动现金_万元": 512.511728,
        "筹资活动现金流入_万元": 32410.789586,
        "偿还债务现金_万元": 41637.114646,
        "分配股利现金_万元": null,
        "支付其他筹资活动现金_万元": 297.16723,
        "筹资活动现金流出_万元": 44602.443331,
        "融资现金流净额_万元": -12191.653745,
        "汇率变动影响_万元": -43.829816,
        "现金及等价物净增加额_万元": 3023.00196,
        "净现金流_元": null,
        "净现金流同比增长_百分比": null,
        "期初现金及等价物_万元": 349843.215907,
        "期末现金及等价物_万元": 352866.217867,
        "经营现金流占比_百分比": null,
        "投资现金流占比_百分比": null,
        "融资现金流占比_百分比": null
    }
}