{
    "报告信息": {
        "序号": null,
        "股票代码": "600351",
        "股票简称": "亚宝药业",
        "报告年份": "2025",
        "报告期": "FY",
        "总股本_股": 720000094,
        "流通股本_股": null,
        "报告日期": null,
        "审计意见": "标准无保留意见",
        "会计师事务所": "致同会计师事务所（特殊普通合伙）"
    },
    "核心业绩指标": {
        "每股收益_元": 0.3356,
        "稀释每股收益_元": null,
        "营业总收入_万元": 268603.756867,
        "营业总收入_亿元": 26.8603756867,
        "营收同比增长_百分比": -7.69,
        "营收环比增长_百分比": null,
        "净利润_万元": 24268.846241,
        "净利润_亿元": 2.4268846241,
        "净利润同比增长_百分比": 21.6,
        "净利润环比增长_百分比": null,
        "归母净利润_万元": 24268.846241,
        "少数股东损益_万元": -1877.296172,
        "每股净资产_元": null,
        "净资产收益率_百分比": 8.41,
        "扣非净资产收益率_百分比": 7.47,
        "扣非加权净资产收益率_百分比": 7.47,
        "每股经营现金流_元": null,
        "扣非净利润_万元": 21545.740825,
        "扣非净利润同比增长_百分比": 19.6,
        "销售毛利率_百分比": null,
        "销售净利率_百分比": null,
        "加权平均净资产收益率_百分比": 8.41,
        "总资产收益率_百分比": null,
        "主营业务收入_万元": 265151.665559,
        "主营业务成本_万元": 126785.198298,
        "主营业务利润_万元": null
    },
    "资产负债表": {
        "货币资金_万元": 57859.445398,
        "应收账款_万元": 28234.434511,
        "应收票据_万元": null,
        "应收款项融资_万元": 16180.59574,
        "预付款项_万元": 7125.151237,
        "其他应收款_万元": 3536.393456,
        "存货_万元": 41304.873541,
        "合同资产_万元": null,
        "一年内到期的非流动资产_万元": null,
        "其他流动资产_万元": 1690.282889,
        "流动资产合计_万元": 155931.176772,
        "交易性金融资产_万元": null,
        "债权投资_万元": null,
        "其他债权投资_万元": null,
        "长期应收款_万元": null,
        "长期股权投资_万元": 13634.314744,
        "其他权益工具投资_万元": 2798.407508,
        "投资性房地产_万元": 3873.709753,
        "固定资产_万元": 118134.030425,
        "在建工程_万元": 1548.901337,
        "生产性生物资产_万元": null,
        "油气资产_万元": null,
        "使用权资产_万元": 630.490469,
        "无形资产_万元": 14698.993018,
        "开发支出_万元": 13387.174565,
        "商誉_万元": 2626.80202,
        "长期待摊费用_万元": 440.629472,
        "递延所得税资产_万元": 4189.054372,
        "其他非流动资产_万元": 1671.854865,
        "非流动资产合计_万元": 198463.080662,
        "总资产_万元": 354394.257434,
        "总资产同比增长_百分比": -8.04,
        "短期借款_万元": 9007.425,
        "交易性金融负债_万元": null,
        "应付票据_万元": 0.0,
        "应付账款_万元": 18254.430657,
        "预收款项_万元": 38.373768,
        "合同负债_万元": 8006.002959,
        "应付职工薪酬_万元": 7054.245944,
        "应交税费_万元": 818.146266,
        "其他应付款_万元": 11848.432011,
        "一年内到期的非流动负债_万元": 356.655765,
        "其他流动负债_万元": 2817.816051,
        "流动负债合计_万元": 58201.528421,
        "长期借款_万元": 0.0,
        "应付债券_万元": null,
        "租赁负债_万元": 205.815105,
        "长期应付款_万元": 1871.5936,
        "预计负债_万元": null,
        "递延收益_万元": 3723.538688,
        "递延所得税负债_万元": 899.828641,
        "其他非流动负债_万元": null,
        "非流动负债合计_万元": 6700.776034,
        "总负债_万元": 64902.304455,
        "总负债同比增长_百分比": null,
        "资产负债率_百分比": null,
        "实收资本_万元": 72000.0094,
        "资本公积_万元": 70376.223123,
        "盈余公积_万元": 30872.374135,
        "未分配利润_万元": 125191.525943,
        "其他综合收益_万元": -2569.944465,
        "专项储备_万元": null,
        "归属于母公司所有者权益合计_万元": 289263.865466,
        "少数股东权益_万元": 228.087513,
        "股东权益合计_万元": 289491.952979
    },
    "利润表": {
        "营业总收入_万元": 268603.756867,
        "营业收入_万元": 268603.756867,
        "营业总收入同比增长_百分比": -7.69,
        "营业成本_万元": 129785.313807,
        "税金及附加_万元": 3404.533909,
        "销售费用_万元": 66186.691131,
        "管理费用_万元": 25906.716724,
        "研发费用_万元": 13952.341989,
        "财务费用_万元": -81.396635,
        "其中利息费用_万元": 534.763123,
        "其中利息收入_万元": 644.867381,
        "其他收益_万元": 4543.40666,
        "投资收益_万元": -18.836893,
        "其中对联营企业投资收益_万元": -32.073611,
        "公允价值变动收益_万元": -284.747962,
        "信用减值损失_万元": 487.517546,
        "资产减值损失_万元": -4216.291981,
        "资产处置收益_万元": 34.70869,
        "营业总支出_万元": null,
        "营业利润_万元": 29995.312002,
        "营业外收入_万元": 163.464667,
        "营业外支出_万元": 947.963895,
        "利润总额_万元": 29210.812774,
        "所得税费用_万元": 6819.262705,
        "净利润_万元": 24268.846241,
        "归母净利润_万元": 24268.846241,
        "少数股东损益_万元": -1877.296172,
        "持续经营净利润_万元": 24268.846241,
        "终止经营净利润_万元": null,
        "其他综合收益_万元": -128.899013,
        "综合收益总额_万元": 22262.651056,
        "归母综合收益总额_万元": 24139.947228
    },
    "现金流量表": {
        "销售商品收到现金_万元": 249239.791206,
        "收到的税费返还_万元": 249.01603,
        "收到其他经营活动现金_万元": 9212.413089,
        "经营活动现金流入_万元": 258701.220325,
        "购买商品支付现金_万元": 72248.247963,
        "支付职工现金_万元": 47327.678859,
        "支付税费_万元": 28922.243978,
        "支付其他经营活动现金_万元": 63033.592243,
        "经营活动现金流出_万元": 211531.763043,
        "经营现金流净额_万元": 47169.457282,
        "经营现金流净额同比增长_百分比": -5.2,
        "收回投资现金_万元": 2142.583933,
        "取得投资收益现金_万元": 247.544577,
        "处置资产收回现金_万元": 90.332442,
        "收到其他投资活动现金_万元": null,
        "投资活动现金流入_万元": 2480.460952,
        "投资支付现金_万元": 2378.982283,
        "购建资产支付现金_万元": 3466.198974,
        "支付其他投资活动现金_万元": null,
        "投资活动现金流出_万元": 5845.681257,
        "投资现金流净额_万元": -3365.220305,
        "吸收投资现金_万元": 0.0,
        "取得借款现金_万元": 9000.0,
        "收到其他筹资活动现金_万元": 4374.294796,
        "筹资活动现金流入_万元": 13374.294796,
        "偿还债务现金_万元": 20200.0,
        "分配股利现金_万元": 11356.512457,
        "支付其他筹资活动现金_万元": 24344.433936,
        "筹资活动现金流出_万元": 55900.946393,
        "融资现金流净额_万元": -42526.651597,
        "汇率变动影响_万元": 1.840469,
        "现金及等价物净增加额_万元": 1279.425849,
        "净现金流_元": null,
        "净现金流同比增长_百分比": null,
        "期初现金及等价物_万元": 61764.256991,
        "期末现金及等价物_万元": 57859.445398,
        "经营现金流占比_百分比": null,
        "投资现金流占比_百分比": null,
        "融资现金流占比_百分比": null
    }
}