{
    "报告信息": {
        "序号": null,
        "股票代码": "600332",
        "股票简称": "白云山",
        "报告年份": "2025",
        "报告期": "Q1",
        "总股本_股": 1625790949,
        "流通股本_股": null,
        "报告日期": "2025-03-31",
        "审计意见": "未经审计",
        "会计师事务所": null
    },
    "核心业绩指标": {
        "每股收益_元": 1.12,
        "稀释每股收益_元": 1.12,
        "营业总收入_万元": 2247340.839277,
        "营业总收入_亿元": 224.7340839277,
        "营收同比增长_百分比": -2.06,
        "营收环比增长_百分比": null,
        "净利润_万元": 1857.44931065,
        "净利润_亿元": 18.5744931065,
        "净利润同比增长_百分比": -8.57,
        "净利润环比增长_百分比": null,
        "归母净利润_万元": 1821.31325412,
        "少数股东损益_万元": 36.13605653,
        "每股净资产_元": 23.19,
        "净资产收益率_百分比": 4.95,
        "扣非净资产收益率_百分比": null,
        "每股经营现金流_元": -2.4,
        "扣非净利润_万元": 1674.563362,
        "扣非净利润同比增长_百分比": -8.67,
        "销售毛利率_百分比": 20.5,
        "销售净利率_百分比": 8.28,
        "加权平均净资产收益率_百分比": 4.95,
        "扣非加权净资产收益率_百分比": null,
        "总资产收益率_百分比": 2.32,
        "主营业务收入_万元": 2247340.839277,
        "主营业务成本_万元": 1786.364271971,
        "主营业务利润_万元": 222.736721328
    },
    "资产负债表": {
        "货币资金_万元": 1451.083173602,
        "应收账款_万元": 1764.830306031,
        "应收票据_万元": 69.060959338,
        "应收款项融资_万元": 437.8315436,
        "预付款项_万元": 74.10749462,
        "其他应收款_万元": 127.846336011,
        "存货_万元": 1082.292080201,
        "合同资产_万元": null,
        "一年内到期的非流动资产_万元": 402.988380541,
        "其他流动资产_万元": 157.263159961,
        "流动资产合计_万元": 5567.303433905,
        "交易性金融资产_万元": 0,
        "债权投资_万元": 853.762911692,
        "其他债权投资_万元": null,
        "长期应收款_万元": null,
        "长期股权投资_万元": 149.316399107,
        "其他权益工具投资_万元": 9.574186452,
        "投资性房地产_万元": 14.313010848,
        "固定资产_万元": 545.702431073,
        "在建工程_万元": 192.895256231,
        "生产性生物资产_万元": 0.10334196,
        "油气资产_万元": null,
        "使用权资产_万元": 56.458356145,
        "无形资产_万元": 282.680300243,
        "开发支出_万元": 38.408393676,
        "商誉_万元": 83.409091289,
        "长期待摊费用_万元": 17.950891548,
        "递延所得税资产_万元": 121.854783218,
        "其他非流动资产_万元": 19.071841955,
        "非流动资产合计_万元": 2437.476511128,
        "总资产_万元": 8004.779945033,
        "总资产同比增长_百分比": -2.0,
        "短期借款_万元": 900.502838472,
        "交易性金融负债_万元": null,
        "应付票据_万元": 439.984305656,
        "应付账款_万元": 1201.110944464,
        "预收款项_万元": 0.38630936,
        "合同负债_万元": 117.406562086,
        "应付职工薪酬_万元": 83.140686124,
        "应交税费_万元": 51.647523937,
        "其他应付款_万元": 503.921628615,
        "一年内到期的非流动负债_万元": 297.31538636,
        "其他流动负债_万元": 15.474872858,
        "流动负债合计_万元": 3610.891057932,
        "长期借款_万元": 209.791194473,
        "应付债券_万元": null,
        "租赁负债_万元": 44.35525983,
        "长期应付款_万元": 1.96669646,
        "预计负债_万元": 4.383962351,
        "递延收益_万元": 101.477003902,
        "递延所得税负债_万元": 62.514838815,
        "其他非流动负债_万元": 5.478096922,
        "非流动负债合计_万元": 429.996916695,
        "总负债_万元": 4040.887974627,
        "总负债同比增长_百分比": -7.99,
        "资产负债率_百分比": 50.48,
        "实收资本_万元": 162.5790949,
        "资本公积_万元": 1011.372170721,
        "盈余公积_万元": 236.351834103,
        "未分配利润_万元": 2363.664978944,
        "其他综合收益_万元": -2.064302192,
        "专项储备_万元": null,
        "归属于母公司所有者权益合计_万元": 3771.903776476,
        "少数股东权益_万元": 191.98819393,
        "股东权益合计_万元": 3963.891970406
    },
    "利润表": {
        "营业总收入_万元": 2247340.839277,
        "营业收入_万元": 2247340.839277,
        "营业总收入同比增长_百分比": -2.06,
        "营业成本_万元": 1786.364271971,
        "税金及附加_万元": 10.375302695,
        "销售费用_万元": 158.663291664,
        "管理费用_万元": 60.595063581,
        "研发费用_万元": 14.371307216,
        "财务费用_万元": 5.195008248,
        "其中利息费用_万元": 10.161417166,
        "其中利息收入_万元": 4.807764259,
        "其他收益_万元": 8.231442836,
        "投资收益_万元": 13.113637042,
        "其中对联营企业投资收益_万元": 0.344761984,
        "公允价值变动收益_万元": -0.959707114,
        "信用减值损失_万元": -9.22515083,
        "资产减值损失_万元": -0.214390648,
        "资产处置收益_万元": 0.01429614,
        "营业总支出_万元": 2035.564245375,
        "营业利润_万元": 222.736721328,
        "营业外收入_万元": 0.641410741,
        "营业外支出_万元": 0.279449592,
        "利润总额_万元": 223.098682477,
        "所得税费用_万元": 37.353751412,
        "净利润_万元": 185.744931065,
        "归母净利润_万元": 182.131325412,
        "少数股东损益_万元": 3.613605653,
        "持续经营净利润_万元": 185.744931065,
        "终止经营净利润_万元": null,
        "其他综合收益_万元": -0.657138479,
        "综合收益总额_万元": 185.087792586,
        "归母综合收益总额_万元": 181.450989617
    },
    "现金流量表": {
        "销售商品收到现金_万元": 1566.576486472,
        "收到的税费返还_万元": 0.042502355,
        "收到其他经营活动现金_万元": 24.740335661,
        "经营活动现金流入_万元": 1591.359324488,
        "购买商品支付现金_万元": 1694.414859985,
        "支付职工现金_万元": 166.934502424,
        "支付税费_万元": 85.105453881,
        "支付其他经营活动现金_万元": 59.63031071,
        "经营活动现金流出_万元": 1981.085127,
        "经营现金流净额_万元": -389.725802512,
        "经营现金流净额同比增长_百分比": -24.19,
        "收回投资现金_万元": 66.2210593,
        "取得投资收益现金_万元": 6.32212763,
        "处置资产收回现金_万元": 0.014877223,
        "收到其他投资活动现金_万元": 0.226264438,
        "投资活动现金流入_万元": 72.784328591,
        "投资支付现金_万元": 124.0,
        "购建资产支付现金_万元": 22.649555396,
        "支付其他投资活动现金_万元": null,
        "投资活动现金流出_万元": 146.649555396,
        "投资现金流净额_万元": -73.865226805,
        "吸收投资现金_万元": 0,
        "取得借款现金_万元": 430.84394183,
        "收到其他筹资活动现金_万元": 0,
        "筹资活动现金流入_万元": 430.84394183,
        "偿还债务现金_万元": 313.454971603,
        "分配股利现金_万元": 8.936208238,
        "支付其他筹资活动现金_万元": 5.874965849,
        "筹资活动现金流出_万元": 328.26614569,
        "融资现金流净额_万元": 102.57779614,
        "汇率变动影响_万元": 0.632825974,
        "现金及等价物净增加额_万元": -360.380407203,
        "净现金流_元": null,
        "净现金流同比增长_百分比": null,
        "期初现金及等价物_万元": 1630.293896314,
        "期末现金及等价物_万元": 1269.913489111,
        "经营现金流占比_百分比": 108.2,
        "投资现金流占比_百分比": 20.5,
        "融资现金流占比_百分比": -28.4
    }
}