{
    "报告信息": {
        "序号": null,
        "股票代码": "600332",
        "股票简称": "白云山",
        "报告年份": "2023",
        "报告期": "FY",
        "总股本_股": 1625790949,
        "流通股本_股": null,
        "报告日期": "2024ాలు03-15",
        "审计意见": "标准无保留意见",
        "会计师事务所": "大信会计师事务所（特殊普通合伙）"
    },
    "核心业绩指标": {
        "每股收益_元": 2.495,
        "稀释每股收益_元": 2.495,
        "营业总收入_万元": 7551540.4,
        "营业总收入_亿元": 755.15404,
        "营收同比增长_百分比": 6.68,
        "营收环比增长_百分比": null,
        "净利润_万元": 405567.869149,
        "净利润_亿元": 40.5567869149,
        "净利润同比增长_百分比": 2.25,
        "净利润环比增长_百分比": null,
        "归母净利润_万元": 405567.869149,
        "少数股东损益_万元": null,
        "每股净资产_元": 21.48,
        "净资产收益率_百分比": 12.07,
        "扣非净资产收益率_百分比": 10.82,
        "每股经营现金流_元": 2.52,
        "扣非净利润_万元": 363552.1,
        "扣非净利润同比增长_百分比": 9.53,
        "销售毛利率_百分比": 16.68,
        "销售净利率_百分比": 5.37,
        "加权平均净资产收益率_百分比": 12.07,
        "扣非加权净资产收益率_百分比": 10.82,
        "总资产收益率_百分比": null,
        "主营业务收入_万元": 7527486.9,
        "主营业务成本_万元": 6126591.0,
        "主营业务利润_万元": null
    },
    "资产负债表": {
        "货币资金_万元": 2130884.420444,
        "应收账款_万元": 1511249.479869,
        "应收票据_万元": 87088.427792,
        "应收款项融资_万元": 361431.826222,
        "预付款项_万元": 81835.958497,
        "其他应收款_万元": 87848.852923,
        "存货_万元": 1150709.974241,
        "合同资产_万元": null,
        "一年内到期的非流动资产_万元": 15936.046741,
        "其他流动资产_万元": 170986.38578,
        "流动资产合计_万元": 5598371.372509,
        "交易性金融资产_万元": 400.0,
        "债权投资_万元": 653637.153643,
        "其他债权投资_万元": null,
        "长期应收款_万元": null,
        "长期股权投资_万元": 180564.15843,
        "其他权益工具投资_万元": 10381.173794,
        "投资性房地产_万元": 16977.467912,
        "固定资产_万元": 437979.742214,
        "在建工程_万元": 240517.17217,
        "生产性生物资产_万元": 210.5655,
        "油气资产_万元": null,
        "使用权资产_万元": 72890.236298,
        "无形资产_万元": 288641.394135,
        "开发支出_万元": 30989.331245,
        "商誉_万元": 82947.30669,
        "长期待摊费用_万元": 18987.676445,
        "递延所得税资产_万元": 116354.8,
        "其他非流动资产_万元": 8644.6,
        "非流动资产合计_万元": 2299178.255391,
        "总资产_万元": 7858687.8,
        "总资产同比增长_百分比": 5.25,
        "短期借款_万元": 779903.564376,
        "交易性金融负债_万元": null,
        "应付票据_万元": 384403.597533,
        "应付账款_万元": 1184183.185237,
        "预收款项_万元": null,
        "合同负债_万元": 542988.539619,
        "应付职工薪酬_万元": 106899.883185,
        "应交税费_万元": 38655.2287,
        "其他应付款_万元": 491924.164567,
        "一年内到期的非流动负债_万元": 24982.850372,
        "其他流动负债_万元": 69588.036506,
        "流动负债合计_万元": 3623529.050095,
        "长期借款_万元": 332371.791722,
        "应付债券_万元": null,
        "租赁负债_万元": 57819.246109,
        "长期应付款_万元": 1997.19646,
        "预计负债_万元": 5593.093537,
        "递延收益_万元": 100142.9861,
        "递延所得税负债_万元": 63952.891904,
        "其他非流动负债_万元": 5469.803381,
        "非流动负债合计_万元": 567376.335634,
        "总负债_万元": 4190905.385729,
        "总负债同比增长_百分比": 2.15,
        "资产负债率_百分比": 53.33,
        "实收资本_万元": 162579.1,
        "资本公积_万元": 1010571.4,
        "盈余公积_万元": 225278.9,
        "未分配利润_万元": 2095933.1,
        "其他综合收益_万元": -2434.4,
        "专项储备_万元": null,
        "归属于母公司所有者权益合计_万元": 3491928.1,
        "少数股东权益_万元": 175854.296009,
        "股东权益合计_万元": 3667782.396009
    },
    "利润表": {
        "营业总收入_万元": 7551540.4,
        "营业收入_万元": 7551540.4,
        "营业总收入同比增长_百分比": 6.68,
        "营业成本_万元": 6132811.0,
        "税金及附加_万元": 34416.208269,
        "销售费用_万元": 610473.8,
        "管理费用_万元": 242154.0,
        "研发费用_万元": 78214.4,
        "财务费用_万元": -1956.1,
        "其中利息费用_万元": 44619.173289,
        "其中利息收入_万元": 48633.63489,
        "其他收益_万元": 33778.444595,
        "投资收益_万元": 26484.2,
        "其中对联营企业投资收益_万元": 10788.7761,
        "公允价值变动收益_万元": 3863.7,
        "信用减值损失_万元": -8314.4,
        "资产减值损失_万元": -352.1,
        "资产处置收益_万元": 1202.7,
        "营业总支出_万元": null,
        "营业利润_万元": 512089.668131,
        "营业外收入_万元": 2927.6,
        "营业外支出_万元": 3967.485568,
        "利润总额_万元": 511049.8,
        "所得税费用_万元": 85117.0,
        "净利润_万元": 405567.869149,
        "归母净利润_万元": 405567.869149,
        "少数股东损益_万元": 20286.042653,
        "持续经营净利润_万元": null,
        "终止经营净利润_万元": null,
        "其他综合收益_万元": null,
        "综合收益总额_万元": null,
        "归母综合收益总额_万元": null
    },
    "现金流量表": {
        "销售商品收到现金_万元": 7534348.85708,
        "收到的税费返还_万元": 2353.217296,
        "收到其他经营活动现金_万元": 122123.130186,
        "经营活动现金流入_万元": 7658825.204562,
        "购买商品支付现金_万元": 5985585.59146,
        "支付职工现金_万元": 590571.459328,
        "支付税费_万元": 316382.43443,
        "支付其他经营活动现金_万元": 355923.21961,
        "经营活动现金流出_万元": 7248462.704828,
        "经营现金流净额_万元": 410362.5,
        "经营现金流净额同比增长_百分比": -41.37,
        "收回投资现金_万元": 242144.971373,
        "取得投资收益现金_万元": 38442.855187,
        "处置资产收回现金_万元": 1393.417008,
        "收到其他投资活动现金_万元": 3.426963,
        "投资活动现金流入_万元": 281984.670531,
        "投资支付现金_万元": 430625.908865,
        "购建资产支付现金_万元": 162844.689799,
        "支付其他投资活动现金_万元": null,
        "投资活动现金流出_万元": 593470.598664,
        "投资现金流净额_万元": -311485.9,
        "吸收投资现金_万元": 1996.0,
        "取得借款现金_万元": 960410.116266,
        "收到其他筹资活动现金_万元": 398424.669589,
        "筹资活动现金流入_万元": 1360830.785855,
        "偿还债务现金_万元": null,
        "分配股利现金_万元": null,
        "支付其他筹资活动现金_万元": null,
        "筹资活动现金流出_万元": 1558286.186855,
        "融资现金流净额_万元": -197800.1,
        "汇率变动影响_万元": null,
        "现金及等价物净增加额_万元": -98115.5,
        "净现金流_元": -981155217.92,
        "净现金流同比增长_百分比": null,
        "期初现金及等价物_万元": 2080469.9,
        "期末现金及等价物_万元": 1982354.4,
        "经营现金流占比_百分比": null,
        "投资现金流占比_百分比": null,
        "融资现金流占比_百分比": null
    }
}