{
    "报告信息": {
        "序号": null,
        "股票代码": "600332",
        "股票简称": "白云山",
        "报告年份": "2023",
        "报告期": "Q3",
        "总股本_股": 1625790949,
        "流通股本_股": null,
        "报告日期": "2023-10-30",
        "审计意见": "未经审计",
        "会计师事务所": null
    },
    "核心业绩指标": {
        "每股收益_元": 0.603,
        "稀释每股收益_元": 0.603,
        "营业总收入_万元": 5818454.951602,
        "营业总收入_亿元": 581.8454951602,
        "营收同比增长_百分比": 6.16,
        "营收环比增长_百分比": null,
        "净利润_万元": 392872.520912,
        "净利润_亿元": 39.2872520912,
        "净利润同比增长_百分比": null,
        "净利润环比增长_百分比": null,
        "归母净利润_万元": 379125.018992,
        "少数股东损益_万元": 13747.50192,
        "每股净资产_元": null,
        "净资产收益率_百分比": null,
        "扣非净资产收益率_百分比": null,
        "每股经营现金流_元": null,
        "扣非净利润_万元": 343865.4,
        "扣非净利润同比增长_百分比": 9.72,
        "销售毛利率_百分比": null,
        "销售净利率_百分比": null,
        "加权平均净资产收益率_百分比": 11.3,
        "扣非加权净资产收益率_百分比": null,
        "总资产收益率_百分比": null,
        "主营业务收入_万元": null,
        "主营业务成本_万元": null,
        "主营业务利润_万元": null
    },
    "资产负债表": {
        "货币资金_万元": 1987396.722877,
        "应收账款_万元": 1652184.65178,
        "应收票据_万元": 77456.015533,
        "应收款项融资_万元": 279235.245279,
        "预付款项_万元": 85765.420462,
        "其他应收款_万元": 107851.583642,
        "存货_万元": 965738.679549,
        "合同资产_万元": null,
        "一年内到期的非流动资产_万元": 8863.913513,
        "其他流动资产_万元": 122318.535158,
        "流动资产合计_万元": 5292498.035793,
        "交易性金融资产_万元": 5687.268,
        "债权投资_万元": 652918.637186,
        "其他债权投资_万元": null,
        "长期应收款_万元": null,
        "长期股权投资_万元": 179144.489511,
        "其他权益工具投资_万元": 10509.932802,
        "投资性房地产_万元": 13259.757781,
        "固定资产_万元": 385234.71699,
        "在建工程_万元": 236733.959268,
        "生产性生物资产_万元": 219.30075,
        "油气资产_万元": null,
        "使用权资产_万元": 80734.908131,
        "无形资产_万元": 262138.821259,
        "开发支出_万元": 26448.433777,
        "商誉_万元": 82947.30669,
        "长期待摊费用_万元": 19508.479369,
        "递延所得税资产_万元": 94068.698914,
        "其他非流动资产_万元": 45032.605498,
        "非流动资产合计_万元": 2142835.040403,
        "总资产_万元": 7435333.076196,
        "总资产同比增长_百分比": -0.42,
        "短期借款_万元": 816101.27188,
        "交易性金融负债_万元": null,
        "应付票据_万元": 352807.538274,
        "应付账款_万元": null,
        "预收款项_万元": null,
        "合同负债_万元": 119929.639313,
        "应付职工薪酬_万元": 114068.614825,
        "应交税费_万元": 48426.163149,
        "其他应付款_万元": 475739.316459,
        "一年内到期的非流动负债_万元": 35419.961633,
        "其他流动负债_万元": 44324.155011,
        "流动负债合计_万元": 3268872.424769,
        "长期借款_万元": 313304.245449,
        "应付债券_万元": null,
        "租赁负债_万元": 63114.35903,
        "长期应付款_万元": 2037.19646,
        "预计负债_万元": 5673.415548,
        "递延收益_万元": 92998.846439,
        "递延所得税负债_万元": 46390.141455,
        "其他非流动负债_万元": 5318.144357,
        "非流动负债合计_万元": 528866.044401,
        "总负债_万元": 3797738.46917,
        "总负债同比增长_百分比": null,
        "资产负债率_百分比": null,
        "实收资本_万元": 162579.0949,
        "资本公积_万元": 1010571.44309,
        "盈余公积_万元": 208438.697283,
        "未分配利润_万元": 2086330.456201,
        "其他综合收益_万元": -1912.669192,
        "专项储备_万元": null,
        "归属于母公司所有者权益合计_万元": 3466007.022282,
        "少数股东权益_万元": 171587.584744,
        "股东权益合计_万元": 3637594.607026
    },
    "利润表": {
        "营业总收入_万元": 5818454.951602,
        "营业收入_万元": 5818454.951602,
        "营业总收入同比增长_百分比": 6.16,
        "营业成本_万元": 4651411.526838,
        "税金及附加_万元": 24901.805696,
        "销售费用_万元": 470747.328914,
        "管理费用_万元": 177240.392779,
        "研发费用_万元": 57948.053351,
        "财务费用_万元": -4384.408644,
        "其中利息费用_万元": 33300.870093,
        "其中利息收入_万元": 38833.916428,
        "其他收益_万元": 20450.830879,
        "投资收益_万元": 25793.960091,
        "其中对联营企业投资收益_万元": 9562.125977,
        "公允价值变动收益_万元": 2132.901342,
        "信用减值损失_万元": -13865.050134,
        "资产减值损失_万元": 370.386704,
        "资产处置收益_万元": 152.936954,
        "营业总支出_万元": 5377864.698934,
        "营业利润_万元": 475626.218504,
        "营业外收入_万元": 1393.23283,
        "营业外支出_万元": 1776.154351,
        "利润总额_万元": 475243.296983,
        "所得税费用_万元": 82370.776071,
        "净利润_万元": 392872.520912,
        "归母净利润_万元": 379125.018992,
        "少数股东损益_万元": 13747.50192,
        "持续经营净利润_万元": 392872.520912,
        "终止经营净利润_万元": null,
        "其他综合收益_万元": -677.421334,
        "综合收益总额_万元": 392195.099578,
        "归母综合收益总额_万元": 378502.442658
    },
    "现金流量表": {
        "销售商品收到现金_万元": 5252203.733038,
        "收到的税费返还_万元": 1529.226583,
        "收到其他经营活动现金_万元": 93733.737267,
        "经营活动现金流入_万元": 5347466.696888,
        "购买商品支付现金_万元": 4346924.803998,
        "支付职工现金_万元": 436430.815768,
        "支付税费_万元": 241541.438029,
        "支付其他经营活动现金_万元": 232406.996339,
        "经营活动现金流出_万元": 5257304.054134,
        "经营现金流净额_万元": 90162.642754,
        "经营现金流净额同比增长_百分比": -72.67,
        "收回投资现金_万元": 202067.119541,
        "取得投资收益现金_万元": 33345.869038,
        "处置资产收回现金_万元": 642.388782,
        "收到其他投资活动现金_万元": 3.426098,
        "投资活动现金流入_万元": 236058.803459,
        "投资支付现金_万元": 341125.908865,
        "购建资产支付现金_万元": 115718.526851,
        "支付其他投资活动现金_万元": 131.81046,
        "投资活动现金流出_万元": 456976.246176,
        "投资现金流净额_万元": -220917.442717,
        "吸收投资现金_万元": 1996.0,
        "取得借款现金_万元": 773412.987251,
        "收到其他筹资活动现金_万元": 304473.611318,
        "筹资活动现金流入_万元": 1079882.598569,
        "偿还债务现金_万元": 698518.834774,
        "分配股利现金_万元": 147758.710502,
        "支付其他筹资活动现金_万元": 325282.598732,
        "筹资活动现金流出_万元": 1171560.144008,
        "融资现金流净额_万元": -91677.545439,
        "汇率变动影响_万元": 675.18177,
        "现金及等价物净增加额_万元": -221757.163632,
        "净现金流_元": -2217571636.32,
        "净现金流同比增长_百分比": null,
        "期初现金及等价物_万元": 2080469.901264,
        "期末现金及等价物_万元": 1858712.737632,
        "经营现金流占比_百分比": null,
        "投资现金流占比_百分比": null,
        "融资现金流占比_百分比": null
    }
}