{
    "报告信息": {
        "序号": null,
        "股票代码": "600329",
        "股票简称": "达仁堂",
        "报告年份": "2023",
        "报告期": "第三季度",
        "总股本_股": 770250076,
        "流通股本_股": null,
        "报告日期": "2023-10-30",
        "审计意见": "未经审计",
        "会计师事务所": null,
        "期": "Q3"
    },
    "核心业绩指标": {
        "每股收益_元": 1.11,
        "稀释每股收益_元": 1.11,
        "营业总收入_万元": 579303.978416,
        "营业总收入_亿元": 5.79303978416,
        "营收同比增长_百分比": 4.13,
        "营收环比增长_百分比": null,
        "净利润_万元": 84202.424332,
        "净利润_亿元": 8.4202424332,
        "净利润同比增长_百分比": 12.83,
        "净利润环比增长_百分比": null,
        "归母净利润_万元": 85819.197318,
        "少数股东损益_万元": -1616.772986,
        "每股净资产_元": 8.39,
        "净资产收益率_百分比": 12.94,
        "扣非净资产收益率_百分比": null,
        "每股经营现金流_元": 0.105,
        "扣非净利润_万元": 84194.275809,
        "扣非净利润同比增长_百分比": 29.8,
        "销售毛利率_百分比": 44.83,
        "销售净利率_百分比": 14.52,
        "加权平均净资产收益率_百分比": 12.94,
        "扣非加权净资产收益率_百分比": null,
        "总资产收益率_百分比": 8.2,
        "主营业务收入_万元": 579303.978416,
        "主营业务成本_万元": 319418.399704,
        "主营业务利润_万元": 96195.111463
    },
    "资产负债表": {
        "货币资金_万元": 201989.276561,
        "应收账款_万元": 259819.412103,
        "应收票据_万元": 1934.427933,
        "应收款项融资_万元": 21483.442991,
        "预付款项_万元": 8410.277127,
        "其他应收款_万元": 2599.306226,
        "存货_万元": 167459.238703,
        "合同资产_万元": null,
        "一年内到期的非流动资产_万元": 2087.238356,
        "其他流动资产_万元": 4981.995349,
        "流动资产合计_万元": 670764.615349,
        "交易性金融资产_万元": null,
        "债权投资_万元": 63765.96056,
        "其他债权投资_万元": null,
        "长期应收款_万元": null,
        "长期股权投资_万元": 79508.589503,
        "其他权益工具投资_万元": 31.912758,
        "投资性房地产_万元": 1329.621201,
        "固定资产_万元": 106136.914175,
        "在建工程_万元": 36046.03097,
        "生产性生物资产_万元": null,
        "油气资产_万元": null,
        "使用权资产_万元": 150.054,
        "无形资产_万元": 32507.264751,
        "开发支出_万元": 1292.490538,
        "商誉_万元": 8469.259911,
        "长期待摊费用_万元": 510.527927,
        "递延所得税资产_万元": 23609.039235,
        "其他非流动资产_万元": 4047.839484,
        "非流动资产合计_万元": 357405.505013,
        "总资产_万元": 1028170.120362,
        "总资产同比增长_百分比": 1.23,
        "短期借款_万元": 53016.930045,
        "交易性金融负债_万元": null,
        "应付票据_万元": 40498.383134,
        "应付账款_万元": 60319.133341,
        "预收款项_万元": null,
        "合同负债_万元": 11814.195148,
        "应付职工薪酬_万元": 20997.346919,
        "应交税费_万元": 13840.826499,
        "其他应付款_万元": 139104.821442,
        "一年内到期的非流动负债_万元": 85.469747,
        "其他流动负债_万元": 692.013766,
        "流动负债合计_万元": 340369.120041,
        "长期借款_万元": 24144.338534,
        "应付债券_万元": null,
        "租赁负债_万元": 59.667231,
        "长期应付款_万元": 3948.797442,
        "预计负债_万元": null,
        "递延收益_万元": 6157.124564,
        "递延所得税负债_万元": 756.96188,
        "其他非流动负债_万元": null,
        "非流动负债合计_万元": 36076.024187,
        "总负债_万元": 376445.144228,
        "总负债同比增长_百分比": 4.42,
        "资产负债率_百分比": 36.6,
        "实收资本_万元": 77025.0076,
        "资本公积_万元": 97563.170393,
        "盈余公积_万元": 43674.9,
        "未分配利润_万元": 426255.213874,
        "其他综合收益_万元": 3036.997673,
        "专项储备_万元": null,
        "归属于母公司所有者权益合计_万元": 646805.94314,
        "少数股东权益_万元": 4919.032994,
        "股东权益合计_万元": 651724.976134
    },
    "利润表": {
        "营业总收入_万元": 579303.978416,
        "营业收入_万元": 579303.978416,
        "营业总收入同比增长_百分比": 4.13,
        "营业成本_万元": 319418.399704,
        "税金及附加_万元": 5302.209672,
        "销售费用_万元": 145460.199758,
        "管理费用_万元": 25419.384209,
        "研发费用_万元": 8649.428536,
        "财务费用_万元": -1612.597611,
        "其中利息费用_万元": 2782.904622,
        "其中利息收入_万元": 4602.949346,
        "其他收益_万元": 957.529943,
        "投资收益_万元": 21939.635665,
        "其中对联营企业投资收益_万元": 21128.386801,
        "公允价值变动收益_万元": null,
        "信用减值损失_万元": -1665.646987,
        "资产减值损失_万元": -1718.290757,
        "资产处置收益_万元": 14.929451,
        "营业总支出_万元": 502637.024268,
        "营业利润_万元": 96195.111463,
        "营业外收入_万元": 177.472157,
        "营业外支出_万元": 244.06056,
        "利润总额_万元": 96128.52306,
        "所得税费用_万元": 11926.098728,
        "净利润_万元": 84202.424332,
        "归母净利润_万元": 85819.197318,
        "少数股东损益_万元": -1616.772986,
        "持续经营净利润_万元": 84202.424332,
        "终止经营净利润_万元": null,
        "其他综合收益_万元": 83.780455,
        "综合收益总额_万元": 84286.204787,
        "归母综合收益总额_万元": 85902.977773
    },
    "现金流量表": {
        "销售商品收到现金_万元": 601828.262031,
        "收到的税费返还_万元": 766.808738,
        "收到其他经营活动现金_万元": 17900.875294,
        "经营活动现金流入_万元": 620495.946063,
        "购买商品支付现金_万元": 363390.590076,
        "支付职工现金_万元": 71507.547925,
        "支付税费_万元": 59196.165936,
        "支付其他经营活动现金_万元": 118283.14942,
        "经营活动现金流出_万元": 612377.453357,
        "经营现金流净额_万元": 8118.492706,
        "经营现金流净额同比增长_百分比": -35.81,
        "收回投资现金_万元": 4964.855704,
        "取得投资收益现金_万元": 17818.189375,
        "处置资产收回现金_万元": 18.601744,
        "收到其他投资活动现金_万元": null,
        "投资活动现金流入_万元": 22801.646823,
        "投资支付现金_万元": 63000.0,
        "购建资产支付现金_万元": 8364.925664,
        "支付其他投资活动现金_万元": null,
        "投资活动现金流出_万元": 71364.925664,
        "投资现金流净额_万元": -48563.278841,
        "吸收投资现金_万元": 288.0,
        "取得借款现金_万元": 71905.765271,
        "收到其他筹资活动现金_万元": null,
        "筹资活动现金流入_万元": 72193.765271,
        "偿还债务现金_万元": 20038.301687,
        "分配股利现金_万元": 87087.93266,
        "支付其他筹资活动现金_万元": 2818.209056,
        "筹资活动现金流出_万元": 109944.443403,
        "融资现金流净额_万元": -37750.678132,
        "汇率变动影响_万元": -81.555766,
        "现金及等价物净增加额_万元": -78277.020033,
        "净现金流_元": -782770200.33,
        "净现金流同比增长_百分比": null,
        "期初现金及等价物_万元": 271153.31415,
        "期末现金及等价物_万元": 192876.294117,
        "经营现金流占比_百分比": null,
        "投资现金流占比_百分比": null,
        "融资现金流占比_百分比": null
    }
}