{
    "报告信息": {
        "序号": null,
        "股票代码": "600332",
        "股票简称": "白云山",
        "报告年份": "2023",
        "报告期": "Q1",
        "总股本_股": 1625790949,
        "流通股本_股": null,
        "报告日期": "2023-04-27",
        "审计意见": "未经审计",
        "会计师事务所": null
    },
    "核心业绩指标": {
        "每股收益_元": 1.174,
        "稀释每股收益_元": 1.174,
        "营业总收入_万元": 2162852.102204,
        "营业总收入_亿元": 216.2852102204,
        "营收同比增长_百分比": 5.31,
        "营收环比增长_百分比": null,
        "净利润_万元": 196905.492532,
        "净利润_亿元": 19.6905492532,
        "净利润同比增长_百分比": null,
        "净利润环比增长_百分比": null,
        "归母净利润_万元": 190860.046068,
        "少数股东损益_万元": 6045.446464,
        "每股净资产_元": null,
        "净资产收益率_百分比": null,
        "扣非净资产收益率_百分比": null,
        "每股经营现金流_元": null,
        "扣非净利润_万元": 182743.6,
        "扣非净利润同比增长_百分比": 3.57,
        "销售毛利率_百分比": null,
        "销售净利率_百分比": null,
        "加权平均净资产收益率_百分比": 5.78,
        "扣非加权净资产收益率_百分比": null,
        "总资产收益率_百分比": null,
        "主营业务收入_万元": null,
        "主营业务成本_万元": null,
        "主营业务利润_万元": null
    },
    "资产负债表": {
        "货币资金_万元": 2024592.469978,
        "应收账款_万元": 1595135.88827,
        "应收票据_万元": 125128.401563,
        "应收款项融资_万元": 465774.943736,
        "预付款项_万元": 50339.929905,
        "其他应收款_万元": 118052.817486,
        "存货_万元": 894510.466954,
        "合同资产_万元": null,
        "一年内到期的非流动资产_万元": 55608.125166,
        "其他流动资产_万元": 208886.127749,
        "流动资产合计_万元": 5543716.438807,
        "交易性金融资产_万元": 5687.268,
        "债权投资_万元": 381071.210424,
        "其他债权投资_万元": null,
        "长期应收款_万元": null,
        "长期股权投资_万元": 147717.474982,
        "其他权益工具投资_万元": 11050.854558,
        "投资性房地产_万元": 20438.6354,
        "固定资产_万元": 377812.079181,
        "在建工程_万元": 206642.433113,
        "生产性生物资产_万元": 236.77125,
        "油气资产_万元": null,
        "使用权资产_万元": 77786.034133,
        "无形资产_万元": 257015.669505,
        "开发支出_万元": 25232.658825,
        "商誉_万元": 82947.30669,
        "长期待摊费用_万元": 16819.780047,
        "递延所得税资产_万元": 89249.860172,
        "其他非流动资产_万元": 22812.891753,
        "非流动资产合计_万元": 1822113.578749,
        "总资产_万元": 7365830.017556,
        "总资产同比增长_百分比": -1.35,
        "短期借款_万元": 862101.901611,
        "交易性金融负债_万元": null,
        "应付票据_万元": 345418.121174,
        "应付账款_万元": 1109042.656887,
        "预收款项_万元": null,
        "合同负债_万元": 178458.667533,
        "应付职工薪酬_万元": 98700.461451,
        "应交税费_万元": 54266.692635,
        "其他应付款_万元": 521664.803928,
        "一年内到期的非流动负债_万元": 68404.267229,
        "其他流动负债_万元": 50839.527721,
        "流动负债合计_万元": 3288897.100169,
        "长期借款_万元": 313658.444964,
        "应付债券_万元": null,
        "租赁负债_万元": 57967.118773,
        "长期应付款_万元": 2037.19646,
        "预计负债_万元": 4403.533615,
        "递延收益_万元": 93076.32606,
        "递延所得税负债_万元": 40290.426759,
        "其他非流动负债_万元": 5373.579589,
        "非流动负债合计_万元": 516837.812053,
        "总负债_万元": 3805734.912222,
        "总负债同比增长_百分比": null,
        "资产负债率_百分比": null,
        "实收资本_万元": 162579.0949,
        "资本公积_万元": 1010571.44309,
        "盈余公积_万元": 208438.697283,
        "未分配利润_万元": 2017073.380744,
        "其他综合收益_万元": -1878.113714,
        "专项储备_万元": null,
        "归属于母公司所有者权益合计_万元": 3396784.502303,
        "少数股东权益_万元": 163310.603031,
        "股东权益合计_万元": 3560095.105334
    },
    "利润表": {
        "营业总收入_万元": 2162852.102204,
        "营业收入_万元": 2162852.102204,
        "营业总收入同比增长_百分比": 5.31,
        "营业成本_万元": 1659336.620191,
        "税金及附加_万元": 10026.175014,
        "销售费用_万元": 186567.325072,
        "管理费用_万元": 62933.488726,
        "研发费用_万元": 17938.951016,
        "财务费用_万元": -3525.150711,
        "其中利息费用_万元": 11172.763725,
        "其中利息收入_万元": 14924.540498,
        "其他收益_万元": 3671.330261,
        "投资收益_万元": 8172.674954,
        "其中对联营企业投资收益_万元": 3622.784471,
        "公允价值变动收益_万元": 1398.043,
        "信用减值损失_万元": -7426.633938,
        "资产减值损失_万元": -150.58927,
        "资产处置收益_万元": 36.392938,
        "营业总支出_万元": null,
        "营业利润_万元": 235275.910841,
        "营业外收入_万元": 490.117374,
        "营业外支出_万元": 267.363078,
        "利润总额_万元": 235498.665137,
        "所得税费用_万元": 38593.172605,
        "净利润_万元": 196905.492532,
        "归母净利润_万元": 190860.046068,
        "少数股东损益_万元": 6045.446464,
        "持续经营净利润_万元": 196905.492532,
        "终止经营净利润_万元": null,
        "其他综合收益_万元": -596.19512,
        "综合收益总额_万元": 196309.297412,
        "归母综合收益总额_万元": 190272.025212
    },
    "现金流量表": {
        "销售商品收到现金_万元": 1488523.084804,
        "收到的税费返还_万元": 123.796681,
        "收到其他经营活动现金_万元": 27466.737855,
        "经营活动现金流入_万元": 1516113.61934,
        "购买商品支付现金_万元": 1492815.495329,
        "支付职工现金_万元": 166541.399981,
        "支付税费_万元": 100606.517089,
        "支付其他经营活动现金_万元": 40038.429074,
        "经营活动现金流出_万元": 1800001.841473,
        "经营现金流净额_万元": -283888.222133,
        "经营现金流净额同比增长_百分比": -409.22,
        "收回投资现金_万元": 20968.215158,
        "取得投资收益现金_万元": 7392.345429,
        "处置资产收回现金_万元": 39.994939,
        "收到其他投资活动现金_万元": 2.973789,
        "投资活动现金流入_万元": 28403.529315,
        "投资支付现金_万元": 68725.908865,
        "购建资产支付现金_万元": 23483.180921,
        "支付其他投资活动现金_万元": null,
        "投资活动现金流出_万元": 92209.089786,
        "投资现金流净额_万元": -63805.560471,
        "吸收投资现金_万元": null,
        "取得借款现金_万元": 529521.743339,
        "收到其他筹资活动现金_万元": 147320.717292,
        "筹资活动现金流入_万元": 676842.460631,
        "偿还债务现金_万元": 363453.669008,
        "分配股利现金_万元": 8994.094625,
        "支付其他筹资活动现金_万元": 147251.041619,
        "筹资活动现金流出_万元": 519698.805252,
        "融资现金流净额_万元": 157143.655379,
        "汇率变动影响_万元": 179.747374,
        "现金及等价物净增加额_万元": -190370.379851,
        "净现金流_元": null,
        "净现金流同比增长_百分比": null,
        "期初现金及等价物_万元": 2080469.901264,
        "期末现金及等价物_万元": 1890099.521413,
        "经营现金流占比_百分比": null,
        "投资现金流占比_百分比": null,
        "融资现金流占比_百分比": null
    }
}