{
    "报告信息": {
        "序号": null,
        "股票代码": "600351",
        "股票简称": "亚宝药业",
        "报告年份": "2023",
        "报告期": "Q1",
        "总股本_股": 770000023,
        "流通股本_股": null,
        "报告日期": "2023-04-25",
        "审计意见": "未经审计",
        "会计师事务所": null
    },
    "核心业绩指标": {
        "每股收益_元": 0.1395,
        "稀释每股收益_元": 0.1395,
        "营业总收入_万元": 80049.916906,
        "营业总收入_亿元": null,
        "营收同比增长_百分比": 15.3,
        "营收环比增长_百分比": null,
        "净利润_万元": 10852.954666,
        "净利润_亿元": null,
        "净利润同比增长_百分比": null,
        "净利润环比增长_百分比": null,
        "归母净利润_万元": 10741.983615,
        "少数股东损益_万元": 110.971051,
        "每股净资产_元": null,
        "净资产收益率_百分比": null,
        "扣非净资产收益率_百分比": null,
        "每股经营现金流_元": null,
        "扣非净利润_万元": 10142.968243,
        "扣非净利润同比增长_百分比": 45.17,
        "销售毛利率_百分比": null,
        "销售净利率_百分比": null,
        "加权平均净资产收益率_百分比": 3.55,
        "扣非加权净资产收益率_百分比": null,
        "总资产收益率_百分比": null,
        "主营业务收入_万元": null,
        "主营业务成本_万元": null,
        "主营业务利润_万元": null
    },
    "资产负债表": {
        "货币资金_万元": 76109.715188,
        "应收账款_万元": 46842.694872,
        "应收票据_万元": null,
        "应收款项融资_万元": 29670.902517,
        "预付款项_万元": 5387.887132,
        "其他应收款_万元": 5170.265461,
        "存货_万元": 41875.12036,
        "合同资产_万元": null,
        "一年内到期的非流动资产_万元": null,
        "其他流动资产_万元": 334.556413,
        "流动资产合计_万元": 206091.517943,
        "交易性金融资产_万元": 700.376,
        "债权投资_万元": null,
        "其他债权投资_万元": null,
        "长期应收款_万元": null,
        "长期股权投资_万元": 13932.05729,
        "其他权益工具投资_万元": 3319.112821,
        "投资性房地产_万元": 4256.662477,
        "固定资产_万元": 130895.309957,
        "在建工程_万元": 2659.984828,
        "生产性生物资产_万元": null,
        "油气资产_万元": null,
        "使用权资产_万元": 757.942439,
        "无形资产_万元": 15092.796986,
        "开发支出_万元": 18373.956128,
        "商誉_万元": 2626.80202,
        "长期待摊费用_万元": 43.11304,
        "递延所得税资产_万元": 2970.394617,
        "其他非流动资产_万元": 2835.999569,
        "非流动资产合计_万元": 215145.952769,
        "总资产_万元": 421237.470712,
        "总资产同比增长_百分比": 1.97,
        "短期借款_万元": 42037.493055,
        "交易性金融负债_万元": null,
        "应付票据_万元": 4795.5,
        "应付账款_万元": 15376.535606,
        "预收款项_万元": 4.285807,
        "合同负债_万元": 4515.282274,
        "应付职工薪酬_万元": 6974.454627,
        "应交税费_万元": 3081.921329,
        "其他应付款_万元": 19199.895637,
        "一年内到期的非流动负债_万元": 2403.392631,
        "其他流动负债_万元": 3209.790425,
        "流动负债合计_万元": 101598.551391,
        "长期借款_万元": 200.0,
        "应付债券_万元": null,
        "租赁负债_万元": 305.944,
        "长期应付款_万元": 1871.5936,
        "预计负债_万元": null,
        "递延收益_万元": 4765.012951,
        "递延所得税负债_万元": 980.636177,
        "其他非流动负债_万元": null,
        "非流动负债合计_万元": 8123.186728,
        "总负债_万元": 109721.738119,
        "总负债同比增长_百分比": null,
        "资产负债率_百分比": null,
        "实收资本_万元": 77000.0023,
        "资本公积_万元": 95509.553007,
        "盈余公积_万元": 24250.5887,
        "未分配利润_万元": 112967.871297,
        "其他综合收益_万元": -2002.202706,
        "专项储备_万元": null,
        "归属于母公司所有者权益合计_万元": 307725.812598,
        "少数股东权益_万元": 3789.919995,
        "股东权益合计_万元": 311515.732593
    },
    "利润表": {
        "营业总收入_万元": 80049.916906,
        "营业收入_万元": 80049.916906,
        "营业总收入同比增长_百分比": 15.3,
        "营业成本_万元": 33077.736022,
        "税金及附加_万元": 983.669742,
        "销售费用_万元": 23875.950181,
        "管理费用_万元": 6796.532212,
        "研发费用_万元": 2726.374367,
        "财务费用_万元": 225.079969,
        "其中利息费用_万元": 410.685919,
        "其中利息收入_万元": 203.201263,
        "其他收益_万元": 803.40068,
        "投资收益_万元": -41.764149,
        "其中对联营企业投资收益_万元": -9.84527,
        "公允价值变动收益_万元": -46.067153,
        "信用减值损失_万元": -52.75309,
        "资产减值损失_万元": -68.2929,
        "资产处置收益_万元": 90.546685,
        "营业总支出_万元": null,
        "营业利润_万元": 13049.644486,
        "营业外收入_万元": 16.137813,
        "营业外支出_万元": 69.809481,
        "利润总额_万元": 12995.972818,
        "所得税费用_万元": 2143.018152,
        "净利润_万元": 10852.954666,
        "归母净利润_万元": 10741.983615,
        "少数股东损益_万元": 110.971051,
        "持续经营净利润_万元": 10852.954666,
        "终止经营净利润_万元": null,
        "其他综合收益_万元": -1.427068,
        "综合收益总额_万元": 10851.527598,
        "归母综合收益总额_万元": 10740.556547
    },
    "现金流量表": {
        "销售商品收到现金_万元": 67243.078012,
        "收到的税费返还_万元": 58.609205,
        "收到其他经营活动现金_万元": 2635.256369,
        "经营活动现金流入_万元": 69936.943586,
        "购买商品支付现金_万元": 20198.944349,
        "支付职工现金_万元": 13262.370748,
        "支付税费_万元": 8852.423334,
        "支付其他经营活动现金_万元": 18180.687128,
        "经营活动现金流出_万元": 60494.425559,
        "经营现金流净额_万元": 9442.518027,
        "经营现金流净额同比增长_百分比": 88.76,
        "收回投资现金_万元": 382.952453,
        "取得投资收益现金_万元": 4.9992,
        "处置资产收回现金_万元": 9.7,
        "收到其他投资活动现金_万元": null,
        "投资活动现金流入_万元": 397.651653,
        "投资支付现金_万元": 1166.676584,
        "购建资产支付现金_万元": 2113.835451,
        "支付其他投资活动现金_万元": null,
        "投资活动现金流出_万元": 3298.512035,
        "投资现金流净额_万元": -2900.860382,
        "吸收投资现金_万元": null,
        "取得借款现金_万元": 13990.355556,
        "收到其他筹资活动现金_万元": null,
        "筹资活动现金流入_万元": 13990.355556,
        "偿还债务现金_万元": 13000.0,
        "分配股利现金_万元": 383.100554,
        "支付其他筹资活动现金_万元": 226.527752,
        "筹资活动现金流出_万元": 13609.628306,
        "融资现金流净额_万元": 380.72725,
        "汇率变动影响_万元": -6.942598,
        "现金及等价物净增加额_万元": 6915.442297,
        "净现金流_元": null,
        "净现金流同比增长_百分比": null,
        "期初现金及等价物_万元": 64202.137652,
        "期末现金及等价物_万元": 71117.579949,
        "经营现金流占比_百分比": null,
        "投资现金流占比_百分比": null,
        "融资现金流占比_百分比": null
    }
}