{
    "报告信息": {
        "序号": null,
        "股票代码": "600332",
        "股票简称": "白云山",
        "报告年份": "2024",
        "报告期": "HY",
        "总股本_股": 1625790949,
        "流通股本_股": null,
        "报告日期": "2024-08-30",
        "审计意见": "未经审计",
        "会计师事务所": null
    },
    "核心业绩指标": {
        "每股收益_元": 1.568,
        "稀释每股收益_元": 1.568,
        "营业总收入_万元": 4104281.508795,
        "营业总收入_亿元": 410.4281508795,
        "营收同比增长_百分比": 2.68,
        "营收环比增长_百分比": null,
        "净利润_万元": 266803.203233,
        "净利润_亿元": 26.6803203233,
        "净利润同比增长_百分比": -9.31,
        "净利润环比增长_百分比": null,
        "归母净利润_万元": 254956.530208,
        "少数股东损益_万元": 11847.343574,
        "每股净资产_元": 22.31,
        "净资产收益率_百分比": 7.04,
        "扣非净资产收益率_百分比": 6.47,
        "每股经营现金流_元": -1.25,
        "扣非净利润_万元": 234083.3,
        "扣非净利润同比增长_百分比": -9.92,
        "销售毛利率_百分比": 18.89,
        "销售净利率_百分比": null,
        "加权平均净资产收益率_百分比": 7.04,
        "扣非加权净资产收益率_百分比": 6.47,
        "总资产收益率_百分比": null,
        "主营业务收入_万元": 4093964.7,
        "主营业务成本_万元": 3320675.2,
        "主营业务利润_万元": null
    },
    "资产负债表": {
        "货币资金_万元": 1622531.210465,
        "应收账款_万元": 1671961.040335,
        "应收票据_万元": 68974.499656,
        "应收款项融资_万元": 392932.392532,
        "预付款项_万元": 70848.902615,
        "其他应收款_万元": 26057.202589,
        "存货_万元": 1075110.267663,
        "合同资产_万元": null,
        "一年内到期的非流动资产_万元": 25495.000363,
        "其他流动资产_万元": 159852.288096,
        "流动资产合计_万元": 5194007.392221,
        "交易性金融资产_万元": 400.0,
        "债权投资_万元": 952515.926921,
        "其他债权投资_万元": null,
        "长期应收款_万元": null,
        "长期股权投资_万元": 1354342.131788,
        "其他权益工具投资_万元": 10419.413246,
        "投资性房地产_万元": 14678.236446,
        "固定资产_万元": 442455.099808,
        "在建工程_万元": 269036.407629,
        "生产性生物资产_万元": 193.095,
        "油气资产_万元": null,
        "使用权资产_万元": 67654.156455,
        "无形资产_万元": 285610.121534,
        "开发支出_万元": 35178.490177,
        "商誉_万元": 83085.460498,
        "长期待摊费用_万元": null,
        "递延所得税资产_万元": null,
        "其他非流动资产_万元": 21045.5,
        "非流动资产合计_万元": 2499528.333092,
        "总资产_万元": 779706.6613,
        "总资产同比增长_百分比": -0.78,
        "短期借款_万元": 924234.36326,
        "交易性金融负债_万元": null,
        "应付票据_万元": 333618.120296,
        "应付账款_万元": 1195243.792725,
        "预收款项_万元": 596.083672,
        "合同负债_万元": 144963.432713,
        "应付职工薪酬_万元": 103899.535057,
        "应交税费_万元": 44340.72821,
        "其他应付款_万元": 577907.984844,
        "一年内到期的非流动负债_万元": 84964.219654,
        "其他流动负债_万元": 15378.972049,
        "流动负债合计_万元": 3425147.23248,
        "长期借款_万元": 325504.341431,
        "应付债券_万元": null,
        "租赁负债_万元": 53816.166025,
        "长期应付款_万元": 1966.69646,
        "预计负债_万元": 5939.401587,
        "递延收益_万元": 102065.110612,
        "递延所得税负债_万元": 65599.271575,
        "其他非流动负债_万元": 5417.670496,
        "非流动负债合计_万元": 560338.193661,
        "总负债_万元": 3985485.426141,
        "总负债同比增长_百分比": null,
        "资产负债率_百分比": 51.12,
        "实收资本_万元": 162579.0949,
        "资本公积_万元": null,
        "盈余公积_万元": null,
        "未分配利润_万元": null,
        "其他综合收益_万元": -2434.446959,
        "专项储备_万元": null,
        "归属于母公司所有者权益合计_万元": 3626338.8,
        "少数股东权益_万元": 185341.902995,
        "股东权益合计_万元": 3811679.702995
    },
    "利润表": {
        "营业总收入_万元": 4104281.508795,
        "营业收入_万元": 4104281.508795,
        "营业总收入同比增长_百分比": 2.68,
        "营业成本_万元": 3324405.566685,
        "税金及附加_万元": 16805.387553,
        "销售费用_万元": 311941.517054,
        "管理费用_万元": 121287.349187,
        "研发费用_万元": 39114.531141,
        "财务费用_万元": -5966.891674,
        "其中利息费用_万元": 21334.614239,
        "其中利息收入_万元": 27815.961553,
        "其他收益_万元": 18441.239676,
        "投资收益_万元": 17268.288645,
        "其中对联营企业投资收益_万元": 1007.006421,
        "公允价值变动收益_万元": 44.575497,
        "信用减值损失_万元": -131.628619,
        "资产减值损失_万元": -131.628619,
        "资产处置收益_万元": 29.300228,
        "营业总支出_万元": null,
        "营业利润_万元": 322609.534463,
        "营业外收入_万元": 1560.578379,
        "营业外支出_万元": 1229.77517,
        "利润总额_万元": 322940.337672,
        "所得税费用_万元": 56137.134439,
        "净利润_万元": 266803.203233,
        "归母净利润_万元": 254956.530208,
        "少数股东损益_万元": 11847.343574,
        "持续经营净利润_万元": 266803.203233,
        "终止经营净利润_万元": null,
        "其他综合收益_万元": 497.894525,
        "综合收益总额_万元": 267327.858307,
        "归母综合收益总额_万元": 255454.424733
    },
    "现金流量表": {
        "销售商品收到现金_万元": 3531332.53219,
        "收到的税费返还_万元": 341.503065,
        "收到其他经营活动现金_万元": 71694.077662,
        "经营活动现金流入_万元": 3603368.112917,
        "购买商品支付现金_万元": 3200479.964887,
        "支付职工现金_万元": 309731.697426,
        "支付税费_万元": 167840.894399,
        "支付其他经营活动现金_万元": 128991.605664,
        "经营活动现金流出_万元": 3807042.162376,
        "经营现金流净额_万元": -203674.049459,
        "经营现金流净额同比增长_百分比": -174.97,
        "收回投资现金_万元": 11500.0,
        "取得投资收益现金_万元": 6356.211017,
        "处置资产收回现金_万元": 75.636883,
        "收到其他投资活动现金_万元": 0.103536,
        "投资活动现金流入_万元": 17931.951436,
        "投资支付现金_万元": 352776.146365,
        "购建资产支付现金_万元": 56467.138616,
        "支付其他投资活动现金_万元": null,
        "投资活动现金流出_万元": 409399.826111,
        "投资现金流净额_万元": -391467.874675,
        "吸收投资现金_万元": 2120.0,
        "取得借款现金_万元": 706348.199799,
        "收到其他筹资活动现金_万元": 35.653934,
        "筹资活动现金流入_万元": 708503.853733,
        "偿还债务现金_万元": null,
        "分配股利现金_万元": null,
        "支付其他筹资活动现金_万元": null,
        "筹资活动现金流出_万元": null,
        "融资现金流净额_万元": 59508.2,
        "汇率变动影响_万元": null,
        "现金及等价物净增加额_万元": -542633.724134,
        "净现金流_元": -5426337241.34,
        "净现金流同比增长_百分比": null,
        "期初现金及等价物_万元": 1982354.420444,
        "期末现金及等价物_万元": 1447148.69631,
        "经营现金流占比_百分比": null,
        "投资现金流占比_百分比": null,
        "融资现金流占比_百分比": null
    }
}