{
    "报告信息": {
        "序号": null,
        "股票代码": "600329",
        "股票简称": "达仁堂",
        "报告年份": "2023",
        "报告期": "半年度",
        "总股本_股": 770250076,
        "流通股本_股": 765868076,
        "报告日期": null,
        "审计意见": "未经审计",
        "会计师事务所": null,
        "期": "HY"
    },
    "核心业绩指标": {
        "每股收益_元": 0.94,
        "稀释每股收益_元": 0.94,
        "营业总收入_万元": 408830.884202,
        "营业总收入_亿元": 40.8830884202,
        "营收同比增长_百分比": 8.31,
        "营收环比增长_百分比": null,
        "净利润_万元": 71446.744793,
        "净利润_亿元": 7.1446744793,
        "净利润同比增长_百分比": 49.51,
        "净利润环比增长_百分比": null,
        "归母净利润_万元": 72249.14886,
        "少数股东损益_万元": -802.404067,
        "每股净资产_元": null,
        "净资产收益率_百分比": null,
        "扣非净资产收益率_百分比": null,
        "每股经营现金流_元": null,
        "扣非净利润_万元": 71221.019994,
        "扣非净利润同比增长_百分比": 53.41,
        "销售毛利率_百分比": null,
        "销售净利率_百分比": null,
        "加权平均净资产收益率_百分比": 10.54,
        "扣非加权净资产收益率_百分比": 10.39,
        "总资产收益率_百分比": null,
        "主营业务收入_万元": 408197.248819,
        "主营业务成本_万元": 217136.34746,
        "主营业务利润_万元": null
    },
    "资产负债表": {
        "货币资金_万元": 210395.842622,
        "应收账款_万元": 251504.267831,
        "应收票据_万元": 2120.776943,
        "应收款项融资_万元": 28861.614283,
        "预付款项_万元": 6824.508123,
        "其他应收款_万元": 2561.054419,
        "存货_万元": 167779.865815,
        "合同资产_万元": null,
        "一年内到期的非流动资产_万元": 2072.619178,
        "其他流动资产_万元": 7178.464119,
        "流动资产合计_万元": 679299.013333,
        "交易性金融资产_万元": null,
        "债权投资_万元": 56262.421283,
        "其他债权投资_万元": null,
        "长期应收款_万元": null,
        "长期股权投资_万元": 84961.234404,
        "其他权益工具投资_万元": 31.912758,
        "投资性房地产_万元": 1356.372461,
        "固定资产_万元": 108453.189741,
        "在建工程_万元": 34590.061206,
        "生产性生物资产_万元": null,
        "油气资产_万元": null,
        "使用权资产_万元": 193.903661,
        "无形资产_万元": 32979.788945,
        "开发支出_万元": 1292.490538,
        "商誉_万元": 8469.259911,
        "长期待摊费用_万元": 557.858018,
        "递延所得税资产_万元": 24046.383048,
        "其他非流动资产_万元": 3906.664382,
        "非流动资产合计_万元": 357101.540356,
        "总资产_万元": 1036400.553689,
        "总资产同比增长_百分比": 2.04,
        "短期借款_万元": 53016.930045,
        "交易性金融负债_万元": null,
        "应付票据_万元": 44116.159174,
        "应付账款_万元": 68641.080442,
        "预收款项_万元": null,
        "合同负债_万元": 12437.136916,
        "应付职工薪酬_万元": 27423.229059,
        "应交税费_万元": 14500.497884,
        "其他应付款_万元": 138279.540756,
        "一年内到期的非流动负债_万元": 2919.685077,
        "其他流动负债_万元": 0.0,
        "流动负债合计_万元": 361334.259353,
        "长期借款_万元": 24144.338534,
        "应付债券_万元": null,
        "租赁负债_万元": 60.840507,
        "长期应付款_万元": 4063.762106,
        "预计负债_万元": null,
        "递延收益_万元": 3597.722019,
        "递延所得税负债_万元": null,
        "其他非流动负债_万元": null,
        "非流动负债合计_万元": 31826.562166,
        "总负债_万元": 397435.698902,
        "总负债同比增长_百分比": null,
        "资产负债率_百分比": 38.35,
        "实收资本_万元": 77025.0076,
        "资本公积_万元": 97505.416081,
        "盈余公积_万元": 43674.9,
        "未分配利润_万元": 412685.165416,
        "其他综合收益_万元": 3090.310177,
        "专项储备_万元": null,
        "归属于母公司所有者权益合计_万元": 633231.452874,
        "少数股东权益_万元": 5733.401913,
        "股东权益合计_万元": 638964.854787
    },
    "利润表": {
        "营业总收入_万元": 408830.884202,
        "营业收入_万元": 408830.884202,
        "营业总收入同比增长_百分比": 8.31,
        "营业成本_万元": 217246.431926,
        "税金及附加_万元": 4030.720326,
        "销售费用_万元": 106567.529571,
        "管理费用_万元": 15698.327378,
        "研发费用_万元": 5202.896165,
        "财务费用_万元": -1681.643784,
        "其中利息费用_万元": 1700.112045,
        "其中利息收入_万元": 3573.083776,
        "其他收益_万元": 812.787347,
        "投资收益_万元": 19860.511883,
        "其中对联营企业投资收益_万元": 19527.831997,
        "公允价值变动收益_万元": null,
        "信用减值损失_万元": -975.596756,
        "资产减值损失_万元": -591.446966,
        "资产处置收益_万元": 16.400784,
        "营业总支出_万元": 347064.261582,
        "营业利润_万元": 80889.278912,
        "营业外收入_万元": 76.866233,
        "营业外支出_万元": 92.554414,
        "利润总额_万元": 80873.590731,
        "所得税费用_万元": 9426.845938,
        "净利润_万元": 71446.744793,
        "归母净利润_万元": 72249.14886,
        "少数股东损益_万元": -802.404067,
        "持续经营净利润_万元": 71446.744793,
        "终止经营净利润_万元": null,
        "其他综合收益_万元": 137.092959,
        "综合收益总额_万元": null,
        "归母综合收益总额_万元": null
    },
    "现金流量表": {
        "销售商品收到现金_万元": 415947.878936,
        "收到的税费返还_万元": 332.904801,
        "收到其他经营活动现金_万元": 11991.447418,
        "经营活动现金流入_万元": 428272.231155,
        "购买商品支付现金_万元": 246220.987285,
        "支付职工现金_万元": 44309.211493,
        "支付税费_万元": 45763.869814,
        "支付其他经营活动现金_万元": 79734.789034,
        "经营活动现金流出_万元": 416028.857626,
        "经营现金流净额_万元": 12243.373529,
        "经营现金流净额同比增长_百分比": 37.48,
        "收回投资现金_万元": 4964.855704,
        "取得投资收益现金_万元": 10808.302174,
        "处置资产收回现金_万元": 18.601744,
        "收到其他投资活动现金_万元": null,
        "投资活动现金流入_万元": 15791.759622,
        "投资支付现金_万元": 58000.0,
        "购建资产支付现金_万元": 6510.023489,
        "支付其他投资活动现金_万元": null,
        "投资活动现金流出_万元": 64510.023489,
        "投资现金流净额_万元": -48718.263867,
        "吸收投资现金_万元": 288.0,
        "取得借款现金_万元": 56905.765271,
        "收到其他筹资活动现金_万元": null,
        "筹资活动现金流入_万元": 57193.765271,
        "偿还债务现金_万元": 2249.301687,
        "分配股利现金_万元": 86621.76487,
        "支付其他筹资活动现金_万元": 2766.183556,
        "筹资活动现金流出_万元": 91637.250113,
        "融资现金流净额_万元": -34443.484842,
        "汇率变动影响_万元": -82.191494,
        "现金及等价物净增加额_万元": -71000.566674,
        "净现金流_元": null,
        "净现金流同比增长_百分比": null,
        "期初现金及等价物_万元": 271153.31415,
        "期末现金及等价物_万元": 200152.747476,
        "经营现金流占比_百分比": null,
        "投资现金流占比_百分比": null,
        "融资现金流占比_百分比": null
    }
}