{
    "报告信息": {
        "序号": null,
        "股票代码": "600351",
        "股票简称": "亚宝药业",
        "报告年份": "2024",
        "报告期": "年度报告",
        "总股本_股": 770000023,
        "流通股本_股": null,
        "报告日期": "2024-04-24",
        "审计意见": "标准无保留意见",
        "会计师事务所": "致同会计师事务所（特殊普通合伙）",
        "期": "FY"
    },
    "核心业绩指标": {
        "每股收益_元": 0.2615,
        "稀释每股收益_元": null,
        "营业总收入_万元": 290976.525674,
        "营业总收入_亿元": 29.0976525674,
        "营收同比增长_百分比": 7.05,
        "营收环比增长_百分比": null,
        "净利润_万元": 17991.368523,
        "净利润_亿元": 1.7991368523,
        "净利润同比增长_百分比": 72.0,
        "净利润环比增长_百分比": null,
        "归母净利润_万元": 19958.57898,
        "少数股东损益_万元": -1967.210457,
        "每股净资产_元": null,
        "净资产收益率_百分比": null,
        "扣非净资产收益率_百分比": null,
        "每股经营现金流_元": null,
        "扣非净利润_万元": 18014.722832,
        "扣非净利润同比增长_百分比": 106.11,
        "销售毛利率_百分比": 57.85,
        "销售净利率_百分比": 6.18,
        "加权平均净资产收益率_百分比": 6.66,
        "扣非加权净资产收益率_百分比": 6.01,
        "总资产收益率_百分比": null,
        "主营业务收入_万元": 288030.543075,
        "主营业务成本_万元": 120916.700214,
        "主营业务利润_万元": null
    },
    "资产负债表": {
        "货币资金_万元": 61764.256991,
        "应收账款_万元": 34681.246884,
        "应收票据_万元": null,
        "应收款项融资_万元": 25450.346068,
        "预付款项_万元": 4823.020208,
        "其他应收款_万元": 2709.803818,
        "存货_万元": 44213.034325,
        "合同资产_万元": null,
        "一年内到期的非流动资产_万元": null,
        "其他流动资产_万元": 1662.562227,
        "流动资产合计_万元": 167835.284505,
        "交易性金融资产_万元": 21120.836478,
        "债权投资_万元": null,
        "其他债权投资_万元": null,
        "长期应收款_万元": null,
        "长期股权投资_万元": 13900.739655,
        "其他权益工具投资_万元": 2750.053405,
        "投资性房地产_万元": 4044.1873,
        "固定资产_万元": 124331.804209,
        "在建工程_万元": 5741.012352,
        "生产性生物资产_万元": null,
        "油气资产_万元": null,
        "使用权资产_万元": 724.30628,
        "无形资产_万元": 15495.572732,
        "开发支出_万元": 15081.255955,
        "商誉_万元": 2626.80202,
        "长期待摊费用_万元": 498.540758,
        "递延所得税资产_万元": 3119.767807,
        "其他非流动资产_万元": 624.521428,
        "非流动资产合计_万元": 224040.882389,
        "总资产_万元": 391876.166894,
        "总资产同比增长_百分比": -1.83,
        "短期借款_万元": 20022.0,
        "交易性金融负债_万元": null,
        "应付票据_万元": 5872.0,
        "应付账款_万元": 16280.677182,
        "预收款项_万元": 99.617605,
        "合同负债_万元": 6632.536243,
        "应付职工薪酬_万元": 7997.178261,
        "应交税费_万元": 1237.147821,
        "其他应付款_万元": 16829.657885,
        "一年内到期的非流动负债_万元": 541.213175,
        "其他流动负债_万元": 3034.37124,
        "流动负债合计_万元": 75891.97687,
        "长期借款_万元": null,
        "应付债券_万元": null,
        "租赁负债_万元": 336.917697,
        "长期应付款_万元": 1871.5936,
        "预计负债_万元": null,
        "递延收益_万元": 4352.510142,
        "递延所得税负债_万元": 925.660524,
        "其他非流动负债_万元": null,
        "非流动负债合计_万元": 3434.016831,
        "总负债_万元": 79325.993701,
        "总负债同比增长_百分比": -11.05,
        "资产负债率_百分比": 20.24,
        "实收资本_万元": 77000.0023,
        "资本公积_万元": 100474.023643,
        "盈余公积_万元": 26397.586066,
        "未分配利润_万元": 124359.377047,
        "其他综合收益_万元": -2441.045452,
        "专项储备_万元": null,
        "归属于母公司所有者权益合计_万元": 297618.851038,
        "少数股东权益_万元": 1711.738487,
        "股东权益合计_万元": 312550.173193
    },
    "利润表": {
        "营业总收入_万元": 290976.525674,
        "营业收入_万元": 290976.525674,
        "营业总收入同比增长_百分比": 7.05,
        "营业成本_万元": 122634.185174,
        "税金及附加_万元": 3528.595929,
        "销售费用_万元": 97169.061815,
        "管理费用_万元": 26590.90823,
        "研发费用_万元": 11828.986923,
        "财务费用_万元": 322.313654,
        "其中利息费用_万元": 1229.823282,
        "其中利息收入_万元": 948.687216,
        "其他收益_万元": 3321.169129,
        "投资收益_万元": -276.351628,
        "其中对联营企业投资收益_万元": -41.162904,
        "公允价值变动收益_万元": -258.203412,
        "信用减值损失_万元": 207.144577,
        "资产减值损失_万元": -9374.925415,
        "资产处置收益_万元": 112.196035,
        "营业总支出_万元": 262074.051725,
        "营业利润_万元": 22633.503235,
        "营业外收入_万元": 295.4428462,
        "营业外支出_万元": 1030.809432,
        "利润总额_万元": 21898.122265,
        "所得税费用_万元": 3906.753742,
        "净利润_万元": 17991.368523,
        "归母净利润_万元": 19958.57898,
        "少数股东损益_万元": -1967.210457,
        "持续经营净利润_万元": 17991.368523,
        "终止经营净利润_万元": null,
        "其他综合收益_万元": -440.269814,
        "综合收益总额_万元": 17551.098709,
        "归母综合收益总额_万元": 19518.309166
    },
    "现金流量表": {
        "销售商品收到现金_万元": 281159.651253,
        "收到的税费返还_万元": 286.008238,
        "收到其他经营活动现金_万元": 8550.814387,
        "经营活动现金流入_万元": 289996.473878,
        "购买商品支付现金_万元": 77116.429278,
        "支付职工现金_万元": 48594.939413,
        "支付税费_万元": 28888.274969,
        "支付其他经营活动现金_万元": 85641.472235,
        "经营活动现金流出_万元": 240241.115895,
        "经营现金流净额_万元": 49755.357983,
        "经营现金流净额同比增长_百分比": 8.06,
        "收回投资现金_万元": 6101.709818,
        "取得投资收益现金_万元": 40.420987,
        "处置资产收回现金_万元": 1458.843634,
        "收到其他投资活动现金_万元": null,
        "投资活动现金流入_万元": 7600.974439,
        "投资支付现金_万元": 10352.613787,
        "购建资产支付现金_万元": 9985.514675,
        "支付其他投资活动现金_万元": null,
        "投资活动现金流出_万元": 20338.128462,
        "投资现金流净额_万元": -12737.154023,
        "吸收投资现金_万元": null,
        "取得借款现金_万元": 34860.0,
        "收到其他筹资活动现金_万元": null,
        "筹资活动现金流入_万元": 34860.0,
        "偿还债务现金_万元": 58940.0,
        "分配股利现金_万元": 5126.329181,
        "支付其他筹资活动现金_万元": 15468.921666,
        "筹资活动现金流出_万元": 79535.250847,
        "融资现金流净额_万元": -44675.250847,
        "汇率变动影响_万元": 1.283496,
        "现金及等价物净增加额_万元": -7655.763391,
        "净现金流_元": null,
        "净现金流同比增长_百分比": null,
        "期初现金及等价物_万元": 64202.137652,
        "期末现金及等价物_万元": 56546.374261,
        "经营现金流占比_百分比": 649.88,
        "投资现金流占比_百分比": -166.44,
        "融资现金流占比_百分比": -583.73
    }
}