{
    "报告信息": {
        "序号": null,
        "股票代码": "600329",
        "股票简称": "达仁堂",
        "报告年份": "2024",
        "报告期": "Q3",
        "总股本_股": 770158276,
        "流通股本_股": null,
        "报告日期": "2024-10-30",
        "审计意见": "未经审计",
        "会计师事务所": null
    },
    "核心业绩指标": {
        "每股收益_元": 1.04,
        "稀释每股收益_元": 1.04,
        "营业总收入_万元": 561093.255642,
        "营业总收入_亿元": 56.1093255642,
        "营收同比增长_百分比": -3.14,
        "营收环比增长_百分比": null,
        "净利润_万元": 79313.420547,
        "净利润_亿元": 7.9313420547,
        "净利润同比增长_百分比": -5.81,
        "净利润环比增长_百分比": null,
        "归母净利润_万元": 80385.581593,
        "少数股东损益_万元": -1072.161046,
        "每股净资产_元": 8.34,
        "净资产收益率_百分比": null,
        "扣非净资产收益率_百分比": null,
        "每股经营现金流_元": 0.737,
        "扣非净利润_万元": 76675.96884,
        "扣非净利润同比增长_百分比": -8.93,
        "销售毛利率_百分比": null,
        "销售净利率_百分比": 14.14,
        "加权平均净资产收益率_百分比": 12.04,
        "扣非加权净资产收益率_百分比": null,
        "总资产收益率_百分比": null,
        "主营业务收入_万元": null,
        "主营业务成本_万元": null,
        "主营业务利润_万元": null
    },
    "资产负债表": {
        "货币资金_万元": 145463.597157,
        "应收账款_万元": 237232.109418,
        "应收票据_万元": 735.140288,
        "应收款项融资_万元": 33646.792923,
        "预付款项_万元": 6291.789616,
        "其他应收款_万元": 19337.707156,
        "存货_万元": 163071.428758,
        "合同资产_万元": null,
        "一年内到期的非流动资产_万元": 4257.248635,
        "其他流动资产_万元": 102167.270632,
        "流动资产合计_万元": 712203.084583,
        "交易性金融资产_万元": null,
        "债权投资_万元": null,
        "其他债权投资_万元": null,
        "长期应收款_万元": null,
        "长期股权投资_万元": 92964.698384,
        "其他权益工具投资_万元": 23.354666,
        "投资性房地产_万元": 1222.616152,
        "固定资产_万元": 100889.324993,
        "在建工程_万元": 44061.143203,
        "生产性生物资产_万元": null,
        "油气资产_万元": null,
        "使用权资产_万元": 400.85122,
        "无形资产_万元": 30509.859806,
        "开发支出_万元": null,
        "商誉_万元": 6591.092433,
        "长期待摊费用_万元": 637.058587,
        "递延所得税资产_万元": 30185.650684,
        "其他非流动资产_万元": 77264.260213,
        "非流动资产合计_万元": 384749.910341,
        "总资产_万元": 1096952.994924,
        "总资产同比增长_百分比": 7.23,
        "短期借款_万元": 102329.5255,
        "交易性金融负债_万元": null,
        "应付票据_万元": 37798.931207,
        "应付账款_万元": 61389.485196,
        "预收款项_万元": null,
        "合同负债_万元": 6350.845435,
        "应付职工薪酬_万元": 29977.646798,
        "应交税费_万元": 15663.952152,
        "其他应付款_万元": 160782.909701,
        "一年内到期的非流动负债_万元": 4204.314145,
        "其他流动负债_万元": 695.439939,
        "流动负债合计_万元": 419193.050073,
        "长期借款_万元": 21496.686364,
        "应付债券_万元": null,
        "租赁负债_万元": 232.614039,
        "长期应付款_万元": 3553.850474,
        "预计负债_万元": null,
        "递延收益_万元": 5595.664424,
        "递延所得税负债_万元": 702.765407,
        "其他非流动负债_万元": null,
        "非流动负债合计_万元": 32370.536433,
        "总负债_万元": 451563.586506,
        "总负债同比增长_百分比": 25.96,
        "资产负债率_百分比": 41.17,
        "实收资本_万元": 77015.8276,
        "资本公积_万元": 97557.104669,
        "盈余公积_万元": 43674.9,
        "未分配利润_万元": 420932.456205,
        "其他综合收益_万元": 3365.808942,
        "专项储备_万元": null,
        "归属于母公司所有者权益合计_万元": 642006.973016,
        "少数股东权益_万元": 3382.435402,
        "股东权益合计_万元": 645389.408418
    },
    "利润表": {
        "营业总收入_万元": 561093.255642,
        "营业收入_万元": 561093.255642,
        "营业总收入同比增长_百分比": -3.14,
        "营业成本_万元": 286342.587753,
        "税金及附加_万元": 5870.551092,
        "销售费用_万元": 147505.243395,
        "管理费用_万元": 34464.637699,
        "研发费用_万元": 9879.743521,
        "财务费用_万元": 585.484121,
        "其中利息费用_万元": 2962.576123,
        "其中利息收入_万元": 2582.00453,
        "其他收益_万元": 1832.917164,
        "投资收益_万元": 17836.569881,
        "其中对联营企业投资收益_万元": 15831.849682,
        "公允价值变动收益_万元": null,
        "信用减值损失_万元": -2935.320702,
        "资产减值损失_万元": -1246.740341,
        "资产处置收益_万元": 10.858998,
        "营业总支出_万元": 484648.247581,
        "营业利润_万元": 91943.293061,
        "营业外收入_万元": 722.360755,
        "营业外支出_万元": 324.535308,
        "利润总额_万元": 92341.118508,
        "所得税费用_万元": 13027.697961,
        "净利润_万元": 79313.420547,
        "归母净利润_万元": 80385.581593,
        "少数股东损益_万元": -1072.161046,
        "持续经营净利润_万元": 79313.420547,
        "终止经营净利润_万元": null,
        "其他综合收益_万元": -68.017571,
        "综合收益总额_万元": 79245.402976,
        "归母综合收益总额_万元": 80317.564022
    },
    "现金流量表": {
        "销售商品收到现金_万元": 604886.270388,
        "收到的税费返还_万元": 705.089649,
        "收到其他经营活动现金_万元": 14487.611225,
        "经营活动现金流入_万元": 620078.971262,
        "购买商品支付现金_万元": 301174.539624,
        "支付职工现金_万元": 71510.110228,
        "支付税费_万元": 61018.584781,
        "支付其他经营活动现金_万元": 129614.836095,
        "经营活动现金流出_万元": 563318.070728,
        "经营现金流净额_万元": 56760.900534,
        "经营现金流净额同比增长_百分比": 599.16,
        "收回投资现金_万元": 4000.0,
        "取得投资收益现金_万元": 17590.844857,
        "处置资产收回现金_万元": 7.9077,
        "收到其他投资活动现金_万元": null,
        "投资活动现金流入_万元": 21598.752557,
        "投资支付现金_万元": 131182.386,
        "购建资产支付现金_万元": 7978.250208,
        "支付其他投资活动现金_万元": null,
        "投资活动现金流出_万元": 139160.636208,
        "投资现金流净额_万元": -117561.883651,
        "吸收投资现金_万元": null,
        "取得借款现金_万元": 105536.586867,
        "收到其他筹资活动现金_万元": null,
        "筹资活动现金流入_万元": 105536.586867,
        "偿还债务现金_万元": 9927.913526,
        "分配股利现金_万元": 98315.560342,
        "支付其他筹资活动现金_万元": 445.083228,
        "筹资活动现金流出_万元": 108688.557096,
        "融资现金流净额_万元": -3151.970229,
        "汇率变动影响_万元": -11.235381,
        "现金及等价物净增加额_万元": -63964.188727,
        "净现金流_元": -639641887.27,
        "净现金流同比增长_百分比": null,
        "期初现金及等价物_万元": 199738.586205,
        "期末现金及等价物_万元": 135774.397478,
        "经营现金流占比_百分比": null,
        "投资现金流占比_百分比": null,
        "融资现金流占比_百分比": null
    }
}