{
    "报告信息": {
        "序号": null,
        "股票代码": "600329",
        "股票简称": "达仁堂",
        "报告年份": "2025",
        "报告期": "第一季度",
        "总股本_股": 770094356,
        "流通股本_股": null,
        "报告日期": "2025-04-28",
        "审计意见": "未经审计",
        "会计师事务所": null,
        "期": "Q1"
    },
    "核心业绩指标": {
        "每股收益_元": 0.49,
        "稀释每股收益_元": 0.49,
        "营业总收入_万元": 145529.995225,
        "营业总收入_亿元": 14.5529995225,
        "营收同比增长_百分比": -30.22,
        "营收环比增长_百分比": null,
        "净利润_万元": 37178.546335,
        "净利润_亿元": 3.7178546335,
        "净利润同比增长_百分比": -3.03,
        "净利润环比增长_百分比": null,
        "归母净利润_万元": 37424.776007,
        "少数股东损益_万元": -246.229672,
        "每股净资产_元": null,
        "净资产收益率_百分比": null,
        "扣非净资产收益率_百分比": null,
        "每股经营现金流_元": null,
        "扣非净利润_万元": 37567.161619,
        "扣非净利润同比增长_百分比": -0.04,
        "销售毛利率_百分比": null,
        "销售净利率_百分比": null,
        "加权平均净资产收益率_百分比": 4.66,
        "扣非加权净资产收益率_百分比": null,
        "总资产收益率_百分比": null,
        "主营业务收入_万元": 145529.995225,
        "主营业务成本_万元": 38047.095617,
        "主营业务利润_万元": null
    },
    "资产负债表": {
        "货币资金_万元": 145456.833222,
        "应收账款_万元": 108557.474445,
        "应收票据_万元": 13769.380358,
        "应收款项融资_万元": 46577.194942,
        "预付款项_万元": 1553.674928,
        "其他应收款_万元": 839.367867,
        "存货_万元": 120490.880735,
        "合同资产_万元": null,
        "一年内到期的非流动资产_万元": 2210.860274,
        "其他流动资产_万元": 130183.021643,
        "流动资产合计_万元": 569638.688414,
        "交易性金融资产_万元": null,
        "债权投资_万元": null,
        "其他债权投资_万元": null,
        "长期应收款_万元": null,
        "长期股权投资_万元": 131629.875455,
        "其他权益工具投资_万元": 5.091275,
        "投资性房地产_万元": 1102.357481,
        "固定资产_万元": 93138.434365,
        "在建工程_万元": 44110.104562,
        "生产性生物资产_万元": null,
        "油气资产_万元": null,
        "使用权资产_万元": 604.793398,
        "无形资产_万元": 29068.688886,
        "开发支出_万元": 4248.310065,
        "商誉_万元": 1230.056624,
        "长期待摊费用_万元": 2397.560739,
        "递延所得税资产_万元": 33949.243548,
        "其他非流动资产_万元": 205663.593215,
        "非流动资产合计_万元": 547148.109613,
        "总资产_万元": 1116786.798027,
        "总资产同比增长_百分比": 3.71,
        "短期借款_万元": 7243.160762,
        "交易性金融负债_万元": null,
        "应付票据_万元": null,
        "应付账款_万元": 26426.958101,
        "预收款项_万元": 11.1904,
        "合同负债_万元": 9475.511987,
        "应付职工薪酬_万元": 26791.034779,
        "应交税费_万元": 19402.877046,
        "其他应付款_万元": 191060.87246,
        "一年内到期的非流动负债_万元": 212.240606,
        "其他流动负债_万元": 4097.735907,
        "流动负债合计_万元": 284721.582048,
        "长期借款_万元": null,
        "应付债券_万元": null,
        "租赁负债_万元": 432.537129,
        "长期应付款_万元": 3053.247338,
        "预计负债_万元": null,
        "递延收益_万元": 5491.437555,
        "递延所得税负债_万元": 573.355086,
        "其他非流动负债_万元": null,
        "非流动负债合计_万元": 9904.457495,
        "总负债_万元": 294626.039543,
        "总负债同比增长_百分比": null,
        "资产负债率_百分比": null,
        "实收资本_万元": 77009.4356,
        "资本公积_万元": 97479.014116,
        "盈余公积_万元": 43674.9,
        "未分配利润_万元": 600927.446232,
        "其他综合收益_万元": 2681.797395,
        "专项储备_万元": null,
        "归属于母公司所有者权益合计_万元": 821772.593343,
        "少数股东权益_万元": 388.165141,
        "股东权益合计_万元": 822160.758484
    },
    "利润表": {
        "营业总收入_万元": 145529.995225,
        "营业收入_万元": 145529.995225,
        "营业总收入同比增长_百分比": -30.22,
        "营业成本_万元": 38047.095617,
        "税金及附加_万元": 2229.813449,
        "销售费用_万元": 54394.265281,
        "管理费用_万元": 8672.803599,
        "研发费用_万元": 2577.834482,
        "财务费用_万元": -46.116977,
        "其中利息费用_万元": 265.787878,
        "其中利息收入_万元": 334.738906,
        "其他收益_万元": 314.62418,
        "投资收益_万元": 5347.512705,
        "其中对联营企业投资收益_万元": 3981.690925,
        "公允价值变动收益_万元": null,
        "信用减值损失_万元": -550.34828,
        "资产减值损失_万元": -880.4176,
        "资产处置收益_万元": -1.882327,
        "营业总支出_万元": 105875.695451,
        "营业利润_万元": 43883.788452,
        "营业外收入_万元": 21.407727,
        "营业外支出_万元": 236.300581,
        "利润总额_万元": 43668.895598,
        "所得税费用_万元": 6490.349263,
        "净利润_万元": 37178.546335,
        "归母净利润_万元": 37424.776007,
        "少数股东损益_万元": -246.229672,
        "持续经营净利润_万元": 37178.546335,
        "终止经营净利润_万元": null,
        "其他综合收益_万元": -11.420548,
        "综合收益总额_万元": 37167.125787,
        "归母综合收益总额_万元": 37413.355459
    },
    "现金流量表": {
        "销售商品收到现金_万元": 120105.040077,
        "收到的税费返还_万元": 14.024934,
        "收到其他经营活动现金_万元": 1688.259862,
        "经营活动现金流入_万元": 121807.324873,
        "购买商品支付现金_万元": 15786.367918,
        "支付职工现金_万元": 23212.568345,
        "支付税费_万元": 15036.727546,
        "支付其他经营活动现金_万元": 32221.90899,
        "经营活动现金流出_万元": 86254.752799,
        "经营现金流净额_万元": 35552.572074,
        "经营现金流净额同比增长_百分比": 498.13,
        "收回投资现金_万元": 57000.0,
        "取得投资收益现金_万元": 517.205556,
        "处置资产收回现金_万元": 5.6845,
        "收到其他投资活动现金_万元": null,
        "投资活动现金流入_万元": 57522.890056,
        "投资支付现金_万元": 214000.0,
        "购建资产支付现金_万元": 2400.488136,
        "支付其他投资活动现金_万元": 25638.935324,
        "投资活动现金流出_万元": 242039.42346,
        "投资现金流净额_万元": -184516.533404,
        "吸收投资现金_万元": null,
        "取得借款现金_万元": 30000.0,
        "收到其他筹资活动现金_万元": null,
        "筹资活动现金流入_万元": 30000.0,
        "偿还债务现金_万元": null,
        "分配股利现金_万元": 1.6,
        "支付其他筹资活动现金_万元": 20.718725,
        "筹资活动现金流出_万元": 22.318725,
        "融资现金流净额_万元": -22.318725,
        "汇率变动影响_万元": -0.155626,
        "现金及等价物净增加额_万元": -148986.435681,
        "净现金流_元": null,
        "净现金流同比增长_百分比": null,
        "期初现金及等价物_万元": 294443.268621,
        "期末现金及等价物_万元": 145456.83294,
        "经营现金流占比_百分比": null,
        "投资现金流占比_百分比": null,
        "融资现金流占比_百分比": null
    }
}