{
    "报告信息": {
        "序号": null,
        "股票代码": "600332",
        "股票简称": "白云山",
        "报告年份": "2023",
        "报告期": "FY",
        "总股本_股": 1625790949,
        "流通股本_股": null,
        "报告日期": "2023年3月",
        "审计意见": "标准无保留意见",
        "会计师事务所": "大信会计师事务所（特殊普通合伙）"
    },
    "核心业绩指标": {
        "每股收益_元": 2.44,
        "稀释每股收益_元": 2.44,
        "营业总收入_万元": 70788155,
        "营业总收入_亿元": 707.88155,
        "营收同比增长_百分比": 2.57,
        "营收环比增长_百分比": null,
        "净利润_万元": 5043244,
        "净利润_亿元": 50.43244,
        "净利润同比增长_百分比": 6.78,
        "净利润环比增长_百分比": null,
        "归母净利润_万元": 3966522,
        "少数股东损益_万元": 1076722,
        "每股净资产_元": 19.72,
        "净资产收益率_百分比": 12.37,
        "扣非净资产收益率_百分比": null,
        "每股经营现金流_元": null,
        "扣非净利润_万元": 3319308,
        "扣非净利润同比增长_百分比": 0.39,
        "销售毛利率_百分比": null,
        "销售净利率_百分比": null,
        "加权平均净资产收益率_百分比": 12.97,
        "扣非加权净资产收益率_百分比": 10.85,
        "总资产收益率_百分比": null,
        "主营业务收入_万元": 70550190,
        "主营业务成本_万元": 57452974,
        "主营业务利润_万元": null
    },
    "资产负债表": {
        "货币资金_万元": 22499553,
        "应收账款_万元": 14857592,
        "应收票据_万元": 1127351,
        "应收款项融资_万元": 3182767,
        "预付款项_万元": 836055,
        "其他应收款_万元": 917243,
        "存货_万元": 10671573,
        "合同资产_万元": null,
        "一年内到期的非流动资产_万元": 653116,
        "其他流动资产_万元": 2262190,
        "流动资产合计_万元": 57064312,
        "交易性金融资产_万元": 56873,
        "债权投资_万元": 3164499,
        "其他债权投资_万元": null,
        "长期应收款_万元": null,
        "长期股权投资_万元": 1584063,
        "其他权益工具投资_万元": 109570,
        "投资性房地产_万元": 206705,
        "固定资产_万元": 3709184,
        "在建工程_万元": 2108327,
        "生产性生物资产_万元": 2455,
        "油气资产_万元": null,
        "使用权资产_万元": 750159,
        "无形资产_万元": 2585098,
        "开发支出_万元": 240668,
        "商誉_万元": 829473,
        "长期待摊费用_万元": 166798,
        "递延所得税资产_万元": 865339,
        "其他非流动资产_万元": 239830,
        "非流动资产合计_万元": 74665299,
        "总资产_万元": 74665299,
        "总资产同比增长_百分比": 12.93,
        "短期借款_万元": 8538065,
        "交易性金融负债_万元": null,
        "应付票据_万元": 3760483,
        "应付账款_万元": 11200348,
        "预收款项_万元": null,
        "合同负债_万元": 5644202,
        "应付职工薪酬_万元": 1009350,
        "应交税费_万元": 375711,
        "其他应付款_万元": 4834861,
        "一年内到期的非流动负债_万元": 706732,
        "其他流动负债_万元": 1325366,
        "流动负债合计_万元": 37395116,
        "长期借款_万元": 1639203,
        "应付债券_万元": null,
        "租赁负债_万元": 545843,
        "长期应付款_万元": 20397,
        "预计负债_万元": 47783,
        "递延收益_万元": 930926,
        "递延所得税负债_万元": 394588,
        "其他非流动负债_万元": 53266,
        "非流动负债合计_万元": 3632325,
        "总负债_万元": 41027441,
        "总负债同比增长_百分比": 17.93,
        "资产负债率_百分比": 54.95,
        "实收资本_万元": 1625791,
        "资本公积_万元": 10105714,
        "盈余公积_万元": 2084387,
        "未分配利润_万元": 18262134,
        "其他综合收益_万元": -12901,
        "专项储备_万元": null,
        "归属于母公司所有者权益合计_万元": 32065125,
        "少数股东权益_万元": 1572733,
        "股东权益合计_万元": 33637858
    },
    "利润表": {
        "营业总收入_万元": 70788155,
        "营业收入_万元": null,
        "营业总收入同比增长_百分比": null,
        "营业成本_万元": 57510952,
        "税金及附加_万元": 297662,
        "销售费用_万元": 5875439,
        "管理费用_万元": 2218270,
        "研发费用_万元": 819454,
        "财务费用_万元": -162456,
        "其中利息费用_万元": 434408,
        "其中利息收入_万元": 626789,
        "其他收益_万元": 480423,
        "投资收益_万元": 421175,
        "其中对联营企业投资收益_万元": 136588,
        "公允价值变动收益_万元": -3591,
        "信用减值损失_万元": -45146,
        "资产减值损失_万元": -7984,
        "资产处置收益_万元": 690,
        "营业总支出_万元": null,
        "营业利润_万元": 5074400,
        "营业外收入_万元": 18120,
        "营业外支出_万元": 49276,
        "利润总额_万元": 5043244,
        "所得税费用_万元": 789874,
        "净利润_万元": 4253370,
        "归母净利润_万元": 3966522,
        "少数股东损益_万元": 1076722,
        "持续经营净利润_万元": null,
        "终止经营净利润_万元": null,
        "其他综合收益_万元": null,
        "综合收益总额_万元": null,
        "归母综合收益总额_万元": null
    },
    "现金流量表": {
        "销售商品收到现金_万元": 71970022,
        "收到的税费返还_万元": 61657,
        "收到其他经营活动现金_万元": 1570593,
        "经营活动现金流入_万元": 73602273,
        "购买商品支付现金_万元": 55115480,
        "支付职工现金_万元": 5605753,
        "支付税费_万元": 2820987,
        "支付其他经营活动现金_万元": 3060977,
        "经营活动现金流出_万元": 66603197,
        "经营现金流净额_万元": 6999076,
        "经营现金流净额同比增长_百分比": 23.36,
        "收回投资现金_万元": 684674,
        "取得投资收益现金_万元": 214786,
        "处置资产收回现金_万元": 1495,
        "收到其他投资活动现金_万元": 149606,
        "投资活动现金流入_万元": 1050561,
        "投资支付现金_万元": 6917975,
        "购建资产支付现金_万元": 1383874,
        "支付其他投资活动现金_万元": null,
        "投资活动现金流出_万元": 8303748,
        "投资现金流净额_万元": -7253188,
        "吸收投资现金_万元": 3265,
        "取得借款现金_万元": 9695998,
        "收到其他筹资活动现金_万元": 3748509,
        "筹资活动现金流入_万元": 13447772,
        "偿还债务现金_万元": null,
        "分配股利现金_万元": null,
        "支付其他筹资活动现金_万元": null,
        "筹资活动现金流出_万元": null,
        "融资现金流净额_万元": 45950,
        "汇率变动影响_万元": null,
        "现金及等价物净增加额_万元": -208665,
        "净现金流_元": null,
        "净现金流同比增长_百分比": null,
        "期初现金及等价物_万元": 21013364,
        "期末现金及等价物_万元": 20804699,
        "经营现金流占比_百分比": null,
        "投资现金流占比_百分比": null,
        "融资现金流占比_百分比": null
    }
}