{
    "报告信息": {
        "序号": null,
        "股票代码": "600351",
        "股票简称": "亚宝药业",
        "报告年份": "2024",
        "报告期": "第一季度",
        "总股本_股": 770000023,
        "流通股本_股": null,
        "报告日期": "2024-04-26",
        "审计意见": "未经审计",
        "会计师事务所": null,
        "期": "Q1"
    },
    "核心业绩指标": {
        "每股收益_元": 0.1528,
        "稀释每股收益_元": 0.1528,
        "营业总收入_万元": 77121.341314,
        "营业总收入_亿元": 7.7121341314,
        "营收同比增长_百分比": -3.66,
        "营收环比增长_百分比": null,
        "净利润_万元": 10977.200455,
        "净利润_亿元": 1.0977200455,
        "净利润同比增长_百分比": 1.15,
        "净利润环比增长_百分比": null,
        "归母净利润_万元": 11226.432374,
        "少数股东损益_万元": -249.231919,
        "每股净资产_元": null,
        "净资产收益率_百分比": null,
        "扣非净资产收益率_百分比": null,
        "每股经营现金流_元": null,
        "扣非净利润_万元": 10385.0744,
        "扣非净利润同比增长_百分比": 2.39,
        "销售毛利率_百分比": null,
        "销售净利率_百分比": null,
        "加权平均净资产收益率_百分比": 3.81,
        "扣非加权净资产收益率_百分比": null,
        "总资产收益率_百分比": null,
        "主营业务收入_万元": 77121.341314,
        "主营业务成本_万元": 33633.87518,
        "主营业务利润_万元": null
    },
    "资产负债表": {
        "货币资金_万元": 66568.381465,
        "应收账款_万元": 38024.532977,
        "应收票据_万元": null,
        "应收款项融资_万元": 15574.858006,
        "预付款项_万元": 5899.872403,
        "其他应收款_万元": 2734.308459,
        "存货_万元": 43219.946082,
        "合同资产_万元": null,
        "一年内到期的非流动资产_万元": null,
        "其他流动资产_万元": 1046.513844,
        "流动资产合计_万元": 173088.115436,
        "交易性金融资产_万元": 19.7022,
        "债权投资_万元": null,
        "其他债权投资_万元": null,
        "长期应收款_万元": null,
        "长期股权投资_万元": 13890.755777,
        "其他权益工具投资_万元": 2750.053405,
        "投资性房地产_万元": 3973.362241,
        "固定资产_万元": 121346.430388,
        "在建工程_万元": 5891.651266,
        "生产性生物资产_万元": null,
        "油气资产_万元": null,
        "使用权资产_万元": 630.764249,
        "无形资产_万元": 15200.658604,
        "开发支出_万元": 15094.731367,
        "商誉_万元": 2268.80202,
        "长期待摊费用_万元": 484.035425,
        "递延所得税资产_万元": 3061.038288,
        "其他非流动资产_万元": 554.441379,
        "非流动资产合计_万元": 206622.959404,
        "总资产_万元": 379711.07484,
        "总资产同比增长_百分比": -1.47,
        "短期借款_万元": 20020.9,
        "交易性金融负债_万元": null,
        "应付票据_万元": 561.0,
        "应付账款_万元": 15947.370711,
        "预收款项_万元": 23.727877,
        "合同负债_万元": 4303.373272,
        "应付职工薪酬_万元": 8301.581166,
        "应交税费_万元": 3720.200101,
        "其他应付款_万元": 24210.922976,
        "一年内到期的非流动负债_万元": 508.498895,
        "其他流动负债_万元": 2327.949416,
        "流动负债合计_万元": 79925.524414,
        "长期借款_万元": null,
        "应付债券_万元": null,
        "租赁负债_万元": 127.601007,
        "长期应付款_万元": 1871.5936,
        "预计负债_万元": null,
        "递延收益_万元": 3734.85726,
        "递延所得税负债_万元": 911.419727,
        "其他非流动负债_万元": null,
        "非流动负债合计_万元": 6645.471594,
        "总负债_万元": 86570.996008,
        "总负债同比增长_百分比": 0.63,
        "资产负债率_百分比": 22.8,
        "实收资本_万元": 77000.0023,
        "资本公积_万元": 95509.553007,
        "盈余公积_万元": 26397.586066,
        "未分配利润_万元": 127423.901555,
        "其他综合收益_万元": -2441.045452,
        "专项储备_万元": null,
        "归属于母公司所有者权益合计_万元": 291677.572264,
        "少数股东权益_万元": 1462.506568,
        "股东权益合计_万元": 293140.078832
    },
    "利润表": {
        "营业总收入_万元": 77121.341314,
        "营业收入_万元": 77121.341314,
        "营业总收入同比增长_百分比": -3.66,
        "营业成本_万元": 33633.87518,
        "税金及附加_万元": 1005.793364,
        "销售费用_万元": 20063.829284,
        "管理费用_万元": 6674.875712,
        "研发费用_万元": 3101.28412,
        "财务费用_万元": -18.123754,
        "其中利息费用_万元": 183.459418,
        "其中利息收入_万元": 205.947168,
        "其他收益_万元": 1119.434924,
        "投资收益_万元": 22.374526,
        "其中对联营企业投资收益_万元": -9.983878,
        "公允价值变动收益_万元": -0.674461,
        "信用减值损失_万元": -83.583603,
        "资产减值损失_万元": -23.53843,
        "资产处置收益_万元": 0.004428,
        "营业总支出_万元": 64461.533906,
        "营业利润_万元": 13693.824792,
        "营业外收入_万元": 57.004261,
        "营业外支出_万元": 12.092426,
        "利润总额_万元": 13738.736627,
        "所得税费用_万元": 2761.536172,
        "净利润_万元": 10977.200455,
        "归母净利润_万元": 11226.432374,
        "少数股东损益_万元": -249.231919,
        "持续经营净利润_万元": 10977.200455,
        "终止经营净利润_万元": null,
        "其他综合收益_万元": null,
        "综合收益总额_万元": 10977.200455,
        "归母综合收益总额_万元": 11226.432374
    },
    "现金流量表": {
        "销售商品收到现金_万元": 73869.789055,
        "收到的税费返还_万元": 130.102274,
        "收到其他经营活动现金_万元": 3685.995069,
        "经营活动现金流入_万元": 77685.886398,
        "购买商品支付现金_万元": 17086.068826,
        "支付职工现金_万元": 12828.877278,
        "支付税费_万元": 6386.701649,
        "支付其他经营活动现金_万元": 13448.4613,
        "经营活动现金流出_万元": 49750.109053,
        "经营现金流净额_万元": 27935.777345,
        "经营现金流净额同比增长_百分比": 195.85,
        "收回投资现金_万元": 74.393269,
        "取得投资收益现金_万元": 119.420402,
        "处置资产收回现金_万元": 13.22,
        "收到其他投资活动现金_万元": null,
        "投资活动现金流入_万元": 207.033671,
        "投资支付现金_万元": 92.62924,
        "购建资产支付现金_万元": 1014.605375,
        "支付其他投资活动现金_万元": null,
        "投资活动现金流出_万元": 1107.234615,
        "投资现金流净额_万元": -900.200944,
        "吸收投资现金_万元": null,
        "取得借款现金_万元": 9000.0,
        "收到其他筹资活动现金_万元": null,
        "筹资活动现金流入_万元": 9000.0,
        "偿还债务现金_万元": 9000.0,
        "分配股利现金_万元": 179.763889,
        "支付其他筹资活动现金_万元": 17427.763508,
        "筹资活动现金流出_万元": 26607.527397,
        "融资现金流净额_万元": -17607.527397,
        "汇率变动影响_万元": 3.148084,
        "现金及等价物净增加额_万元": 9431.197088,
        "净现金流_元": null,
        "净现金流同比增长_百分比": null,
        "期初现金及等价物_万元": 56546.374261,
        "期末现金及等价物_万元": 65977.571349,
        "经营现金流占比_百分比": null,
        "投资现金流占比_百分比": null,
        "融资现金流占比_百分比": null
    }
}