{
    "报告信息": {
        "序号": null,
        "股票代码": "600351",
        "股票简称": "亚宝药业",
        "报告年份": "2023",
        "报告期": "Q3",
        "总股本_股": 770000023,
        "流通股本_股": 770000023,
        "报告日期": "2023-10-27",
        "审计意见": "未经审计",
        "会计师事务所": null
    },
    "核心业绩指标": {
        "每股收益_元": 0.2792,
        "稀释每股收益_元": 0.2792,
        "营业总收入_万元": 219944.428352,
        "营业总收入_亿元": 21.9944428352,
        "营收同比增长_百分比": 11.49,
        "营收环比增长_百分比": null,
        "净利润_万元": 21250.154438,
        "净利润_亿元": 2.1250154438,
        "净利润同比增长_百分比": 100.11,
        "净利润环比增长_百分比": null,
        "归母净利润_万元": 21381.598255,
        "少数股东损益_万元": -131.443817,
        "每股净资产_元": 3.95,
        "净资产收益率_百分比": 7.06,
        "扣非净资产收益率_百分比": null,
        "每股经营现金流_元": null,
        "扣非净利润_万元": 19613.791016,
        "扣非净利润同比增长_百分比": 102.78,
        "销售毛利率_百分比": 57.0,
        "销售净利率_百分比": 9.66,
        "加权平均净资产收益率_百分比": 7.06,
        "扣非加权净资产收益率_百分比": null,
        "总资产收益率_百分比": null,
        "主营业务收入_万元": null,
        "主营业务成本_万元": null,
        "主营业务利润_万元": null
    },
    "资产负债表": {
        "货币资金_万元": 58343.260403,
        "应收账款_万元": 41037.742497,
        "应收票据_万元": null,
        "应收款项融资_万元": 21813.826424,
        "预付款项_万元": 9818.200428,
        "其他应收款_万元": 4478.333098,
        "存货_万元": 40606.448972,
        "合同资产_万元": null,
        "一年内到期的非流动资产_万元": null,
        "其他流动资产_万元": 920.838102,
        "流动资产合计_万元": 177620.528892,
        "交易性金融资产_万元": 601.878968,
        "债权投资_万元": null,
        "其他债权投资_万元": null,
        "长期应收款_万元": null,
        "长期股权投资_万元": 13911.675678,
        "其他权益工具投资_万元": 3319.112821,
        "投资性房地产_万元": 4115.012359,
        "固定资产_万元": 124731.409573,
        "在建工程_万元": 7191.917431,
        "生产性生物资产_万元": null,
        "油气资产_万元": null,
        "使用权资产_万元": 803.369501,
        "无形资产_万元": 14625.914704,
        "开发支出_万元": 21059.48164,
        "商誉_万元": 2626.80202,
        "长期待摊费用_万元": 29.28429,
        "递延所得税资产_万元": 3556.597451,
        "其他非流动资产_万元": 2203.974643,
        "非流动资产合计_万元": 219556.372708,
        "总资产_万元": 397176.9016,
        "总资产同比增长_百分比": -3.86,
        "短期借款_万元": 23881.958333,
        "交易性金融负债_万元": null,
        "应付票据_万元": 4953.86,
        "应付账款_万元": 15007.185585,
        "预收款项_万元": 71.702401,
        "合同负债_万元": 3797.295074,
        "应付职工薪酬_万元": 6765.424884,
        "应交税费_万元": 3604.352391,
        "其他应付款_万元": 18437.303794,
        "一年内到期的非流动负债_万元": 622.738835,
        "其他流动负债_万元": 4328.509474,
        "流动负债合计_万元": 81470.330771,
        "长期借款_万元": null,
        "应付债券_万元": null,
        "租赁负债_万元": 407.062149,
        "长期应付款_万元": 1871.5936,
        "预计负债_万元": null,
        "递延收益_万元": 4411.160244,
        "递延所得税负债_万元": 946.107077,
        "其他非流动负债_万元": null,
        "非流动负债合计_万元": 7635.92307,
        "总负债_万元": 89106.253841,
        "总负债同比增长_百分比": null,
        "资产负债率_百分比": 22.44,
        "实收资本_万元": 77000.0023,
        "资本公积_万元": 95509.553007,
        "盈余公积_万元": 24251.519459,
        "未分配利润_万元": 119775.862654,
        "其他综合收益_万元": -2010.506381,
        "专项储备_万元": null,
        "归属于母公司所有者权益合计_万元": 304523.142632,
        "少数股东权益_万元": 3547.505127,
        "股东权益合计_万元": 308070.647759
    },
    "利润表": {
        "营业总收入_万元": 219944.428352,
        "营业收入_万元": 219944.428352,
        "营业总收入同比增长_百分比": 11.49,
        "营业成本_万元": 94886.186737,
        "税金及附加_万元": 2776.100346,
        "销售费用_万元": 71075.740262,
        "管理费用_万元": 19857.860648,
        "研发费用_万元": 8457.040125,
        "财务费用_万元": 371.754352,
        "其中利息费用_万元": 1073.456573,
        "其中利息收入_万元": 730.332234,
        "其他收益_万元": 2054.930435,
        "投资收益_万元": -212.213165,
        "其中对联营企业投资收益_万元": -30.226882,
        "公允价值变动收益_万元": -0.223384,
        "信用减值损失_万元": 179.099736,
        "资产减值损失_万元": -108.949872,
        "资产处置收益_万元": 97.033422,
        "营业总支出_万元": null,
        "营业利润_万元": 24529.423054,
        "营业外收入_万元": 115.739361,
        "营业外支出_万元": 163.692993,
        "利润总额_万元": 24481.469422,
        "所得税费用_万元": 3231.314984,
        "净利润_万元": 21250.154438,
        "归母净利润_万元": 21381.598255,
        "少数股东损益_万元": -131.443817,
        "持续经营净利润_万元": 21250.154438,
        "终止经营净利润_万元": null,
        "其他综合收益_万元": -9.730743,
        "综合收益总额_万元": 21240.423695,
        "归母综合收益总额_万元": 21371.867512
    },
    "现金流量表": {
        "销售商品收到现金_万元": 207095.631289,
        "收到的税费返还_万元": 190.768453,
        "收到其他经营活动现金_万元": 7262.39183,
        "经营活动现金流入_万元": 214548.791572,
        "购买商品支付现金_万元": 56684.761692,
        "支付职工现金_万元": 37573.069397,
        "支付税费_万元": 21775.694093,
        "支付其他经营活动现金_万元": 65061.751901,
        "经营活动现金流出_万元": 181095.277083,
        "经营现金流净额_万元": 33453.514489,
        "经营现金流净额同比增长_百分比": 40.75,
        "收回投资现金_万元": 2124.982046,
        "取得投资收益现金_万元": 8.401012,
        "处置资产收回现金_万元": 52.0345,
        "收到其他投资活动现金_万元": null,
        "投资活动现金流入_万元": 2185.417558,
        "投资支付现金_万元": 6894.631062,
        "购建资产支付现金_万元": 8005.994911,
        "支付其他投资活动现金_万元": null,
        "投资活动现金流出_万元": 14900.625973,
        "投资现金流净额_万元": -12715.208415,
        "吸收投资现金_万元": null,
        "取得借款现金_万元": 34860.0,
        "收到其他筹资活动现金_万元": null,
        "筹资活动现金流入_万元": 34860.0,
        "偿还债务现金_万元": 53980.0,
        "分配股利现金_万元": 4913.766121,
        "支付其他筹资活动现金_万元": 10403.921327,
        "筹资活动现金流出_万元": 69297.687448,
        "融资现金流净额_万元": -34437.687448,
        "汇率变动影响_万元": -1.16147,
        "现金及等价物净增加额_万元": -13700.542844,
        "净现金流_元": null,
        "净现金流同比增长_百分比": null,
        "期初现金及等价物_万元": 64202.137652,
        "期末现金及等价物_万元": 50501.594808,
        "经营现金流占比_百分比": null,
        "投资现金流占比_百分比": null,
        "融资现金流占比_百分比": null
    }
}