{
    "报告信息": {
        "序号": null,
        "股票代码": "600332",
        "股票简称": "白云山",
        "报告年份": "2024",
        "报告期": "Q1",
        "总股本_股": 1625790949,
        "流通股本_股": null,
        "报告日期": "2024-04-27",
        "审计意见": "未经审计",
        "会计师事务所": null
    },
    "核心业绩指标": {
        "每股收益_元": 1.204,
        "稀释每股收益_元": 1.204,
        "营业总收入_万元": 2294621.189184,
        "营业总收入_亿元": 229.4621189184,
        "营收同比增长_百分比": 6.09,
        "营收环比增长_百分比": null,
        "净利润_万元": 203172.492791,
        "净利润_亿元": 20.3172492791,
        "净利润同比增长_百分比": null,
        "净利润环比增长_百分比": null,
        "归母净利润_万元": 195811.812391,
        "少数股东损益_万元": 7360.6804,
        "每股净资产_元": null,
        "净资产收益率_百分比": null,
        "扣非净资产收益率_百分比": null,
        "每股经营现金流_元": null,
        "扣非净利润_万元": 183354.1,
        "扣非净利润同比增长_百分比": 0.33,
        "销售毛利率_百分比": null,
        "销售净利率_百分比": null,
        "加权平均净资产收益率_百分比": 5.45,
        "扣非加权净资产收益率_百分比": null,
        "总资产收益率_百分比": null,
        "主营业务收入_万元": null,
        "主营业务成本_万元": null,
        "主营业务利润_万元": null
    },
    "资产负债表": {
        "货币资金_万元": 1975446.08651,
        "应收账款_万元": 1671557.29299,
        "应收票据_万元": 77748.331187,
        "应收款项融资_万元": 507773.974873,
        "预付款项_万元": 98277.200146,
        "其他应收款_万元": 111634.316944,
        "存货_万元": 984875.59184,
        "合同资产_万元": null,
        "一年内到期的非流动资产_万元": 28395.645897,
        "其他流动资产_万元": 139873.03321,
        "流动资产合计_万元": 5595981.473597,
        "交易性金融资产_万元": 400.0,
        "债权投资_万元": 645404.439827,
        "其他债权投资_万元": null,
        "长期应收款_万元": null,
        "长期股权投资_万元": 182610.525949,
        "其他权益工具投资_万元": 10447.81754,
        "投资性房地产_万元": 15005.728164,
        "固定资产_万元": 434846.062037,
        "在建工程_万元": 251740.713996,
        "生产性生物资产_万元": 201.83025,
        "油气资产_万元": null,
        "使用权资产_万元": 70632.420847,
        "无形资产_万元": 286817.524395,
        "开发支出_万元": 33301.787102,
        "商誉_万元": 82947.30669,
        "长期待摊费用_万元": 18574.055777,
        "递延所得税资产_万元": 119152.268725,
        "其他非流动资产_万元": 21267.352123,
        "非流动资产合计_万元": 2274367.553253,
        "总资产_万元": 7870349.02685,
        "总资产同比增长_百分比": 0.15,
        "短期借款_万元": 948123.512145,
        "交易性金融负债_万元": null,
        "应付票据_万元": 385432.411988,
        "应付账款_万元": 1128780.3297,
        "预收款项_万元": null,
        "合同负债_万元": 184903.520143,
        "应付职工薪酬_万元": 95968.319958,
        "应交税费_万元": 71311.489401,
        "其他应付款_万元": 549344.466347,
        "一年内到期的非流动负债_万元": 25306.412827,
        "其他流动负债_万元": 22823.51829,
        "流动负债合计_万元": 3412001.680799,
        "长期借款_万元": 350978.784191,
        "应付债券_万元": null,
        "租赁负债_万元": 55951.067477,
        "长期应付款_万元": 1966.69646,
        "预计负债_万元": 5569.982385,
        "递延收益_万元": 102508.416331,
        "递延所得税负债_万元": 64587.299381,
        "其他非流动负债_万元": 5430.355422,
        "非流动负债合计_万元": 587021.938747,
        "总负债_万元": 3999023.619546,
        "总负债同比增长_百分比": null,
        "资产负债率_百分比": null,
        "实收资本_万元": 162579.0949,
        "资本公积_万元": 1010571.44309,
        "盈余公积_万元": 225206.170415,
        "未分配利润_万元": 2291744.893301,
        "其他综合收益_万元": -2290.787047,
        "专项储备_万元": null,
        "归属于母公司所有者权益合计_万元": 3687810.814659,
        "少数股东权益_万元": 183514.592645,
        "股东权益合计_万元": 3871325.407304
    },
    "利润表": {
        "营业总收入_万元": 2294621.189184,
        "营业收入_万元": 2294621.189184,
        "营业总收入同比增长_百分比": 6.09,
        "营业成本_万元": 1786726.272547,
        "税金及附加_万元": 10086.083737,
        "销售费用_万元": 188823.800811,
        "管理费用_万元": 64407.958564,
        "研发费用_万元": 18613.900055,
        "财务费用_万元": -1990.973015,
        "其中利息费用_万元": 10643.249408,
        "其中利息收入_万元": 12816.873965,
        "其他收益_万元": 13858.618723,
        "投资收益_万元": 10211.964977,
        "其中对联营企业投资收益_万元": 2354.786634,
        "公允价值变动收益_万元": 824.103322,
        "信用减值损失_万元": -6903.997345,
        "资产减值损失_万元": -722.080145,
        "资产处置收益_万元": 2.328204,
        "营业总支出_万元": 2066670.426699,
        "营业利润_万元": 245225.084221,
        "营业外收入_万元": 427.8711,
        "营业外支出_万元": 418.768644,
        "利润总额_万元": 245234.186677,
        "所得税费用_万元": 42061.693886,
        "净利润_万元": 203172.492791,
        "归母净利润_万元": 195811.812391,
        "少数股东损益_万元": 7360.6804,
        "持续经营净利润_万元": 203172.492791,
        "终止经营净利润_万元": null,
        "其他综合收益_万元": 150.68217,
        "综合收益总额_万元": 203323.174961,
        "归母综合收益总额_万元": 195955.472302
    },
    "现金流量表": {
        "销售商品收到现金_万元": 1638018.490484,
        "收到的税费返还_万元": 290.192183,
        "收到其他经营活动现金_万元": 40690.055181,
        "经营活动现金流入_万元": 1678998.737848,
        "购买商品支付现金_万元": 1655630.05471,
        "支付职工现金_万元": 174432.251663,
        "支付税费_万元": 83238.232722,
        "支付其他经营活动现金_万元": 79083.909669,
        "经营活动现金流出_万元": 1992817.399525,
        "经营现金流净额_万元": -313818.661677,
        "经营现金流净额同比增长_百分比": -10.54,
        "收回投资现金_万元": 4300.0,
        "取得投资收益现金_万元": 3269.548798,
        "处置资产收回现金_万元": 8.004065,
        "收到其他投资活动现金_万元": null,
        "投资活动现金流入_万元": 7577.552863,
        "投资支付现金_万元": 4000.0,
        "购建资产支付现金_万元": 31877.232951,
        "支付其他投资活动现金_万元": null,
        "投资活动现金流出_万元": 35877.232951,
        "投资现金流净额_万元": -28299.680088,
        "吸收投资现金_万元": 521.0,
        "取得借款现金_万元": 525482.417206,
        "收到其他筹资活动现金_万元": 101367.957275,
        "筹资活动现金流入_万元": 627371.374481,
        "偿还债务现金_万元": 325124.018193,
        "分配股利现金_万元": 8328.619174,
        "支付其他筹资活动现金_万元": 99953.190228,
        "筹资活动现金流出_万元": 433405.827595,
        "融资现金流净额_万元": 193965.546886,
        "汇率变动影响_万元": 243.215943,
        "现金及等价物净增加额_万元": -147909.578936,
        "净现金流_元": null,
        "净现金流同比增长_百分比": null,
        "期初现金及等价物_万元": 1982354.379472,
        "期末现金及等价物_万元": 183444.4800536,
        "经营现金流占比_百分比": null,
        "投资现金流占比_百分比": null,
        "融资现金流占比_百分比": null
    }
}