{
    "报告信息": {
        "序号": null,
        "股票代码": "600332",
        "股票简称": "白云山",
        "报告年份": "2024",
        "报告期": "第三季度",
        "总股本_股": 1625790949,
        "流通股本_股": null,
        "报告日期": "2024年10月26日",
        "审计意见": "未经审计",
        "会计师事务所": null,
        "期": "Q3"
    },
    "核心业绩指标": {
        "每股收益_元": 1.943,
        "稀释每股收益_元": 1.943,
        "营业总收入_万元": 5906000.030402,
        "营业总收入_亿元": 590.6000030402,
        "营收同比增长_百分比": 1.5,
        "营收环比增长_百分比": null,
        "净利润_万元": 328944.065747,
        "净利润_亿元": 32.8944065747,
        "净利润同比增长_百分比": -16.28,
        "净利润环比增长_百分比": null,
        "归母净利润_万元": 315897.699891,
        "少数股东损益_万元": 13046.365856,
        "每股净资产_元": null,
        "净资产收益率_百分比": null,
        "扣非净资产收益率_百分比": null,
        "每股经营现金流_元": null,
        "扣非净利润_万元": 285583.1,
        "扣非净利润同比增长_百分比": -16.95,
        "销售毛利率_百分比": null,
        "销售净利率_百分比": null,
        "加权平均净资产收益率_百分比": 8.81,
        "扣非加权净资产收益率_百分比": null,
        "总资产收益率_百分比": null,
        "主营业务收入_万元": 5906000.030402,
        "主营业务成本_万元": 4860374.132607,
        "主营业务利润_万元": null
    },
    "资产负债表": {
        "货币资金_万元": 1718762.112803,
        "应收账款_万元": 1668245.360294,
        "应收票据_万元": 66164.695952,
        "应收款项融资_万元": 369155.535671,
        "预付款项_万元": 64822.821186,
        "其他应收款_万元": 97140.961958,
        "存货_万元": 1134334.300198,
        "合同资产_万元": null,
        "一年内到期的非流动资产_万元": 27258.308755,
        "其他流动资产_万元": 157743.11995,
        "流动资产合计_万元": 5305027.216767,
        "交易性金融资产_万元": 1400.0,
        "债权投资_万元": 957287.021664,
        "其他债权投资_万元": null,
        "长期应收款_万元": null,
        "长期股权投资_万元": 192593.385441,
        "其他权益工具投资_万元": 10439.589353,
        "投资性房地产_万元": 14766.099148,
        "固定资产_万元": 435695.054378,
        "在建工程_万元": 283105.440786,
        "生产性生物资产_万元": 184.35975,
        "油气资产_万元": null,
        "使用权资产_万元": 63756.092604,
        "无形资产_万元": 284192.532968,
        "开发支出_万元": 36638.076341,
        "商誉_万元": 83085.460498,
        "长期待摊费用_万元": 18872.229755,
        "递延所得税资产_万元": 116958.579171,
        "其他非流动资产_万元": 20617.413028,
        "非流动资产合计_万元": 2620526.833203,
        "总资产_万元": 7925554.04997,
        "总资产同比增长_百分比": 0.85,
        "短期借款_万元": 941470.361184,
        "交易性金融负债_万元": null,
        "应付票据_万元": 365308.193096,
        "应付账款_万元": 1269413.110918,
        "预收款项_万元": 525.453028,
        "合同负债_万元": 120635.023866,
        "应付职工薪酬_万元": 105045.884931,
        "应交税费_万元": 37352.030707,
        "其他应付款_万元": 628026.148759,
        "一年内到期的非流动负债_万元": null,
        "其他流动负债_万元": null,
        "流动负债合计_万元": 3626057.889235,
        "长期借款_万元": 264514.894645,
        "应付债券_万元": null,
        "租赁负债_万元": 51229.629507,
        "长期应付款_万元": 1966.69646,
        "预计负债_万元": 5935.308164,
        "递延收益_万元": 100362.050646,
        "递延所得税负债_万元": 64736.059944,
        "其他非流动负债_万元": 5413.611841,
        "非流动负债合计_万元": 494187.434268,
        "总负债_万元": 4120245.323503,
        "总负债同比增长_百分比": null,
        "资产负债率_百分比": null,
        "实收资本_万元": 162579.0949,
        "资本公积_万元": 1011372.170621,
        "盈余公积_万元": 225206.170512,
        "未分配利润_万元": 2225027.400761,
        "其他综合收益_万元": -1940.332178,
        "专项储备_万元": null,
        "归属于母公司所有者权益合计_万元": 3622244.504616,
        "少数股东权益_万元": 183064.221851,
        "股东权益合计_万元": 3805308.726467
    },
    "利润表": {
        "营业总收入_万元": 5906000.030402,
        "营业收入_万元": 5906000.030402,
        "营业总收入同比增长_百分比": 1.5,
        "营业成本_万元": 4860374.132607,
        "税金及附加_万元": 23535.607529,
        "销售费用_万元": 423070.484048,
        "管理费用_万元": 175891.210937,
        "研发费用_万元": 57851.307886,
        "财务费用_万元": 204.270664,
        "其中利息费用_万元": 31747.476311,
        "其中利息收入_万元": 32377.347237,
        "其他收益_万元": 22274.817569,
        "投资收益_万元": 19139.877112,
        "其中对联营企业投资收益_万元": -1931.571549,
        "公允价值变动收益_万元": 2810.890142,
        "信用减值损失_万元": -8786.17283,
        "资产减值损失_万元": -478.903018,
        "资产处置收益_万元": 73.309893,
        "营业总支出_万元": null,
        "营业利润_万元": 400106.835599,
        "营业外收入_万元": 2809.331369,
        "营业外支出_万元": 2312.386733,
        "利润总额_万元": 400603.780235,
        "所得税费用_万元": 71659.714488,
        "净利润_万元": 328944.065747,
        "归母净利润_万元": 315897.699891,
        "少数股东损益_万元": 13046.365856,
        "持续经营净利润_万元": 328944.065747,
        "终止经营净利润_万元": null,
        "其他综合收益_万元": 545.103855,
        "综合收益总额_万元": 329489.169602,
        "归母综合收益总额_万元": 316391.814673
    },
    "现金流量表": {
        "销售商品收到现金_万元": 5385342.026889,
        "收到的税费返还_万元": 671.695005,
        "收到其他经营活动现金_万元": 115884.811431,
        "经营活动现金流入_万元": 5501898.533325,
        "购买商品支付现金_万元": 4710993.588403,
        "支付职工现金_万元": 443564.430185,
        "支付税费_万元": 225141.577294,
        "支付其他经营活动现金_万元": 197335.160463,
        "经营活动现金流出_万元": 5577034.756345,
        "经营现金流净额_万元": -75136.22302,
        "经营现金流净额同比增长_百分比": -183.33,
        "收回投资现金_万元": 59000.0,
        "取得投资收益现金_万元": 10727.51708,
        "处置资产收回现金_万元": 106.429437,
        "收到其他投资活动现金_万元": 0.103965,
        "投资活动现金流入_万元": 69834.050482,
        "投资支付现金_万元": 412460.427865,
        "购建资产支付现金_万元": 81197.635703,
        "支付其他投资活动现金_万元": 156.54113,
        "投资活动现金流出_万元": 493814.604698,
        "投资现金流净额_万元": -423980.554216,
        "吸收投资现金_万元": 3116.0,
        "取得借款现金_万元": 850262.092735,
        "收到其他筹资活动现金_万元": 58.543569,
        "筹资活动现金流入_万元": 853436.636304,
        "偿还债务现金_万元": 618328.159678,
        "分配股利现金_万元": 154881.079249,
        "支付其他筹资活动现金_万元": 21496.464128,
        "筹资活动现金流出_万元": 794705.703055,
        "融资现金流净额_万元": null,
        "汇率变动影响_万元": null,
        "现金及等价物净增加额_万元": -439884.811652,
        "净现金流_元": null,
        "净现金流同比增长_百分比": null,
        "期初现金及等价物_万元": 1982354.379472,
        "期末现金及等价物_万元": 1542469.56782,
        "经营现金流占比_百分比": null,
        "投资现金流占比_百分比": null,
        "融资现金流占比_百分比": null
    }
}