{
    "报告信息": {
        "序号": null,
        "股票代码": "600422",
        "股票简称": "昆药集团",
        "报告年份": "2024",
        "报告期": "Q1",
        "总股本_股": null,
        "流通股本_股": null,
        "报告日期": null,
        "审计意见": "未经审计",
        "会计师事务所": null
    },
    "核心业绩指标": {
        "每股收益_元": 0.16,
        "稀释每股收益_元": 0.16,
        "营业总收入_万元": 185263.798331,
        "营业总收入_亿元": null,
        "营收同比增长_百分比": -3.01,
        "营收环比增长_百分比": null,
        "净利润_万元": 12097.165995,
        "净利润_亿元": null,
        "净利润同比增长_百分比": null,
        "净利润环比增长_百分比": null,
        "归母净利润_万元": 11869.345455,
        "少数股东损益_万元": 227.82054,
        "每股净资产_元": null,
        "净资产收益率_百分比": null,
        "扣非净资产收益率_百分比": null,
        "每股经营现金流_元": null,
        "扣非净利润_万元": 11288.125041,
        "扣非净利润同比增长_百分比": 9.11,
        "销售毛利率_百分比": null,
        "销售净利率_百分比": null,
        "加权平均净资产收益率_百分比": 2.22,
        "扣非加权净资产收益率_百分比": null,
        "总资产收益率_百分比": null,
        "主营业务收入_万元": null,
        "主营业务成本_万元": null,
        "主营业务利润_万元": null
    },
    "资产负债表": {
        "货币资金_万元": 95983.011281,
        "应收账款_万元": 298628.923028,
        "应收票据_万元": 7429.018384,
        "应收款项融资_万元": 18013.01725,
        "预付款项_万元": 12417.062185,
        "其他应收款_万元": 12191.755347,
        "存货_万元": 178650.759386,
        "合同资产_万元": null,
        "一年内到期的非流动资产_万元": null,
        "其他流动资产_万元": 7782.218993,
        "流动资产合计_万元": 731384.304011,
        "交易性金融资产_万元": 100288.538157,
        "债权投资_万元": null,
        "其他债权投资_万元": null,
        "长期应收款_万元": null,
        "长期股权投资_万元": 2374.783949,
        "其他权益工具投资_万元": 6973.817238,
        "投资性房地产_万元": 2236.421,
        "固定资产_万元": 105746.049694,
        "在建工程_万元": 10467.745867,
        "生产性生物资产_万元": null,
        "油气资产_万元": null,
        "使用权资产_万元": 6265.671094,
        "无形资产_万元": 31422.613676,
        "开发支出_万元": 20401.11556,
        "商誉_万元": 9172.748111,
        "长期待摊费用_万元": 2172.76746,
        "递延所得税资产_万元": 27179.844338,
        "其他非流动资产_万元": 3709.024727,
        "非流动资产合计_万元": 250698.05906,
        "总资产_万元": 982082.363071,
        "总资产同比增长_百分比": 2.67,
        "短期借款_万元": 73827.667644,
        "交易性金融负债_万元": null,
        "应付票据_万元": 23988.212971,
        "应付账款_万元": 82022.599108,
        "预收款项_万元": null,
        "合同负债_万元": 8029.459367,
        "应付职工薪酬_万元": 19478.046799,
        "应交税费_万元": 21474.258588,
        "其他应付款_万元": 143934.016613,
        "一年内到期的非流动负债_万元": 1967.631424,
        "其他流动负债_万元": 5024.545105,
        "流动负债合计_万元": 379746.437619,
        "长期借款_万元": 9705.665972,
        "应付债券_万元": null,
        "租赁负债_万元": 4075.062573,
        "长期应付款_万元": null,
        "预计负债_万元": 4439.631247,
        "递延收益_万元": 21065.085407,
        "递延所得税负债_万元": 763.685908,
        "其他非流动负债_万元": 2863.113402,
        "非流动负债合计_万元": 42912.244509,
        "总负债_万元": 422658.682128,
        "总负债同比增长_百分比": null,
        "资产负债率_百分比": null,
        "实收资本_万元": 75711.3997,
        "资本公积_万元": 114950.733914,
        "盈余公积_万元": 37665.965321,
        "未分配利润_万元": 313601.741482,
        "其他综合收益_万元": -419.668405,
        "专项储备_万元": 248.418593,
        "归属于母公司所有者权益合计_万元": 541603.328743,
        "少数股东权益_万元": 17820.3522,
        "股东权益合计_万元": 559423.680943
    },
    "利润表": {
        "营业总收入_万元": 185263.798331,
        "营业收入_万元": 185263.798331,
        "营业总收入同比增长_百分比": -3.01,
        "营业成本_万元": 108954.784812,
        "税金及附加_万元": 1641.828081,
        "销售费用_万元": 47696.208394,
        "管理费用_万元": 7545.672858,
        "研发费用_万元": 1721.545738,
        "财务费用_万元": 633.98269,
        "其中利息费用_万元": 656.593991,
        "其中利息收入_万元": 174.402606,
        "其他收益_万元": 798.284232,
        "投资收益_万元": 77.646659,
        "其中对联营企业投资收益_万元": -4.303336,
        "公允价值变动收益_万元": -32.182357,
        "信用减值损失_万元": -2558.693809,
        "资产减值损失_万元": -626.957701,
        "资产处置收益_万元": 26.796577,
        "营业总支出_万元": null,
        "营业利润_万元": 14754.669359,
        "营业外收入_万元": 75.10249,
        "营业外支出_万元": 50.326955,
        "利润总额_万元": 14779.444894,
        "所得税费用_万元": 2682.278899,
        "净利润_万元": 12097.165995,
        "归母净利润_万元": 11869.345455,
        "少数股东损益_万元": 227.82054,
        "持续经营净利润_万元": 12097.165995,
        "终止经营净利润_万元": null,
        "其他综合收益_万元": -10.424948,
        "综合收益总额_万元": 12086.741047,
        "归母综合收益总额_万元": 11858.920507
    },
    "现金流量表": {
        "销售商品收到现金_万元": 149202.384958,
        "收到的税费返还_万元": 190.85259,
        "收到其他经营活动现金_万元": 6288.030715,
        "经营活动现金流入_万元": 155681.268263,
        "购买商品支付现金_万元": 85715.154569,
        "支付职工现金_万元": 20177.994898,
        "支付税费_万元": 14497.402574,
        "支付其他经营活动现金_万元": 45489.44282,
        "经营活动现金流出_万元": 165879.994861,
        "经营现金流净额_万元": -10198.726598,
        "经营现金流净额同比增长_百分比": 81.69,
        "收回投资现金_万元": 25000,
        "取得投资收益现金_万元": 172.949498,
        "处置资产收回现金_万元": 1.722566,
        "收到其他投资活动现金_万元": null,
        "投资活动现金流入_万元": 25174.672064,
        "投资支付现金_万元": 65000,
        "购建资产支付现金_万元": 956.049747,
        "支付其他投资活动现金_万元": null,
        "投资活动现金流出_万元": 65956.049747,
        "投资现金流净额_万元": -40781.377683,
        "吸收投资现金_万元": null,
        "取得借款现金_万元": 8344.168483,
        "收到其他筹资活动现金_万元": null,
        "筹资活动现金流入_万元": 8344.168483,
        "偿还债务现金_万元": 8075.259867,
        "分配股利现金_万元": 917.90408,
        "支付其他筹资活动现金_万元": 750.884257,
        "筹资活动现金流出_万元": 9744.048204,
        "融资现金流净额_万元": -1399.879721,
        "汇率变动影响_万元": -62.217818,
        "现金及等价物净增加额_万元": -52442.20182,
        "净现金流_元": null,
        "净现金流同比增长_百分比": null,
        "期初现金及等价物_万元": 136593.740337,
        "期末现金及等价物_万元": 84151.538517,
        "经营现金流占比_百分比": null,
        "投资现金流占比_百分比": null,
        "融资现金流占比_百分比": null
    }
}