{
    "报告信息": {
        "序号": null,
        "股票代码": "600422",
        "股票简称": "昆药集团",
        "报告年份": "2023",
        "报告期": "第一季度",
        "总股本_股": 758127769,
        "流通股本_股": null,
        "报告日期": "2023-03-31",
        "审计意见": "未经审计",
        "会计师事务所": null,
        "期": "Q1"
    },
    "核心业绩指标": {
        "每股收益_元": 0.17,
        "稀释每股收益_元": 0.17,
        "营业总收入_万元": 191004.99,
        "营业总收入_亿元": 19.100499,
        "营收同比增长_百分比": -19.19,
        "营收环比增长_百分比": null,
        "净利润_万元": 13421.15,
        "净利润_亿元": 1.342115,
        "净利润同比增长_百分比": 14.47,
        "净利润环比增长_百分比": null,
        "归母净利润_万元": 13102.73,
        "少数股东损益_万元": 318.42,
        "每股净资产_元": 6.75,
        "净资产收益率_百分比": 2.6,
        "扣非净资产收益率_百分比": null,
        "每股经营现金流_元": null,
        "扣非净利润_万元": 10345.3,
        "扣非净利润同比增长_百分比": -2.67,
        "销售毛利率_百分比": 44.24,
        "销售净利率_百分比": 6.86,
        "加权平均净资产收益率_百分比": 2.6,
        "扣非加权净资产收益率_百分比": null,
        "总资产收益率_百分比": null,
        "主营业务收入_万元": 191004.99,
        "主营业务成本_万元": 106655.86,
        "主营业务利润_万元": 16961.17
    },
    "资产负债表": {
        "货币资金_万元": 128120.9,
        "应收账款_万元": 285973.56,
        "应收票据_万元": 13346.99,
        "应收款项融资_万元": 17880.9,
        "预付款项_万元": 19975.33,
        "其他应收款_万元": 16219.99,
        "存货_万元": 171765.04,
        "合同资产_万元": 168070.59,
        "一年内到期的非流动资产_万元": 3920.52,
        "其他流动资产_万元": 4587.85,
        "流动资产合计_万元": 657203.25,
        "交易性金融资产_万元": 0,
        "债权投资_万元": 2392.79,
        "其他债权投资_万元": 7745.04,
        "长期应收款_万元": 7745.04,
        "长期股权投资_万元": 21322.24,
        "其他权益工具投资_万元": 21918.73,
        "投资性房地产_万元": 1707.24,
        "固定资产_万元": 117546.09,
        "在建工程_万元": 6465.13,
        "生产性生物资产_万元": 6974.96,
        "油气资产_万元": null,
        "使用权资产_万元": 5337.39,
        "无形资产_万元": 34429.87,
        "开发支出_万元": 18297.05,
        "商誉_万元": 9172.75,
        "长期待摊费用_万元": 17401.43,
        "递延所得税资产_万元": 2414.22,
        "其他非流动资产_万元": 24560.18,
        "非流动资产合计_万元": 267240.21,
        "总资产_万元": 924443.46,
        "总资产同比增长_百分比": -1.99,
        "短期借款_万元": 63643.08,
        "交易性金融负债_万元": null,
        "应付票据_万元": 35521.95,
        "应付账款_万元": 70807.07,
        "预收款项_万元": null,
        "合同负债_万元": 9565.08,
        "应付职工薪酬_万元": 12870.58,
        "应交税费_万元": 18425.11,
        "其他应付款_万元": 128578.9,
        "一年内到期的非流动负债_万元": 11970.13,
        "其他流动负债_万元": 5579.78,
        "流动负债合计_万元": 356961.66,
        "长期借款_万元": 6009.99,
        "应付债券_万元": null,
        "租赁负债_万元": 4659.92,
        "长期应付款_万元": null,
        "预计负债_万元": 3469.26,
        "递延收益_万元": 20683.39,
        "递延所得税负债_万元": 1895.11,
        "其他非流动负债_万元": 3827.43,
        "非流动负债合计_万元": 40545.1,
        "总负债_万元": 397506.77,
        "总负债同比增长_百分比": -7.45,
        "资产负债率_百分比": 43.0,
        "实收资本_万元": 75812.78,
        "资本公积_万元": 116002.57,
        "盈余公积_万元": 35538.99,
        "未分配利润_万元": 284621.9,
        "其他综合收益_万元": 354.87,
        "专项储备_万元": 248.42,
        "归属于母公司所有者权益合计_万元": 511394.58,
        "少数股东权益_万元": 15542.11,
        "股东权益合计_万元": 526936.69
    },
    "利润表": {
        "营业总收入_万元": 191004.99,
        "营业收入_万元": 191004.99,
        "营业总收入同比增长_百分比": -19.19,
        "营业成本_万元": 106655.86,
        "税金及附加_万元": 1588.24,
        "销售费用_万元": 55003.94,
        "管理费用_万元": 8865.96,
        "研发费用_万元": 1650.61,
        "财务费用_万元": 648.48,
        "其中利息费用_万元": 688.61,
        "其中利息收入_万元": 266.64,
        "其他收益_万元": 1384.0,
        "投资收益_万元": 2435.89,
        "其中对联营企业投资收益_万元": -4.92,
        "公允价值变动收益_万元": -536.65,
        "信用减值损失_万元": -2497.07,
        "资产减值损失_万元": -540.92,
        "资产处置收益_万元": 124.03,
        "营业总支出_万元": 174413.1,
        "营业利润_万元": 16961.17,
        "营业外收入_万元": 31.19,
        "营业外支出_万元": 159.9,
        "利润总额_万元": 16832.46,
        "所得税费用_万元": 3411.31,
        "净利润_万元": 13421.15,
        "归母净利润_万元": 13102.73,
        "少数股东损益_万元": 318.42,
        "持续经营净利润_万元": 13421.15,
        "终止经营净利润_万元": null,
        "其他综合收益_万元": -26.62,
        "综合收益总额_万元": 13394.53,
        "归母综合收益总额_万元": 13076.11
    },
    "现金流量表": {
        "销售商品收到现金_万元": 133235.53,
        "收到的税费返还_万元": 190.45,
        "收到其他经营活动现金_万元": 11963.71,
        "经营活动现金流入_万元": 145389.68,
        "购买商品支付现金_万元": 98649.85,
        "支付职工现金_万元": 18063.31,
        "支付税费_万元": 17329.09,
        "支付其他经营活动现金_万元": 67036.35,
        "经营活动现金流出_万元": 201078.6,
        "经营现金流净额_万元": -55688.92,
        "经营现金流净额同比增长_百分比": -63.2,
        "收回投资现金_万元": 58626.88,
        "取得投资收益现金_万元": 16.63,
        "处置资产收回现金_万元": 0.92,
        "收到其他投资活动现金_万元": null,
        "投资活动现金流入_万元": 58644.43,
        "投资支付现金_万元": 26700.0,
        "购建资产支付现金_万元": 1606.87,
        "支付其他投资活动现金_万元": 7.99,
        "投资活动现金流出_万元": 28314.86,
        "投资现金流净额_万元": 30329.57,
        "吸收投资现金_万元": null,
        "取得借款现金_万元": 13547.79,
        "收到其他筹资活动现金_万元": null,
        "筹资活动现金流入_万元": 13547.79,
        "偿还债务现金_万元": 24339.38,
        "分配股利现金_万元": 669.45,
        "支付其他筹资活动现金_万元": 183.66,
        "筹资活动现金流出_万元": 25192.48,
        "融资现金流净额_万元": -11644.69,
        "汇率变动影响_万元": -75.71,
        "现金及等价物净增加额_万元": -37079.75,
        "净现金流_元": null,
        "净现金流同比增长_百分比": null,
        "期初现金及等价物_万元": 154918.69,
        "期末现金及等价物_万元": 117838.93,
        "经营现金流占比_百分比": null,
        "投资现金流占比_百分比": null,
        "融资现金流占比_百分比": null
    }
}