{
    "报告信息": {
        "序号": null,
        "股票代码": "600422",
        "股票简称": "昆药集团",
        "报告年份": "2025",
        "报告期": "Q1",
        "总股本_股": 756975757,
        "流通股本_股": null,
        "报告日期": "2025-03-31",
        "审计意见": "未经审计",
        "会计师事务所": null
    },
    "核心业绩指标": {
        "每股收益_元": 0.12,
        "稀释每股收益_元": 0.12,
        "营业总收入_万元": 160845.203242,
        "营业总收入_亿元": 1.60845203242,
        "营收同比增长_百分比": -16.53,
        "营收环比增长_百分比": null,
        "净利润_万元": 11355.244159,
        "净利润_亿元": 1.1355244159,
        "净利润同比增长_百分比": -22.08,
        "净利润环比增长_百分比": null,
        "归母净利润_万元": 9048.232186,
        "少数股东损益_万元": 2307.011973,
        "每股净资产_元": 7.06,
        "净资产收益率_百分比": null,
        "扣非净资产收益率_百分比": null,
        "每股经营现金流_元": -0.184,
        "扣非净利润_万元": 7206.142619,
        "扣非净利润同比增长_百分比": -36.16,
        "销售毛利率_百分比": 37.2,
        "销售净利率_百分比": 7.07,
        "加权平均净资产收益率_百分比": 1.71,
        "扣非加权净资产收益率_百分比": null,
        "总资产收益率_百分比": 0.89,
        "主营业务收入_万元": 160845.203242,
        "主营业务成本_万元": 101474.04985,
        "主营业务利润_万元": 14846.394582
    },
    "资产负债表": {
        "货币资金_万元": 119946.14887,
        "应收账款_万元": 340469.761742,
        "应收票据_万元": 8364.896826,
        "应收款项融资_万元": 42387.099789,
        "预付款项_万元": 13931.894325,
        "其他应收款_万元": 14236.420633,
        "存货_万元": 161188.015011,
        "合同资产_万元": null,
        "一年内到期的非流动资产_万元": null,
        "其他流动资产_万元": 16431.032879,
        "流动资产合计_万元": 868072.739548,
        "交易性金融资产_万元": 151117.469473,
        "债权投资_万元": null,
        "其他债权投资_万元": null,
        "长期应收款_万元": null,
        "长期股权投资_万元": 2323.129781,
        "其他权益工具投资_万元": 6714.921053,
        "投资性房地产_万元": 2215.966391,
        "固定资产_万元": 111746.035817,
        "在建工程_万元": 8285.812104,
        "生产性生物资产_万元": null,
        "油气资产_万元": null,
        "使用权资产_万元": 6708.5002,
        "无形资产_万元": 39847.842306,
        "开发支出_万元": 22622.840462,
        "商誉_万元": 150319.515959,
        "长期待摊费用_万元": 1606.04486,
        "递延所得税资产_万元": 26262.033628,
        "其他非流动资产_万元": 2762.787004,
        "非流动资产合计_万元": 402379.676621,
        "总资产_万元": 1270452.416169,
        "总资产同比增长_百分比": 0.74,
        "短期借款_万元": 78432.160197,
        "交易性金融负债_万元": null,
        "应付票据_万元": 43606.098799,
        "应付账款_万元": 64164.630934,
        "预收款项_万元": null,
        "合同负债_万元": 5337.71431,
        "应付职工薪酬_万元": 23796.1235,
        "应交税费_万元": 24952.059814,
        "其他应付款_万元": 214600.756667,
        "一年内到期的非流动负债_万元": 8179.016197,
        "其他流动负债_万元": 12047.283336,
        "流动负债合计_万元": 475115.843754,
        "长期借款_万元": 76251.467265,
        "应付债券_万元": null,
        "租赁负债_万元": 4793.728074,
        "长期应付款_万元": null,
        "预计负债_万元": 614.0348,
        "递延收益_万元": 23250.423928,
        "递延所得税负债_万元": 2127.884196,
        "其他非流动负债_万元": 2064.315178,
        "非流动负债合计_万元": 109226.466329,
        "总负债_万元": 584342.310083,
        "总负债同比增长_百分比": null,
        "资产负债率_百分比": 46.0,
        "实收资本_万元": 75697.5757,
        "资本公积_万元": 52062.00424,
        "盈余公积_万元": 37958.61105,
        "未分配利润_万元": 369224.367719,
        "其他综合收益_万元": -648.357461,
        "专项储备_万元": 248.418593,
        "归属于母公司所有者权益合计_万元": 534542.619841,
        "少数股东权益_万元": 151567.486245,
        "股东权益合计_万元": 686110.106086
    },
    "利润表": {
        "营业总收入_万元": 160845.203242,
        "营业收入_万元": 160845.203242,
        "营业总收入同比增长_百分比": -16.53,
        "营业成本_万元": 101474.04985,
        "税金及附加_万元": 1411.298506,
        "销售费用_万元": 34153.546286,
        "管理费用_万元": 8628.026809,
        "研发费用_万元": 2235.696835,
        "财务费用_万元": 1145.148582,
        "其中利息费用_万元": 1373.205689,
        "其中利息收入_万元": 334.427554,
        "其他收益_万元": 2435.383491,
        "投资收益_万元": -21.816008,
        "其中对联营企业投资收益_万元": -5.724248,
        "公允价值变动收益_万元": 19.427391,
        "信用减值损失_万元": 909.527576,
        "资产减值损失_万元": -293.487047,
        "资产处置收益_万元": -0.077195,
        "营业总支出_万元": 149047.766868,
        "营业利润_万元": 14846.394582,
        "营业外收入_万元": 206.749482,
        "营业外支出_万元": 142.752921,
        "利润总额_万元": 14910.391143,
        "所得税费用_万元": 3555.146984,
        "净利润_万元": 11355.244159,
        "归母净利润_万元": 9048.232186,
        "少数股东损益_万元": 2307.011973,
        "持续经营净利润_万元": 11355.244159,
        "终止经营净利润_万元": null,
        "其他综合收益_万元": 128.104433,
        "综合收益总额_万元": 11483.348592,
        "归母综合收益总额_万元": 9177.7653
    },
    "现金流量表": {
        "销售商品收到现金_万元": 162529.335157,
        "收到的税费返还_万元": 1153.577463,
        "收到其他经营活动现金_万元": 7026.095362,
        "经营活动现金流入_万元": 170709.007982,
        "购买商品支付现金_万元": 102797.930889,
        "支付职工现金_万元": 26547.381555,
        "支付税费_万元": 16731.487187,
        "支付其他经营活动现金_万元": 38576.851224,
        "经营活动现金流出_万元": 184653.650855,
        "经营现金流净额_万元": -13944.642873,
        "经营现金流净额同比增长_百分比": null,
        "收回投资现金_万元": 62237.97487,
        "取得投资收益现金_万元": 279.983962,
        "处置资产收回现金_万元": 104.761939,
        "收到其他投资活动现金_万元": null,
        "投资活动现金流入_万元": 62622.720771,
        "投资支付现金_万元": 165670.0,
        "购建资产支付现金_万元": 1324.802873,
        "支付其他投资活动现金_万元": null,
        "投资活动现金流出_万元": 166994.802873,
        "投资现金流净额_万元": -104372.082102,
        "吸收投资现金_万元": null,
        "取得借款现金_万元": 95362.144138,
        "收到其他筹资活动现金_万元": null,
        "筹资活动现金流入_万元": 95362.144138,
        "偿还债务现金_万元": 9462.077347,
        "分配股利现金_万元": 995.059642,
        "支付其他筹资活动现金_万元": 72214.129786,
        "筹资活动现金流出_万元": 82671.266775,
        "融资现金流净额_万元": 12690.877363,
        "汇率变动影响_万元": 3.509362,
        "现金及等价物净增加额_万元": -105622.33825,
        "净现金流_元": -1056223382.5,
        "净现金流同比增长_百分比": null,
        "期初现金及等价物_万元": 213392.441177,
        "期末现金及等价物_万元": 107770.102927,
        "经营现金流占比_百分比": null,
        "投资现金流占比_百分比": null,
        "融资现金流占比_百分比": null
    }
}