{
    "报告信息": {
        "序号": null,
        "股票代码": "600479",
        "股票简称": "千金药业",
        "报告年份": "2023",
        "报告期": "第一季度",
        "总股本_股": 429887117,
        "流通股本_股": null,
        "报告日期": "2023-04-29",
        "审计意见": "未经审计",
        "会计师事务所": null,
        "期": "Q1"
    },
    "核心业绩指标": {
        "每股收益_元": 0.1021,
        "稀释每股收益_元": 0.1021,
        "营业总收入_万元": 96019.838073,
        "营业总收入_亿元": 9.601983873,
        "营收同比增长_百分比": 0.78,
        "营收环比增长_百分比": null,
        "净利润_万元": 5674.739326,
        "净利润_亿元": 0.567473926,
        "净利润同比增长_百分比": 11.14,
        "净利润环比增长_百分比": null,
        "归母净利润_万元": 4390.668863,
        "少数股东损益_万元": 1284.070463,
        "每股净资产_元": 5.27,
        "净资产收益率_百分比": 1.96,
        "扣非净资产收益率_百分比": null,
        "每股经营现金流_元": -0.451,
        "扣非净利润_万元": 3588.410515,
        "扣非净利润同比增长_百分比": 0.54,
        "销售毛利率_百分比": 44.27,
        "销售净利率_百分比": 5.93,
        "加权平均净资产收益率_百分比": 1.96,
        "扣非加权净资产收益率_百分比": null,
        "总资产收益率_百分比": 1.25,
        "主营业务收入_万元": 96019.838073,
        "主营业务成本_万元": 53483.141359,
        "主营业务利润_万元": 42536.696714
    },
    "资产负债表": {
        "货币资金_万元": 139710.500667,
        "应收账款_万元": 40246.800921,
        "应收票据_万元": 24848.099785,
        "应收款项融资_万元": 26709.669955,
        "预付款项_万元": 6239.43744,
        "其他应收款_万元": 11523.95805,
        "存货_万元": 62020.279396,
        "合同资产_万元": null,
        "一年内到期的非流动资产_万元": null,
        "其他流动资产_万元": 16671.6292,
        "流动资产合计_万元": 342998.304081,
        "交易性金融资产_万元": 15027.928767,
        "债权投资_万元": null,
        "其他债权投资_万元": null,
        "长期应收款_万元": null,
        "长期股权投资_万元": 12115.957021,
        "其他权益工具投资_万元": 967.205682,
        "投资性房地产_万元": null,
        "固定资产_万元": 54790.406673,
        "在建工程_万元": 1125.035809,
        "生产性生物资产_万元": null,
        "油气资产_万元": null,
        "使用权资产_万元": 5313.480076,
        "无形资产_万元": 19298.041977,
        "开发支出_万元": 2774.969699,
        "商誉_万元": 1407.387304,
        "长期待摊费用_万元": 4135.67157,
        "递延所得税资产_万元": 907.872327,
        "其他非流动资产_万元": 1652.953518,
        "非流动资产合计_万元": 110230.445865,
        "总资产_万元": 453228.749946,
        "总资产同比增长_百分比": -1.94,
        "短期借款_万元": 5153.97443,
        "交易性金融负债_万元": null,
        "应付票据_万元": 38462.357856,
        "应付账款_万元": 37908.096003,
        "预收款项_万元": null,
        "合同负债_万元": 8841.281387,
        "应付职工薪酬_万元": 4788.299354,
        "应交税费_万元": 6027.184186,
        "其他应付款_万元": 46038.70866,
        "一年内到期的非流动负债_万元": 2176.207711,
        "其他流动负债_万元": 6256.815743,
        "流动负债合计_万元": 155652.92533,
        "长期借款_万元": 1200.0,
        "应付债券_万元": null,
        "租赁负债_万元": 2546.748424,
        "长期应付款_万元": 519.386878,
        "预计负债_万元": null,
        "递延收益_万元": 4272.059007,
        "递延所得税负债_万元": 1164.849545,
        "其他非流动负债_万元": 190.0,
        "非流动负债合计_万元": 9893.043854,
        "总负债_万元": 165545.969184,
        "总负债同比增长_百分比": null,
        "资产负债率_百分比": 36.54,
        "实收资本_万元": 42988.7117,
        "资本公积_万元": 63960.17061,
        "盈余公积_万元": 22054.70606,
        "未分配利润_万元": 101473.11213,
        "其他综合收益_万元": 140.404262,
        "专项储备_万元": null,
        "归属于母公司所有者权益合计_万元": 226392.184662,
        "少数股东权益_万元": 61290.5961,
        "股东权益合计_万元": 287682.780762
    },
    "利润表": {
        "营业总收入_万元": 96019.838073,
        "营业收入_万元": 96019.838073,
        "营业总收入同比增长_百分比": 0.78,
        "营业成本_万元": 53483.141359,
        "税金及附加_万元": 954.699395,
        "销售费用_万元": 26870.077836,
        "管理费用_万元": 5513.043671,
        "研发费用_万元": 2388.429027,
        "财务费用_万元": 121.011265,
        "其中利息费用_万元": 131.961793,
        "其中利息收入_万元": 187.250775,
        "其他收益_万元": 675.393961,
        "投资收益_万元": 471.709968,
        "其中对联营企业投资收益_万元": -153.559972,
        "公允价值变动收益_万元": -127.70292,
        "信用减值损失_万元": -1102.929589,
        "资产减值损失_万元": 0.0,
        "资产处置收益_万元": 0.0,
        "营业总支出_万元": 89330.402553,
        "营业利润_万元": 6605.90694,
        "营业外收入_万元": 21.050029,
        "营业外支出_万元": 21.752379,
        "利润总额_万元": 6605.20459,
        "所得税费用_万元": 930.465264,
        "净利润_万元": 5674.739326,
        "归母净利润_万元": 4390.668863,
        "少数股东损益_万元": 1284.070463,
        "持续经营净利润_万元": 5674.739326,
        "终止经营净利润_万元": null,
        "其他综合收益_万元": 0.022277,
        "综合收益总额_万元": 5674.761603,
        "归母综合收益总额_万元": 4390.69114
    },
    "现金流量表": {
        "销售商品收到现金_万元": 84552.599814,
        "收到的税费返还_万元": null,
        "收到其他经营活动现金_万元": 4691.701087,
        "经营活动现金流入_万元": 89244.300801,
        "购买商品支付现金_万元": 38493.923406,
        "支付职工现金_万元": 27524.089111,
        "支付税费_万元": 9047.601954,
        "支付其他经营活动现金_万元": 33582.633836,
        "经营活动现金流出_万元": 108648.248307,
        "经营现金流净额_万元": -19403.947506,
        "经营现金流净额同比增长_百分比": -117.95,
        "收回投资现金_万元": 67000.000003,
        "取得投资收益现金_万元": 355.26994,
        "处置资产收回现金_万元": 0.0,
        "收到其他投资活动现金_万元": null,
        "投资活动现金流入_万元": 67355.269943,
        "投资支付现金_万元": 30200.0,
        "购建资产支付现金_万元": 1797.079504,
        "支付其他投资活动现金_万元": null,
        "投资活动现金流出_万元": 31997.079504,
        "投资现金流净额_万元": 35358.190439,
        "吸收投资现金_万元": 43.92,
        "取得借款现金_万元": 0.0,
        "收到其他筹资活动现金_万元": 0.0,
        "筹资活动现金流入_万元": 43.92,
        "偿还债务现金_万元": 0.0,
        "分配股利现金_万元": 42.887414,
        "支付其他筹资活动现金_万元": 0.0,
        "筹资活动现金流出_万元": 42.887414,
        "融资现金流净额_万元": 1.032586,
        "汇率变动影响_万元": null,
        "现金及等价物净增加额_万元": 15955.275519,
        "净现金流_元": 159552755.19,
        "净现金流同比增长_百分比": null,
        "期初现金及等价物_万元": 110355.081892,
        "期末现金及等价物_万元": 126310.357411,
        "经营现金流占比_百分比": -121.71,
        "投资现金流占比_百分比": 221.99,
        "融资现金流占比_百分比": 0.0065
    }
}