{
    "报告信息": {
        "序号": null,
        "股票代码": "600479",
        "股票简称": "千金药业",
        "报告年份": "2025",
        "报告期": "Q3",
        "总股本_股": 418507117,
        "流通股本_股": null,
        "报告日期": "2025-10-30",
        "审计意见": "未经审计",
        "会计师事务所": null
    },
    "核心业绩指标": {
        "每股收益_元": 0.4477,
        "稀释每股收益_元": 0.4477,
        "营业总收入_万元": 271833.55466,
        "营业总收入_亿元": 27.183355466,
        "营收同比增长_百分比": 0.14,
        "营收环比增长_百分比": null,
        "净利润_万元": 25823.287024,
        "净利润_亿元": 2.5823287024,
        "净利润同比增长_百分比": 21.04,
        "净利润环比增长_百分比": null,
        "归母净利润_万元": 18735.517374,
        "少数股东损益_万元": 7087.76965,
        "每股净资产_元": null,
        "净资产收益率_百分比": 7.53,
        "扣非净资产收益率_百分比": null,
        "每股经营现金流_元": null,
        "扣非净利润_万元": 16963.81232,
        "扣非净利润同比增长_百分比": 4.74,
        "销售毛利率_百分比": null,
        "销售净利率_百分比": null,
        "加权平均净资产收益率_百分比": 7.53,
        "扣非加权净资产收益率_百分比": null,
        "总资产收益率_百分比": null,
        "主营业务收入_万元": 271833.55466,
        "主营业务成本_万元": 136259.067664,
        "主营业务利润_万元": null
    },
    "资产负债表": {
        "货币资金_万元": 56499.734062,
        "应收账款_万元": 37266.546441,
        "应收票据_万元": 30095.958721,
        "应收款项融资_万元": 31669.457553,
        "预付款项_万元": 5085.098816,
        "其他应收款_万元": 11677.688686,
        "存货_万元": 41943.897482,
        "合同资产_万元": null,
        "一年内到期的非流动资产_万元": null,
        "其他流动资产_万元": 1586.332584,
        "流动资产合计_万元": 216033.176884,
        "交易性金融资产_万元": 208.462539,
        "债权投资_万元": 151967.574998,
        "其他债权投资_万元": null,
        "长期应收款_万元": null,
        "长期股权投资_万元": 14692.995728,
        "其他权益工具投资_万元": 7079.084865,
        "投资性房地产_万元": null,
        "固定资产_万元": 48501.562459,
        "在建工程_万元": 2394.484264,
        "生产性生物资产_万元": null,
        "油气资产_万元": null,
        "使用权资产_万元": 4614.3254,
        "无形资产_万元": 22732.383679,
        "开发支出_万元": 4539.786133,
        "商誉_万元": 1407.387304,
        "长期待摊费用_万元": 3958.832555,
        "递延所得税资产_万元": 2445.635132,
        "其他非流动资产_万元": 4001.738237,
        "非流动资产合计_万元": 274058.767074,
        "总资产_万元": 490091.943958,
        "总资产同比增长_百分比": 7.56,
        "短期借款_万元": 1018.814677,
        "交易性金融负债_万元": null,
        "应付票据_万元": 39467.242585,
        "应付账款_万元": 29386.442058,
        "预收款项_万元": null,
        "合同负债_万元": 7945.029435,
        "应付职工薪酬_万元": 12765.045658,
        "应交税费_万元": 4183.765106,
        "其他应付款_万元": 51564.462132,
        "一年内到期的非流动负债_万元": 1968.279515,
        "其他流动负债_万元": 5701.094111,
        "流动负债合计_万元": 154000.175277,
        "长期借款_万元": null,
        "应付债券_万元": null,
        "租赁负债_万元": 2519.173561,
        "长期应付款_万元": 519.386878,
        "预计负债_万元": null,
        "递延收益_万元": 6357.53934,
        "递延所得税负债_万元": 2065.56926,
        "其他非流动负债_万元": 190.0,
        "非流动负债合计_万元": 11651.669039,
        "总负债_万元": 165651.844316,
        "总负债同比增长_百分比": 16.89,
        "资产负债率_百分比": 33.8,
        "实收资本_万元": 41850.7117,
        "资本公积_万元": 58710.307573,
        "盈余公积_万元": 22054.70596,
        "未分配利润_万元": 127327.065913,
        "其他综合收益_万元": 209.941787,
        "专项储备_万元": null,
        "归属于母公司所有者权益合计_万元": 250152.732933,
        "少数股东权益_万元": 74287.366709,
        "股东权益合计_万元": 324440.099642
    },
    "利润表": {
        "营业总收入_万元": 271833.55466,
        "营业收入_万元": 271833.55466,
        "营业总收入同比增长_百分比": 0.14,
        "营业成本_万元": 136259.067664,
        "税金及附加_万元": 3060.607188,
        "销售费用_万元": 72194.183362,
        "管理费用_万元": 21250.169823,
        "研发费用_万元": 14490.386925,
        "财务费用_万元": -1381.521264,
        "其中利息费用_万元": 4.883334,
        "其中利息收入_万元": 1825.96335,
        "其他收益_万元": 842.096498,
        "投资收益_万元": 4244.256756,
        "其中对联营企业投资收益_万元": 1827.134111,
        "公允价值变动收益_万元": 153.901505,
        "信用减值损失_万元": -1220.99528,
        "资产减值损失_万元": -66.83246,
        "资产处置收益_万元": 145.727184,
        "营业总支出_万元": 245872.893698,
        "营业利润_万元": 30058.815165,
        "营业外收入_万元": 49.335952,
        "营业外支出_万元": 236.91475,
        "利润总额_万元": 29871.236367,
        "所得税费用_万元": 4047.949343,
        "净利润_万元": 25823.287024,
        "归母净利润_万元": 18735.517374,
        "少数股东损益_万元": 7087.76965,
        "持续经营净利润_万元": 25823.287024,
        "终止经营净利润_万元": null,
        "其他综合收益_万元": 52.413045,
        "综合收益总额_万元": 25875.700069,
        "归母综合收益总额_万元": 18787.930419
    },
    "现金流量表": {
        "销售商品收到现金_万元": 275366.916326,
        "收到的税费返还_万元": null,
        "收到其他经营活动现金_万元": 16532.108795,
        "经营活动现金流入_万元": 291899.025121,
        "购买商品支付现金_万元": 115140.458969,
        "支付职工现金_万元": 56183.734502,
        "支付税费_万元": 24463.593585,
        "支付其他经营活动现金_万元": 71814.400475,
        "经营活动现金流出_万元": 267602.187531,
        "经营现金流净额_万元": 24296.83759,
        "经营现金流净额同比增长_百分比": 394.87,
        "收回投资现金_万元": 240.0,
        "取得投资收益现金_万元": 151.395,
        "处置资产收回现金_万元": 20.55,
        "收到其他投资活动现金_万元": null,
        "投资活动现金流入_万元": 411.945,
        "投资支付现金_万元": 80300.0,
        "购建资产支付现金_万元": 5984.70638,
        "支付其他投资活动现金_万元": null,
        "投资活动现金流出_万元": 86284.70638,
        "投资现金流净额_万元": -85872.76138,
        "吸收投资现金_万元": null,
        "取得借款现金_万元": null,
        "收到其他筹资活动现金_万元": 559.463223,
        "筹资活动现金流入_万元": 559.463223,
        "偿还债务现金_万元": 300.0,
        "分配股利现金_万元": 15598.345181,
        "支付其他筹资活动现金_万元": 1658.592,
        "筹资活动现金流出_万元": 17556.937181,
        "融资现金流净额_万元": -16997.473958,
        "汇率变动影响_万元": null,
        "现金及等价物净增加额_万元": -78573.397748,
        "净现金流_元": -785733977.48,
        "净现金流同比增长_百分比": 283.19,
        "期初现金及等价物_万元": 133579.47505,
        "期末现金及等价物_万元": 55006.077302,
        "经营现金流占比_百分比": -30.92,
        "投资现金流占比_百分比": 109.28,
        "融资现金流占比_百分比": 21.63
    }
}