{
    "报告信息": {
        "序号": null,
        "股票代码": "600479",
        "股票简称": "千金药业",
        "报告年份": "2024",
        "报告期": "Q3",
        "总股本_股": 423997117,
        "流通股本_股": null,
        "报告日期": null,
        "审计意见": "未经审计",
        "会计师事务所": null
    },
    "核心业绩指标": {
        "每股收益_元": 0.3964,
        "稀释每股收益_元": 0.3964,
        "营业总收入_万元": 271464.599363,
        "营业总收入_亿元": 27.1464599363,
        "营收同比增长_百分比": -2.31,
        "营收环比增长_百分比": null,
        "净利润_万元": 21336.504487,
        "净利润_亿元": 2.1336504487,
        "净利润同比增长_百分比": null,
        "净利润环比增长_百分比": null,
        "归母净利润_万元": 16807.656328,
        "少数股东损益_万元": 4528.848159,
        "每股净资产_元": null,
        "净资产收益率_百分比": null,
        "扣非净资产收益率_百分比": null,
        "每股经营现金流_元": null,
        "扣非净利润_万元": 16195.843555,
        "扣非净利润同比增长_百分比": -14.19,
        "销售毛利率_百分比": null,
        "销售净利率_百分比": null,
        "加权平均净资产收益率_百分比": 6.98,
        "扣非加权净资产收益率_百分比": null,
        "总资产收益率_百分比": null,
        "主营业务收入_万元": 271464.599363,
        "主营业务成本_万元": 146459.908637,
        "主营业务利润_万元": null
    },
    "资产负债表": {
        "货币资金_万元": 173045.654076,
        "应收账款_万元": 36592.562558,
        "应收票据_万元": 26119.413673,
        "应收款项融资_万元": 29876.263228,
        "预付款项_万元": 5638.267353,
        "其他应收款_万元": 8852.431569,
        "存货_万元": 49497.594637,
        "合同资产_万元": null,
        "一年内到期的非流动资产_万元": null,
        "其他流动资产_万元": 2321.370126,
        "流动资产合计_万元": 332301.709223,
        "交易性金融资产_万元": 358.152003,
        "债权投资_万元": null,
        "其他债权投资_万元": null,
        "长期应收款_万元": null,
        "长期股权投资_万元": 12739.22051,
        "其他权益工具投资_万元": 5941.941122,
        "投资性房地产_万元": null,
        "固定资产_万元": 50299.45346,
        "在建工程_万元": 1054.889563,
        "生产性生物资产_万元": null,
        "油气资产_万元": null,
        "使用权资产_万元": 5385.409798,
        "无形资产_万元": 20895.184296,
        "开发支出_万元": 1882.357643,
        "商誉_万元": 1407.387304,
        "长期待摊费用_万元": 4264.431638,
        "递延所得税资产_万元": 2619.355062,
        "其他非流动资产_万元": 1016.554354,
        "非流动资产合计_万元": 113089.537164,
        "总资产_万元": 445391.246387,
        "总资产同比增长_百分比": -4.77,
        "短期借款_万元": 1575.192938,
        "交易性金融负债_万元": null,
        "应付票据_万元": 23098.134904,
        "应付账款_万元": 31053.963099,
        "预收款项_万元": null,
        "合同负债_万元": 7354.333919,
        "应付职工薪酬_万元": 10459.496357,
        "应交税费_万元": 3968.056476,
        "其他应付款_万元": 42982.903713,
        "一年内到期的非流动负债_万元": 2707.744131,
        "其他流动负债_万元": 6446.481683,
        "流动负债合计_万元": 129646.30722,
        "长期借款_万元": 400.0,
        "应付债券_万元": null,
        "租赁负债_万元": 2507.463427,
        "长期应付款_万元": 519.386878,
        "预计负债_万元": null,
        "递延收益_万元": 3266.641642,
        "递延所得税负债_万元": 2532.804128,
        "其他非流动负债_万元": 190.0,
        "非流动负债合计_万元": 9416.296075,
        "总负债_万元": 139062.603295,
        "总负债同比增长_百分比": null,
        "资产负债率_百分比": null,
        "实收资本_万元": 42399.7117,
        "资本公积_万元": 61643.586047,
        "盈余公积_万元": 22054.70596,
        "未分配利润_万元": 116678.979154,
        "其他综合收益_万元": 151.386184,
        "专项储备_万元": null,
        "归属于母公司所有者权益合计_万元": 241272.777045,
        "少数股东权益_万元": 65055.866047,
        "股东权益合计_万元": 306328.643092
    },
    "利润表": {
        "营业总收入_万元": 271464.599363,
        "营业收入_万元": 271464.599363,
        "营业总收入同比增长_百分比": -2.31,
        "营业成本_万元": 146459.908637,
        "税金及附加_万元": 2851.855015,
        "销售费用_万元": 65603.995054,
        "管理费用_万元": 19517.103254,
        "研发费用_万元": 14439.556953,
        "财务费用_万元": -1359.184533,
        "其中利息费用_万元": 164.593242,
        "其中利息收入_万元": 1889.071267,
        "其他收益_万元": 1192.524284,
        "投资收益_万元": 241.98265,
        "其中对联营企业投资收益_万元": -332.66735,
        "公允价值变动收益_万元": -100.974223,
        "信用减值损失_万元": -1026.264586,
        "资产减值损失_万元": -199.647541,
        "资产处置收益_万元": null,
        "营业总支出_万元": 247513.23438,
        "营业利润_万元": 24058.985567,
        "营业外收入_万元": 213.236167,
        "营业外支出_万元": 115.378395,
        "利润总额_万元": 24156.843339,
        "所得税费用_万元": 2820.338852,
        "净利润_万元": 21336.504487,
        "归母净利润_万元": 16807.656328,
        "少数股东损益_万元": 4528.848159,
        "持续经营净利润_万元": 21336.504487,
        "终止经营净利润_万元": null,
        "其他综合收益_万元": -7.537307,
        "综合收益总额_万元": 21328.96718,
        "归母综合收益总额_万元": 16800.119021
    },
    "现金流量表": {
        "销售商品收到现金_万元": 275368.404701,
        "收到的税费返还_万元": null,
        "收到其他经营活动现金_万元": 18360.081195,
        "经营活动现金流入_万元": 293728.485896,
        "购买商品支付现金_万元": 131942.766227,
        "支付职工现金_万元": 58383.607049,
        "支付税费_万元": 27004.977957,
        "支付其他经营活动现金_万元": 71487.367361,
        "经营活动现金流出_万元": 288818.718594,
        "经营现金流净额_万元": 4909.767302,
        "经营现金流净额同比增长_百分比": -33.68,
        "收回投资现金_万元": 106.94902,
        "取得投资收益现金_万元": 574.65,
        "处置资产收回现金_万元": null,
        "收到其他投资活动现金_万元": null,
        "投资活动现金流入_万元": 681.59902,
        "投资支付现金_万元": 106.94902,
        "购建资产支付现金_万元": 3350.104659,
        "支付其他投资活动现金_万元": null,
        "投资活动现金流出_万元": 3457.053679,
        "投资现金流净额_万元": -2775.454659,
        "吸收投资现金_万元": null,
        "取得借款现金_万元": null,
        "收到其他筹资活动现金_万元": null,
        "筹资活动现金流入_万元": null,
        "偿还债务现金_万元": 3394.568375,
        "分配股利现金_万元": 17591.085161,
        "支付其他筹资活动现金_万元": 1653.928,
        "筹资活动现金流出_万元": 22599.00144,
        "融资现金流净额_万元": -22599.00144,
        "汇率变动影响_万元": null,
        "现金及等价物净增加额_万元": -20505.268893,
        "净现金流_元": null,
        "净现金流同比增长_百分比": null,
        "期初现金及等价物_万元": 192833.213819,
        "期末现金及等价物_万元": 172327.944926,
        "经营现金流占比_百分比": null,
        "投资现金流占比_百分比": null,
        "融资现金流占比_百分比": null
    }
}