{
    "报告信息": {
        "序号": null,
        "股票代码": "600479",
        "股票简称": "千金药业",
        "报告年份": "2023",
        "报告期": "第三季度",
        "总股本_股": null,
        "流通股本_股": null,
        "报告日期": "2023-10-28",
        "审计意见": "未经审计",
        "会计师事务所": null,
        "期": "Q3"
    },
    "核心业绩指标": {
        "每股收益_元": 0.1868,
        "稀释每股收益_元": 0.1868,
        "营业总收入_万元": 86610.312171,
        "营业总收入_亿元": 8.6610312171,
        "营收同比增长_百分比": -12.0,
        "营收环比增长_百分比": null,
        "净利润_万元": 8019.711364,
        "净利润_亿元": 0.8019711364,
        "净利润同比增长_百分比": 10.72,
        "净利润环比增长_百分比": null,
        "归母净利润_万元": 8019.711364,
        "少数股东损益_万元": 4270.59378,
        "每股净资产_元": null,
        "净资产收益率_百分比": null,
        "扣非净资产收益率_百分比": null,
        "每股经营现金流_元": null,
        "扣非净利润_万元": 7756.330035,
        "扣非净利润同比增长_百分比": 13.96,
        "销售毛利率_百分比": null,
        "销售净利率_百分比": 9.26,
        "加权平均净资产收益率_百分比": 8.73,
        "扣非加权净资产收益率_百分比": null,
        "总资产收益率_百分比": null,
        "主营业务收入_万元": 86610.312171,
        "主营业务成本_万元": null,
        "主营业务利润_万元": null
    },
    "资产负债表": {
        "货币资金_万元": 168554.913482,
        "应收账款_万元": 37785.713982,
        "应收票据_万元": 21611.82138,
        "应收款项融资_万元": 33672.977807,
        "预付款项_万元": 3306.45667,
        "其他应收款_万元": 11955.66406,
        "存货_万元": 56196.952808,
        "合同资产_万元": null,
        "一年内到期的非流动资产_万元": null,
        "其他流动资产_万元": 6695.38808,
        "流动资产合计_万元": 339779.888269,
        "交易性金融资产_万元": 0.0,
        "债权投资_万元": null,
        "其他债权投资_万元": null,
        "长期应收款_万元": null,
        "长期股权投资_万元": 12328.363671,
        "其他权益工具投资_万元": 952.467815,
        "投资性房地产_万元": null,
        "固定资产_万元": 53172.367174,
        "在建工程_万元": 630.208843,
        "生产性生物资产_万元": null,
        "油气资产_万元": null,
        "使用权资产_万元": 4841.699009,
        "无形资产_万元": 19855.071877,
        "开发支出_万元": 2419.698692,
        "商誉_万元": 1407.387304,
        "长期待摊费用_万元": 4917.56226,
        "递延所得税资产_万元": 1015.239189,
        "其他非流动资产_万元": 2212.683845,
        "非流动资产合计_万元": 109254.05019,
        "总资产_万元": 449033.938459,
        "总资产同比增长_百分比": -2.85,
        "短期借款_万元": 4860.614569,
        "交易性金融负债_万元": null,
        "应付票据_万元": 27822.393493,
        "应付账款_万元": 34569.579977,
        "预收款项_万元": null,
        "合同负债_万元": 8327.560147,
        "应付职工薪酬_万元": 9728.132835,
        "应交税费_万元": 5623.030148,
        "其他应付款_万元": 52360.263155,
        "一年内到期的非流动负债_万元": 1993.222727,
        "其他流动负债_万元": 6003.94747,
        "流动负债合计_万元": 151288.744521,
        "长期借款_万元": 1000.0,
        "应付债券_万元": null,
        "租赁负债_万元": 2385.185681,
        "长期应付款_万元": 519.386878,
        "预计负债_万元": null,
        "递延收益_万元": 3981.443173,
        "递延所得税负债_万元": 1295.643734,
        "其他非流动负债_万元": 190.0,
        "非流动负债合计_万元": 9371.659466,
        "总负债_万元": 160660.403987,
        "总负债同比增长_百分比": null,
        "资产负债率_百分比": 35.82,
        "实收资本_万元": 42934.7117,
        "资本公积_万元": 64510.738804,
        "盈余公积_万元": 22054.70596,
        "未分配利润_万元": 101778.514676,
        "其他综合收益_万元": 159.295198,
        "专项储备_万元": null,
        "归属于母公司所有者权益合计_万元": 227792.246338,
        "少数股东权益_万元": 60581.288134,
        "股东权益合计_万元": 288373.534472
    },
    "利润表": {
        "营业总收入_万元": 277890.966996,
        "营业收入_万元": 277890.966996,
        "营业总收入同比增长_百分比": -4.01,
        "营业成本_万元": 149805.879074,
        "税金及附加_万元": 2817.907429,
        "销售费用_万元": 70180.912567,
        "管理费用_万元": 19671.715468,
        "研发费用_万元": 11129.172478,
        "财务费用_万元": -3452.348151,
        "其中利息费用_万元": 224.696682,
        "其中利息收入_万元": 3894.551282,
        "其他收益_万元": 1194.103013,
        "投资收益_万元": 1140.597782,
        "其中对联营企业投资收益_万元": 58.846678,
        "公允价值变动收益_万元": -395.795385,
        "信用减值损失_万元": -1422.645157,
        "资产减值损失_万元": -16.293982,
        "资产处置收益_万元": 0.0,
        "营业总支出_万元": 250153.238865,
        "营业利润_万元": 28237.694402,
        "营业外收入_万元": 102.405414,
        "营业外支出_万元": 87.165966,
        "利润总额_万元": 28252.93385,
        "所得税费用_万元": 4291.519566,
        "净利润_万元": 23961.414284,
        "归母净利润_万元": 19690.820504,
        "少数股东损益_万元": 4270.59378,
        "持续经营净利润_万元": 23961.414284,
        "终止经营净利润_万元": null,
        "其他综合收益_万元": 18.913213,
        "综合收益总额_万元": 23980.327497,
        "归母综合收益总额_万元": 19709.733717
    },
    "现金流量表": {
        "销售商品收到现金_万元": 272183.044524,
        "收到的税费返还_万元": null,
        "收到其他经营活动现金_万元": 19388.082309,
        "经营活动现金流入_万元": 291571.126833,
        "购买商品支付现金_万元": 129756.580815,
        "支付职工现金_万元": 55562.683814,
        "支付税费_万元": 25800.54441,
        "支付其他经营活动现金_万元": 72984.891349,
        "经营活动现金流出_万元": 284167.700388,
        "经营现金流净额_万元": 7403.426445,
        "经营现金流净额同比增长_百分比": -82.63,
        "收回投资现金_万元": 97040.000819,
        "取得投资收益现金_万元": 1081.751104,
        "处置资产收回现金_万元": 5.6282,
        "收到其他投资活动现金_万元": null,
        "投资活动现金流入_万元": 98127.380123,
        "投资支付现金_万元": 35200.0,
        "购建资产支付现金_万元": 3770.231721,
        "支付其他投资活动现金_万元": null,
        "投资活动现金流出_万元": 38970.231721,
        "投资现金流净额_万元": 59157.148402,
        "吸收投资现金_万元": 43.92,
        "取得借款现金_万元": 3214.568375,
        "收到其他筹资活动现金_万元": 0.0,
        "筹资活动现金流入_万元": 3258.488375,
        "偿还债务现金_万元": 4852.224236,
        "分配股利现金_万元": 17456.096383,
        "支付其他筹资活动现金_万元": 338.25,
        "筹资活动现金流出_万元": 22646.570619,
        "融资现金流净额_万元": -19388.082244,
        "汇率变动影响_万元": null,
        "现金及等价物净增加额_万元": 47172.492603,
        "净现金流_元": 471724926.03,
        "净现金流同比增长_百分比": null,
        "期初现金及等价物_万元": 110193.511445,
        "期末现金及等价物_万元": 157366.004048,
        "经营现金流占比_百分比": null,
        "投资现金流占比_百分比": null,
        "融资现金流占比_百分比": null
    }
}