{
    "报告信息": {
        "序号": null,
        "股票代码": "600422",
        "股票简称": "昆药集团",
        "报告年份": "2023",
        "报告期": "Q3",
        "总股本_股": 757986969,
        "流通股本_股": null,
        "报告日期": "2023年10月27日",
        "审计意见": "未经审计",
        "会计师事务所": null
    },
    "核心业绩指标": {
        "每股收益_元": 0.21,
        "稀释每股收益_元": 0.21,
        "营业总收入_万元": 184022.545598,
        "营业总收入_亿元": 1.84022545598,
        "营收同比增长_百分比": -6.36,
        "营收环比增长_百分比": null,
        "净利润_万元": 16263.775328,
        "净利润_亿元": 1.6263775328,
        "净利润同比增长_百分比": 4.2,
        "净利润环比增长_百分比": null,
        "归母净利润_万元": 16263.775328,
        "少数股东损益_万元": 1021.769614,
        "每股净资产_元": 6.92,
        "净资产收益率_百分比": 7.52,
        "扣非净资产收益率_百分比": null,
        "每股经营现金流_元": -0.048,
        "扣非净利润_万元": 13320.769189,
        "扣非净利润同比增长_百分比": 15.61,
        "销售毛利率_百分比": null,
        "销售净利率_百分比": null,
        "加权平均净资产收益率_百分比": 7.52,
        "扣非加权净资产收益率_百分比": null,
        "总资产收益率_百分比": null,
        "主营业务收入_万元": 184022.545598,
        "主营业务成本_万元": null,
        "主营业务利润_万元": null
    },
    "资产负债表": {
        "货币资金_万元": 112518.946752,
        "应收账款_万元": 280911.495257,
        "应收票据_万元": 8133.92564,
        "应收款项融资_万元": 14106.035984,
        "预付款项_万元": 17631.034552,
        "其他应收款_万元": 12482.285373,
        "存货_万元": 167155.565211,
        "合同资产_万元": null,
        "一年内到期的非流动资产_万元": null,
        "其他流动资产_万元": 8746.289311,
        "流动资产合计_万元": 669825.358306,
        "交易性金融资产_万元": 48139.780226,
        "债权投资_万元": null,
        "其他债权投资_万元": null,
        "长期应收款_万元": null,
        "长期股权投资_万元": 2356.06515,
        "其他权益工具投资_万元": 7745.035097,
        "投资性房地产_万元": 2278.829675,
        "固定资产_万元": 112490.344127,
        "在建工程_万元": 9351.1921,
        "生产性生物资产_万元": null,
        "油气资产_万元": null,
        "使用权资产_万元": 4070.693791,
        "无形资产_万元": 32002.415545,
        "开发支出_万元": 21195.166792,
        "商誉_万元": 9172.748111,
        "长期待摊费用_万元": 2033.989489,
        "递延所得税资产_万元": 27398.375596,
        "其他非流动资产_万元": 6210.086555,
        "非流动资产合计_万元": 259227.602183,
        "总资产_万元": 929052.960489,
        "总资产同比增长_百分比": -1.5,
        "短期借款_万元": 66373.126287,
        "交易性金融负债_万元": null,
        "应付票据_万元": 20723.409692,
        "应付账款_万元": 69471.492729,
        "预收款项_万元": null,
        "合同负债_万元": 8757.221022,
        "应付职工薪酬_万元": 16769.776944,
        "应交税费_万元": 24736.687096,
        "其他应付款_万元": 132182.325738,
        "一年内到期的非流动负债_万元": 1848.719059,
        "其他流动负债_万元": 4273.599895,
        "流动负债合计_万元": 345136.358462,
        "长期借款_万元": 10855.45833,
        "应付债券_万元": null,
        "租赁负债_万元": 3723.753722,
        "长期应付款_万元": null,
        "预计负债_万元": 3469.261657,
        "递延收益_万元": 19986.21124,
        "递延所得税负债_万元": 1164.222207,
        "其他非流动负债_万元": 3790.940545,
        "非流动负债合计_万元": 42989.847701,
        "总负债_万元": 388126.206163,
        "总负债同比增长_百分比": -9.53,
        "资产负债率_百分比": 41.77,
        "实收资本_万元": 75798.6969,
        "资本公积_万元": 115872.074963,
        "盈余公积_万元": 35538.98598,
        "未分配利润_万元": 297992.139827,
        "其他综合收益_万元": 272.914379,
        "专项储备_万元": 248.418593,
        "归属于母公司所有者权益合计_万元": 524681.292176,
        "少数股东权益_万元": 16245.46215,
        "股东权益合计_万元": 540926.754326
    },
    "利润表": {
        "营业总收入_万元": 561086.377176,
        "营业收入_万元": 561086.377176,
        "营业总收入同比增长_百分比": -9.4,
        "营业成本_万元": 308253.254529,
        "税金及附加_万元": 5406.518474,
        "销售费用_万元": 174208.574345,
        "管理费用_万元": 23398.634631,
        "研发费用_万元": 4332.591908,
        "财务费用_万元": 945.876162,
        "其中利息费用_万元": 1135.162427,
        "其中利息收入_万元": 266.740697,
        "其他收益_万元": 7540.159568,
        "投资收益_万元": 1545.207368,
        "其中对联营企业投资收益_万元": -41.646753,
        "公允价值变动收益_万元": -659.876558,
        "信用减值损失_万元": -4093.37472,
        "资产减值损失_万元": -1381.375211,
        "资产处置收益_万元": 152.352065,
        "营业总支出_万元": 516545.450049,
        "营业利润_万元": 47644.019639,
        "营业外收入_万元": 764.362661,
        "营业外支出_万元": 730.723035,
        "利润总额_万元": 47677.659265,
        "所得税费用_万元": 8055.12907,
        "净利润_万元": 39622.530195,
        "归母净利润_万元": 38600.760581,
        "少数股东损益_万元": 1021.769614,
        "持续经营净利润_万元": 39622.530195,
        "终止经营净利润_万元": null,
        "其他综合收益_万元": -108.575136,
        "综合收益总额_万元": 39513.955059,
        "归母综合收益总额_万元": 38492.185445
    },
    "现金流量表": {
        "销售商品收到现金_万元": 539140.419509,
        "收到的税费返还_万元": 696.76072,
        "收到其他经营活动现金_万元": 24001.535681,
        "经营活动现金流入_万元": 563838.71591,
        "购买商品支付现金_万元": 292058.362891,
        "支付职工现金_万元": 49445.598919,
        "支付税费_万元": 47157.701787,
        "支付其他经营活动现金_万元": 178814.244141,
        "经营活动现金流出_万元": 567475.907738,
        "经营现金流净额_万元": -3637.191828,
        "经营现金流净额同比增长_百分比": 68.44,
        "收回投资现金_万元": 75396.410579,
        "取得投资收益现金_万元": 452.847561,
        "处置资产收回现金_万元": 22.952436,
        "收到其他投资活动现金_万元": null,
        "投资活动现金流入_万元": 76006.955465,
        "投资支付现金_万元": 93200.0,
        "购建资产支付现金_万元": 4526.016072,
        "支付其他投资活动现金_万元": null,
        "投资活动现金流出_万元": 97726.016072,
        "投资现金流净额_万元": -21719.060607,
        "吸收投资现金_万元": null,
        "取得借款现金_万元": 81189.986825,
        "收到其他筹资活动现金_万元": null,
        "筹资活动现金流入_万元": 81189.986825,
        "偿还债务现金_万元": 89708.080222,
        "分配股利现金_万元": 13998.7147,
        "支付其他筹资活动现金_万元": 1615.528485,
        "筹资活动现金流出_万元": 105322.323407,
        "融资现金流净额_万元": -24132.336582,
        "汇率变动影响_万元": 180.575093,
        "现金及等价物净增加额_万元": -49308.013924,
        "净现金流_元": -493080139.24,
        "净现金流同比增长_百分比": null,
        "期初现金及等价物_万元": 154918.687083,
        "期末现金及等价物_万元": 105610.673159,
        "经营现金流占比_百分比": 7.39,
        "投资现金流占比_百分比": 44.15,
        "融资现金流占比_百分比": 48.46
    }
}