{
    "报告信息": {
        "序号": null,
        "股票代码": "600436",
        "股票简称": "片仔癀",
        "报告年份": "2023",
        "报告期": "HY",
        "总股本_股": 603317210,
        "流通股本_股": null,
        "报告日期": null,
        "审计意见": "未经审计",
        "会计师事务所": null
    },
    "核心业绩指标": {
        "每股收益_元": 2.55,
        "稀释每股收益_元": 2.55,
        "营业总收入_万元": 504527.570994,
        "营业总收入_亿元": 50.4527570994,
        "营收同比增长_百分比": 14.08,
        "营收环比增长_百分比": null,
        "净利润_万元": 158698.466736,
        "净利润_亿元": 15.8698466736,
        "净利润同比增长_百分比": 17.23,
        "净利润环比增长_百分比": null,
        "归母净利润_万元": 154083.705329,
        "少数股东损益_万元": 4614.761407,
        "每股净资产_元": null,
        "净资产收益率_百分比": 12.73,
        "扣非净资产收益率_百分比": 13.03,
        "每股经营现金流_元": null,
        "扣非净利润_万元": 157726.406005,
        "扣非净利润同比增长_百分比": 19.8,
        "销售毛利率_百分比": null,
        "销售净利率_百分比": null,
        "加权平均净资产收益率_百分比": 12.73,
        "扣非加权净资产收益率_百分比": 13.03,
        "总资产收益率_百分比": null,
        "主营业务收入_万元": 503545.58,
        "主营业务成本_万元": 266475.85,
        "主营业务利润_万元": 237069.73
    },
    "资产负债表": {
        "货币资金_万元": 281585.638467,
        "应收账款_万元": 69955.284498,
        "应收票据_万元": 5933.867036,
        "应收款项融资_万元": 10228.408582,
        "预付款项_万元": 38228.507483,
        "其他应收款_万元": 9368.07956,
        "存货_万元": 255627.275175,
        "合同资产_万元": null,
        "一年内到期的非流动资产_万元": null,
        "其他流动资产_万元": 728277.590228,
        "流动资产合计_万元": 1399204.651029,
        "交易性金融资产_万元": null,
        "债权投资_万元": null,
        "其他债权投资_万元": null,
        "长期应收款_万元": null,
        "长期股权投资_万元": 22271.475952,
        "其他权益工具投资_万元": 38732.842585,
        "投资性房地产_万元": 1513.151134,
        "固定资产_万元": 26186.672347,
        "在建工程_万元": 10607.064595,
        "生产性生物资产_万元": 1198.520421,
        "油气资产_万元": null,
        "使用权资产_万元": 12542.400275,
        "无形资产_万元": 30931.676518,
        "开发支出_万元": null,
        "商誉_万元": null,
        "长期待摊费用_万元": 4449.48038,
        "递延所得税资产_万元": 17871.42529,
        "其他非流动资产_万元": 21835.731736,
        "非流动资产合计_万元": 191510.224159,
        "总资产_万元": 1590714.875188,
        "总资产同比增长_百分比": 8.92,
        "短期借款_万元": 8927.1904698,
        "交易性金融负债_万元": null,
        "应付票据_万元": 10805.909425,
        "应付账款_万元": 35013.316186,
        "预收款项_万元": 303.061952,
        "合同负债_万元": 12456.023553,
        "应付职工薪酬_万元": 13046.329685,
        "应交税费_万元": 23627.49257,
        "其他应付款_万元": 108154.495898,
        "一年内到期的非流动负债_万元": 2978.725599,
        "其他流动负债_万元": 1400.968153,
        "流动负债合计_万元": 297058.227719,
        "长期借款_万元": 1928.98821,
        "应付债券_万元": null,
        "租赁负债_万元": 9870.52379,
        "长期应付款_万元": null,
        "预计负债_万元": null,
        "递延收益_万元": 1764.675427,
        "递延所得税负债_万元": 4937.692022,
        "其他非流动负债_万元": 4856.75457,
        "非流动负债合计_万元": 26853.010217,
        "总负债_万元": 323911.237936,
        "总负债同比增长_百分比": null,
        "资产负债率_百分比": null,
        "实收资本_万元": 60331.721,
        "资本公积_万元": 109455.615647,
        "盈余公积_万元": 135318.558375,
        "未分配利润_万元": 899209.138313,
        "其他综合收益_万元": 8645.087292,
        "专项储备_万元": null,
        "归属于母公司所有者权益合计_万元": 1212960.120627,
        "少数股东权益_万元": 53843.516625,
        "股东权益合计_万元": 1266803.637252
    },
    "利润表": {
        "营业总收入_万元": 504527.570994,
        "营业收入_万元": 504527.570994,
        "营业总收入同比增长_百分比": 14.08,
        "营业成本_万元": 267046.205361,
        "税金及附加_万元": 4616.383686,
        "销售费用_万元": 24435.198537,
        "管理费用_万元": 16512.04302,
        "研发费用_万元": 11618.001397,
        "财务费用_万元": -1383.615774,
        "其中利息费用_万元": 1827.637879,
        "其中利息收入_万元": 3201.079498,
        "其他收益_万元": 290.421787,
        "投资收益_万元": 6476.262922,
        "其中对联营企业投资收益_万元": -1061.030318,
        "公允价值变动收益_万元": -1929.953974,
        "信用减值损失_万元": 1029.724621,
        "资产减值损失_万元": -1344.179456,
        "资产处置收益_万元": 48.833812,
        "营业总支出_万元": 322844.216227,
        "营业利润_万元": 186254.464479,
        "营业外收入_万元": 182.943343,
        "营业外支出_万元": 321.696673,
        "利润总额_万元": 186115.711149,
        "所得税费用_万元": 27417.244413,
        "净利润_万元": 158698.466736,
        "归母净利润_万元": 154083.705329,
        "少数股东损益_万元": 4614.761407,
        "持续经营净利润_万元": 158698.466736,
        "终止经营净利润_万元": null,
        "其他综合收益_万元": 1140.769617,
        "综合收益总额_万元": 159839.236353,
        "归母综合收益总额_万元": 155287.91423
    },
    "现金流量表": {
        "销售商品收到现金_万元": 467942.538722,
        "收到的税费返还_万元": 6.494422,
        "收到其他经营活动现金_万元": 8683.054858,
        "经营活动现金流入_万元": 476632.088002,
        "购买商品支付现金_万元": 229723.396113,
        "支付职工现金_万元": 24839.816755,
        "支付税费_万元": 55571.188859,
        "支付其他经营活动现金_万元": 29636.71243,
        "经营活动现金流出_万元": 339771.114157,
        "经营现金流净额_万元": 136860.973845,
        "经营现金流净额同比增长_百分比": -74.49,
        "收回投资现金_万元": 158.727391,
        "取得投资收益现金_万元": 558.499075,
        "处置资产收回现金_万元": 61.253498,
        "收到其他投资活动现金_万元": 587368.11104,
        "投资活动现金流入_万元": 588146.591004,
        "投资支付现金_万元": 7.0161,
        "购建资产支付现金_万元": 8039.985457,
        "支付其他投资活动现金_万元": 675868.72,
        "投资活动现金流出_万元": 683915.721557,
        "投资现金流净额_万元": -95769.130553,
        "吸收投资现金_万元": 0,
        "取得借款现金_万元": 74518.122978,
        "收到其他筹资活动现金_万元": 0,
        "筹资活动现金流入_万元": 74518.122978,
        "偿还债务现金_万元": 80892.07008,
        "分配股利现金_万元": 1407.881788,
        "支付其他筹资活动现金_万元": 0,
        "筹资活动现金流出_万元": 84280.411604,
        "融资现金流净额_万元": -9762.288626,
        "汇率变动影响_万元": 436.288526,
        "现金及等价物净增加额_万元": 31765.843192,
        "净现金流_元": null,
        "净现金流同比增长_百分比": null,
        "期初现金及等价物_万元": 241154.826604,
        "期末现金及等价物_万元": 272920.669796,
        "经营现金流占比_百分比": null,
        "投资现金流占比_百分比": null,
        "融资现金流占比_百分比": null
    }
}