{
    "报告信息": {
        "序号": null,
        "股票代码": "600479",
        "股票简称": "千金药业",
        "报告年份": "2023",
        "报告期": "HY",
        "总股本_股": 429507117,
        "流通股本_股": 418507117,
        "报告日期": "2023-06-30",
        "审计意见": "未经审计",
        "会计师事务所": null
    },
    "核心业绩指标": {
        "每股收益_元": 0.2717,
        "稀释每股收益_元": 0.2717,
        "营业总收入_万元": 191280.654825,
        "营业总收入_亿元": 19.1280654825,
        "营收同比增长_百分比": 0.11,
        "营收环比增长_百分比": null,
        "净利润_万元": 14433.02283,
        "净利润_亿元": 1.443302283,
        "净利润同比增长_百分比": 4.07,
        "净利润环比增长_百分比": null,
        "归母净利润_万元": 11671.10914,
        "少数股东损益_万元": 2761.91369,
        "每股净资产_元": 5.106,
        "净资产收益率_百分比": 5.18,
        "扣非净资产收益率_百分比": 4.94,
        "每股经营现金流_元": -0.2237,
        "扣非净利润_万元": 11116.856968,
        "扣非净利润同比增长_百分比": 8.47,
        "销售毛利率_百分比": 45.01,
        "销售净利率_百分比": 7.54,
        "加权平均净资产收益率_百分比": 5.18,
        "扣非加权净资产收益率_百分比": 4.94,
        "总资产收益率_百分比": null,
        "主营业务收入_万元": 187332.205465,
        "主营业务成本_万元": 103666.463629,
        "主营业务利润_万元": null
    },
    "资产负债表": {
        "货币资金_万元": 135438.479403,
        "应收账款_万元": 40538.531048,
        "应收票据_万元": 19366.537085,
        "应收款项融资_万元": 31987.879803,
        "预付款项_万元": 5550.695475,
        "其他应收款_万元": 12371.206675,
        "存货_万元": 58083.970441,
        "合同资产_万元": null,
        "一年内到期的非流动资产_万元": null,
        "其他流动资产_万元": 18296.076753,
        "流动资产合计_万元": 326665.841961,
        "交易性金融资产_万元": 5032.465278,
        "债权投资_万元": null,
        "其他债权投资_万元": null,
        "长期应收款_万元": null,
        "长期股权投资_万元": 12284.189633,
        "其他权益工具投资_万元": 926.983026,
        "投资性房地产_万元": null,
        "固定资产_万元": 54516.697707,
        "在建工程_万元": 964.732044,
        "生产性生物资产_万元": null,
        "油气资产_万元": null,
        "使用权资产_万元": 4854.534471,
        "无形资产_万元": 19125.644638,
        "开发支出_万元": 2882.584182,
        "商誉_万元": 1407.387304,
        "长期待摊费用_万元": 4011.201752,
        "递延所得税资产_万元": 951.412785,
        "其他非流动资产_万元": 1889.074071,
        "非流动资产合计_万元": 109269.477217,
        "总资产_万元": 435935.319178,
        "总资产同比增长_百分比": -5.68,
        "短期借款_万元": 4549.079749,
        "交易性金融负债_万元": null,
        "应付票据_万元": 26813.399382,
        "应付账款_万元": 35562.245917,
        "预收款项_万元": null,
        "合同负债_万元": 8268.716455,
        "应付职工薪酬_万元": 8228.304747,
        "应交税费_万元": 3079.130388,
        "其他应付款_万元": 52194.293756,
        "一年内到期的非流动负债_万元": 1967.995829,
        "其他流动负债_万元": 7251.470434,
        "流动负债合计_万元": 147914.636657,
        "长期借款_万元": 1000.0,
        "应付债券_万元": null,
        "租赁负债_万元": 2370.011973,
        "长期应付款_万元": 519.386878,
        "预计负债_万元": null,
        "递延收益_万元": 4158.882757,
        "递延所得税负债_万元": 1302.081398,
        "其他非流动负债_万元": 190.0,
        "非流动负债合计_万元": 9540.363006,
        "总负债_万元": 157454.999663,
        "总负债同比增长_百分比": -12.79,
        "资产负债率_百分比": 36.12,
        "实收资本_万元": 42950.7117,
        "资本公积_万元": 64216.887002,
        "盈余公积_万元": 22054.70596,
        "未分配利润_万元": 93743.603311,
        "其他综合收益_万元": 140.181606,
        "专项储备_万元": null,
        "归属于母公司所有者权益合计_万元": 219406.769579,
        "少数股东权益_万元": 59073.549936,
        "股东权益合计_万元": 278480.319515
    },
    "利润表": {
        "营业总收入_万元": 191280.654825,
        "营业收入_万元": 191280.654825,
        "营业总收入同比增长_百分比": 0.11,
        "营业成本_万元": 105146.643784,
        "税金及附加_万元": 1888.611098,
        "销售费用_万元": 50282.166502,
        "管理费用_万元": 12649.677384,
        "研发费用_万元": 6069.377362,
        "财务费用_万元": -1205.940267,
        "其中利息费用_万元": 196.845317,
        "其中利息收入_万元": 1546.589825,
        "其他收益_万元": 952.193429,
        "投资收益_万元": 1160.322261,
        "其中对联营企业投资收益_万元": 112.946157,
        "公允价值变动收益_万元": -509.005004,
        "信用减值损失_万元": -1134.056346,
        "资产减值损失_万元": -16.293982,
        "资产处置收益_万元": null,
        "营业总支出_万元": null,
        "营业利润_万元": 16903.27932,
        "营业外收入_万元": 53.423439,
        "营业外支出_万元": 41.256926,
        "利润总额_万元": 16915.445833,
        "所得税费用_万元": 2482.423003,
        "净利润_万元": 14433.02283,
        "归母净利润_万元": 11671.10914,
        "少数股东损益_万元": 2761.91369,
        "持续经营净利润_万元": 14433.02283,
        "终止经营净利润_万元": null,
        "其他综合收益_万元": -0.200379,
        "综合收益总额_万元": 14432.822451
    },
    "现金流量表": {
        "销售商品收到现金_万元": 185003.248006,
        "收到的税费返还_万元": null,
        "收到其他经营活动现金_万元": 12676.962219,
        "经营活动现金流入_万元": 197680.210225,
        "购买商品支付现金_万元": 95646.374095,
        "支付职工现金_万元": 41415.766323,
        "支付税费_万元": 21348.971626,
        "支付其他经营活动现金_万元": 48878.937307,
        "经营活动现金流出_万元": 207290.049351,
        "经营现金流净额_万元": -9609.839126,
        "经营现金流净额同比增长_百分比": -137.39,
        "收回投资现金_万元": 78843.408006,
        "取得投资收益现金_万元": 1047.376104,
        "处置资产收回现金_万元": null,
        "收到其他投资活动现金_万元": null,
        "投资活动现金流入_万元": 79890.78411,
        "投资支付现金_万元": 35200.0,
        "购建资产支付现金_万元": 4563.746722,
        "支付其他投资活动现金_万元": null,
        "投资活动现金流出_万元": 39763.746722,
        "投资现金流净额_万元": 40127.037388,
        "吸收投资现金_万元": 43.92,
        "取得借款现金_万元": 3214.568375,
        "收到其他筹资活动现金_万元": null,
        "筹资活动现金流入_万元": 3258.488375,
        "偿还债务现金_万元": 4852.224236,
        "分配股利现金_万元": 12447.974259,
        "支付其他筹资活动现金_万元": 140.6,
        "筹资活动现金流出_万元": 17440.798495,
        "融资现金流净额_万元": -14182.31012,
        "汇率变动影响_万元": null,
        "现金及等价物净增加额_万元": 16334.888142,
        "净现金流_元": null,
        "净现金流同比增长_百分比": null,
        "期初现金及等价物_万元": 110193.511445,
        "期末现金及等价物_万元": 126528.399587,
        "经营现金流占比_百分比": null,
        "投资现金流占比_百分比": null,
        "融资现金流占比_百分比": null
    }
}