{
    "报告信息": {
        "序号": null,
        "股票代码": "600479",
        "股票简称": "千金药业",
        "报告年份": "2024",
        "报告期": "半年度",
        "总股本_股": 423997117,
        "流通股本_股": 418507117,
        "报告日期": null,
        "审计意见": "未经审计",
        "会计师事务所": null,
        "期": "HY"
    },
    "核心业绩指标": {
        "每股收益_元": 0.2777,
        "稀释每股收益_元": 0.2777,
        "营业总收入_万元": 192428.100744,
        "营业总收入_亿元": 19.2428100744,
        "营收同比增长_百分比": 0.6,
        "营收环比增长_百分比": null,
        "净利润_万元": 14906.799032,
        "净利润_亿元": 1.4906799032,
        "净利润同比增长_百分比": null,
        "净利润环比增长_百分比": null,
        "归母净利润_万元": 11772.304732,
        "少数股东损益_万元": 3134.4943,
        "每股净资产_元": null,
        "净资产收益率_百分比": null,
        "扣非净资产收益率_百分比": null,
        "每股经营现金流_元": null,
        "扣非净利润_万元": 11062.386542,
        "扣非净利润同比增长_百分比": -0.49,
        "销售毛利率_百分比": null,
        "销售净利率_百分比": null,
        "加权平均净资产收益率_百分比": 4.86,
        "扣非加权净资产收益率_百分比": 4.56,
        "总资产收益率_百分比": null,
        "主营业务收入_万元": null,
        "主营业务成本_万元": null,
        "主营业务利润_万元": null
    },
    "资产负债表": {
        "货币资金_万元": 171127.803008,
        "应收账款_万元": 39871.842123,
        "应收票据_万元": 25951.467354,
        "应收款项融资_万元": 25477.051258,
        "预付款项_万元": 2635.480699,
        "其他应收款_万元": 11810.24161,
        "存货_万元": 54784.398738,
        "合同资产_万元": null,
        "一年内到期的非流动资产_万元": null,
        "其他流动资产_万元": 2625.63698,
        "流动资产合计_万元": 334283.92177,
        "交易性金融资产_万元": null,
        "债权投资_万元": null,
        "其他债权投资_万元": null,
        "长期应收款_万元": null,
        "长期股权投资_万元": 12767.704329,
        "其他权益工具投资_万元": 5951.957933,
        "投资性房地产_万元": null,
        "固定资产_万元": 51292.710394,
        "在建工程_万元": 1088.225611,
        "生产性生物资产_万元": null,
        "油气资产_万元": null,
        "使用权资产_万元": 5964.079322,
        "无形资产_万元": 20627.864228,
        "开发支出_万元": 1501.300613,
        "商誉_万元": 1407.387304,
        "长期待摊费用_万元": 4821.815057,
        "递延所得税资产_万元": 2734.923349,
        "其他非流动资产_万元": 973.81952,
        "非流动资产合计_万元": 115157.495762,
        "总资产_万元": 449441.417532,
        "总资产同比增长_百分比": -3.9,
        "短期借款_万元": 4597.270513,
        "交易性金融负债_万元": null,
        "应付票据_万元": 24134.951146,
        "应付账款_万元": 36582.474559,
        "预收款项_万元": null,
        "合同负债_万元": 6628.816202,
        "应付职工薪酬_万元": 7164.892178,
        "应交税费_万元": 2738.204935,
        "其他应付款_万元": 45592.804075,
        "一年内到期的非流动负债_万元": 2686.383028,
        "其他流动负债_万元": 9058.282571,
        "流动负债合计_万元": 139184.079207,
        "长期借款_万元": 400.0,
        "应付债券_万元": null,
        "租赁负债_万元": 3172.559359,
        "长期应付款_万元": 519.386878,
        "预计负债_万元": null,
        "递延收益_万元": 3356.018628,
        "递延所得税负债_万元": 2712.923215,
        "其他非流动负债_万元": 190.0,
        "非流动负债合计_万元": 10350.88808,
        "总负债_万元": 149534.967287,
        "总负债同比增长_百分比": null,
        "资产负债率_百分比": null,
        "实收资本_万元": 42399.7117,
        "资本公积_万元": 61642.32199,
        "盈余公积_万元": 22054.70596,
        "未分配利润_万元": 111643.627558,
        "其他综合收益_万元": 158.898792,
        "专项储备_万元": null,
        "归属于母公司所有者权益合计_万元": 236243.674,
        "少数股东权益_万元": 63662.776245,
        "股东权益合计_万元": 299906.450245
    },
    "利润表": {
        "营业总收入_万元": 192428.100744,
        "营业收入_万元": 192428.100744,
        "营业总收入同比增长_百分比": 0.6,
        "营业成本_万元": 105514.89913,
        "税金及附加_万元": 1931.578214,
        "销售费用_万元": 43868.668889,
        "管理费用_万元": 12336.024532,
        "研发费用_万元": 11475.077824,
        "财务费用_万元": -662.054561,
        "其中利息费用_万元": 138.937797,
        "其中利息收入_万元": 1029.0307,
        "其他收益_万元": 873.968379,
        "投资收益_万元": -292.483531,
        "其中对联营企业投资收益_万元": -304.183531,
        "公允价值变动收益_万元": 288.321909,
        "信用减值损失_万元": -1528.127491,
        "资产减值损失_万元": 83.377159,
        "资产处置收益_万元": null,
        "营业总支出_万元": null,
        "营业利润_万元": 17388.963141,
        "营业外收入_万元": 80.482154,
        "营业外支出_万元": 94.916402,
        "利润总额_万元": 17374.528893,
        "所得税费用_万元": 2467.729861,
        "净利润_万元": 14906.799032,
        "归母净利润_万元": 11772.304732,
        "少数股东损益_万元": 3134.4943,
        "持续经营净利润_万元": 14906.799032,
        "终止经营净利润_万元": null,
        "其他综合收益_万元": -0.024699,
        "综合收益总额_万元": 14906.774333,
        "归母综合收益总额_万元": 11772.280033
    },
    "现金流量表": {
        "销售商品收到现金_万元": 187310.454826,
        "收到的税费返还_万元": null,
        "收到其他经营活动现金_万元": 7956.470108,
        "经营活动现金流入_万元": 195266.924934,
        "购买商品支付现金_万元": 88313.76434,
        "支付职工现金_万元": 42854.458207,
        "支付税费_万元": 22514.429135,
        "支付其他经营活动现金_万元": 49329.766628,
        "经营活动现金流出_万元": 203012.41831,
        "经营现金流净额_万元": -7745.493376,
        "经营现金流净额同比增长_百分比": 19.4,
        "收回投资现金_万元": null,
        "取得投资收益现金_万元": 11.7,
        "处置资产收回现金_万元": null,
        "收到其他投资活动现金_万元": null,
        "投资活动现金流入_万元": 11.7,
        "投资支付现金_万元": null,
        "购建资产支付现金_万元": 1539.049339,
        "支付其他投资活动现金_万元": null,
        "投资活动现金流出_万元": 1539.049339,
        "投资现金流净额_万元": -1527.349339,
        "吸收投资现金_万元": null,
        "取得借款现金_万元": null,
        "收到其他筹资活动现金_万元": null,
        "筹资活动现金流入_万元": null,
        "偿还债务现金_万元": 220.0,
        "分配股利现金_万元": 17192.026383,
        "支付其他筹资活动现金_万元": 1653.928,
        "筹资活动现金流出_万元": 19065.954383,
        "融资现金流净额_万元": -19065.954383,
        "汇率变动影响_万元": null,
        "现金及等价物净增加额_万元": -28338.797098,
        "净现金流_元": null,
        "净现金流同比增长_百分比": null,
        "期初现金及等价物_万元": 192833.213819,
        "期末现金及等价物_万元": 164494.416721,
        "经营现金流占比_百分比": null,
        "投资现金流占比_百分比": null,
        "融资现金流占比_百分比": null
    }
}