{
    "报告信息": {
        "序号": null,
        "股票代码": "600479",
        "股票简称": "千金药业",
        "报告年份": "2025",
        "报告期": "Q1",
        "总股本_股": 423997117,
        "流通股本_股": null,
        "报告日期": "2025-03-31",
        "审计意见": "未经审计",
        "会计师事务所": null
    },
    "核心业绩指标": {
        "每股收益_元": 0.1254,
        "稀释每股收益_元": 0.1254,
        "营业总收入_万元": 100502.339538,
        "营业总收入_亿元": 10.0502339538,
        "营收同比增长_百分比": 0.43,
        "营收环比增长_百分比": null,
        "净利润_万元": 7231.900416,
        "净利润_亿元": 0.7231900416,
        "净利润同比增长_百分比": 18.43,
        "净利润环比增长_百分比": null,
        "归母净利润_万元": 5315.531653,
        "少数股东损益_万元": 1916.368763,
        "每股净资产_元": 5.93,
        "净资产收益率_百分比": 2.13,
        "扣非净资产收益率_百分比": null,
        "每股经营现金流_元": -0.293,
        "扣非净利润_万元": 4776.15291,
        "扣非净利润同比增长_百分比": 9.77,
        "销售毛利率_百分比": 47.26,
        "销售净利率_百分比": 7.22,
        "加权平均净资产收益率_百分比": 2.13,
        "扣非加权净资产收益率_百分比": null,
        "总资产收益率_百分比": 1.55,
        "主营业务收入_万元": 100502.339538,
        "主营业务成本_万元": 53033.160473,
        "主营业务利润_万元": 8003.861266
    },
    "资产负债表": {
        "货币资金_万元": 92921.77143,
        "应收账款_万元": 38595.866978,
        "应收票据_万元": 27860.784988,
        "应收款项融资_万元": 32854.499105,
        "预付款项_万元": 2834.12015,
        "其他应收款_万元": 9353.217001,
        "存货_万元": 47418.067937,
        "合同资产_万元": null,
        "一年内到期的非流动资产_万元": null,
        "其他流动资产_万元": 1600.794553,
        "流动资产合计_万元": 253917.864044,
        "交易性金融资产_万元": 478.741902,
        "债权投资_万元": 100472.44861,
        "其他债权投资_万元": null,
        "长期应收款_万元": null,
        "长期股权投资_万元": 12886.940544,
        "其他权益工具投资_万元": 5676.671235,
        "投资性房地产_万元": null,
        "固定资产_万元": 49532.615501,
        "在建工程_万元": 1027.916593,
        "生产性生物资产_万元": null,
        "油气资产_万元": null,
        "使用权资产_万元": 5078.846052,
        "无形资产_万元": 20532.37468,
        "开发支出_万元": 3680.058032,
        "商誉_万元": 1407.387304,
        "长期待摊费用_万元": 3482.953032,
        "递延所得税资产_万元": 1800.656186,
        "其他非流动资产_万元": 899.001572,
        "非流动资产合计_万元": 212211.029004,
        "总资产_万元": 466128.893048,
        "总资产同比增长_百分比": 2.3,
        "短期借款_万元": 623.349249,
        "交易性金融负债_万元": null,
        "应付票据_万元": 32708.096912,
        "应付账款_万元": 28711.463123,
        "预收款项_万元": null,
        "合同负债_万元": 7902.426169,
        "应付职工薪酬_万元": 8845.638514,
        "应交税费_万元": 3355.724574,
        "其他应付款_万元": 45363.689404,
        "一年内到期的非流动负债_万元": 2517.201657,
        "其他流动负债_万元": 6485.785254,
        "流动负债合计_万元": 136513.374856,
        "长期借款_万元": null,
        "应付债券_万元": null,
        "租赁负债_万元": 2712.365241,
        "长期应付款_万元": 519.386878,
        "预计负债_万元": null,
        "递延收益_万元": 3227.025134,
        "递延所得税负债_万元": 1620.184738,
        "其他非流动负债_万元": 190.0,
        "非流动负债合计_万元": 8268.961991,
        "总负债_万元": 144782.336847,
        "总负债同比增长_百分比": 2.16,
        "资产负债率_百分比": 31.08,
        "实收资本_万元": 42399.7117,
        "资本公积_万元": 60525.202914,
        "盈余公积_万元": 22054.70596,
        "未分配利润_万元": 128262.516404,
        "其他综合收益_万元": 157.528742,
        "专项储备_万元": null,
        "归属于母公司所有者权益合计_万元": 251744.07372,
        "少数股东权益_万元": 69602.482481,
        "股东权益合计_万元": 321346.556201
    },
    "利润表": {
        "营业总收入_万元": 100502.339538,
        "营业收入_万元": 100502.339538,
        "营业总收入同比增长_百分比": 0.43,
        "营业成本_万元": 53033.160473,
        "税金及附加_万元": 1079.375145,
        "销售费用_万元": 25459.595822,
        "管理费用_万元": 6537.521816,
        "研发费用_万元": 6146.170851,
        "财务费用_万元": 34.266443,
        "其中利息费用_万元": 2.1,
        "其中利息收入_万元": 174.487555,
        "其他收益_万元": 265.920494,
        "投资收益_万元": 605.960871,
        "其中对联营企业投资收益_万元": 21.078927,
        "公允价值变动收益_万元": 105.963113,
        "信用减值损失_万元": -1195.116647,
        "资产减值损失_万元": 8.884447,
        "资产处置收益_万元": null,
        "营业总支出_万元": 92290.09055,
        "营业利润_万元": 8003.861266,
        "营业外收入_万元": 3.775255,
        "营业外支出_万元": 60.537784,
        "利润总额_万元": 7947.098737,
        "所得税费用_万元": 715.198321,
        "净利润_万元": 7231.900416,
        "归母净利润_万元": 5315.531653,
        "少数股东损益_万元": 1916.368763,
        "持续经营净利润_万元": 7231.900416,
        "终止经营净利润_万元": null,
        "其他综合收益_万元": 0,
        "综合收益总额_万元": 7231.900416,
        "归母综合收益总额_万元": 5315.531653
    },
    "现金流量表": {
        "销售商品收到现金_万元": 85777.010589,
        "收到的税费返还_万元": null,
        "收到其他经营活动现金_万元": 3503.197698,
        "经营活动现金流入_万元": 89280.208287,
        "购买商品支付现金_万元": 37553.686918,
        "支付职工现金_万元": 27057.03017,
        "支付税费_万元": 7616.991227,
        "支付其他经营活动现金_万元": 29489.391285,
        "经营活动现金流出_万元": 101717.0996,
        "经营现金流净额_万元": -12436.891313,
        "经营现金流净额同比增长_百分比": 26.93,
        "收回投资现金_万元": 240.0,
        "取得投资收益现金_万元": null,
        "处置资产收回现金_万元": null,
        "收到其他投资活动现金_万元": null,
        "投资活动现金流入_万元": 240.0,
        "投资支付现金_万元": 29000.0,
        "购建资产支付现金_万元": 426.925626,
        "支付其他投资活动现金_万元": null,
        "投资活动现金流出_万元": 29426.925626,
        "投资现金流净额_万元": -29186.925626,
        "吸收投资现金_万元": null,
        "取得借款现金_万元": null,
        "收到其他筹资活动现金_万元": 200.0,
        "筹资活动现金流入_万元": 200.0,
        "偿还债务现金_万元": null,
        "分配股利现金_万元": 24.0,
        "支付其他筹资活动现金_万元": null,
        "筹资活动现金流出_万元": 24.0,
        "融资现金流净额_万元": 176.0,
        "汇率变动影响_万元": null,
        "现金及等价物净增加额_万元": -41447.816939,
        "净现金流_元": -414478169.39,
        "净现金流同比增长_百分比": -108.99,
        "期初现金及等价物_万元": 133579.47505,
        "期末现金及等价物_万元": 92131.658111,
        "经营现金流占比_百分比": 30.01,
        "投资现金流占比_百分比": 70.42,
        "融资现金流占比_百分比": -0.42
    }
}