{
    "报告信息": {
        "序号": null,
        "股票代码": "600518",
        "股票简称": "康美药业",
        "报告年份": "2023",
        "报告期": "第一季度",
        "总股本_股": 13863866690,
        "流通股本_股": null,
        "报告日期": null,
        "审计意见": "未经审计",
        "会计师事务所": null,
        "期": "Q1"
    },
    "核心业绩指标": {
        "每股收益_元": -0.004,
        "稀释每股收益_元": -0.004,
        "营业总收入_万元": 114394.616237,
        "营业总收入_亿元": 11.4394616237,
        "营收同比增长_百分比": 22.5,
        "营收环比增长_百分比": null,
        "净利润_万元": -4976.538327,
        "净利润_亿元": -0.4976538327,
        "净利润同比增长_百分比": null,
        "净利润环比增长_百分比": null,
        "归母净利润_万元": -5040.857468,
        "少数股东损益_万元": 64.319141,
        "每股净资产_元": null,
        "净资产收益率_百分比": null,
        "扣非净资产收益率_百分比": null,
        "每股经营现金流_元": null,
        "扣非净利润_万元": -8890.15107,
        "扣非净利润同比增长_百分比": null,
        "销售毛利率_百分比": null,
        "销售净利率_百分比": null,
        "加权平均净资产收益率_百分比": -0.73,
        "扣非加权净资产收益率_百分比": null,
        "总资产收益率_百分比": null,
        "主营业务收入_万元": null,
        "主营业务成本_万元": null,
        "主营业务利润_万元": null
    },
    "资产负债表": {
        "货币资金_万元": 129132.555272,
        "应收账款_万元": 191710.523041,
        "应收票据_万元": 5578.195235,
        "应收款项融资_万元": 4494.477201,
        "预付款项_万元": 17814.928505,
        "其他应收款_万元": 80140.772052,
        "存货_万元": 264797.210043,
        "合同资产_万元": null,
        "一年内到期的非流动资产_万元": null,
        "其他流动资产_万元": 18596.309138,
        "流动资产合计_万元": 712276.701498,
        "交易性金融资产_万元": 11.731011,
        "债权投资_万元": null,
        "其他债权投资_万元": null,
        "长期应收款_万元": null,
        "长期股权投资_万元": null,
        "其他权益工具投资_万元": 139.118099,
        "投资性房地产_万元": 274854.287767,
        "固定资产_万元": 367348.413665,
        "在建工程_万元": 21655.280179,
        "生产性生物资产_万元": 78.546517,
        "油气资产_万元": null,
        "使用权资产_万元": 22105.963573,
        "无形资产_万元": 51820.696987,
        "开发支出_万元": null,
        "商誉_万元": 10635.055122,
        "长期待摊费用_万元": 8135.189145,
        "递延所得税资产_万元": 9590.170557,
        "其他非流动资产_万元": 1441.162787,
        "非流动资产合计_万元": 767803.884398,
        "总资产_万元": 1480080.585896,
        "总资产同比增长_百分比": -2.06,
        "短期借款_万元": 2600.9225,
        "交易性金融负债_万元": null,
        "应付票据_万元": 3524.087668,
        "应付账款_万元": 221653.867918,
        "预收款项_万元": 6330.65305,
        "合同负债_万元": 19571.51882,
        "应付职工薪酬_万元": 17407.576326,
        "应交税费_万元": 98488.038334,
        "其他应付款_万元": 133816.732237,
        "一年内到期的非流动负债_万元": 3810.386127,
        "其他流动负债_万元": 8532.140997,
        "流动负债合计_万元": 515735.923977,
        "长期借款_万元": null,
        "应付债券_万元": null,
        "租赁负债_万元": 18962.963131,
        "长期应付款_万元": 84270.521488,
        "预计负债_万元": 97981.115725,
        "递延收益_万元": 64597.715815,
        "递延所得税负债_万元": 5499.126907,
        "其他非流动负债_万元": null,
        "非流动负债合计_万元": 271311.443066,
        "总负债_万元": 787047.367043,
        "总负债同比增长_百分比": null,
        "资产负债率_百分比": null,
        "实收资本_万元": 1386386.669,
        "资本公积_万元": 1878288.47417,
        "盈余公积_万元": 152557.579827,
        "未分配利润_万元": -2605381.653739,
        "其他综合收益_万元": 13.523326,
        "专项储备_万元": 129.581368,
        "归属于母公司所有者权益合计_万元": 689785.446742,
        "少数股东权益_万元": 3247.772111,
        "股东权益合计_万元": 693033.218853
    },
    "利润表": {
        "营业总收入_万元": 114394.616237,
        "营业收入_万元": 114394.616237,
        "营业总收入同比增长_百分比": 22.5,
        "营业成本_万元": 98288.217211,
        "税金及附加_万元": 1285.455492,
        "销售费用_万元": 10376.678659,
        "管理费用_万元": 12589.658341,
        "研发费用_万元": 948.604957,
        "财务费用_万元": -453.089008,
        "其中利息费用_万元": 300.138072,
        "其中利息收入_万元": 785.551681,
        "其他收益_万元": 949.150394,
        "投资收益_万元": 576.602892,
        "其中对联营企业投资收益_万元": null,
        "公允价值变动收益_万元": null,
        "信用减值损失_万元": -2.912582,
        "资产减值损失_万元": 34.836434,
        "资产处置收益_万元": 2016.171169,
        "营业总支出_万元": 123035.525652,
        "营业利润_万元": -5067.061108,
        "营业外收入_万元": 743.199533,
        "营业外支出_万元": 106.283102,
        "利润总额_万元": -4430.144677,
        "所得税费用_万元": 546.39365,
        "净利润_万元": -4976.538327,
        "归母净利润_万元": -5040.857468,
        "少数股东损益_万元": 64.319141,
        "持续经营净利润_万元": -4976.538327,
        "终止经营净利润_万元": null,
        "其他综合收益_万元": -0.053398,
        "综合收益总额_万元": -4976.591725,
        "归母综合收益总额_万元": -5040.910866
    },
    "现金流量表": {
        "销售商品收到现金_万元": 140280.575618,
        "收到的税费返还_万元": 305.842446,
        "收到其他经营活动现金_万元": 5869.402368,
        "经营活动现金流入_万元": 146455.820432,
        "购买商品支付现金_万元": 131297.202265,
        "支付职工现金_万元": 17358.199093,
        "支付税费_万元": 4994.305068,
        "支付其他经营活动现金_万元": 13128.504065,
        "经营活动现金流出_万元": 166778.210491,
        "经营现金流净额_万元": -20322.390059,
        "经营现金流净额同比增长_百分比": null,
        "收回投资现金_万元": null,
        "取得投资收益现金_万元": null,
        "处置资产收回现金_万元": 4226.5881,
        "收到其他投资活动现金_万元": null,
        "投资活动现金流入_万元": 4226.5881,
        "投资支付现金_万元": null,
        "购建资产支付现金_万元": 2825.271753,
        "支付其他投资活动现金_万元": null,
        "投资活动现金流出_万元": 2825.271753,
        "投资现金流净额_万元": 1401.316347,
        "吸收投资现金_万元": null,
        "取得借款现金_万元": null,
        "收到其他筹资活动现金_万元": 1076.498071,
        "筹资活动现金流入_万元": 1076.498071,
        "偿还债务现金_万元": null,
        "分配股利现金_万元": null,
        "支付其他筹资活动现金_万元": 4208.295164,
        "筹资活动现金流出_万元": 4208.295164,
        "融资现金流净额_万元": -3131.797093,
        "汇率变动影响_万元": -0.075455,
        "现金及等价物净增加额_万元": -22052.94626,
        "净现金流_元": null,
        "净现金流同比增长_百分比": null,
        "期初现金及等价物_万元": 143189.23106,
        "期末现金及等价物_万元": 121136.2848,
        "经营现金流占比_百分比": null,
        "投资现金流占比_百分比": null,
        "融资现金流占比_百分比": null
    }
}