{
    "报告信息": {
        "序号": null,
        "股票代码": "600535",
        "股票简称": "天士力",
        "报告年份": "2025",
        "报告期": "Q3",
        "总股本_股": 1493950005,
        "流通股本_股": null,
        "报告日期": "2025-10-23",
        "审计意见": "未经审计",
        "会计师事务所": null
    },
    "核心业绩指标": {
        "每股收益_元": 0.66,
        "稀释每股收益_元": 0.66,
        "营业总收入_万元": 631067.285739,
        "营业总收入_亿元": 63.1067285739,
        "营收同比增长_百分比": -2.35,
        "营收环比增长_百分比": null,
        "净利润_万元": 99254.546574,
        "净利润_亿元": 9.9254546574,
        "净利润同比增长_百分比": 19.85,
        "净利润环比增长_百分比": null,
        "归母净利润_万元": 98437.321094,
        "少数股东损益_万元": 817.22548,
        "每股净资产_元": null,
        "净资产收益率_百分比": null,
        "扣非净资产收益率_百分比": null,
        "每股经营现金流_元": null,
        "扣非净利润_万元": 82919.449957,
        "扣非净利润同比增长_百分比": -15.59,
        "销售毛利率_百分比": null,
        "销售净利率_百分比": null,
        "加权平均净资产收益率_百分比": 8.06,
        "扣非加权净资产收益率_百分比": null,
        "总资产收益率_百分比": null,
        "主营业务收入_万元": null,
        "主营业务成本_万元": null,
        "主营业务利润_万元": null
    },
    "资产负债表": {
        "货币资金_万元": 260263.498279,
        "应收账款_万元": 118579.136976,
        "应收票据_万元": null,
        "应收款项融资_万元": 155086.202083,
        "预付款项_万元": 7442.605082,
        "其他应收款_万元": 3579.368991,
        "存货_万元": 142878.636313,
        "合同资产_万元": null,
        "一年内到期的非流动资产_万元": null,
        "其他流动资产_万元": 3488.756742,
        "流动资产合计_万元": 779950.244953,
        "交易性金融资产_万元": 88632.040487,
        "债权投资_万元": null,
        "其他债权投资_万元": null,
        "长期应收款_万元": null,
        "长期股权投资_万元": 128258.500308,
        "其他权益工具投资_万元": null,
        "投资性房地产_万元": null,
        "固定资产_万元": 300569.996541,
        "在建工程_万元": 33171.08127,
        "生产性生物资产_万元": null,
        "油气资产_万元": null,
        "使用权资产_万元": 16437.0382,
        "无形资产_万元": 77933.00913,
        "开发支出_万元": 128395.117938,
        "商誉_万元": null,
        "长期待摊费用_万元": 2207.299139,
        "递延所得税资产_万元": 4918.434962,
        "其他非流动资产_万元": 5218.375633,
        "非流动资产合计_万元": 715781.111565,
        "总资产_万元": 1495731.356518,
        "总资产同比增长_百分比": -0.13,
        "短期借款_万元": 46475.619444,
        "交易性金融负债_万元": null,
        "应付票据_万元": 6302.765504,
        "应付账款_万元": 26623.29133,
        "预收款项_万元": 6415.807702,
        "合同负债_万元": 5287.168894,
        "应付职工薪酬_万元": 24000.860395,
        "应交税费_万元": 13877.88414,
        "其他应付款_万元": 58219.935603,
        "一年内到期的非流动负债_万元": 16629.884763,
        "其他流动负债_万元": 872.11747,
        "流动负债合计_万元": 203920.429522,
        "长期借款_万元": 17884.062137,
        "应付债券_万元": null,
        "租赁负债_万元": 4713.130266,
        "长期应付款_万元": null,
        "预计负债_万元": null,
        "递延收益_万元": 19165.729332,
        "递延所得税负债_万元": 39.803379,
        "其他非流动负债_万元": null,
        "非流动负债合计_万元": 41802.725114,
        "总负债_万元": 245723.154636,
        "总负债同比增长_百分比": null,
        "资产负债率_百分比": null,
        "实收资本_万元": 149395.0005,
        "资本公积_万元": 47237.249589,
        "盈余公积_万元": 174364.000198,
        "未分配利润_万元": 852641.843158,
        "其他综合收益_万元": 6804.058379,
        "专项储备_万元": null,
        "归属于母公司所有者权益合计_万元": 1230442.151824,
        "少数股东权益_万元": 19566.050058,
        "股东权益合计_万元": 1250008.201882
    },
    "利润表": {
        "营业总收入_万元": 631067.285739,
        "营业收入_万元": 631067.285739,
        "营业总收入同比增长_百分比": -2.35,
        "营业成本_万元": 208310.573181,
        "税金及附加_万元": 9712.334207,
        "销售费用_万元": 228080.817457,
        "管理费用_万元": 23792.297098,
        "研发费用_万元": 55343.187387,
        "财务费用_万元": -1391.705877,
        "其中利息费用_万元": 2705.412769,
        "其中利息收入_万元": 4350.573787,
        "其他收益_万元": 4450.093618,
        "投资收益_万元": -1392.576351,
        "其中对联营企业投资收益_万元": -7582.808862,
        "公允价值变动收益_万元": 6322.62285,
        "信用减值损失_万元": -1452.98861,
        "资产减值损失_万元": 10.876126,
        "资产处置收益_万元": 727.401784,
        "营业总支出_万元": 523847.503453,
        "营业利润_万元": 115885.211703,
        "营业外收入_万元": 468.136703,
        "营业外支出_万元": 1078.008555,
        "利润总额_万元": 115275.339851,
        "所得税费用_万元": 16020.793277,
        "净利润_万元": 99254.546574,
        "归母净利润_万元": 98437.321094,
        "少数股东损益_万元": 817.22548,
        "持续经营净利润_万元": 99254.546574,
        "终止经营净利润_万元": null,
        "其他综合收益_万元": 1585.599845,
        "综合收益总额_万元": 100840.146419,
        "归母综合收益总额_万元": 100019.852116
    },
    "现金流量表": {
        "销售商品收到现金_万元": 591730.042952,
        "收到的税费返还_万元": 132.828193,
        "收到其他经营活动现金_万元": 24140.976013,
        "经营活动现金流入_万元": 616003.847158,
        "购买商品支付现金_万元": 131891.002766,
        "支付职工现金_万元": 145771.591151,
        "支付税费_万元": 82695.532537,
        "支付其他经营活动现金_万元": 168383.990738,
        "经营活动现金流出_万元": 528742.117192,
        "经营现金流净额_万元": 87261.729966,
        "经营现金流净额同比增长_百分比": -26.67,
        "收回投资现金_万元": 395343.738904,
        "取得投资收益现金_万元": 4031.325517,
        "处置资产收回现金_万元": 598.271008,
        "收到其他投资活动现金_万元": 21065.99,
        "投资活动现金流入_万元": 429377.746532,
        "投资支付现金_万元": 388939.203036,
        "购建资产支付现金_万元": 26348.798856,
        "支付其他投资活动现金_万元": 1.149614,
        "投资活动现金流出_万元": 415289.151506,
        "投资现金流净额_万元": 14088.595026,
        "吸收投资现金_万元": null,
        "取得借款现金_万元": 35554.166967,
        "收到其他筹资活动现金_万元": 127000,
        "筹资活动现金流入_万元": 162554.166967,
        "偿还债务现金_万元": 136486.950517,
        "分配股利现金_万元": null,
        "支付其他筹资活动现金_万元": 58384.287235,
        "筹资活动现金流出_万元": 226900.197644,
        "融资现金流净额_万元": -64346.030677,
        "汇率变动影响_万元": -430.816158,
        "现金及等价物净增加额_万元": 36573.478157,
        "净现金流_元": null,
        "净现金流同比增长_百分比": null,
        "期初现金及等价物_万元": 81728.406336,
        "期末现金及等价物_万元": 118301.884493,
        "经营现金流占比_百分比": null,
        "投资现金流占比_百分比": null,
        "融资现金流占比_百分比": null
    }
}