{
    "报告信息": {
        "序号": null,
        "股票代码": "600518",
        "股票简称": "康美药业",
        "报告年份": "2023",
        "报告期": "年度报告",
        "总股本_股": 13863866690,
        "流通股本_股": 13612928105,
        "报告日期": null,
        "审计意见": "标准无保留意见",
        "会计师事务所": "天职国际会计师事务所（特殊普通合伙）",
        "期": "FY"
    },
    "核心业绩指标": {
        "每股收益_元": -0.19,
        "稀释每股收益_元": -0.19,
        "营业总收入_万元": 418015.032954,
        "营业总收入_亿元": 41.8015032954,
        "营收同比增长_百分比": 0.67,
        "营收环比增长_百分比": null,
        "净利润_万元": -269431.919046,
        "净利润_亿元": -26.9431919046,
        "净利润同比增长_百分比": null,
        "净利润环比增长_百分比": null,
        "归母净利润_万元": -268867.401461,
        "少数股东损益_万元": -564.517585,
        "每股净资产_元": null,
        "净资产收益率_百分比": null,
        "扣非净资产收益率_百分比": null,
        "每股经营现金流_元": null,
        "扣非净利润_万元": -150854.974499,
        "扣非净利润同比增长_百分比": null,
        "销售毛利率_百分比": null,
        "销售净利率_百分比": null,
        "加权平均净资产收益率_百分比": -31.87,
        "扣非加权净资产收益率_百分比": -17.88,
        "总资产收益率_百分比": null,
        "主营业务收入_万元": 416158.069859,
        "主营业务成本_万元": 353472.650179,
        "主营业务利润_万元": 62685.41968
    },
    "资产负债表": {
        "货币资金_万元": 150739.721122,
        "应收账款_万元": 196495.531956,
        "应收票据_万元": 4996.278201,
        "应收款项融资_万元": 2421.939528,
        "预付款项_万元": 17465.678157,
        "其他应收款_万元": 79167.724055,
        "存货_万元": 275069.281349,
        "合同资产_万元": null,
        "一年内到期的非流动资产_万元": null,
        "其他流动资产_万元": 12031.153451,
        "流动资产合计_万元": 738399.03883,
        "交易性金融资产_万元": 11.731011,
        "债权投资_万元": null,
        "其他债权投资_万元": null,
        "长期应收款_万元": null,
        "长期股权投资_万元": 0,
        "其他权益工具投资_万元": 139.118099,
        "投资性房地产_万元": 276838.135444,
        "固定资产_万元": 373134.331055,
        "在建工程_万元": 21550.224364,
        "生产性生物资产_万元": 80.663374,
        "油气资产_万元": null,
        "使用权资产_万元": 23269.186636,
        "无形资产_万元": 52979.467341,
        "开发支出_万元": null,
        "商誉_万元": 10635.055122,
        "长期待摊费用_万元": 8670.522009,
        "递延所得税资产_万元": 4014.943675,
        "其他非流动资产_万元": 1465.22787,
        "非流动资产合计_万元": 772776.874989,
        "总资产_万元": 1511175.913819,
        "总资产同比增长_百分比": -5.87,
        "短期借款_万元": 2561.896411,
        "交易性金融负债_万元": null,
        "应付票据_万元": 3039.962263,
        "应付账款_万元": 253304.999863,
        "预收款项_万元": 5628.394092,
        "合同负债_万元": 15812.412189,
        "应付职工薪酬_万元": 18121.178983,
        "应交税费_万元": 99854.52043,
        "其他应付款_万元": 133083.921449,
        "一年内到期的非流动负债_万元": 3911.681512,
        "其他流动负债_万元": 8832.186547,
        "流动负债合计_万元": 544151.153739,
        "长期借款_万元": null,
        "应付债券_万元": null,
        "租赁负债_万元": 19913.032231,
        "长期应付款_万元": 85395.618193,
        "预计负债_万元": 98063.056267,
        "递延收益_万元": 65398.16726,
        "递延所得税负债_万元": null,
        "其他非流动负债_万元": null,
        "非流动负债合计_万元": 268769.873951,
        "总负债_万元": 812921.02769,
        "总负债同比增长_百分比": null,
        "资产负债率_百分比": null,
        "实收资本_万元": 138638.6669,
        "资本公积_万元": 187828.847417,
        "盈余公积_万元": 15255.7579827,
        "未分配利润_万元": -2600473.201355,
        "其他综合收益_万元": 13.576724,
        "专项储备_万元": 129.581368,
        "归属于母公司所有者权益合计_万元": 694713.070324,
        "少数股东权益_万元": 3541.815805,
        "股东权益合计_万元": 698254.886129
    },
    "利润表": {
        "营业总收入_万元": 418015.032954,
        "营业收入_万元": 418015.032954,
        "营业总收入同比增长_百分比": 0.67,
        "营业成本_万元": 354714.803566,
        "税金及附加_万元": 19522.17044,
        "销售费用_万元": 46664.424486,
        "管理费用_万元": 61449.135229,
        "研发费用_万元": 2544.650361,
        "财务费用_万元": 4083.624426,
        "其中利息费用_万元": 7889.707567,
        "其中利息收入_万元": 4002.806763,
        "其他收益_万元": -34499.277287,
        "投资收益_万元": 74.687337,
        "其中对联营企业投资收益_万元": null,
        "公允价值变动收益_万元": null,
        "信用减值损失_万元": -22747.955126,
        "资产减值损失_万元": -49715.53079,
        "资产处置收益_万元": 97.91896,
        "营业总支出_万元": null,
        "营业利润_万元": null,
        "营业外收入_万元": 3186.089488,
        "营业外支出_万元": 91837.125698,
        "利润总额_万元": null,
        "所得税费用_万元": 302.6950376,
        "净利润_万元": -269431.919046,
        "归母净利润_万元": -268867.401461,
        "少数股东损益_万元": -564.517585,
        "持续经营净利润_万元": -269431.919046,
        "终止经营净利润_万元": null,
        "其他综合收益_万元": null,
        "综合收益总额_万元": null,
        "归母综合收益总额_万元": null
    },
    "现金流量表": {
        "销售商品收到现金_万元": 388936.767103,
        "收到的税费返还_万元": 2854.456459,
        "收到其他经营活动现金_万元": 40899.371735,
        "经营活动现金流入_万元": 432690.595297,
        "购买商品支付现金_万元": 353142.046312,
        "支付职工现金_万元": 68104.183878,
        "支付税费_万元": 31299.556432,
        "支付其他经营活动现金_万元": 55141.007299,
        "经营活动现金流出_万元": 507686.793921,
        "经营现金流净额_万元": -74996.198624,
        "经营现金流净额同比增长_百分比": -450.11,
        "收回投资现金_万元": null,
        "取得投资收益现金_万元": 54.761243,
        "处置资产收回现金_万元": 154.949619,
        "收到其他投资活动现金_万元": null,
        "投资活动现金流入_万元": 209.710862,
        "投资支付现金_万元": null,
        "购建资产支付现金_万元": 4811.777708,
        "支付其他投资活动现金_万元": null,
        "投资活动现金流出_万元": 4811.777708,
        "投资现金流净额_万元": -4602.066846,
        "吸收投资现金_万元": null,
        "取得借款现金_万元": null,
        "收到其他筹资活动现金_万元": 1810.371884,
        "筹资活动现金流入_万元": 1810.371884,
        "偿还债务现金_万元": null,
        "分配股利现金_万元": 89.684609,
        "支付其他筹资活动现金_万元": 13406.750566,
        "筹资活动现金流出_万元": 13496.435175,
        "融资现金流净额_万元": -11686.063291,
        "汇率变动影响_万元": 0.22076,
        "现金及等价物净增加额_万元": -91284.108001,
        "净现金流_元": null,
        "净现金流同比增长_百分比": null,
        "期初现金及等价物_万元": 234473.339061,
        "期末现金及等价物_万元": 143189.23106,
        "经营现金流占比_百分比": null,
        "投资现金流占比_百分比": null,
        "融资现金流占比_百分比": null
    }
}