{
    "报告信息": {
        "序号": null,
        "股票代码": "600572",
        "股票简称": "康恩贝",
        "报告年份": "2024",
        "报告期": "半年度",
        "总股本_股": 2570037319,
        "流通股本_股": null,
        "报告日期": "2024-08-22",
        "审计意见": "未经审计",
        "会计师事务所": "天健会计师事务所（特殊普通合伙）",
        "期": "HY"
    },
    "核心业绩指标": {
        "每股收益_元": 0.15,
        "稀释每股收益_元": 0.148,
        "营业总收入_万元": 344845.23,
        "营业总收入_亿元": 34.484523,
        "营收同比增长_百分比": -8.4,
        "营收环比增长_百分比": 16.18,
        "净利润_万元": 40755.87,
        "净利润_亿元": 4.075587,
        "净利润同比增长_百分比": -25.95,
        "净利润环比增长_百分比": null,
        "归母净利润_万元": 38219.87,
        "少数股东损益_万元": 2536.0,
        "每股净资产_元": null,
        "净资产收益率_百分比": null,
        "扣非净资产收益率_百分比": null,
        "每股经营现金流_元": 0.1214,
        "扣非净利润_万元": 33642.06,
        "扣非净利润同比增长_百分比": -19.02,
        "销售毛利率_百分比": 54.86,
        "销售净利率_百分比": 11.82,
        "加权平均净资产收益率_百分比": 5.43,
        "扣非加权净资产收益率_百分比": 4.77,
        "总资产收益率_百分比": 3.98,
        "主营业务收入_万元": 340592.13,
        "主营业务成本_万元": 152799.47,
        "主营业务利润_万元": 187792.66
    },
    "资产负债表": {
        "货币资金_万元": 138784.1,
        "应收账款_万元": 143852.857,
        "应收票据_万元": null,
        "应收款项融资_万元": 40075.297805,
        "预付款项_万元": 8493.205014,
        "其他应收款_万元": 12512.030818,
        "存货_万元": 1304722.3996,
        "合同资产_万元": null,
        "一年内到期的非流动资产_万元": null,
        "其他流动资产_万元": 14725.19105,
        "流动资产合计_万元": 488909.32,
        "交易性金融资产_万元": null,
        "债权投资_万元": null,
        "其他债权投资_万元": null,
        "长期应收款_万元": null,
        "长期股权投资_万元": 1538742.0727,
        "其他权益工具投资_万元": 11363.019741,
        "投资性房地产_万元": 338.306445,
        "固定资产_万元": 283175.2532,
        "在建工程_万元": 16759.00447,
        "生产性生物资产_万元": null,
        "油气资产_万元": null,
        "使用权资产_万元": 342.353577,
        "无形资产_万元": 34429.837359,
        "开发支出_万元": 143.88302,
        "商誉_万元": 184722.90105,
        "长期待摊费用_万元": 2844.349343,
        "递延所得税资产_万元": 5380.894695,
        "其他非流动资产_万元": 2104.295538,
        "非流动资产合计_万元": 536535.5,
        "总资产_万元": 1025445.82,
        "总资产同比增长_百分比": -8.75,
        "短期借款_万元": 39867.527699,
        "交易性金融负债_万元": null,
        "应付票据_万元": 23100.272113,
        "应付账款_万元": 70904.228333,
        "预收款项_万元": null,
        "合同负债_万元": 2539.110438,
        "应付职工薪酬_万元": 14289.194108,
        "应交税费_万元": 7267.094345,
        "其他应付款_万元": 1088830.78917,
        "一年内到期的非流动负债_万元": 8337.603752,
        "其他流动负债_万元": 316.576718,
        "流动负债合计_万元": 275504.69,
        "长期借款_万元": 13810.1775,
        "应付债券_万元": null,
        "租赁负债_万元": 64.645664,
        "长期应付款_万元": 94.253415,
        "预计负债_万元": null,
        "递延收益_万元": 12824.229886,
        "递延所得税负债_万元": 27025.692679,
        "其他非流动负债_万元": null,
        "非流动负债合计_万元": 53819.0,
        "总负债_万元": 329323.69,
        "总负债同比增长_百分比": -15.31,
        "资产负债率_百分比": 32.11,
        "实收资本_万元": 257003.7319,
        "资本公积_万元": 23446.546346,
        "盈余公积_万元": 62861.199049,
        "未分配利润_万元": 351056.791722,
        "其他综合收益_万元": -4.794858,
        "专项储备_万元": 1071.211742,
        "归属于母公司所有者权益合计_万元": 667563.24,
        "少数股东权益_万元": 28558.9,
        "股东权益合计_万元": 696122.14,
        "其他非流动金融资产_万元": 6014.145481,
        "库存股_万元": 26800.234315,
        "所有权或使用权受限资产_万元": 75670.363417
    },
    "利润表": {
        "营业总收入_万元": 344845.23191,
        "营业收入_万元": 344845.23191,
        "营业总收入同比增长_百分比": -8.4,
        "营业成本_万元": 155701.075204,
        "税金及附加_万元": 4001.915367,
        "销售费用_万元": 109187.971986,
        "管理费用_万元": 24734.912495,
        "研发费用_万元": 13349.572575,
        "财务费用_万元": -1486.427217,
        "其中利息费用_万元": 1454.189493,
        "其中利息收入_万元": 2716.467487,
        "其他收益_万元": 5185.004226,
        "投资收益_万元": 4001.68882,
        "其中对联营企业投资收益_万元": 3974.007681,
        "公允价值变动收益_万元": -219.342816,
        "信用减值损失_万元": -773.448681,
        "资产减值损失_万元": -1229.308259,
        "资产处置收益_万元": 2129.413156,
        "营业总支出_万元": null,
        "营业利润_万元": 48450.22,
        "营业外收入_万元": 52.247311,
        "营业外支出_万元": 230.038607,
        "利润总额_万元": 48272.43,
        "所得税费用_万元": 7516.560322,
        "净利润_万元": 40755.866328,
        "归母净利润_万元": 38219.866228,
        "少数股东损益_万元": 2536.0,
        "持续经营净利润_万元": null,
        "终止经营净利润_万元": null,
        "其他综合收益_万元": -4.243181,
        "综合收益总额_万元": 40755.866328,
        "归母综合收益总额_万元": 38219.866228
    },
    "现金流量表": {
        "销售商品收到现金_万元": 309663.24,
        "收到的税费返还_万元": 1696.75,
        "收到其他经营活动现金_万元": 20212.59,
        "经营活动现金流入_万元": 331572.57,
        "购买商品支付现金_万元": 95182.75,
        "支付职工现金_万元": 69259.17,
        "支付税费_万元": 34342.92,
        "支付其他经营活动现金_万元": 102265.96,
        "经营活动现金流出_万元": 301050.81,
        "经营现金流净额_万元": 30521.76,
        "经营现金流净额同比增长_百分比": -30.48,
        "收回投资现金_万元": 62646.52,
        "取得投资收益现金_万元": 3242.0,
        "处置资产收回现金_万元": 734.19,
        "收到其他投资活动现金_万元": null,
        "投资活动现金流入_万元": 66622.7,
        "投资支付现金_万元": 70051.02,
        "购建资产支付现金_万元": 10274.21,
        "支付其他投资活动现金_万元": null,
        "投资活动现金流出_万元": 80325.23,
        "投资现金流净额_万元": -13702.52,
        "吸收投资现金_万元": null,
        "取得借款现金_万元": 65774.46,
        "收到其他筹资活动现金_万元": null,
        "筹资活动现金流入_万元": 65774.46,
        "偿还债务现金_万元": 127331.82,
        "分配股利现金_万元": 52443.8,
        "支付其他筹资活动现金_万元": 26800.23,
        "筹资活动现金流出_万元": 206575.85,
        "融资现金流净额_万元": -140801.39,
        "汇率变动影响_万元": 49.15,
        "现金及等价物净增加额_万元": -123933.0,
        "净现金流_万元": -123933.001822,
        "净现金流同比增长_百分比": null,
        "期初现金及等价物_万元": 232603.02,
        "期末现金及等价物_万元": 108670.02,
        "经营现金流占比_百分比": null,
        "投资现金流占比_百分比": null,
        "融资现金流占比_百分比": null
    }
}