{
    "报告信息": {
        "序号": null,
        "股票代码": "600557",
        "股票简称": "康缘药业",
        "报告年份": "2023",
        "报告期": "第一季度",
        "总股本_股": 584597952,
        "流通股本_股": null,
        "报告日期": "2023-04-07",
        "审计意见": "未经审计",
        "会计师事务所": null,
        "期": "Q1"
    },
    "核心业绩指标": {
        "每股收益_元": 0.25,
        "稀释每股收益_元": 0.24,
        "营业总收入_万元": 135249.384195,
        "营业总收入_亿元": 13.5249384195,
        "营收同比增长_百分比": 25.39,
        "营收环比增长_百分比": null,
        "净利润_万元": 14527.211436,
        "净利润_亿元": 1.4527211436,
        "净利润同比增长_百分比": 31.63,
        "净利润环比增长_百分比": null,
        "归母净利润_万元": 14143.835886,
        "少数股东损益_万元": 383.37555,
        "每股净资产_元": null,
        "净资产收益率_百分比": null,
        "扣非净资产收益率_百分比": null,
        "每股经营现金流_元": -0.1037,
        "扣非净利润_万元": 13936.293964,
        "扣非净利润同比增长_百分比": 30.7,
        "销售毛利率_百分比": null,
        "销售净利率_百分比": null,
        "加权平均净资产收益率_百分比": 2.93,
        "扣非加权净资产收益率_百分比": null,
        "总资产收益率_百分比": null,
        "主营业务收入_万元": 135249.384195,
        "主营业务成本_万元": 33676.705498,
        "主营业务利润_万元": null
    },
    "资产负债表": {
        "货币资金_万元": 147333.022517,
        "应收账款_万元": 71292.623656,
        "应收票据_万元": null,
        "应收款项融资_万元": 82041.70377,
        "预付款项_万元": 4675.00262,
        "其他应收款_万元": 1335.094705,
        "存货_万元": 36847.390198,
        "合同资产_万元": null,
        "一年内到期的非流动资产_万元": null,
        "其他流动资产_万元": 5024.922791,
        "流动资产合计_万元": 368749.760257,
        "交易性金融资产_万元": 20200.0,
        "债权投资_万元": null,
        "其他债权投资_万元": null,
        "长期应收款_万元": null,
        "长期股权投资_万元": 408.81723,
        "其他权益工具投资_万元": null,
        "投资性房地产_万元": null,
        "固定资产_万元": 238080.117283,
        "在建工程_万元": 11056.713557,
        "生产性生物资产_万元": null,
        "油气资产_万元": null,
        "使用权资产_万元": null,
        "无形资产_万元": 22420.458103,
        "开发支出_万元": 16667.345943,
        "商誉_万元": 5898.885814,
        "长期待摊费用_万元": 1710.978914,
        "递延所得税资产_万元": 1505.104921,
        "其他非流动资产_万元": 2197.440729,
        "非流动资产合计_万元": 303070.188076,
        "总资产_万元": 671819.948333,
        "总资产同比增长_百分比": -1.14,
        "短期借款_万元": null,
        "交易性金融负债_万元": null,
        "应付票据_万元": 1126.948165,
        "应付账款_万元": 28654.141222,
        "预收款项_万元": null,
        "合同负债_万元": 4686.794071,
        "应付职工薪酬_万元": 2038.38096,
        "应交税费_万元": 2887.365145,
        "其他应付款_万元": 116130.530318,
        "一年内到期的非流动负债_万元": null,
        "其他流动负债_万元": 609.283228,
        "流动负债合计_万元": 156133.443109,
        "长期借款_万元": null,
        "应付债券_万元": null,
        "租赁负债_万元": null,
        "长期应付款_万元": 192.549,
        "预计负债_万元": null,
        "递延收益_万元": 7803.463626,
        "递延所得税负债_万元": null,
        "其他非流动负债_万元": null,
        "非流动负债合计_万元": 7996.012626,
        "总负债_万元": 164129.455735,
        "总负债同比增长_百分比": -11.85,
        "资产负债率_百分比": 24.43,
        "实收资本_万元": 58459.7952,
        "资本公积_万元": 9813.185177,
        "盈余公积_万元": 29281.341308,
        "未分配利润_万元": 398478.811791,
        "其他综合收益_万元": null,
        "专项储备_万元": null,
        "归属于母公司所有者权益合计_万元": 489563.285476,
        "少数股东权益_万元": 18127.207122,
        "股东权益合计_万元": 507690.492598
    },
    "利润表": {
        "营业总收入_万元": 135249.384195,
        "营业收入_万元": 135249.384195,
        "营业总收入同比增长_百分比": 25.39,
        "营业成本_万元": 33676.705498,
        "税金及附加_万元": 1895.898523,
        "销售费用_万元": 59454.992323,
        "管理费用_万元": 5498.806945,
        "研发费用_万元": 18857.793782,
        "财务费用_万元": -327.533129,
        "其中利息费用_万元": null,
        "其中利息收入_万元": 346.762825,
        "其他收益_万元": 403.553594,
        "投资收益_万元": 44.798055,
        "其中对联营企业投资收益_万元": null,
        "公允价值变动收益_万元": null,
        "信用减值损失_万元": 694.953888,
        "资产减值损失_万元": null,
        "资产处置收益_万元": 0.002423,
        "营业总支出_万元": 119056.663942,
        "营业利润_万元": 17336.02579,
        "营业外收入_万元": 21.020935,
        "营业外支出_万元": 146.407777,
        "利润总额_万元": 17210.638948,
        "所得税费用_万元": 2683.427512,
        "净利润_万元": 14527.211436,
        "归母净利润_万元": 14143.835886,
        "少数股东损益_万元": 383.37555,
        "持续经营净利润_万元": 14527.211436,
        "终止经营净利润_万元": null,
        "其他综合收益_万元": null,
        "综合收益总额_万元": 14527.211436,
        "归母综合收益总额_万元": 14143.835886
    },
    "现金流量表": {
        "销售商品收到现金_万元": 126565.201117,
        "收到的税费返还_万元": null,
        "收到其他经营活动现金_万元": 2287.962045,
        "经营活动现金流入_万元": 128853.163162,
        "购买商品支付现金_万元": 38503.617336,
        "支付职工现金_万元": 20287.322255,
        "支付税费_万元": 20415.409272,
        "支付其他经营活动现金_万元": 55714.084276,
        "经营活动现金流出_万元": 134920.433139,
        "经营现金流净额_万元": -6067.269977,
        "经营现金流净额同比增长_百分比": -176.67,
        "收回投资现金_万元": 7027.7492,
        "取得投资收益现金_万元": 44.798055,
        "处置资产收回现金_万元": 20.86512,
        "收到其他投资活动现金_万元": null,
        "投资活动现金流入_万元": 7093.412375,
        "投资支付现金_万元": 9200.0,
        "购建资产支付现金_万元": 4387.33898,
        "支付其他投资活动现金_万元": null,
        "投资活动现金流出_万元": 13587.33898,
        "投资现金流净额_万元": -6493.926605,
        "吸收投资现金_万元": null,
        "取得借款现金_万元": null,
        "收到其他筹资活动现金_万元": null,
        "筹资活动现金流入_万元": null,
        "偿还债务现金_万元": null,
        "分配股利现金_万元": 235.764,
        "支付其他筹资活动现金_万元": null,
        "筹资活动现金流出_万元": 235.764,
        "融资现金流净额_万元": -235.764,
        "汇率变动影响_万元": null,
        "现金及等价物净增加额_万元": -12796.960582,
        "净现金流_元": -1.2796960582,
        "净现金流同比增长_百分比": 40.62,
        "期初现金及等价物_万元": 160129.983099,
        "期末现金及等价物_万元": 147333.022517,
        "经营现金流占比_百分比": -47.41,
        "投资现金流占比_百分比": -50.74,
        "融资现金流占比_百分比": -1.84
    }
}