{
    "报告信息": {
        "序号": null,
        "股票代码": "600594",
        "股票简称": "益佰制药",
        "报告年份": "2025",
        "报告期": "第一季度",
        "总股本_股": 791927400,
        "流通股本_股": null,
        "报告日期": null,
        "审计意见": "未经审计",
        "会计师事务所": null,
        "期": "Q1"
    },
    "核心业绩指标": {
        "每股收益_元": -0.012,
        "稀释每股收益_元": -0.012,
        "营业总收入_万元": 50148.077632,
        "营业总收入_亿元": 5.0148077632,
        "营收同比增长_百分比": -12.43,
        "营收环比增长_百分比": null,
        "净利润_万元": -1142.783753,
        "净利润_亿元": -0.1142783753,
        "净利润同比增长_百分比": null,
        "净利润环比增长_百分比": null,
        "归母净利润_万元": -938.571946,
        "少数股东损益_万元": -204.211807,
        "每股净资产_元": null,
        "净资产收益率_百分比": null,
        "扣非净资产收益率_百分比": null,
        "每股经营现金流_元": null,
        "扣非净利润_万元": -1566.334545,
        "扣非净利润同比增长_百分比": null,
        "销售毛利率_百分比": null,
        "销售净利率_百分比": null,
        "加权平均净资产收益率_百分比": -0.378,
        "扣非加权净资产收益率_百分比": null,
        "总资产收益率_百分比": null,
        "主营业务收入_万元": 50148.077632,
        "主营业务成本_万元": 19975.043851,
        "主营业务利润_万元": null
    },
    "资产负债表": {
        "货币资金_万元": 45707.455737,
        "应收账款_万元": 23381.688098,
        "应收票据_万元": 30372.585459,
        "应收款项融资_万元": null,
        "预付款项_万元": 2009.325989,
        "其他应收款_万元": 2126.394452,
        "存货_万元": 59227.609104,
        "合同资产_万元": null,
        "一年内到期的非流动资产_万元": null,
        "其他流动资产_万元": 5703.807699,
        "流动资产合计_万元": 168528.866538,
        "交易性金融资产_万元": null,
        "债权投资_万元": null,
        "其他债权投资_万元": null,
        "长期应收款_万元": null,
        "长期股权投资_万元": 3497.540253,
        "其他权益工具投资_万元": 131.288051,
        "投资性房地产_万元": null,
        "固定资产_万元": 156804.372542,
        "在建工程_万元": 696.463408,
        "生产性生物资产_万元": 1540.302554,
        "油气资产_万元": null,
        "使用权资产_万元": 2764.667272,
        "无形资产_万元": 31559.664085,
        "开发支出_万元": null,
        "商誉_万元": 13126.274112,
        "长期待摊费用_万元": 9756.577933,
        "递延所得税资产_万元": 9336.835523,
        "其他非流动资产_万元": 1747.428602,
        "非流动资产合计_万元": 230961.414335,
        "总资产_万元": 399490.280873,
        "总资产同比增长_百分比": -2.56,
        "短期借款_万元": 40595.268338,
        "交易性金融负债_万元": null,
        "应付票据_万元": null,
        "应付账款_万元": 11392.858008,
        "预收款项_万元": null,
        "合同负债_万元": 2459.90618,
        "应付职工薪酬_万元": 2930.213576,
        "应交税费_万元": 2949.493543,
        "其他应付款_万元": 9493.520083,
        "一年内到期的非流动负债_万元": 21349.889445,
        "其他流动负债_万元": 277.358314,
        "流动负债合计_万元": 91434.507487,
        "长期借款_万元": 24999.683678,
        "应付债券_万元": null,
        "租赁负债_万元": 2077.403399,
        "长期应付款_万元": 8346.681574,
        "预计负债_万元": 30.754005,
        "递延收益_万元": 9729.851781,
        "递延所得税负债_万元": 3403.152557,
        "其他非流动负债_万元": null,
        "非流动负债合计_万元": 48587.526994,
        "总负债_万元": 140022.034481,
        "总负债同比增长_百分比": null,
        "资产负债率_百分比": null,
        "实收资本_万元": 79192.74,
        "资本公积_万元": 65383.667692,
        "盈余公积_万元": 31456.957933,
        "未分配利润_万元": 74459.729608,
        "其他综合收益_万元": 44.626584,
        "专项储备_万元": null,
        "归属于母公司所有者权益合计_万元": 248037.273703,
        "少数股东权益_万元": 11430.972689,
        "股东权益合计_万元": 259468.246392
    },
    "利润表": {
        "营业总收入_万元": 50148.077632,
        "营业收入_万元": 50148.077632,
        "营业总收入同比增长_百分比": -12.43,
        "营业成本_万元": 19975.043851,
        "税金及附加_万元": 949.573722,
        "销售费用_万元": 20930.39877,
        "管理费用_万元": 6549.841893,
        "研发费用_万元": 2061.678317,
        "财务费用_万元": 754.09662,
        "其中利息费用_万元": 795.575942,
        "其中利息收入_万元": 93.186208,
        "其他收益_万元": 780.242276,
        "投资收益_万元": -12.59855,
        "其中对联营企业投资收益_万元": -12.59855,
        "公允价值变动收益_万元": null,
        "信用减值损失_万元": -83.134418,
        "资产减值损失_万元": -660.739518,
        "资产处置收益_万元": 0.977953,
        "营业总支出_万元": 51220.633173,
        "营业利润_万元": -1047.807798,
        "营业外收入_万元": 89.127861,
        "营业外支出_万元": 41.274367,
        "利润总额_万元": -999.954304,
        "所得税费用_万元": 142.829449,
        "净利润_万元": -1142.783753,
        "归母净利润_万元": -938.571946,
        "少数股东损益_万元": -204.211807,
        "持续经营净利润_万元": -1142.783753,
        "终止经营净利润_万元": null,
        "其他综合收益_万元": null,
        "综合收益总额_万元": -1142.783753,
        "归母综合收益总额_万元": -938.571946
    },
    "现金流量表": {
        "销售商品收到现金_万元": 51815.76251,
        "收到的税费返还_万元": null,
        "收到其他经营活动现金_万元": 1294.353312,
        "经营活动现金流入_万元": 53110.115822,
        "购买商品支付现金_万元": 12199.977804,
        "支付职工现金_万元": 14797.428938,
        "支付税费_万元": 3823.182759,
        "支付其他经营活动现金_万元": 21536.891108,
        "经营活动现金流出_万元": 52357.480609,
        "经营现金流净额_万元": 752.635213,
        "经营现金流净额同比增长_百分比": -92.14,
        "收回投资现金_万元": null,
        "取得投资收益现金_万元": null,
        "处置资产收回现金_万元": 2.24868,
        "收到其他投资活动现金_万元": null,
        "投资活动现金流入_万元": 2.24868,
        "投资支付现金_万元": null,
        "购建资产支付现金_万元": 667.131956,
        "支付其他投资活动现金_万元": null,
        "投资活动现金流出_万元": 667.131956,
        "投资现金流净额_万元": -664.883276,
        "吸收投资现金_万元": null,
        "取得借款现金_万元": 22299.99995,
        "收到其他筹资活动现金_万元": null,
        "筹资活动现金流入_万元": 22299.99995,
        "偿还债务现金_万元": 27735.187142,
        "分配股利现金_万元": 764.224758,
        "支付其他筹资活动现金_万元": 281.49038,
        "筹资活动现金流出_万元": 28780.90228,
        "融资现金流净额_万元": -6480.90233,
        "汇率变动影响_万元": -0.124857,
        "现金及等价物净增加额_万元": -6393.27525,
        "净现金流_元": null,
        "净现金流同比增长_百分比": null,
        "期初现金及等价物_万元": 51900.730987,
        "期末现金及等价物_万元": 45507.455737,
        "经营现金流占比_百分比": null,
        "投资现金流占比_百分比": null,
        "融资现金流占比_百分比": null
    }
}