{
    "报告信息": {
        "序号": null,
        "股票代码": "600572",
        "股票简称": "康恩贝",
        "报告年份": "2023",
        "报告期": "第三季度",
        "总股本_股": 2570037319,
        "流通股本_股": null,
        "报告日期": "2023-10-28",
        "审计意见": "未经审计",
        "会计师事务所": null,
        "期": "Q3"
    },
    "核心业绩指标": {
        "每股收益_元": 0.243,
        "稀释每股收益_元": 0.241,
        "营业总收入_万元": 518426.688499,
        "营业总收入_亿元": 51.8426688499,
        "营收同比增长_百分比": 15.51,
        "营收环比增长_百分比": null,
        "净利润_万元": 69988.71412,
        "净利润_亿元": 6.998871412,
        "净利润同比增长_百分比": null,
        "净利润环比增长_百分比": null,
        "归母净利润_万元": 62323.739418,
        "少数股东损益_万元": 7664.974702,
        "每股净资产_元": null,
        "净资产收益率_百分比": null,
        "扣非净资产收益率_百分比": null,
        "每股经营现金流_元": null,
        "扣非净利润_万元": 51017.807071,
        "扣非净利润同比增长_百分比": 15.23,
        "销售毛利率_百分比": null,
        "销售净利率_百分比": null,
        "加权平均净资产收益率_百分比": 8.81,
        "扣非加权净资产收益率_百分比": null,
        "总资产收益率_百分比": null,
        "主营业务收入_万元": null,
        "主营业务成本_万元": null,
        "主营业务利润_万元": null
    },
    "资产负债表": {
        "货币资金_万元": 224423.103418,
        "应收账款_万元": 144195.104198,
        "应收票据_万元": null,
        "应收款项融资_万元": 45982.546602,
        "预付款项_万元": 8059.396749,
        "其他应收款_万元": 7565.692213,
        "存货_万元": 131394.209889,
        "合同资产_万元": null,
        "一年内到期的非流动资产_万元": null,
        "其他流动资产_万元": 3717.956303,
        "流动资产合计_万元": 565338.009372,
        "交易性金融资产_万元": null,
        "债权投资_万元": null,
        "其他债权投资_万元": null,
        "长期应收款_万元": null,
        "长期股权投资_万元": 160028.39493,
        "其他权益工具投资_万元": 11363.019741,
        "投资性房地产_万元": 369.190314,
        "固定资产_万元": 258733.093706,
        "在建工程_万元": 47788.09535,
        "生产性生物资产_万元": 17.239119,
        "油气资产_万元": null,
        "使用权资产_万元": 678.389596,
        "无形资产_万元": 36896.497058,
        "开发支出_万元": 1438.48302,
        "商誉_万元": 18472.290105,
        "长期待摊费用_万元": 3448.853331,
        "递延所得税资产_万元": 4991.934576,
        "其他非流动资产_万元": 1151.580465,
        "非流动资产合计_万元": 550840.36538,
        "总资产_万元": 1116178.374752,
        "总资产同比增长_百分比": 2.12,
        "短期借款_万元": 20715.683335,
        "交易性金融负债_万元": null,
        "应付票据_万元": 20097.587876,
        "应付账款_万元": 63510.930523,
        "预收款项_万元": null,
        "合同负债_万元": 3342.971456,
        "应付职工薪酬_万元": 16671.799938,
        "应交税费_万元": 8899.436365,
        "其他应付款_万元": 108806.402174,
        "一年内到期的非流动负债_万元": 8580.845465,
        "其他流动负债_万元": 40613.18648,
        "流动负债合计_万元": 291238.843612,
        "长期借款_万元": 30464.457201,
        "应付债券_万元": null,
        "租赁负债_万元": 408.442913,
        "长期应付款_万元": 92.408006,
        "预计负债_万元": null,
        "递延收益_万元": 14365.161454,
        "递延所得税负债_万元": 27811.578875,
        "其他非流动负债_万元": null,
        "非流动负债合计_万元": 73142.048449,
        "总负债_万元": 364380.892061,
        "总负债同比增长_百分比": null,
        "资产负债率_百分比": null,
        "实收资本_万元": 257003.7319,
        "资本公积_万元": 16766.144278,
        "盈余公积_万元": 62980.466482,
        "未分配利润_万元": 375710.753629,
        "其他综合收益_万元": 9.879576,
        "专项储备_万元": null,
        "归属于母公司所有者权益合计_万元": 712470.975865,
        "少数股东权益_万元": 39326.506826,
        "股东权益合计_万元": 751797.482691
    },
    "利润表": {
        "营业总收入_万元": 518426.688499,
        "营业收入_万元": 518426.688499,
        "营业总收入同比增长_百分比": 15.51,
        "营业成本_万元": 201610.238909,
        "税金及附加_万元": 6147.310187,
        "销售费用_万元": 185657.46903,
        "管理费用_万元": 39656.645023,
        "研发费用_万元": 16433.439978,
        "财务费用_万元": -790.177734,
        "其中利息费用_万元": 3148.749485,
        "其中利息收入_万元": 3692.407351,
        "其他收益_万元": 9104.681856,
        "投资收益_万元": 8889.19315,
        "其中对联营企业投资收益_万元": 4510.025031,
        "公允价值变动收益_万元": -8271.261583,
        "信用减值损失_万元": -696.540067,
        "资产减值损失_万元": -2450.433771,
        "资产处置收益_万元": 4294.784236,
        "营业总支出_万元": 448714.925393,
        "营业利润_万元": 80582.186927,
        "营业外收入_万元": 93.593027,
        "营业外支出_万元": 1254.861978,
        "利润总额_万元": 79420.917976,
        "所得税费用_万元": 9432.203856,
        "净利润_万元": 69988.71412,
        "归母净利润_万元": 62323.739418,
        "少数股东损益_万元": 7664.974702,
        "持续经营净利润_万元": 69988.71412,
        "终止经营净利润_万元": null,
        "其他综合收益_万元": null,
        "综合收益总额_万元": 69988.71412,
        "归母综合收益总额_万元": 62323.739418
    },
    "现金流量表": {
        "销售商品收到现金_万元": 491898.567609,
        "收到的税费返还_万元": 2986.239166,
        "收到其他经营活动现金_万元": 20121.508093,
        "经营活动现金流入_万元": 515006.314868,
        "购买商品支付现金_万元": 136390.431218,
        "支付职工现金_万元": 93494.425135,
        "支付税费_万元": 64371.027709,
        "支付其他经营活动现金_万元": 154908.700194,
        "经营活动现金流出_万元": 449164.584256,
        "经营现金流净额_万元": 65841.730612,
        "经营现金流净额同比增长_百分比": 26.8,
        "收回投资现金_万元": 29135.747997,
        "取得投资收益现金_万元": 2195.09364,
        "处置资产收回现金_万元": 7896.969749,
        "收到其他投资活动现金_万元": null,
        "投资活动现金流入_万元": 39227.811386,
        "投资支付现金_万元": 44449.99959,
        "购建资产支付现金_万元": 14138.170421,
        "支付其他投资活动现金_万元": null,
        "投资活动现金流出_万元": 58638.170011,
        "投资现金流净额_万元": -19410.358625,
        "吸收投资现金_万元": null,
        "取得借款现金_万元": 112527.636986,
        "收到其他筹资活动现金_万元": null,
        "筹资活动现金流入_万元": 112527.636986,
        "偿还债务现金_万元": 131897.376667,
        "分配股利现金_万元": 45391.403551,
        "支付其他筹资活动现金_万元": 11121.082,
        "筹资活动现金流出_万元": 188409.862218,
        "融资现金流净额_万元": -75882.225232,
        "汇率变动影响_万元": 199.892629,
        "现金及等价物净增加额_万元": -29250.960616,
        "净现金流_元": null,
        "净现金流同比增长_百分比": null,
        "期初现金及等价物_万元": 243253.785046,
        "期末现金及等价物_万元": 214002.82443,
        "经营现金流占比_百分比": null,
        "投资现金流占比_百分比": null,
        "融资现金流占比_百分比": null
    }
}