{
    "报告信息": {
        "序号": null,
        "股票代码": "600518",
        "股票简称": "康美药业",
        "报告年份": "2023",
        "报告期": "半年度",
        "总股本_股": 13863866690,
        "流通股本_股": null,
        "报告日期": "2023-06-30",
        "审计意见": "未经审计",
        "会计师事务所": null,
        "期": "HY"
    },
    "核心业绩指标": {
        "每股收益_元": -0.009,
        "稀释每股收益_元": -0.009,
        "营业总收入_万元": 237700.183734,
        "营业总收入_亿元": 23.7700183734,
        "营收同比增长_百分比": 33.62,
        "营收环比增长_百分比": null,
        "净利润_万元": -12506.495646,
        "净利润_亿元": -1.2506495646,
        "净利润同比增长_百分比": null,
        "净利润环比增长_百分比": null,
        "归母净利润_万元": -12585.816421,
        "少数股东损益_万元": 79.320775,
        "每股净资产_元": 0.492,
        "净资产收益率_百分比": -1.83,
        "扣非净资产收益率_百分比": -2.99,
        "每股经营现金流_元": -0.0137,
        "扣非净利润_万元": -20612.405953,
        "扣非净利润同比增长_百分比": null,
        "销售毛利率_百分比": 17.52,
        "销售净利率_百分比": -5.26,
        "加权平均净资产收益率_百分比": -1.83,
        "扣非加权净资产收益率_百分比": -2.99,
        "总资产收益率_百分比": -0.86,
        "主营业务收入_万元": 237700.183734,
        "主营业务成本_万元": 196130.365222,
        "主营业务利润_万元": 41569.818512
    },
    "资产负债表": {
        "货币资金_万元": 127820.205588,
        "应收账款_万元": 179043.564917,
        "应收票据_万元": 2914.311315,
        "应收款项融资_万元": 2252.424388,
        "预付款项_万元": 14022.480207,
        "其他应收款_万元": 80843.580561,
        "存货_万元": 271195.971037,
        "合同资产_万元": null,
        "一年内到期的非流动资产_万元": null,
        "其他流动资产_万元": 18954.170027,
        "流动资产合计_万元": 697056.694424,
        "交易性金融资产_万元": 9.986384,
        "债权投资_万元": null,
        "其他债权投资_万元": null,
        "长期应收款_万元": null,
        "长期股权投资_万元": null,
        "其他权益工具投资_万元": 139.749693,
        "投资性房地产_万元": 272650.781728,
        "固定资产_万元": 363384.423645,
        "在建工程_万元": 21000.856692,
        "生产性生物资产_万元": 76.42966,
        "油气资产_万元": null,
        "使用权资产_万元": 22909.281594,
        "无形资产_万元": 51300.082078,
        "开发支出_万元": null,
        "商誉_万元": 10635.055122,
        "长期待摊费用_万元": 7809.373413,
        "递延所得税资产_万元": 9859.48846,
        "其他非流动资产_万元": 1912.752371,
        "非流动资产合计_万元": 761678.274456,
        "总资产_万元": 1458734.96888,
        "总资产同比增长_百分比": -3.47,
        "短期借款_万元": 1171.622276,
        "交易性金融负债_万元": null,
        "应付票据_万元": 3667.265051,
        "应付账款_万元": 207838.882842,
        "预收款项_万元": 6584.561922,
        "合同负债_万元": 19886.226883,
        "应付职工薪酬_万元": 17116.125358,
        "应交税费_万元": 96266.349651,
        "其他应付款_万元": 136843.869934,
        "一年内到期的非流动负债_万元": 4002.09827,
        "其他流动负债_万元": 8951.490821,
        "流动负债合计_万元": 502328.493008,
        "长期借款_万元": null,
        "应付债券_万元": null,
        "租赁负债_万元": 19967.74083,
        "长期应付款_万元": 84100.502501,
        "预计负债_万元": 97078.106047,
        "递延收益_万元": null,
        "递延所得税负债_万元": 5705.566353,
        "其他非流动负债_万元": null,
        "非流动负债合计_万元": 206851.814731,
        "总负债_万元": 772925.992167,
        "总负债同比增长_百分比": null,
        "资产负债率_百分比": 53.07,
        "实收资本_万元": 1386386.669,
        "资本公积_万元": 1878288.47417,
        "盈余公积_万元": 152557.579827,
        "未分配利润_万元": -2612926.612692,
        "其他综合收益_万元": 14.430795,
        "专项储备_万元": 117.781368,
        "归属于母公司所有者权益合计_万元": 682546.202968,
        "少数股东权益_万元": 3262.773745,
        "股东权益合计_万元": 685808.976713
    },
    "利润表": {
        "营业总收入_万元": 237700.183734,
        "营业收入_万元": 237700.183734,
        "营业总收入同比增长_百分比": 33.62,
        "营业成本_万元": 196130.365222,
        "税金及附加_万元": 4164.163261,
        "销售费用_万元": 30916.124053,
        "管理费用_万元": 25445.1253,
        "研发费用_万元": 2357.860573,
        "财务费用_万元": -892.31958,
        "其中利息费用_万元": 625.787541,
        "其中利息收入_万元": 1632.703553,
        "其他收益_万元": 3648.371488,
        "投资收益_万元": 2187.255099,
        "其中对联营企业投资收益_万元": null,
        "公允价值变动收益_万元": -1.744627,
        "信用减值损失_万元": 740.279404,
        "资产减值损失_万元": 73.611279,
        "资产处置收益_万元": 2037.075047,
        "营业总支出_万元": 258121.318829,
        "营业利润_万元": -11736.287405,
        "营业外收入_万元": 1745.094865,
        "营业外支出_万元": 1555.820214,
        "利润总额_万元": -11547.012754,
        "所得税费用_万元": 959.482892,
        "净利润_万元": -12506.495646,
        "归母净利润_万元": -12585.816421,
        "少数股东损益_万元": 79.320775,
        "持续经营净利润_万元": -12506.495646,
        "终止经营净利润_万元": null,
        "其他综合收益_万元": 0.854071,
        "综合收益总额_万元": -12505.641575,
        "归母综合收益总额_万元": -12584.96235
    },
    "现金流量表": {
        "销售商品收到现金_万元": 288402.289673,
        "收到的税费返还_万元": 571.243259,
        "收到其他经营活动现金_万元": 3952.150691,
        "经营活动现金流入_万元": 292925.683623,
        "购买商品支付现金_万元": 243001.78823,
        "支付职工现金_万元": 34320.576024,
        "支付税费_万元": 13522.608595,
        "支付其他经营活动现金_万元": 21098.697954,
        "经营活动现金流出_万元": 311943.670803,
        "经营现金流净额_万元": -19017.98718,
        "经营现金流净额同比增长_百分比": null,
        "收回投资现金_万元": null,
        "取得投资收益现金_万元": null,
        "处置资产收回现金_万元": 4241.2649,
        "收到其他投资活动现金_万元": null,
        "投资活动现金流入_万元": 4241.2649,
        "投资支付现金_万元": null,
        "购建资产支付现金_万元": 3885.758916,
        "支付其他投资活动现金_万元": 14.519162,
        "投资活动现金流出_万元": 3900.278078,
        "投资现金流净额_万元": 340.986822,
        "吸收投资现金_万元": null,
        "取得借款现金_万元": null,
        "收到其他筹资活动现金_万元": 3752.867321,
        "筹资活动现金流入_万元": 3752.867321,
        "偿还债务现金_万元": null,
        "分配股利现金_万元": null,
        "支付其他筹资活动现金_万元": 8768.755523,
        "筹资活动现金流出_万元": 8768.755523,
        "融资现金流净额_万元": -5015.888202,
        "汇率变动影响_万元": 0.419788,
        "现金及等价物净增加额_万元": -23692.468772,
        "净现金流_元": -236924687.72,
        "净现金流同比增长_百分比": null,
        "期初现金及等价物_万元": 143189.23106,
        "期末现金及等价物_万元": 119496.762288,
        "经营现金流占比_百分比": 80.26,
        "投资现金流占比_百分比": -1.44,
        "融资现金流占比_百分比": 21.18
    }
}