{
    "报告信息": {
        "序号": null,
        "股票代码": "600557",
        "股票简称": "康缘药业",
        "报告年份": "2025",
        "报告期": "FY",
        "总股本_股": 581797452,
        "流通股本_股": null,
        "报告日期": "2025年4月",
        "审计意见": "标准无保留意见",
        "会计师事务所": "立信会计师事务所（特殊普通合伙）"
    },
    "核心业绩指标": {
        "每股收益_元": 0.68,
        "稀释每股收益_元": 0.68,
        "营业总收入_万元": 389766.854161,
        "营业总收入_亿元": 38.9766854161,
        "营收同比增长_百分比": -19.86,
        "营收环比增长_百分比": null,
        "净利润_万元": 38092.300912,
        "净利润_亿元": 3.8092300912,
        "净利润同比增长_百分比": -14.22,
        "净利润环比增长_百分比": null,
        "归母净利润_万元": 39186.207118,
        "少数股东损益_万元": -1093.906206,
        "每股净资产_元": 7.76,
        "净资产收益率_百分比": 7.97,
        "扣非净资产收益率_百分比": 7.39,
        "每股经营现金流_元": 1.21,
        "扣非净利润_万元": 36318.68572,
        "扣非净利润同比增长_百分比": -27.29,
        "销售毛利率_百分比": 73.61,
        "销售净利率_百分比": 10.05,
        "加权平均净资产收益率_百分比": 7.97,
        "扣非加权净资产收益率_百分比": 7.39,
        "总资产收益率_百分比": null,
        "主营业务收入_万元": 386491.71,
        "主营业务成本_万元": 102004.82,
        "主营业务利润_万元": 284486.89
    },
    "资产负债表": {
        "货币资金_万元": 219507.610194,
        "应收账款_万元": 52592.072265,
        "应收票据_万元": null,
        "应收款项融资_万元": 17462.313205,
        "预付款项_万元": 2656.291157,
        "其他应收款_万元": 632.514286,
        "存货_万元": 54026.982174,
        "合同资产_万元": null,
        "一年内到期的非流动资产_万元": null,
        "其他流动资产_万元": 8712.758055,
        "流动资产合计_万元": 359590.541336,
        "交易性金融资产_万元": 4000.0,
        "债权投资_万元": null,
        "其他债权投资_万元": null,
        "长期应收款_万元": null,
        "长期股权投资_万元": 412.656757,
        "其他权益工具投资_万元": null,
        "投资性房地产_万元": null,
        "固定资产_万元": 227870.765781,
        "在建工程_万元": 47280.55404,
        "生产性生物资产_万元": null,
        "油气资产_万元": null,
        "使用权资产_万元": null,
        "无形资产_万元": 17146.021398,
        "开发支出_万元": 18799.281615,
        "商誉_万元": 5898.885814,
        "长期待摊费用_万元": 1584.99147,
        "递延所得税资产_万元": 4531.309318,
        "其他非流动资产_万元": 6440.219869,
        "非流动资产合计_万元": 331085.696802,
        "总资产_万元": 690676.238138,
        "总资产同比增长_百分比": -3.93,
        "短期借款_万元": null,
        "交易性金融负债_万元": null,
        "应付票据_万元": 3769.866168,
        "应付账款_万元": 18917.432163,
        "预收款项_万元": null,
        "合同负债_万元": 2545.521081,
        "应付职工薪酬_万元": 2905.81461,
        "应交税费_万元": 3498.807594,
        "其他应付款_万元": 172515.463853,
        "一年内到期的非流动负债_万元": null,
        "其他流动负债_万元": 295.18532,
        "流动负债合计_万元": 204448.090789,
        "长期借款_万元": null,
        "应付债券_万元": null,
        "租赁负债_万元": null,
        "长期应付款_万元": 192.549,
        "预计负债_万元": null,
        "递延收益_万元": 15526.549205,
        "递延所得税负债_万元": null,
        "其他非流动负债_万元": null,
        "非流动负债合计_万元": 15719.098205,
        "总负债_万元": 220167.188994,
        "总负债同比增长_百分比": null,
        "资产负债率_百分比": 31.88,
        "实收资本_万元": 58179.7452,
        "资本公积_万元": 0.0,
        "盈余公积_万元": 7625.407846,
        "未分配利润_万元": 406850.287309,
        "其他综合收益_万元": null,
        "专项储备_万元": null,
        "归属于母公司所有者权益合计_万元": 451457.581465,
        "少数股东权益_万元": 19051.467679,
        "股东权益合计_万元": 470509.049144
    },
    "利润表": {
        "营业总收入_万元": 389766.854161,
        "营业收入_万元": 389766.854161,
        "营业总收入同比增长_百分比": -19.86,
        "营业成本_万元": 104389.7392,
        "税金及附加_万元": 6057.159266,
        "销售费用_万元": 153517.94591,
        "管理费用_万元": 31816.259688,
        "研发费用_万元": 63810.396737,
        "财务费用_万元": 559.65058,
        "其中利息费用_万元": 2229.704141,
        "其中利息收入_万元": 1738.906463,
        "其他收益_万元": 8425.728189,
        "投资收益_万元": 2052.088049,
        "其中对联营企业投资收益_万元": 1.749402,
        "公允价值变动收益_万元": null,
        "信用减值损失_万元": 324.011575,
        "资产减值损失_万元": -2074.196538,
        "资产处置收益_万元": 108.399948,
        "营业总支出_万元": null,
        "营业利润_万元": 38451.734003,
        "营业外收入_万元": 1198.308149,
        "营业外支出_万元": 1173.644382,
        "利润总额_万元": 38476.39777,
        "所得税费用_万元": 384.096858,
        "净利润_万元": 38092.300912,
        "归母净利润_万元": 39186.207118,
        "少数股东损益_万元": -1093.906206,
        "持续经营净利润_万元": 38092.300912,
        "终止经营净利润_万元": null,
        "其他综合收益_万元": null,
        "综合收益总额_万元": 38092.300912,
        "归母综合收益总额_万元": 39186.207118
    },
    "现金流量表": {
        "销售商品收到现金_万元": 479833.994451,
        "收到的税费返还_万元": null,
        "收到其他经营活动现金_万元": 17191.000044,
        "经营活动现金流入_万元": 497024.994495,
        "购买商品支付现金_万元": 101816.257313,
        "支付职工现金_万元": 79917.954638,
        "支付税费_万元": 41670.253054,
        "支付其他经营活动现金_万元": 203371.709059,
        "经营活动现金流出_万元": 426776.174064,
        "经营现金流净额_万元": 70248.820431,
        "经营现金流净额同比增长_百分比": -27.75,
        "收回投资现金_万元": 205000.0,
        "取得投资收益现金_万元": 2256.057599,
        "处置资产收回现金_万元": 918.01552,
        "收到其他投资活动现金_万元": null,
        "投资活动现金流入_万元": 209199.312221,
        "投资支付现金_万元": 163000.0,
        "购建资产支付现金_万元": 47668.522249,
        "支付其他投资活动现金_万元": null,
        "投资活动现金流出_万元": 210668.522249,
        "投资现金流净额_万元": -1469.210028,
        "吸收投资现金_万元": null,
        "取得借款现金_万元": null,
        "收到其他筹资活动现金_万元": 4067.231339,
        "筹资活动现金流入_万元": 4067.231339,
        "偿还债务现金_万元": null,
        "分配股利现金_万元": 21829.879286,
        "支付其他筹资活动现金_万元": 32449.659951,
        "筹资活动现金流出_万元": 54279.539237,
        "融资现金流净额_万元": -50212.307898,
        "汇率变动影响_万元": 14.722147,
        "现金及等价物净增加额_万元": 18582.024652,
        "净现金流_元": null,
        "净现金流同比增长_百分比": null,
        "期初现金及等价物_万元": 198196.124082,
        "期末现金及等价物_万元": 216778.148734,
        "经营现金流占比_百分比": null,
        "投资现金流占比_百分比": null,
        "融资现金流占比_百分比": null
    }
}