{
    "报告信息": {
        "序号": null,
        "股票代码": "600518",
        "股票简称": "康美药业",
        "报告年份": "2024",
        "报告期": "HY",
        "总股本_股": 13863866690,
        "流通股本_股": null,
        "报告日期": "2024-08-22",
        "审计意见": "未经审计",
        "会计师事务所": null
    },
    "核心业绩指标": {
        "每股收益_元": 0.001,
        "稀释每股收益_元": 0.001,
        "营业总收入_万元": 247433.898111,
        "营业总收入_亿元": 24.7433898111,
        "营收同比增长_百分比": 4.09,
        "营收环比增长_百分比": null,
        "净利润_万元": 1576.032584,
        "净利润_亿元": 0.1576032584,
        "净利润同比增长_百分比": null,
        "净利润环比增长_百分比": null,
        "归母净利润_万元": 1576.032584,
        "少数股东损益_万元": 235.986746,
        "每股净资产_元": 0.509,
        "净资产收益率_百分比": 0.22,
        "扣非净资产收益率_百分比": -1.53,
        "每股经营现金流_元": -0.023,
        "扣非净利润_万元": -10813.461587,
        "扣非净利润同比增长_百分比": null,
        "销售毛利率_百分比": 14.5,
        "销售净利率_百分比": 0.73,
        "加权平均净资产收益率_百分比": 0.22,
        "扣非加权净资产收益率_百分比": -1.53,
        "总资产收益率_百分比": 0.127,
        "主营业务收入_万元": 247433.898111,
        "主营业务成本_万元": 211413.662451,
        "主营业务利润_万元": 1815.589894
    },
    "资产负债表": {
        "货币资金_万元": 79496.878899,
        "应收账款_万元": 217446.205885,
        "应收票据_万元": 6021.393017,
        "应收款项融资_万元": 2681.694745,
        "预付款项_万元": 13117.360603,
        "其他应收款_万元": 72290.571498,
        "存货_万元": 288665.228686,
        "合同资产_万元": null,
        "一年内到期的非流动资产_万元": null,
        "其他流动资产_万元": 19668.49559,
        "流动资产合计_万元": 699395.104957,
        "交易性金融资产_万元": 7.276034,
        "债权投资_万元": null,
        "其他债权投资_万元": null,
        "长期应收款_万元": null,
        "长期股权投资_万元": null,
        "其他权益工具投资_万元": 112.179173,
        "投资性房地产_万元": 275781.706084,
        "固定资产_万元": 337062.887026,
        "在建工程_万元": 17264.137006,
        "生产性生物资产_万元": 67.962232,
        "油气资产_万元": null,
        "使用权资产_万元": 19356.885132,
        "无形资产_万元": 46998.078635,
        "开发支出_万元": null,
        "商誉_万元": 10635.055122,
        "长期待摊费用_万元": 6147.915716,
        "递延所得税资产_万元": 10040.416692,
        "其他非流动资产_万元": 2838.115491,
        "非流动资产合计_万元": 726305.338309,
        "总资产_万元": 1425700.443266,
        "总资产同比增长_百分比": -0.16,
        "短期借款_万元": 2341.029201,
        "交易性金融负债_万元": null,
        "应付票据_万元": 8996.338777,
        "应付账款_万元": 243338.402337,
        "预收款项_万元": 4529.37188,
        "合同负债_万元": 15190.996274,
        "应付职工薪酬_万元": 5935.130144,
        "应交税费_万元": 40533.181725,
        "其他应付款_万元": 137242.280677,
        "一年内到期的非流动负债_万元": 3628.139928,
        "其他流动负债_万元": 8475.881186,
        "流动负债合计_万元": 470210.752129,
        "长期借款_万元": null,
        "应付债券_万元": null,
        "租赁负债_万元": 17645.587514,
        "长期应付款_万元": 80512.269205,
        "预计负债_万元": 823.826803,
        "递延收益_万元": 60341.665448,
        "递延所得税负债_万元": 4643.381493,
        "其他非流动负债_万元": null,
        "非流动负债合计_万元": 245525.583923,
        "总负债_万元": 715736.336052,
        "总负债同比增长_百分比": null,
        "资产负债率_百分比": 50.2,
        "实收资本_万元": 1386386.669,
        "资本公积_万元": 1878289.050957,
        "盈余公积_万元": 152557.579827,
        "未分配利润_万元": -2588517.431237,
        "其他综合收益_万元": -25.19692,
        "专项储备_万元": 137.011137,
        "归属于母公司所有者权益合计_万元": 706388.878034,
        "少数股东权益_万元": 35.7522918,
        "股东权益合计_万元": 709964.107214
    },
    "利润表": {
        "营业总收入_万元": 247433.898111,
        "营业收入_万元": 247433.898111,
        "营业总收入同比增长_百分比": 4.09,
        "营业成本_万元": 211413.662451,
        "税金及附加_万元": 2225.594278,
        "销售费用_万元": 19181.175435,
        "管理费用_万元": 24483.909594,
        "研发费用_万元": 2278.603619,
        "财务费用_万元": -127.49271,
        "其中利息费用_万元": 609.068042,
        "其中利息收入_万元": 784.407299,
        "其他收益_万元": 1978.120949,
        "投资收益_万元": 4179.775278,
        "其中对联营企业投资收益_万元": null,
        "公允价值变动收益_万元": -1.004273,
        "信用减值损失_万元": 4890.71172,
        "资产减值损失_万元": -46.740014,
        "资产处置收益_万元": 2836.28079,
        "营业总支出_万元": 259455.452667,
        "营业利润_万元": 1815.589894,
        "营业外收入_万元": 909.590895,
        "营业外支出_万元": 243.450807,
        "利润总额_万元": 2481.729982,
        "所得税费用_万元": 669.710652,
        "净利润_万元": 1812.01933,
        "归母净利润_万元": 1576.032584,
        "少数股东损益_万元": 235.986746,
        "持续经营净利润_万元": 1812.01933,
        "终止经营净利润_万元": null,
        "其他综合收益_万元": -15.191683,
        "综合收益总额_万元": 1796.827647,
        "归母综合收益总额_万元": 1560.840901
    },
    "现金流量表": {
        "销售商品收到现金_万元": 236930.253739,
        "收到的税费返还_万元": 29.174582,
        "收到其他经营活动现金_万元": 5050.820847,
        "经营活动现金流入_万元": 242010.249168,
        "购买商品支付现金_万元": 195765.07663,
        "支付职工现金_万元": 36337.789257,
        "支付税费_万元": 21973.135442,
        "支付其他经营活动现金_万元": 19820.301219,
        "经营活动现金流出_万元": 273896.302548,
        "经营现金流净额_万元": -31886.05338,
        "经营现金流净额同比增长_百分比": null,
        "收回投资现金_万元": null,
        "取得投资收益现金_万元": null,
        "处置资产收回现金_万元": 4698.116,
        "收到其他投资活动现金_万元": null,
        "投资活动现金流入_万元": 5448.116,
        "投资支付现金_万元": null,
        "购建资产支付现金_万元": 2657.424768,
        "支付其他投资活动现金_万元": null,
        "投资活动现金流出_万元": 2657.424768,
        "投资现金流净额_万元": 2790.691232,
        "吸收投资现金_万元": 50,
        "取得借款现金_万元": null,
        "收到其他筹资活动现金_万元": 3752.867321,
        "筹资活动现金流入_万元": 3802.867321,
        "偿还债务现金_万元": null,
        "分配股利现金_万元": null,
        "支付其他筹资活动现金_万元": 2239.523891,
        "筹资活动现金流出_万元": 2239.523891,
        "融资现金流净额_万元": -2189.523891,
        "汇率变动影响_万元": -0.161523,
        "现金及等价物净增加额_万元": -31285.047562,
        "净现金流_元": -312850475.62,
        "净现金流同比增长_百分比": null,
        "期初现金及等价物_万元": 95588.635964,
        "期末现金及等价物_万元": 64303.588402,
        "经营现金流占比_百分比": null,
        "投资现金流占比_百分比": null,
        "融资现金流占比_百分比": null
    }
}