{
    "报告信息": {
        "序号": null,
        "股票代码": "600566",
        "股票简称": "济川药业",
        "报告年份": "2023",
        "报告期": "第一季度",
        "总股本_股": null,
        "流通股本_股": null,
        "报告日期": "2023-04-17",
        "审计意见": "未经审计",
        "会计师事务所": null,
        "期": "Q1"
    },
    "核心业绩指标": {
        "每股收益_元": 0.739,
        "稀释每股收益_元": 0.739,
        "营业总收入_万元": 238829.688409,
        "营业总收入_亿元": 23.8829688409,
        "营收同比增长_百分比": 9.87,
        "营收环比增长_百分比": null,
        "净利润_万元": 67815.731897,
        "净利润_亿元": 6.7815731897,
        "净利润同比增长_百分比": 16.64,
        "净利润环比增长_百分比": null,
        "归母净利润_万元": 67675.683278,
        "少数股东损益_万元": 140.048619,
        "每股净资产_元": 26.56,
        "净资产收益率_百分比": null,
        "扣非净资产收益率_百分比": null,
        "每股经营现金流_元": 2.875,
        "扣非净利润_万元": 60606.678661,
        "扣非净利润同比增长_百分比": 20.6,
        "销售毛利率_百分比": null,
        "销售净利率_百分比": 28.39,
        "加权平均净资产收益率_百分比": 5.8,
        "扣非加权净资产收益率_百分比": null,
        "总资产收益率_百分比": null,
        "主营业务收入_万元": 238829.688409,
        "主营业务成本_万元": 42936.28694,
        "主营业务利润_万元": null
    },
    "资产负债表": {
        "货币资金_万元": 746775.904005,
        "应收账款_万元": 224562.102601,
        "应收票据_万元": null,
        "应收款项融资_万元": 2200.376867,
        "预付款项_万元": 3539.367392,
        "其他应收款_万元": 1760.357104,
        "存货_万元": 49772.8551,
        "合同资产_万元": null,
        "一年内到期的非流动资产_万元": null,
        "其他流动资产_万元": 1225.13931,
        "流动资产合计_万元": 1198209.081091,
        "交易性金融资产_万元": 168372.978712,
        "债权投资_万元": null,
        "其他债权投资_万元": null,
        "长期应收款_万元": null,
        "长期股权投资_万元": 1361.125366,
        "其他权益工具投资_万元": null,
        "投资性房地产_万元": 4637.620261,
        "固定资产_万元": 244616.241425,
        "在建工程_万元": 39959.580669,
        "生产性生物资产_万元": null,
        "油气资产_万元": null,
        "使用权资产_万元": 256.269286,
        "无形资产_万元": 31464.92065,
        "开发支出_万元": null,
        "商誉_万元": 16730.383411,
        "长期待摊费用_万元": 196.376082,
        "递延所得税资产_万元": 5578.457492,
        "其他非流动资产_万元": 1054.004292,
        "非流动资产合计_万元": 378874.951012,
        "总资产_万元": 1577084.032103,
        "总资产同比增长_百分比": 5.27,
        "短期借款_万元": 40000.0,
        "交易性金融负债_万元": null,
        "应付票据_万元": 31179.553561,
        "应付账款_万元": 160558.404783,
        "预收款项_万元": null,
        "合同负债_万元": 2227.434723,
        "应付职工薪酬_万元": 8372.734026,
        "应交税费_万元": 19972.839418,
        "其他应付款_万元": 90126.363617,
        "一年内到期的非流动负债_万元": 68.516957,
        "其他流动负债_万元": 263.811797,
        "流动负债合计_万元": 352769.658882,
        "长期借款_万元": null,
        "应付债券_万元": null,
        "租赁负债_万元": 104.180816,
        "长期应付款_万元": 103.596377,
        "预计负债_万元": null,
        "递延收益_万元": 7642.318609,
        "递延所得税负债_万元": 13039.622147,
        "其他非流动负债_万元": null,
        "非流动负债合计_万元": 20889.717949,
        "总负债_万元": 373659.376831,
        "总负债同比增长_百分比": 2.97,
        "资产负债率_百分比": 23.69,
        "实收资本_万元": 45274.3362,
        "资本公积_万元": 398734.585335,
        "盈余公积_万元": 16182.532523,
        "未分配利润_万元": 751297.603433,
        "其他综合收益_万元": null,
        "专项储备_万元": null,
        "归属于母公司所有者权益合计_万元": 1201770.657491,
        "少数股东权益_万元": 1653.997781,
        "股东权益合计_万元": 1203424.655272
    },
    "利润表": {
        "营业总收入_万元": 238829.688409,
        "营业收入_万元": 238829.688409,
        "营业总收入同比增长_百分比": 9.87,
        "营业成本_万元": 42936.28694,
        "税金及附加_万元": 3612.838323,
        "销售费用_万元": 108919.603401,
        "管理费用_万元": 8387.569491,
        "研发费用_万元": 10662.882283,
        "财务费用_万元": -3868.841788,
        "其中利息费用_万元": 292.945204,
        "其中利息收入_万元": 4183.768066,
        "其他收益_万元": 465.671405,
        "投资收益_万元": 2792.599486,
        "其中对联营企业投资收益_万元": null,
        "公允价值变动收益_万元": 2097.629763,
        "信用减值损失_万元": 2489.09655,
        "资产减值损失_万元": null,
        "资产处置收益_万元": 9.333043,
        "营业总支出_万元": 170650.33865,
        "营业利润_万元": 76033.680006,
        "营业外收入_万元": 3050.538722,
        "营业外支出_万元": 133.534813,
        "利润总额_万元": 78950.683915,
        "所得税费用_万元": 11134.952018,
        "净利润_万元": 67815.731897,
        "归母净利润_万元": 67675.683278,
        "少数股东损益_万元": 140.048619,
        "持续经营净利润_万元": 67815.731897,
        "终止经营净利润_万元": null,
        "其他综合收益_万元": null,
        "综合收益总额_万元": 67815.731897,
        "归母综合收益总额_万元": 67675.683278
    },
    "现金流量表": {
        "销售商品收到现金_万元": 326099.621184,
        "收到的税费返还_万元": null,
        "收到其他经营活动现金_万元": 13563.09077,
        "经营活动现金流入_万元": 339662.711954,
        "购买商品支付现金_万元": 32806.379239,
        "支付职工现金_万元": 29421.994305,
        "支付税费_万元": 48129.258877,
        "支付其他经营活动现金_万元": 99152.63623,
        "经营活动现金流出_万元": 209510.268651,
        "经营现金流净额_万元": 130152.443303,
        "经营现金流净额同比增长_百分比": 29.38,
        "收回投资现金_万元": 137100.0,
        "取得投资收益现金_万元": 2825.276095,
        "处置资产收回现金_万元": 680.752273,
        "收到其他投资活动现金_万元": null,
        "投资活动现金流入_万元": 140606.028368,
        "投资支付现金_万元": 11520.401611,
        "购建资产支付现金_万元": 5498.205767,
        "支付其他投资活动现金_万元": null,
        "投资活动现金流出_万元": 5498.205767,
        "投资现金流净额_万元": 135107.822601,
        "吸收投资现金_万元": null,
        "取得借款现金_万元": null,
        "收到其他筹资活动现金_万元": null,
        "筹资活动现金流入_万元": null,
        "偿还债务现金_万元": null,
        "分配股利现金_万元": 378.446588,
        "支付其他筹资活动现金_万元": null,
        "筹资活动现金流出_万元": 378.446588,
        "融资现金流净额_万元": -378.446588,
        "汇率变动影响_万元": null,
        "现金及等价物净增加额_万元": 264881.819316,
        "净现金流_元": null,
        "净现金流同比增长_百分比": null,
        "期初现金及等价物_万元": 481894.084689,
        "期末现金及等价物_万元": 746775.904005,
        "经营现金流占比_百分比": 49.14,
        "投资现金流占比_百分比": 51.01,
        "融资现金流占比_百分比": -0.14
    }
}