{
    "报告信息": {
        "序号": null,
        "股票代码": "600572",
        "股票简称": "康恩贝",
        "报告年份": "2023",
        "报告期": "第一季度",
        "总股本_股": 2570037319,
        "流通股本_股": null,
        "报告日期": "2023-03-31",
        "审计意见": "未经审计",
        "会计师事务所": null,
        "期": "Q1"
    },
    "核心业绩指标": {
        "每股收益_元": 0.11,
        "稀释每股收益_元": 0.11,
        "营业总收入_万元": 213054.257091,
        "营业总收入_亿元": 21.3054257091,
        "营收同比增长_百分比": 25.27,
        "营收环比增长_百分比": null,
        "净利润_万元": 32487.384725,
        "净利润_亿元": 3.2487384725,
        "净利润同比增长_百分比": null,
        "净利润环比增长_百分比": null,
        "归母净利润_万元": 28420.966146,
        "少数股东损益_万元": 4066.418579,
        "每股净资产_元": null,
        "净资产收益率_百分比": null,
        "扣非净资产收益率_百分比": null,
        "每股经营现金流_元": null,
        "扣非净利润_万元": 26361.344026,
        "扣非净利润同比增长_百分比": 36.42,
        "销售毛利率_百分比": null,
        "销售净利率_百分比": null,
        "加权平均净资产收益率_百分比": 4.03,
        "扣非加权净资产收益率_百分比": null,
        "总资产收益率_百分比": null,
        "主营业务收入_万元": null,
        "主营业务成本_万元": null,
        "主营业务利润_万元": null
    },
    "资产负债表": {
        "货币资金_万元": 243011.92397,
        "应收账款_万元": 131793.616747,
        "应收票据_万元": null,
        "应收款项融资_万元": 77348.905951,
        "预付款项_万元": 4574.701866,
        "其他应收款_万元": 5527.034019,
        "存货_万元": 117994.883889,
        "合同资产_万元": null,
        "一年内到期的非流动资产_万元": null,
        "其他流动资产_万元": 4491.760908,
        "流动资产合计_万元": 584742.82735,
        "交易性金融资产_万元": null,
        "债权投资_万元": null,
        "其他债权投资_万元": null,
        "长期应收款_万元": null,
        "长期股权投资_万元": 182535.359967,
        "其他权益工具投资_万元": 11903.329887,
        "投资性房地产_万元": 389.77956,
        "固定资产_万元": 256149.124546,
        "在建工程_万元": 60378.989318,
        "生产性生物资产_万元": null,
        "油气资产_万元": null,
        "使用权资产_万元": 951.812629,
        "无形资产_万元": 38486.224375,
        "开发支出_万元": null,
        "商誉_万元": 18472.290105,
        "长期待摊费用_万元": 3770.677484,
        "递延所得税资产_万元": 5597.638993,
        "其他非流动资产_万元": 539.876793,
        "非流动资产合计_万元": 592584.45968,
        "总资产_万元": 1177327.28703,
        "总资产同比增长_百分比": 7.72,
        "短期借款_万元": 113309.971806,
        "交易性金融负债_万元": null,
        "应付票据_万元": 4914.238198,
        "应付账款_万元": 62110.861257,
        "预收款项_万元": null,
        "合同负债_万元": 3032.603199,
        "应付职工薪酬_万元": 12898.156747,
        "应交税费_万元": 17625.398197,
        "其他应付款_万元": 104643.479414,
        "一年内到期的非流动负债_万元": 13431.326668,
        "其他流动负债_万元": 351.212294,
        "流动负债合计_万元": 332317.24778,
        "长期借款_万元": 37045.273138,
        "应付债券_万元": null,
        "租赁负债_万元": 477.708042,
        "长期应付款_万元": 92.408006,
        "预计负债_万元": null,
        "递延收益_万元": 14886.135578,
        "递延所得税负债_万元": 32619.077288,
        "其他非流动负债_万元": null,
        "非流动负债合计_万元": 85120.602052,
        "总负债_万元": 417437.849832,
        "总负债同比增长_百分比": null,
        "资产负债率_百分比": null,
        "实收资本_万元": 257003.7319,
        "资本公积_万元": 15673.658356,
        "盈余公积_万元": 61151.871901,
        "未分配利润_万元": 384435.613714,
        "其他综合收益_万元": 9.879576,
        "专项储备_万元": null,
        "归属于母公司所有者权益合计_万元": 718274.755447,
        "少数股东权益_万元": 41614.681751,
        "股东权益合计_万元": 759889.437198
    },
    "利润表": {
        "营业总收入_万元": 213054.257091,
        "营业收入_万元": 213054.257091,
        "营业总收入同比增长_百分比": 25.27,
        "营业成本_万元": 73310.888517,
        "税金及附加_万元": 2331.188021,
        "销售费用_万元": 82536.63674,
        "管理费用_万元": 13765.444583,
        "研发费用_万元": 4376.487295,
        "财务费用_万元": 145.717678,
        "其中利息费用_万元": 1366.041753,
        "其中利息收入_万元": 1332.552653,
        "其他收益_万元": 4281.784175,
        "投资收益_万元": 1468.062596,
        "其中对联营企业投资收益_万元": 937.108948,
        "公允价值变动收益_万元": -325.209629,
        "信用减值损失_万元": -268.391063,
        "资产减值损失_万元": -317.323972,
        "资产处置收益_万元": 0.492261,
        "营业总支出_万元": null,
        "营业利润_万元": 41427.308625,
        "营业外收入_万元": 17.772118,
        "营业外支出_万元": 1078.338107,
        "利润总额_万元": 40366.742636,
        "所得税费用_万元": 7879.357911,
        "净利润_万元": 32487.384725,
        "归母净利润_万元": 28420.966146,
        "少数股东损益_万元": 4066.418579,
        "持续经营净利润_万元": 32487.384725,
        "终止经营净利润_万元": null,
        "其他综合收益_万元": null,
        "综合收益总额_万元": 32487.384725,
        "归母综合收益总额_万元": 28420.966146
    },
    "现金流量表": {
        "销售商品收到现金_万元": 158016.13542,
        "收到的税费返还_万元": 503.458022,
        "收到其他经营活动现金_万元": 10097.317236,
        "经营活动现金流入_万元": 168616.910678,
        "购买商品支付现金_万元": 43622.057272,
        "支付职工现金_万元": 36301.778826,
        "支付税费_万元": 25948.895029,
        "支付其他经营活动现金_万元": 54454.45213,
        "经营活动现金流出_万元": 160327.183257,
        "经营现金流净额_万元": 8289.727421,
        "经营现金流净额同比增长_百分比": 59.24,
        "收回投资现金_万元": 197.937763,
        "取得投资收益现金_万元": 533.463437,
        "处置资产收回现金_万元": 692.026479,
        "收到其他投资活动现金_万元": null,
        "投资活动现金流入_万元": 1423.427679,
        "投资支付现金_万元": 45643.99959,
        "购建资产支付现金_万元": 4610.769052,
        "支付其他投资活动现金_万元": null,
        "投资活动现金流出_万元": 50254.768642,
        "投资现金流净额_万元": -48831.340963,
        "吸收投资现金_万元": null,
        "取得借款现金_万元": 64347.5,
        "收到其他筹资活动现金_万元": null,
        "筹资活动现金流入_万元": 64347.5,
        "偿还债务现金_万元": 19950.0,
        "分配股利现金_万元": 1473.488092,
        "支付其他筹资活动现金_万元": 6166.344,
        "筹资活动现金流出_万元": 27589.832092,
        "融资现金流净额_万元": 36757.667908,
        "汇率变动影响_万元": -51.384566,
        "现金及等价物净增加额_万元": -3835.3302,
        "净现金流_元": null,
        "净现金流同比增长_百分比": null,
        "期初现金及等价物_万元": 243253.785046,
        "期末现金及等价物_万元": 239418.454846,
        "经营现金流占比_百分比": null,
        "投资现金流占比_百分比": null,
        "融资现金流占比_百分比": null
    }
}