{
    "报告信息": {
        "序号": null,
        "股票代码": "600594",
        "股票简称": "益佰制药",
        "报告年份": "2023",
        "报告期": "Q3",
        "总股本_股": null,
        "流通股本_股": null,
        "报告日期": null,
        "审计意见": "未经审计",
        "会计师事务所": null
    },
    "核心业绩指标": {
        "每股收益_元": 0.215,
        "稀释每股收益_元": 0.215,
        "营业总收入_万元": 213683.425204,
        "营业总收入_亿元": 2.13683425204,
        "营收同比增长_百分比": 1.79,
        "营收环比增长_百分比": null,
        "净利润_万元": 169869.96121,
        "净利润_亿元": 1.6986996121,
        "净利润同比增长_百分比": -13.33,
        "净利润环比增长_百分比": null,
        "归母净利润_万元": 169869.96121,
        "少数股东损益_万元": -8.3700539,
        "每股净资产_元": null,
        "净资产收益率_百分比": 5.429,
        "扣非净资产收益率_百分比": null,
        "每股经营现金流_元": null,
        "扣非净利润_万元": 142946.60253,
        "扣非净利润同比增长_百分比": -7.64,
        "销售毛利率_百分比": 70.59,
        "销售净利率_百分比": 7.57,
        "加权平均净资产收益率_百分比": 5.429,
        "扣非加权净资产收益率_百分比": null,
        "总资产收益率_百分比": null,
        "主营业务收入_万元": 213683.425204,
        "主营业务成本_万元": 62780.584457,
        "主营业务利润_万元": 150902.840747
    },
    "资产负债表": {
        "货币资金_万元": 68549.078306,
        "应收账款_万元": 12800.154696,
        "应收票据_万元": 56985.5075,
        "应收款项融资_万元": null,
        "预付款项_万元": 1853.816993,
        "其他应收款_万元": 5947.284968,
        "存货_万元": 65436.813003,
        "合同资产_万元": null,
        "一年内到期的非流动资产_万元": null,
        "其他流动资产_万元": 2149.869779,
        "流动资产合计_万元": 213722.525245,
        "交易性金融资产_万元": null,
        "债权投资_万元": null,
        "其他债权投资_万元": null,
        "长期应收款_万元": null,
        "长期股权投资_万元": 3515.532918,
        "其他权益工具投资_万元": 159.1196,
        "投资性房地产_万元": null,
        "固定资产_万元": 171492.05199,
        "在建工程_万元": 1958.969001,
        "生产性生物资产_万元": 462.400557,
        "油气资产_万元": null,
        "使用权资产_万元": 4081.95421,
        "无形资产_万元": 34997.826442,
        "开发支出_万元": null,
        "商誉_万元": 16403.807015,
        "长期待摊费用_万元": 12721.061164,
        "递延所得税资产_万元": 23236.605161,
        "其他非流动资产_万元": 7386.554947,
        "非流动资产合计_万元": 276415.883005,
        "总资产_万元": 490138.40825,
        "总资产同比增长_百分比": 0.73,
        "短期借款_万元": 40596.037499,
        "交易性金融负债_万元": null,
        "应付票据_万元": null,
        "应付账款_万元": 17685.020159,
        "预收款项_万元": null,
        "合同负债_万元": 3153.837989,
        "应付职工薪酬_万元": 4911.187924,
        "应交税费_万元": 3830.049856,
        "其他应付款_万元": 11185.940607,
        "一年内到期的非流动负债_万元": 9984.733417,
        "其他流动负债_万元": 971.308838,
        "流动负债合计_万元": 92318.116289,
        "长期借款_万元": 44207.142135,
        "应付债券_万元": null,
        "租赁负债_万元": 3177.661293,
        "长期应付款_万元": 879.811356,
        "预计负债_万元": 65.041657,
        "递延收益_万元": 11043.17178,
        "递延所得税负债_万元": 3297.683865,
        "其他非流动负债_万元": null,
        "非流动负债合计_万元": 62670.512086,
        "总负债_万元": 154988.628375,
        "总负债同比增长_百分比": null,
        "资产负债率_百分比": 31.6,
        "实收资本_万元": 79192.74,
        "资本公积_万元": 73383.667692,
        "盈余公积_万元": 29807.12147,
        "未分配利润_万元": 138968.752741,
        "其他综合收益_万元": 64.52469,
        "专项储备_万元": null,
        "归属于母公司所有者权益合计_万元": 321416.806593,
        "少数股东权益_万元": 13732.973282,
        "股东权益合计_万元": 335149.779875
    },
    "利润表": {
        "营业总收入_万元": 213683.425204,
        "营业收入_万元": 213683.425204,
        "营业总收入同比增长_百分比": 1.79,
        "营业成本_万元": 62780.584457,
        "税金及附加_万元": 3394.34699,
        "销售费用_万元": 93675.63634,
        "管理费用_万元": 24676.569589,
        "研发费用_万元": 7385.280423,
        "财务费用_万元": 1108.404556,
        "其中利息费用_万元": 1439.262002,
        "其中利息收入_万元": 479.328654,
        "其他收益_万元": 1897.740516,
        "投资收益_万元": 11.314265,
        "其中对联营企业投资收益_万元": -25.765965,
        "公允价值变动收益_万元": null,
        "信用减值损失_万元": 100.39152,
        "资产减值损失_万元": -2742.921625,
        "资产处置收益_万元": 1.663911,
        "营业总支出_万元": 193020.822355,
        "营业利润_万元": 19930.791436,
        "营业外收入_万元": 120.183003,
        "营业外支出_万元": 560.219822,
        "利润总额_万元": 19490.754617,
        "所得税费用_万元": 3340.763886,
        "净利润_万元": 16149.990731,
        "归母净利润_万元": 16986.996121,
        "少数股东损益_万元": -837.00539,
        "持续经营净利润_万元": 16149.990731,
        "终止经营净利润_万元": null,
        "其他综合收益_万元": -34.362432,
        "综合收益总额_万元": 16115.628299,
        "归母综合收益总额_万元": 16952.633689
    },
    "现金流量表": {
        "销售商品收到现金_万元": 225011.894525,
        "收到的税费返还_万元": 906.515422,
        "收到其他经营活动现金_万元": 8673.498269,
        "经营活动现金流入_万元": 234591.908216,
        "购买商品支付现金_万元": 34472.103616,
        "支付职工现金_万元": 44443.044397,
        "支付税费_万元": 25022.628721,
        "支付其他经营活动现金_万元": 96338.602197,
        "经营活动现金流出_万元": 200276.378931,
        "经营现金流净额_万元": 34315.529285,
        "经营现金流净额同比增长_百分比": 10.88,
        "收回投资现金_万元": 5000.0,
        "取得投资收益现金_万元": 39.277646,
        "处置资产收回现金_万元": 8.7244,
        "收到其他投资活动现金_万元": null,
        "投资活动现金流入_万元": 5048.002046,
        "投资支付现金_万元": 5000.0,
        "购建资产支付现金_万元": 10291.937555,
        "支付其他投资活动现金_万元": null,
        "投资活动现金流出_万元": 15291.937555,
        "投资现金流净额_万元": -10243.935509,
        "吸收投资现金_万元": 0,
        "取得借款现金_万元": 53000.0,
        "收到其他筹资活动现金_万元": 1000.0,
        "筹资活动现金流入_万元": 54000.0,
        "偿还债务现金_万元": 64431.931757,
        "分配股利现金_万元": 3169.019075,
        "支付其他筹资活动现金_万元": 812.875754,
        "筹资活动现金流出_万元": 68413.826586,
        "融资现金流净额_万元": -14413.826586,
        "汇率变动影响_万元": null,
        "现金及等价物净增加额_万元": 9657.76719,
        "净现金流_元": 96577671.9,
        "净现金流同比增长_百分比": null,
        "期初现金及等价物_万元": 58735.539028,
        "期末现金及等价物_万元": 68393.306218,
        "经营现金流占比_百分比": null,
        "投资现金流占比_百分比": null,
        "融资现金流占比_百分比": null
    }
}