{
    "报告信息": {
        "序号": null,
        "股票代码": "600594",
        "股票简称": "益佰制药",
        "报告年份": "2024",
        "报告期": "Q3",
        "总股本_股": 791927400,
        "流通股本_股": null,
        "报告日期": "2024-09-30",
        "审计意见": "未经审计",
        "会计师事务所": null
    },
    "核心业绩指标": {
        "每股收益_元": -0.08,
        "稀释每股收益_元": -0.08,
        "营业总收入_万元": 54564.889387,
        "营业总收入_亿元": 5.4564889387,
        "营收同比增长_百分比": -16.97,
        "营收环比增长_百分比": null,
        "净利润_万元": -6265.784521,
        "净利润_亿元": -0.6265784521,
        "净利润同比增长_百分比": -249.31,
        "净利润环比增长_百分比": null,
        "归母净利润_万元": -6265.784521,
        "少数股东损益_万元": -509.054059,
        "每股净资产_元": null,
        "净资产收益率_百分比": -2.326,
        "扣非净资产收益率_百分比": null,
        "每股经营现金流_元": null,
        "扣非净利润_万元": -6809.27583,
        "扣非净利润同比增长_百分比": -275.13,
        "销售毛利率_百分比": null,
        "销售净利率_百分比": null,
        "加权平均净资产收益率_百分比": -2.326,
        "扣非加权净资产收益率_百分比": null,
        "总资产收益率_百分比": null,
        "主营业务收入_万元": 54564.889387,
        "主营业务成本_万元": null,
        "主营业务利润_万元": null
    },
    "资产负债表": {
        "货币资金_万元": 61987.898272,
        "应收账款_万元": 23975.499902,
        "应收票据_万元": 25285.052687,
        "应收款项融资_万元": null,
        "预付款项_万元": 1637.66253,
        "其他应收款_万元": 2676.456586,
        "存货_万元": 55283.426339,
        "合同资产_万元": null,
        "一年内到期的非流动资产_万元": null,
        "其他流动资产_万元": 2415.713413,
        "流动资产合计_万元": 173261.709729,
        "交易性金融资产_万元": null,
        "债权投资_万元": null,
        "其他债权投资_万元": null,
        "长期应收款_万元": null,
        "长期股权投资_万元": 3522.024641,
        "其他权益工具投资_万元": 163.09097,
        "投资性房地产_万元": null,
        "固定资产_万元": 160201.005071,
        "在建工程_万元": 546.763729,
        "生产性生物资产_万元": 1590.6704,
        "油气资产_万元": null,
        "使用权资产_万元": 3184.291624,
        "无形资产_万元": 31901.893135,
        "开发支出_万元": null,
        "商誉_万元": 16403.807015,
        "长期待摊费用_万元": 10694.989275,
        "递延所得税资产_万元": 8508.85999,
        "其他非流动资产_万元": 6736.643525,
        "非流动资产合计_万元": 243454.039375,
        "总资产_万元": 416715.749104,
        "总资产同比增长_百分比": -9.36,
        "短期借款_万元": 29082.591668,
        "交易性金融负债_万元": null,
        "应付票据_万元": null,
        "应付账款_万元": 12742.38092,
        "预收款项_万元": null,
        "合同负债_万元": 2537.079073,
        "应付职工薪酬_万元": 4055.469728,
        "应交税费_万元": 3712.810493,
        "其他应付款_万元": 7330.602871,
        "一年内到期的非流动负债_万元": 26866.730917,
        "其他流动负债_万元": 394.000177,
        "流动负债合计_万元": 86721.665847,
        "长期借款_万元": 28079.567061,
        "应付债券_万元": null,
        "租赁负债_万元": 2435.649753,
        "长期应付款_万元": 8471.359473,
        "预计负债_万元": 27.12907,
        "递延收益_万元": 9798.693793,
        "递延所得税负债_万元": 3504.120908,
        "其他非流动负债_万元": null,
        "非流动负债合计_万元": 52316.520058,
        "总负债_万元": 139038.185905,
        "总负债同比增长_百分比": null,
        "资产负债率_百分比": 33.36,
        "实收资本_万元": 79192.74,
        "资本公积_万元": 65383.667692,
        "盈余公积_万元": 31456.957933,
        "未分配利润_万元": 90204.709434,
        "其他综合收益_万元": 67.225573,
        "专项储备_万元": null,
        "归属于母公司所有者权益合计_万元": 264805.569832,
        "少数股东权益_万元": 12871.993367,
        "股东权益合计_万元": 277677.563199
    },
    "利润表": {
        "营业总收入_万元": 171384.031737,
        "营业收入_万元": 171384.031737,
        "营业总收入同比增长_百分比": -19.8,
        "营业成本_万元": 64790.811757,
        "税金及附加_万元": 2571.739932,
        "销售费用_万元": 82350.243857,
        "管理费用_万元": 25408.819303,
        "研发费用_万元": 7917.794547,
        "财务费用_万元": 1613.320015,
        "其中利息费用_万元": 2127.185668,
        "其中利息收入_万元": 571.570293,
        "其他收益_万元": 1565.149998,
        "投资收益_万元": 14.675924,
        "其中对联营企业投资收益_万元": 14.936072,
        "公允价值变动收益_万元": null,
        "信用减值损失_万元": -261.586564,
        "资产减值损失_万元": -4829.361056,
        "资产处置收益_万元": 64.671169,
        "营业总支出_万元": 184284.729411,
        "营业利润_万元": -16347.148203,
        "营业外收入_万元": 64.981026,
        "营业外支出_万元": 1094.472749,
        "利润总额_万元": -17376.639926,
        "所得税费用_万元": 47.54206,
        "净利润_万元": -17424.181986,
        "归母净利润_万元": -16915.127927,
        "少数股东损益_万元": -509.054059,
        "持续经营净利润_万元": -17424.181986,
        "终止经营净利润_万元": null,
        "其他综合收益_万元": 2.700883,
        "综合收益总额_万元": -17421.481103,
        "归母综合收益总额_万元": -16912.427044
    },
    "现金流量表": {
        "销售商品收到现金_万元": 202608.984106,
        "收到的税费返还_万元": 42.907832,
        "收到其他经营活动现金_万元": 4090.335039,
        "经营活动现金流入_万元": 206742.226977,
        "购买商品支付现金_万元": 41574.255909,
        "支付职工现金_万元": 44248.450443,
        "支付税费_万元": 14254.040206,
        "支付其他经营活动现金_万元": 86685.148158,
        "经营活动现金流出_万元": 186761.894716,
        "经营现金流净额_万元": 19980.332261,
        "经营现金流净额同比增长_百分比": -41.77,
        "收回投资现金_万元": 1.300741,
        "取得投资收益现金_万元": null,
        "处置资产收回现金_万元": 97.751,
        "收到其他投资活动现金_万元": null,
        "投资活动现金流入_万元": 1229.362141,
        "投资支付现金_万元": null,
        "购建资产支付现金_万元": 6867.692441,
        "支付其他投资活动现金_万元": 0.260148,
        "投资活动现金流出_万元": 6867.952589,
        "投资现金流净额_万元": -5638.590448,
        "吸收投资现金_万元": null,
        "取得借款现金_万元": 38000,
        "收到其他筹资活动现金_万元": null,
        "筹资活动现金流入_万元": 38000,
        "偿还债务现金_万元": 49830.385541,
        "分配股利现金_万元": 7891.900541,
        "支付其他筹资活动现金_万元": 3398.645245,
        "筹资活动现金流出_万元": 61120.931327,
        "融资现金流净额_万元": -23120.931327,
        "汇率变动影响_万元": -1.2532,
        "现金及等价物净增加额_万元": -8780.442714,
        "净现金流_元": -87804427.14,
        "净现金流同比增长_百分比": null,
        "期初现金及等价物_万元": 69568.071786,
        "期末现金及等价物_万元": 60787.629072,
        "经营现金流占比_百分比": null,
        "投资现金流占比_百分比": null,
        "融资现金流占比_百分比": null
    }
}