{
    "报告信息": {
        "序号": null,
        "股票代码": "600518",
        "股票简称": "康美药业",
        "报告年份": "2025",
        "报告期": "第三季度",
        "总股本_股": 13828896690,
        "流通股本_股": null,
        "报告日期": "2025-10-29",
        "审计意见": "未经审计",
        "会计师事务所": null,
        "期": "Q3"
    },
    "核心业绩指标": {
        "每股收益_元": 0.001,
        "稀释每股收益_元": 0.001,
        "营业总收入_万元": 395960.351466,
        "营业总收入_亿元": 39.5960351466,
        "营收同比增长_百分比": 2.22,
        "营收环比增长_百分比": null,
        "净利润_万元": 1509.112376,
        "净利润_亿元": 0.1509112376,
        "净利润同比增长_百分比": 86.05,
        "净利润环比增长_百分比": null,
        "归母净利润_万元": 1308.230931,
        "少数股东损益_万元": 200.881445,
        "每股净资产_元": 0.519,
        "净资产收益率_百分比": 0.18,
        "扣非净资产收益率_百分比": null,
        "每股经营现金流_元": 0.0099,
        "扣非净利润_万元": -3793.671664,
        "扣非净利润同比增长_百分比": null,
        "销售毛利率_百分比": 19.06,
        "销售净利率_百分比": 0.38,
        "加权平均净资产收益率_百分比": 0.18,
        "扣非加权净资产收益率_百分比": null,
        "总资产收益率_百分比": 0.11,
        "主营业务收入_万元": null,
        "主营业务成本_万元": null,
        "主营业务利润_万元": null
    },
    "资产负债表": {
        "货币资金_万元": 118062.687564,
        "应收账款_万元": 247360.570557,
        "应收票据_万元": 4539.60961,
        "应收款项融资_万元": 5523.897827,
        "预付款项_万元": 8767.713358,
        "其他应收款_万元": 57434.455193,
        "存货_万元": 245270.365587,
        "合同资产_万元": null,
        "一年内到期的非流动资产_万元": null,
        "其他流动资产_万元": 15961.692315,
        "流动资产合计_万元": 702930.132275,
        "交易性金融资产_万元": 9.140264,
        "债权投资_万元": null,
        "其他债权投资_万元": null,
        "长期应收款_万元": null,
        "长期股权投资_万元": null,
        "其他权益工具投资_万元": 104.556024,
        "投资性房地产_万元": 268287.016098,
        "固定资产_万元": 306863.48099,
        "在建工程_万元": 17068.175053,
        "生产性生物资产_万元": 36.684266,
        "油气资产_万元": null,
        "使用权资产_万元": 9303.265778,
        "无形资产_万元": 39147.634491,
        "开发支出_万元": null,
        "商誉_万元": 10635.055122,
        "长期待摊费用_万元": 4943.682661,
        "递延所得税资产_万元": 6752.684448,
        "其他非流动资产_万元": 2221.083591,
        "非流动资产合计_万元": 665363.318522,
        "总资产_万元": 1368293.450797,
        "总资产同比增长_百分比": -0.83,
        "短期借款_万元": 1483.985844,
        "交易性金融负债_万元": null,
        "应付票据_万元": 7469.483599,
        "应付账款_万元": 253384.0767,
        "预收款项_万元": 6021.754957,
        "合同负债_万元": 14686.664677,
        "应付职工薪酬_万元": 5880.955917,
        "应交税费_万元": 41870.794752,
        "其他应付款_万元": 125223.961492,
        "一年内到期的非流动负债_万元": 2530.241146,
        "其他流动负债_万元": 122589.171794,
        "流动负债合计_万元": 581141.090878,
        "长期借款_万元": null,
        "应付债券_万元": null,
        "租赁负债_万元": 7844.592189,
        "长期应付款_万元": null,
        "预计负债_万元": 1709.28736,
        "递延收益_万元": 53015.12177,
        "递延所得税负债_万元": 2115.041962,
        "其他非流动负债_万元": null,
        "非流动负债合计_万元": 64684.043281,
        "总负债_万元": 645825.134159,
        "总负债同比增长_百分比": null,
        "资产负债率_百分比": 47.28,
        "实收资本_万元": 1382889.669,
        "资本公积_万元": 1847426.300957,
        "盈余公积_万元": 152557.579827,
        "未分配利润_万元": -2587927.866617,
        "其他综合收益_万元": -33.39154,
        "专项储备_万元": 156.785373,
        "归属于母公司所有者权益合计_万元": 718677.427,
        "少数股东权益_万元": 3790.889638,
        "股东权益合计_万元": 722468.316638
    },
    "利润表": {
        "营业总收入_万元": 395960.351466,
        "营业收入_万元": 395960.351466,
        "营业总收入同比增长_百分比": 2.22,
        "营业成本_万元": 320460.263788,
        "税金及附加_万元": 3711.025598,
        "销售费用_万元": 38573.958926,
        "管理费用_万元": 36781.651844,
        "研发费用_万元": 3269.188264,
        "财务费用_万元": 52.643938,
        "其中利息费用_万元": 494.416284,
        "其中利息收入_万元": 557.658776,
        "其他收益_万元": 3283.802909,
        "投资收益_万元": 2736.744837,
        "其中对联营企业投资收益_万元": null,
        "公允价值变动收益_万元": 1.043811,
        "信用减值损失_万元": 3916.007124,
        "资产减值损失_万元": -79.849674,
        "资产处置收益_万元": 203.810348,
        "营业总支出_万元": 402848.732358,
        "营业利润_万元": 3173.178463,
        "营业外收入_万元": 324.38036,
        "营业外支出_万元": 438.254478,
        "利润总额_万元": 3059.304345,
        "所得税费用_万元": 1550.191969,
        "净利润_万元": 1509.112376,
        "归母净利润_万元": 1308.230931,
        "少数股东损益_万元": 200.881445,
        "持续经营净利润_万元": 1509.112376,
        "终止经营净利润_万元": null,
        "其他综合收益_万元": -6.957723,
        "综合收益总额_万元": 1502.154653,
        "归母综合收益总额_万元": 1301.273208
    },
    "现金流量表": {
        "销售商品收到现金_万元": 400123.640364,
        "收到的税费返还_万元": 32.13185,
        "收到其他经营活动现金_万元": 7887.632812,
        "经营活动现金流入_万元": 408011.273176,
        "购买商品支付现金_万元": 301663.25292,
        "支付职工现金_万元": 55765.576408,
        "支付税费_万元": 10392.926143,
        "支付其他经营活动现金_万元": 26405.267725,
        "经营活动现金流出_万元": 394227.023196,
        "经营现金流净额_万元": 13784.24998,
        "经营现金流净额同比增长_百分比": null,
        "收回投资现金_万元": null,
        "取得投资收益现金_万元": null,
        "处置资产收回现金_万元": 2008.072632,
        "收到其他投资活动现金_万元": null,
        "投资活动现金流入_万元": 2008.072632,
        "投资支付现金_万元": null,
        "购建资产支付现金_万元": 7411.69919,
        "支付其他投资活动现金_万元": null,
        "投资活动现金流出_万元": 7411.69919,
        "投资现金流净额_万元": -5403.626558,
        "吸收投资现金_万元": 140.0,
        "取得借款现金_万元": null,
        "收到其他筹资活动现金_万元": 18709.318599,
        "筹资活动现金流入_万元": 18849.318599,
        "偿还债务现金_万元": 4350.0,
        "分配股利现金_万元": 4.58784,
        "支付其他筹资活动现金_万元": 2728.296324,
        "筹资活动现金流出_万元": 7082.884164,
        "融资现金流净额_万元": 11766.434435,
        "汇率变动影响_万元": -0.635322,
        "现金及等价物净增加额_万元": 20146.422535,
        "净现金流_元": null,
        "净现金流同比增长_百分比": null,
        "期初现金及等价物_万元": 84297.987177,
        "期末现金及等价物_万元": 104444.409712,
        "经营现金流占比_百分比": 68.27,
        "投资现金流占比_百分比": -26.85,
        "融资现金流占比_百分比": 58.58
    }
}