{
    "报告信息": {
        "序号": null,
        "股票代码": "600594",
        "股票简称": "益佰制药",
        "报告年份": "2025",
        "报告期": "第三季度",
        "总股本_股": 791927400,
        "流通股本_股": null,
        "报告日期": null,
        "审计意见": "未经审计",
        "会计师事务所": null,
        "期": "Q3"
    },
    "核心业绩指标": {
        "每股收益_元": -0.085,
        "稀释每股收益_元": -0.085,
        "营业总收入_万元": 144670.448811,
        "营业总收入_亿元": 14.4670448811,
        "营收同比增长_百分比": -15.59,
        "营收环比增长_百分比": null,
        "净利润_万元": -9062.980397,
        "净利润_亿元": -0.9062980397,
        "净利润同比增长_百分比": null,
        "净利润环比增长_百分比": null,
        "归母净利润_万元": -8656.262179,
        "少数股东损益_万元": -406.718218,
        "每股净资产_元": null,
        "净资产收益率_百分比": null,
        "扣非净资产收益率_百分比": null,
        "每股经营现金流_元": null,
        "扣非净利润_万元": -8445.058559,
        "扣非净利润同比增长_百分比": null,
        "销售毛利率_百分比": null,
        "销售净利率_百分比": null,
        "加权平均净资产收益率_百分比": -3.538,
        "扣非加权净资产收益率_百分比": null,
        "总资产收益率_百分比": null,
        "主营业务收入_万元": null,
        "主营业务成本_万元": null,
        "主营业务利润_万元": null
    },
    "资产负债表": {
        "货币资金_万元": 59369.560181,
        "应收账款_万元": 17413.685288,
        "应收票据_万元": 20441.296962,
        "应收款项融资_万元": null,
        "预付款项_万元": 2364.792794,
        "其他应收款_万元": 3079.888422,
        "存货_万元": 54549.52398,
        "合同资产_万元": null,
        "一年内到期的非流动资产_万元": null,
        "其他流动资产_万元": 5782.073942,
        "流动资产合计_万元": 163000.821569,
        "交易性金融资产_万元": null,
        "债权投资_万元": null,
        "其他债权投资_万元": null,
        "长期应收款_万元": null,
        "长期股权投资_万元": 3470.375379,
        "其他权益工具投资_万元": 129.061861,
        "投资性房地产_万元": null,
        "固定资产_万元": 147652.949201,
        "在建工程_万元": 630.321037,
        "生产性生物资产_万元": 1659.772412,
        "油气资产_万元": null,
        "使用权资产_万元": 2390.42632,
        "无形资产_万元": 30970.084879,
        "开发支出_万元": null,
        "商誉_万元": 13126.274112,
        "长期待摊费用_万元": 8995.987883,
        "递延所得税资产_万元": 10070.103612,
        "其他非流动资产_万元": 1722.673893,
        "非流动资产合计_万元": 220818.030589,
        "总资产_万元": 383818.852158,
        "总资产同比增长_百分比": -6.38,
        "短期借款_万元": 41389.461061,
        "交易性金融负债_万元": null,
        "应付票据_万元": null,
        "应付账款_万元": 9168.449289,
        "预收款项_万元": null,
        "合同负债_万元": 2101.290793,
        "应付职工薪酬_万元": 3595.34171,
        "应交税费_万元": 2436.844787,
        "其他应付款_万元": 7863.519616,
        "一年内到期的非流动负债_万元": 20201.165975,
        "其他流动负债_万元": 87.599547,
        "流动负债合计_万元": 86843.672778,
        "长期借款_万元": 22955.800295,
        "应付债券_万元": null,
        "租赁负债_万元": 2065.039279,
        "长期应付款_万元": 8000.0,
        "预计负债_万元": 5.949751,
        "递延收益_万元": 9077.666405,
        "递延所得税负债_万元": 3324.343544,
        "其他非流动负债_万元": null,
        "非流动负债合计_万元": 45428.799274,
        "总负债_万元": 132272.472052,
        "总负债同比增长_百分比": null,
        "资产负债率_百分比": null,
        "实收资本_万元": 79192.74,
        "资本公积_万元": 65383.667692,
        "盈余公积_万元": 31456.957933,
        "未分配利润_万元": 66742.039375,
        "其他综合收益_万元": 42.956942,
        "专项储备_万元": null,
        "归属于母公司所有者权益合计_万元": 240317.913828,
        "少数股东权益_万元": 11228.466278,
        "股东权益合计_万元": 251546.380106
    },
    "利润表": {
        "营业总收入_万元": 144670.448811,
        "营业收入_万元": 144670.448811,
        "营业总收入同比增长_百分比": -15.59,
        "营业成本_万元": 57401.448511,
        "税金及附加_万元": 2568.287722,
        "销售费用_万元": 62140.564158,
        "管理费用_万元": 20824.454804,
        "研发费用_万元": 6242.404636,
        "财务费用_万元": 1596.765539,
        "其中利息费用_万元": 1741.447341,
        "其中利息收入_万元": 278.814866,
        "其他收益_万元": 1751.140042,
        "投资收益_万元": -36.075535,
        "其中对联营企业投资收益_万元": -39.763424,
        "公允价值变动收益_万元": null,
        "信用减值损失_万元": -279.835596,
        "资产减值损失_万元": -2387.814191,
        "资产处置收益_万元": -1935.661836,
        "营业总支出_万元": 150773.92537,
        "营业利润_万元": -8991.723675,
        "营业外收入_万元": 316.917059,
        "营业外支出_万元": 626.854107,
        "利润总额_万元": -9301.660723,
        "所得税费用_万元": -238.680326,
        "净利润_万元": -9062.980397,
        "归母净利润_万元": -8656.262179,
        "少数股东损益_万元": -406.718218,
        "持续经营净利润_万元": -9062.980397,
        "终止经营净利润_万元": null,
        "其他综合收益_万元": -1.669642,
        "综合收益总额_万元": -9064.650039,
        "归母综合收益总额_万元": -8657.931821
    },
    "现金流量表": {
        "销售商品收到现金_万元": 169142.270713,
        "收到的税费返还_万元": 105.184396,
        "收到其他经营活动现金_万元": 3388.109133,
        "经营活动现金流入_万元": 172635.564242,
        "购买商品支付现金_万元": 34401.146321,
        "支付职工现金_万元": 38121.775061,
        "支付税费_万元": 12738.47818,
        "支付其他经营活动现金_万元": 66999.342146,
        "经营活动现金流出_万元": 152255.741708,
        "经营现金流净额_万元": 20379.822534,
        "经营现金流净额同比增长_百分比": 2.0,
        "收回投资现金_万元": null,
        "取得投资收益现金_万元": 3.687889,
        "处置资产收回现金_万元": 1.076,
        "收到其他投资活动现金_万元": null,
        "投资活动现金流入_万元": 4.763889,
        "投资支付现金_万元": null,
        "购建资产支付现金_万元": 2085.021257,
        "支付其他投资活动现金_万元": 216.452567,
        "投资活动现金流出_万元": 2301.473824,
        "投资现金流净额_万元": -2296.709935,
        "吸收投资现金_万元": null,
        "取得借款现金_万元": 42799.99995,
        "收到其他筹资活动现金_万元": null,
        "筹资活动现金流入_万元": 42799.99995,
        "偿还债务现金_万元": 50568.883383,
        "分配股利现金_万元": 2192.574293,
        "支付其他筹资活动现金_万元": 852.322328,
        "筹资活动现金流出_万元": 53613.780004,
        "融资现金流净额_万元": -10813.780054,
        "汇率变动影响_万元": -0.503351,
        "现金及等价物净增加额_万元": 7268.829194,
        "净现金流_元": null,
        "净现金流同比增长_百分比": null,
        "期初现金及等价物_万元": 51900.730987,
        "期末现金及等价物_万元": 59169.560181,
        "经营现金流占比_百分比": null,
        "投资现金流占比_百分比": null,
        "融资现金流占比_百分比": null
    }
}