{
    "报告信息": {
        "序号": null,
        "股票代码": "600557",
        "股票简称": "康缘药业",
        "报告年份": "2025",
        "报告期": "半年度",
        "总股本_股": 566158806,
        "流通股本_股": 566158806,
        "报告日期": null,
        "审计意见": "未经审计",
        "会计师事务所": null,
        "期": "HY"
    },
    "核心业绩指标": {
        "每股收益_元": 0.25,
        "稀释每股收益_元": 0.25,
        "营业总收入_万元": 164157.792856,
        "营业总收入_亿元": 1.64157792856,
        "营收同比增长_百分比": -27.29,
        "营收环比增长_百分比": null,
        "净利润_万元": 14870.837027,
        "净利润_亿元": 1.4870837027,
        "净利润同比增长_百分比": -40.12,
        "净利润环比增长_百分比": null,
        "归母净利润_万元": 14236.935366,
        "少数股东损益_万元": 633.901661,
        "每股净资产_元": 8.22,
        "净资产收益率_百分比": 3.1,
        "扣非净资产收益率_百分比": 2.62,
        "每股经营现金流_元": 0.25,
        "扣非净利润_万元": 11999.567379,
        "扣非净利润同比增长_百分比": -45.63,
        "销售毛利率_百分比": 70.86,
        "销售净利率_百分比": 9.06,
        "加权平均净资产收益率_百分比": 3.1,
        "扣非加权净资产收益率_百分比": 2.62,
        "总资产收益率_百分比": 2.18,
        "主营业务收入_万元": 164157.792856,
        "主营业务成本_万元": 47801.923839,
        "主营业务利润_万元": 18460.333834
    },
    "资产负债表": {
        "货币资金_万元": 206169.018253,
        "应收账款_万元": 50744.863084,
        "应收票据_万元": null,
        "应收款项融资_万元": 31677.224888,
        "预付款项_万元": 4787.60969,
        "其他应收款_万元": 378.523633,
        "存货_万元": 45300.937061,
        "合同资产_万元": null,
        "一年内到期的非流动资产_万元": null,
        "其他流动资产_万元": 3880.547762,
        "流动资产合计_万元": 344938.724371,
        "交易性金融资产_万元": 2000.0,
        "债权投资_万元": null,
        "其他债权投资_万元": null,
        "长期应收款_万元": null,
        "长期股权投资_万元": 413.693002,
        "其他权益工具投资_万元": null,
        "投资性房地产_万元": null,
        "固定资产_万元": 223579.761153,
        "在建工程_万元": 59669.878334,
        "生产性生物资产_万元": null,
        "油气资产_万元": null,
        "使用权资产_万元": 129.447894,
        "无形资产_万元": 20816.26237,
        "开发支出_万元": 18946.149993,
        "商誉_万元": 5898.885814,
        "长期待摊费用_万元": 1329.245026,
        "递延所得税资产_万元": 4977.047724,
        "其他非流动资产_万元": 1819.993613,
        "非流动资产合计_万元": 338399.930784,
        "总资产_万元": 683338.655155,
        "总资产同比增长_百分比": -1.06,
        "短期借款_万元": null,
        "交易性金融负债_万元": null,
        "应付票据_万元": 10917.787035,
        "应付账款_万元": 11958.431836,
        "预收款项_万元": null,
        "合同负债_万元": 2273.944722,
        "应付职工薪酬_万元": 1365.43681,
        "应交税费_万元": 5144.355675,
        "其他应付款_万元": 147094.886632,
        "一年内到期的非流动负债_万元": 24.620371,
        "其他流动负债_万元": 295.612814,
        "流动负债合计_万元": 179075.075895,
        "长期借款_万元": null,
        "应付债券_万元": null,
        "租赁负债_万元": 79.153072,
        "长期应付款_万元": 192.549,
        "预计负债_万元": null,
        "递延收益_万元": 18611.991017,
        "递延所得税负债_万元": null,
        "其他非流动负债_万元": null,
        "非流动负债合计_万元": 18883.693089,
        "总负债_万元": 197958.768984,
        "总负债同比增长_百分比": -10.24,
        "资产负债率_百分比": 29.07,
        "实收资本_万元": 56615.8806,
        "资本公积_万元": null,
        "盈余公积_万元": 0.0,
        "未分配利润_万元": 409078.636231,
        "其他综合收益_万元": null,
        "专项储备_万元": null,
        "归属于母公司所有者权益合计_万元": 465694.516831,
        "少数股东权益_万元": 19685.36934,
        "股东权益合计_万元": 485379.886171
    },
    "利润表": {
        "营业总收入_万元": 164157.792856,
        "营业收入_万元": 164157.792856,
        "营业总收入同比增长_百分比": -27.29,
        "营业成本_万元": 47801.923839,
        "税金及附加_万元": 2672.606063,
        "销售费用_万元": 57137.725205,
        "管理费用_万元": 16676.888059,
        "研发费用_万元": 24656.500487,
        "财务费用_万元": -78.053104,
        "其中利息费用_万元": 603.661718,
        "其中利息收入_万元": 740.433819,
        "其他收益_万元": 2807.909446,
        "投资收益_万元": 480.0451,
        "其中对联营企业投资收益_万元": 1.036245,
        "公允价值变动收益_万元": null,
        "信用减值损失_万元": -115.77498,
        "资产减值损失_万元": null,
        "资产处置收益_万元": -2.048039,
        "营业总支出_万元": null,
        "营业利润_万元": 18460.333834,
        "营业外收入_万元": 30.162674,
        "营业外支出_万元": 412.255737,
        "利润总额_万元": 18078.240771,
        "所得税费用_万元": 3207.403744,
        "净利润_万元": 14870.837027,
        "归母净利润_万元": 14236.935366,
        "少数股东损益_万元": 633.901661,
        "持续经营净利润_万元": 14870.837027,
        "终止经营净利润_万元": null,
        "其他综合收益_万元": null,
        "综合收益总额_万元": 14870.837027,
        "归母综合收益总额_万元": 14236.935366
    },
    "现金流量表": {
        "销售商品收到现金_万元": 172384.418166,
        "收到的税费返还_万元": null,
        "收到其他经营活动现金_万元": 11794.731071,
        "经营活动现金流入_万元": 184179.149237,
        "购买商品支付现金_万元": 28335.938135,
        "支付职工现金_万元": 38520.480172,
        "支付税费_万元": 15404.14031,
        "支付其他经营活动现金_万元": 87483.775835,
        "经营活动现金流出_万元": 169744.334452,
        "经营现金流净额_万元": 14434.814785,
        "经营现金流净额同比增长_百分比": -60.91,
        "收回投资现金_万元": 38801.444879,
        "取得投资收益现金_万元": 486.865323,
        "处置资产收回现金_万元": 17.9708,
        "收到其他投资活动现金_万元": null,
        "投资活动现金流入_万元": 39306.281002,
        "投资支付现金_万元": 41360.0,
        "购建资产支付现金_万元": 20672.804827,
        "支付其他投资活动现金_万元": null,
        "投资活动现金流出_万元": 62032.804827,
        "投资现金流净额_万元": -22726.524825,
        "吸收投资现金_万元": null,
        "取得借款现金_万元": null,
        "收到其他筹资活动现金_万元": 1865.5451,
        "筹资活动现金流入_万元": 1865.5451,
        "偿还债务现金_万元": null,
        "分配股利现金_万元": 21840.326947,
        "支付其他筹资活动现金_万元": 2317.22129,
        "筹资活动现金流出_万元": 2317.22129,
        "融资现金流净额_万元": -2317.22129,
        "汇率变动影响_万元": -0.200151,
        "现金及等价物净增加额_万元": -10609.130481,
        "净现金流_元": -106091304.81,
        "净现金流同比增长_百分比": null,
        "期初现金及等价物_万元": 216778.148734,
        "期末现金及等价物_万元": 206169.018253,
        "经营现金流占比_百分比": null,
        "投资现金流占比_百分比": null,
        "融资现金流占比_百分比": null
    }
}