{
    "报告信息": {
        "序号": null,
        "股票代码": "600566",
        "股票简称": "济川药业",
        "报告年份": "2025",
        "报告期": "第三季度",
        "总股本_股": 452172903,
        "流通股本_股": null,
        "报告日期": "2025年10月28日",
        "审计意见": "未经审计",
        "会计师事务所": null,
        "期": "Q3"
    },
    "核心业绩指标": {
        "每股收益_元": 0.33,
        "稀释每股收益_元": 0.33,
        "营业总收入_万元": 393205.724553,
        "营业总收入_亿元": 39.3205724553,
        "营收同比增长_百分比": -33.17,
        "营收环比增长_百分比": null,
        "净利润_万元": 102411.700186,
        "净利润_亿元": 10.2411700186,
        "净利润同比增长_百分比": -46.27,
        "净利润环比增长_百分比": null,
        "归母净利润_万元": 102246.342687,
        "少数股东损益_万元": 165.357499,
        "每股净资产_元": 30.56,
        "净资产收益率_百分比": 7.12,
        "扣非净资产收益率_百分比": null,
        "每股经营现金流_元": 1.55,
        "扣非净利润_万元": 85925.680958,
        "扣非净利润同比增长_百分比": -49.43,
        "销售毛利率_百分比": 76.27,
        "销售净利率_百分比": 26.02,
        "加权平均净资产收益率_百分比": 7.12,
        "扣非加权净资产收益率_百分比": null,
        "总资产收益率_百分比": 6.19,
        "主营业务收入_万元": 393205.724553,
        "主营业务成本_万元": 93260.981716,
        "主营业务利润_万元": 125512.835342
    },
    "资产负债表": {
        "货币资金_万元": 512989.83035,
        "应收账款_万元": 154963.118231,
        "应收票据_万元": 2378.500888,
        "应收款项融资_万元": 205.200089,
        "预付款项_万元": 5047.114723,
        "其他应收款_万元": 3150.409236,
        "存货_万元": 34474.272696,
        "合同资产_万元": null,
        "一年内到期的非流动资产_万元": null,
        "其他流动资产_万元": 947.923353,
        "流动资产合计_万元": 1294545.080722,
        "交易性金融资产_万元": 580388.711156,
        "债权投资_万元": null,
        "其他债权投资_万元": null,
        "长期应收款_万元": null,
        "长期股权投资_万元": null,
        "其他权益工具投资_万元": null,
        "投资性房地产_万元": 476.406968,
        "固定资产_万元": 237169.817787,
        "在建工程_万元": 13873.013013,
        "生产性生物资产_万元": null,
        "油气资产_万元": null,
        "使用权资产_万元": 203.977888,
        "无形资产_万元": 33797.816519,
        "开发支出_万元": 241.372232,
        "商誉_万元": 16730.383411,
        "长期待摊费用_万元": 336.301973,
        "递延所得税资产_万元": 3553.101085,
        "其他非流动资产_万元": 3687.12017,
        "非流动资产合计_万元": 358808.073459,
        "总资产_万元": 1653353.154181,
        "总资产同比增长_百分比": -10.43,
        "短期借款_万元": 55555.580499,
        "交易性金融负债_万元": null,
        "应付票据_万元": 15386.314787,
        "应付账款_万元": 92635.802043,
        "预收款项_万元": null,
        "合同负债_万元": 1767.826152,
        "应付职工薪酬_万元": 9959.049607,
        "应交税费_万元": 15204.30842,
        "其他应付款_万元": 39389.203691,
        "一年内到期的非流动负债_万元": 4014.643467,
        "其他流动负债_万元": 9254.54546,
        "流动负债合计_万元": 243167.274126,
        "长期借款_万元": 3717.596542,
        "应付债券_万元": null,
        "租赁负债_万元": 61.310853,
        "长期应付款_万元": 44.270179,
        "预计负债_万元": null,
        "递延收益_万元": 6078.265063,
        "递延所得税负债_万元": 14507.974654,
        "其他非流动负债_万元": null,
        "非流动负债合计_万元": 24409.417291,
        "总负债_万元": 267576.691417,
        "总负债同比增长_百分比": -28.3,
        "资产负债率_百分比": 16.17,
        "实收资本_万元": 45217.2903,
        "资本公积_万元": 399851.10552,
        "盈余公积_万元": 16182.532523,
        "未分配利润_万元": 928608.18395,
        "其他综合收益_万元": null,
        "专项储备_万元": null,
        "归属于母公司所有者权益合计_万元": 1382941.305571,
        "少数股东权益_万元": 2835.157193,
        "股东权益合计_万元": 1385764.662764
    },
    "利润表": {
        "营业总收入_万元": 393205.724553,
        "营业收入_万元": 393205.724553,
        "营业总收入同比增长_百分比": -32.27,
        "营业成本_万元": 93260.981716,
        "税金及附加_万元": 7532.77237,
        "销售费用_万元": 133859.097263,
        "管理费用_万元": 32384.903719,
        "研发费用_万元": 27185.392795,
        "财务费用_万元": -5461.279624,
        "其中利息费用_万元": 941.174146,
        "其中利息收入_万元": 6474.738659,
        "其他收益_万元": 1496.435152,
        "投资收益_万元": 15670.065411,
        "其中对联营企业投资收益_万元": null,
        "公允价值变动收益_万元": 1746.311607,
        "信用减值损失_万元": 2262.119037,
        "资产减值损失_万元": -114.085247,
        "资产处置收益_万元": 8.133068,
        "营业总支出_万元": 288761.868239,
        "营业利润_万元": 125512.835342,
        "营业外收入_万元": 1776.869495,
        "营业外支出_万元": 1249.083361,
        "利润总额_万元": 126040.621476,
        "所得税费用_万元": 23628.92129,
        "净利润_万元": 102411.700186,
        "归母净利润_万元": 102246.342687,
        "少数股东损益_万元": 165.357499,
        "持续经营净利润_万元": 102411.700186,
        "终止经营净利润_万元": null,
        "其他综合收益_万元": null,
        "综合收益总额_万元": 102411.700186,
        "归母综合收益总额_万元": 102246.342687
    },
    "现金流量表": {
        "销售商品收到现金_万元": 511336.326526,
        "收到的税费返还_万元": null,
        "收到其他经营活动现金_万元": 16522.354912,
        "经营活动现金流入_万元": 527858.681438,
        "购买商品支付现金_万元": 104232.691081,
        "支付职工现金_万元": 63520.824116,
        "支付税费_万元": 76596.000508,
        "支付其他经营活动现金_万元": 213158.028793,
        "经营活动现金流出_万元": 457507.544498,
        "经营现金流净额_万元": 70351.13694,
        "经营现金流净额同比增长_百分比": -59.56,
        "收回投资现金_万元": 430145.549724,
        "取得投资收益现金_万元": 15717.952562,
        "处置资产收回现金_万元": 12.945208,
        "收到其他投资活动现金_万元": null,
        "投资活动现金流入_万元": 445876.447494,
        "投资支付现金_万元": 494958.460005,
        "购建资产支付现金_万元": 7194.555218,
        "支付其他投资活动现金_万元": null,
        "投资活动现金流出_万元": 502153.015223,
        "投资现金流净额_万元": -56276.567729,
        "吸收投资现金_万元": 250.0,
        "取得借款现金_万元": 76115.819731,
        "收到其他筹资活动现金_万元": null,
        "筹资活动现金流入_万元": 76365.819731,
        "偿还债务现金_万元": 49501.959012,
        "分配股利现金_万元": 191733.455503,
        "支付其他筹资活动现金_万元": 3151.418448,
        "筹资活动现金流出_万元": 244386.832963,
        "融资现金流净额_万元": -168021.013232,
        "汇率变动影响_万元": null,
        "现金及等价物净增加额_万元": -153946.444021,
        "净现金流_元": -1539464440.21,
        "净现金流同比增长_百分比": 26.7,
        "期初现金及等价物_万元": 666936.274371,
        "期末现金及等价物_万元": 512989.83035,
        "经营现金流占比_百分比": null,
        "投资现金流占比_百分比": null,
        "融资现金流占比_百分比": null
    }
}