{
    "报告信息": {
        "序号": null,
        "股票代码": "600518",
        "股票简称": "康美药业",
        "报告年份": "2025",
        "报告期": "半年报",
        "总股本_股": 13863866690,
        "流通股本_股": null,
        "报告日期": "2025-08-28",
        "审计意见": "未经审计",
        "会计师事务所": null,
        "期": "HY"
    },
    "核心业绩指标": {
        "每股收益_元": 0.001,
        "稀释每股收益_元": 0.001,
        "营业总收入_万元": 257739.709725,
        "营业总收入_亿元": 25.7739709725,
        "营收同比增长_百分比": 4.17,
        "营收环比增长_百分比": null,
        "净利润_万元": 1831.565388,
        "净利润_亿元": 0.1831565388,
        "净利润同比增长_百分比": null,
        "净利润环比增长_百分比": null,
        "归母净利润_万元": 1690.138986,
        "少数股东损益_万元": 141.426402,
        "每股净资产_元": null,
        "净资产收益率_百分比": null,
        "扣非净资产收益率_百分比": null,
        "每股经营现金流_元": -0.0059,
        "扣非净利润_万元": -361.859524,
        "扣非净利润同比增长_百分比": null,
        "销售毛利率_百分比": null,
        "销售净利率_百分比": null,
        "加权平均净资产收益率_百分比": 0.24,
        "扣非加权净资产收益率_百分比": -0.05,
        "总资产收益率_百分比": null,
        "主营业务收入_万元": null,
        "主营业务成本_万元": null,
        "主营业务利润_万元": null
    },
    "资产负债表": {
        "货币资金_万元": 90262.597408,
        "应收账款_万元": 255690.09435,
        "应收票据_万元": 4315.531098,
        "应收款项融资_万元": 3222.098697,
        "预付款项_万元": 9654.465632,
        "其他应收款_万元": 65840.120751,
        "存货_万元": 244043.269478,
        "合同资产_万元": null,
        "一年内到期的非流动资产_万元": null,
        "其他流动资产_万元": 17060.173393,
        "流动资产合计_万元": 690096.355334,
        "交易性金融资产_万元": 8.004527,
        "债权投资_万元": null,
        "其他债权投资_万元": null,
        "长期应收款_万元": null,
        "长期股权投资_万元": null,
        "其他权益工具投资_万元": 108.168193,
        "投资性房地产_万元": 268703.66315,
        "固定资产_万元": 313652.211631,
        "在建工程_万元": 17186.595683,
        "生产性生物资产_万元": 37.103042,
        "油气资产_万元": null,
        "使用权资产_万元": 10212.021934,
        "无形资产_万元": 40099.433139,
        "开发支出_万元": null,
        "商誉_万元": 10635.055122,
        "长期待摊费用_万元": 5026.466408,
        "递延所得税资产_万元": 7023.452197,
        "其他非流动资产_万元": 1693.361228,
        "非流动资产合计_万元": 674377.531727,
        "总资产_万元": 1364473.887061,
        "总资产同比增长_百分比": -1.11,
        "短期借款_万元": 2009.578503,
        "交易性金融负债_万元": null,
        "应付票据_万元": 5317.654269,
        "应付账款_万元": 243212.48811,
        "预收款项_万元": 5302.346264,
        "合同负债_万元": 13611.420406,
        "应付职工薪酬_万元": 5696.194231,
        "应交税费_万元": 41168.936612,
        "其他应付款_万元": 128990.966419,
        "一年内到期的非流动负债_万元": 2729.723608,
        "其他流动负债_万元": 127308.238361,
        "流动负债合计_万元": 575347.546783,
        "长期借款_万元": null,
        "应付债券_万元": null,
        "租赁负债_万元": 8424.309509,
        "长期应付款_万元": null,
        "预计负债_万元": null,
        "递延收益_万元": 53841.460703,
        "递延所得税负债_万元": 2397.254988,
        "其他非流动负债_万元": null,
        "非流动负债合计_万元": 66428.376634,
        "总负债_万元": 641775.923417,
        "总负债同比增长_百分比": null,
        "资产负债率_百分比": null,
        "实收资本_万元": 1386386.669,
        "资本公积_万元": 1878289.050957,
        "盈余公积_万元": 152557.579827,
        "未分配利润_万元": -2587545.958562,
        "其他综合收益_万元": -29.465808,
        "专项储备_万元": 150.053635,
        "归属于母公司所有者权益合计_万元": 719056.529049,
        "少数股东权益_万元": 3641.434595,
        "股东权益合计_万元": 722697.963644
    },
    "利润表": {
        "营业总收入_万元": 257739.709725,
        "营业收入_万元": 257739.709725,
        "营业总收入同比增长_百分比": 4.17,
        "营业成本_万元": 209188.275744,
        "税金及附加_万元": 2295.861377,
        "销售费用_万元": 24196.644824,
        "管理费用_万元": 23717.508914,
        "研发费用_万元": 1791.240727,
        "财务费用_万元": 45.011996,
        "其中利息费用_万元": 312.886869,
        "其中利息收入_万元": 336.651432,
        "其他收益_万元": 2280.016459,
        "投资收益_万元": 23.187941,
        "其中对联营企业投资收益_万元": null,
        "公允价值变动收益_万元": -0.091926,
        "信用减值损失_万元": 4203.457777,
        "资产减值损失_万元": -79.86905,
        "资产处置收益_万元": 28.601592,
        "营业总支出_万元": null,
        "营业利润_万元": 2960.468936,
        "营业外收入_万元": 60.684151,
        "营业外支出_万元": 168.962099,
        "利润总额_万元": 2852.190988,
        "所得税费用_万元": 1020.6256,
        "净利润_万元": 1831.565388,
        "归母净利润_万元": 1690.138986,
        "少数股东损益_万元": 141.426402,
        "持续经营净利润_万元": 1831.565388,
        "终止经营净利润_万元": null,
        "其他综合收益_万元": -3.031991,
        "综合收益总额_万元": 1828.533397,
        "归母综合收益总额_万元": 1687.106995
    },
    "现金流量表": {
        "销售商品收到现金_万元": 242120.392009,
        "收到的税费返还_万元": 0.0291745,
        "收到其他经营活动现金_万元": 6702.198542,
        "经营活动现金流入_万元": 248822.590551,
        "购买商品支付现金_万元": 194783.581638,
        "支付职工现金_万元": 37258.069757,
        "支付税费_万元": 7196.436186,
        "支付其他经营活动现金_万元": 17796.187738,
        "经营活动现金流出_万元": 257034.275319,
        "经营现金流净额_万元": -8211.684768,
        "经营现金流净额同比增长_百分比": null,
        "收回投资现金_万元": null,
        "取得投资收益现金_万元": null,
        "处置资产收回现金_万元": 825.854338,
        "收到其他投资活动现金_万元": null,
        "投资活动现金流入_万元": 825.854338,
        "投资支付现金_万元": null,
        "购建资产支付现金_万元": 2554.369454,
        "支付其他投资活动现金_万元": null,
        "投资活动现金流出_万元": 2554.369454,
        "投资现金流净额_万元": -1728.515116,
        "吸收投资现金_万元": null,
        "取得借款现金_万元": null,
        "收到其他筹资活动现金_万元": 7293.380421,
        "筹资活动现金流入_万元": 7343.380421,
        "偿还债务现金_万元": null,
        "分配股利现金_万元": 4.58784,
        "支付其他筹资活动现金_万元": 1885.510787,
        "筹资活动现金流出_万元": 1890.098627,
        "融资现金流净额_万元": 5453.281794,
        "汇率变动影响_万元": 0.173258,
        "现金及等价物净增加额_万元": -4486.744832,
        "净现金流_元": null,
        "净现金流同比增长_百分比": null,
        "期初现金及等价物_万元": 84297.987177,
        "期末现金及等价物_万元": 79811.242345,
        "经营现金流占比_百分比": null,
        "投资现金流占比_百分比": null,
        "融资现金流占比_百分比": null
    }
}