{
    "报告信息": {
        "序号": null,
        "股票代码": "600594",
        "股票简称": "益佰制药",
        "报告年份": "2023",
        "报告期": "Q1",
        "总股本_股": 791927400,
        "流通股本_股": null,
        "报告日期": null,
        "审计意见": "未经审计",
        "会计师事务所": null
    },
    "核心业绩指标": {
        "每股收益_元": 0.056,
        "稀释每股收益_元": 0.056,
        "营业总收入_万元": 68379.792688,
        "营业总收入_亿元": 6.8379792688,
        "营收同比增长_百分比": -0.59,
        "营收环比增长_百分比": null,
        "净利润_万元": 4150.796553,
        "净利润_亿元": 0.4150796553,
        "净利润同比增长_百分比": -15.43,
        "净利润环比增长_百分比": null,
        "归母净利润_万元": 4399.994275,
        "少数股东损益_万元": -249.197722,
        "每股净资产_元": null,
        "净资产收益率_百分比": null,
        "扣非净资产收益率_百分比": null,
        "每股经营现金流_元": null,
        "扣非净利润_万元": 3181.116438,
        "扣非净利润同比增长_百分比": -33.17,
        "销售毛利率_百分比": null,
        "销售净利率_百分比": null,
        "加权平均净资产收益率_百分比": 1.435,
        "扣非加权净资产收益率_百分比": null,
        "总资产收益率_百分比": null,
        "主营业务收入_万元": 68379.792688,
        "主营业务成本_万元": 21875.753619,
        "主营业务利润_万元": null
    },
    "资产负债表": {
        "货币资金_万元": 68200.553466,
        "应收账款_万元": 26702.847022,
        "应收票据_万元": 32478.728822,
        "应收款项融资_万元": 14868.662175,
        "预付款项_万元": 1664.651523,
        "其他应收款_万元": 6423.635051,
        "存货_万元": 62345.804847,
        "合同资产_万元": null,
        "一年内到期的非流动资产_万元": null,
        "其他流动资产_万元": 2946.258821,
        "流动资产合计_万元": 215631.141727,
        "交易性金融资产_万元": null,
        "债权投资_万元": null,
        "其他债权投资_万元": null,
        "长期应收款_万元": null,
        "长期股权投资_万元": 3529.172654,
        "其他权益工具投资_万元": 204.936176,
        "投资性房地产_万元": null,
        "固定资产_万元": 160818.188037,
        "在建工程_万元": 15810.301215,
        "生产性生物资产_万元": 431.009005,
        "油气资产_万元": null,
        "使用权资产_万元": 4564.14752,
        "无形资产_万元": 35803.075099,
        "开发支出_万元": null,
        "商誉_万元": 16403.807015,
        "长期待摊费用_万元": 13898.564818,
        "递延所得税资产_万元": 23200.854234,
        "其他非流动资产_万元": 6750.154786,
        "非流动资产合计_万元": 281414.210559,
        "总资产_万元": 497045.352286,
        "总资产同比增长_百分比": 2.15,
        "短期借款_万元": 62471.62523,
        "交易性金融负债_万元": null,
        "应付票据_万元": null,
        "应付账款_万元": 15146.276442,
        "预收款项_万元": null,
        "合同负债_万元": 3143.936606,
        "应付职工薪酬_万元": 3684.913069,
        "应交税费_万元": 5486.176992,
        "其他应付款_万元": 13974.533995,
        "一年内到期的非流动负债_万元": 17041.518955,
        "其他流动负债_万元": 1140.009449,
        "流动负债合计_万元": 122088.990738,
        "长期借款_万元": 34803.833826,
        "应付债券_万元": null,
        "租赁负债_万元": 3616.046876,
        "长期应付款_万元": null,
        "预计负债_万元": 64.944484,
        "递延收益_万元": 9724.343915,
        "递延所得税负债_万元": 3562.244318,
        "其他非流动负债_万元": null,
        "非流动负债合计_万元": 51771.413419,
        "总负债_万元": 173860.404157,
        "总负债同比增长_百分比": null,
        "资产负债率_百分比": null,
        "实收资本_万元": 79192.74,
        "资本公积_万元": 73383.667692,
        "盈余公积_万元": 29807.12147,
        "未分配利润_万元": 126381.750895,
        "其他综合收益_万元": 98.887122,
        "专项储备_万元": null,
        "归属于母公司所有者权益合计_万元": 308864.167179,
        "少数股东权益_万元": 14320.78095,
        "股东权益合计_万元": 323184.948129
    },
    "利润表": {
        "营业总收入_万元": 68379.792688,
        "营业收入_万元": 68379.792688,
        "营业总收入同比增长_百分比": -0.59,
        "营业成本_万元": 21875.753619,
        "税金及附加_万元": 1220.335739,
        "销售费用_万元": 29651.092285,
        "管理费用_万元": 7189.374263,
        "研发费用_万元": 2246.195284,
        "财务费用_万元": 86.346952,
        "其中利息费用_万元": 48.166682,
        "其中利息收入_万元": 119.400078,
        "其他收益_万元": 602.982797,
        "投资收益_万元": -11.669604,
        "其中对联营企业投资收益_万元": -12.126229,
        "公允价值变动收益_万元": null,
        "信用减值损失_万元": 117.463734,
        "资产减值损失_万元": -1371.578043,
        "资产处置收益_万元": null,
        "营业总支出_万元": null,
        "营业利润_万元": 5447.89343,
        "营业外收入_万元": 1.718137,
        "营业外支出_万元": 177.480562,
        "利润总额_万元": 5272.131005,
        "所得税费用_万元": 1121.334452,
        "净利润_万元": 4150.796553,
        "归母净利润_万元": 4399.994275,
        "少数股东损益_万元": -249.197722,
        "持续经营净利润_万元": 4150.796553,
        "终止经营净利润_万元": null,
        "其他综合收益_万元": -14.561876,
        "综合收益总额_万元": 4136.234677,
        "归母综合收益总额_万元": 4385.432399
    },
    "现金流量表": {
        "销售商品收到现金_万元": 66416.317097,
        "收到的税费返还_万元": 11.498288,
        "收到其他经营活动现金_万元": 2929.260082,
        "经营活动现金流入_万元": 69357.075467,
        "购买商品支付现金_万元": 11770.459064,
        "支付职工现金_万元": 17205.91506,
        "支付税费_万元": 8320.41419,
        "支付其他经营活动现金_万元": 26180.820684,
        "经营活动现金流出_万元": 63477.608998,
        "经营现金流净额_万元": 5879.466469,
        "经营现金流净额同比增长_百分比": 11.74,
        "收回投资现金_万元": null,
        "取得投资收益现金_万元": 0.456625,
        "处置资产收回现金_万元": 0.2,
        "收到其他投资活动现金_万元": null,
        "投资活动现金流入_万元": 0.656625,
        "投资支付现金_万元": 2000.0,
        "购建资产支付现金_万元": 3210.055378,
        "支付其他投资活动现金_万元": null,
        "投资活动现金流出_万元": 3210.055378,
        "投资现金流净额_万元": -3209.398753,
        "吸收投资现金_万元": null,
        "取得借款现金_万元": 16800.0,
        "收到其他筹资活动现金_万元": null,
        "筹资活动现金流入_万元": 16800.0,
        "偿还债务现金_万元": 8576.015717,
        "分配股利现金_万元": 1193.122181,
        "支付其他筹资活动现金_万元": 235.91538,
        "筹资活动现金流出_万元": 10005.053278,
        "融资现金流净额_万元": 6794.946722,
        "汇率变动影响_万元": null,
        "现金及等价物净增加额_万元": 9465.014438,
        "净现金流_元": null,
        "净现金流同比增长_百分比": null,
        "期初现金及等价物_万元": 58535.539028,
        "期末现金及等价物_万元": 68000.553466,
        "经营现金流占比_百分比": null,
        "投资现金流占比_百分比": null,
        "融资现金流占比_百分比": null
    }
}