{
    "报告信息": {
        "序号": null,
        "股票代码": "600572",
        "股票简称": "康恩贝",
        "报告年份": "2025",
        "报告期": "HY",
        "总股本_股": 2584904446,
        "流通股本_股": 2578162593,
        "报告日期": "2025-08-26",
        "审计意见": "未经审计",
        "会计师事务所": null
    },
    "核心业绩指标": {
        "每股收益_元": 0.137,
        "稀释每股收益_元": 0.137,
        "营业总收入_万元": 335834.672405,
        "营业总收入_亿元": 33.5834672405,
        "营收同比增长_百分比": -2.61,
        "营收环比增长_百分比": null,
        "净利润_万元": null,
        "净利润_亿元": null,
        "净利润同比增长_百分比": null,
        "净利润环比增长_百分比": null,
        "归母净利润_万元": 35360.780868,
        "少数股东损益_万元": 794.680336,
        "每股净资产_元": null,
        "净资产收益率_百分比": 5.05,
        "扣非净资产收益率_百分比": 4.25,
        "每股经营现金流_元": null,
        "扣非净利润_万元": 29653.070547,
        "扣非净利润同比增长_百分比": -11.86,
        "销售毛利率_百分比": null,
        "销售净利率_百分比": null,
        "加权平均净资产收益率_百分比": 5.05,
        "扣非加权净资产收益率_百分比": 4.25,
        "总资产收益率_百分比": null,
        "主营业务收入_万元": 331477.15,
        "主营业务成本_万元": 151930.26,
        "主营业务利润_万元": null
    },
    "资产负债表": {
        "货币资金_万元": 87285.100023,
        "应收账款_万元": 135064.918118,
        "应收票据_万元": null,
        "应收款项融资_万元": 44213.056731,
        "预付款项_万元": 6543.825147,
        "其他应收款_万元": 8720.395314,
        "存货_万元": 115418.528185,
        "合同资产_万元": null,
        "一年内到期的非流动资产_万元": null,
        "其他流动资产_万元": 43110.248265,
        "流动资产合计_万元": 440356.071783,
        "交易性金融资产_万元": null,
        "债权投资_万元": null,
        "其他债权投资_万元": null,
        "长期应收款_万元": null,
        "长期股权投资_万元": 158961.333481,
        "其他权益工具投资_万元": 9255.207191,
        "投资性房地产_万元": 297.127953,
        "固定资产_万元": 283868.403186,
        "在建工程_万元": 10785.71532,
        "生产性生物资产_万元": null,
        "油气资产_万元": null,
        "使用权资产_万元": 288.912891,
        "无形资产_万元": 38258.267404,
        "开发支出_万元": null,
        "商誉_万元": 18472.290105,
        "长期待摊费用_万元": 2294.087266,
        "递延所得税资产_万元": 3072.70908,
        "其他非流动资产_万元": 2806.680084,
        "非流动资产合计_万元": 541117.392712,
        "总资产_万元": 981473.464495,
        "总资产同比增长_百分比": -0.88,
        "短期借款_万元": 13005.274999,
        "交易性金融负债_万元": null,
        "应付票据_万元": 27132.820409,
        "应付账款_万元": 73919.076008,
        "预收款项_万元": null,
        "合同负债_万元": 3515.430828,
        "应付职工薪酬_万元": 16693.985937,
        "应交税费_万元": 10211.533931,
        "其他应付款_万元": 92302.101771,
        "一年内到期的非流动负债_万元": 9929.424257,
        "其他流动负债_万元": 366.235596,
        "流动负债合计_万元": 247075.883736,
        "长期借款_万元": 7158.650038,
        "应付债券_万元": null,
        "租赁负债_万元": 135.979572,
        "长期应付款_万元": 96.07881,
        "预计负债_万元": null,
        "递延收益_万元": 11864.848098,
        "递延所得税负债_万元": 23592.179706,
        "其他非流动负债_万元": null,
        "非流动负债合计_万元": 42847.736224,
        "总负债_万元": 289923.61996,
        "总负债同比增长_百分比": null,
        "资产负债率_百分比": null,
        "实收资本_万元": 258490.4446,
        "资本公积_万元": 30313.739378,
        "盈余公积_万元": 65633.718774,
        "未分配利润_万元": 357026.55428,
        "其他综合收益_万元": -7.605749,
        "专项储备_万元": 0.0,
        "归属于母公司所有者权益合计_万元": 681458.137946,
        "少数股东权益_万元": 10091.706589,
        "股东权益合计_万元": 691549.844535
    },
    "利润表": {
        "营业总收入_万元": 335834.672405,
        "营业收入_万元": 335834.672405,
        "营业总收入同比增长_百分比": -2.61,
        "营业成本_万元": 155397.916664,
        "税金及附加_万元": 4468.524936,
        "销售费用_万元": 106152.668421,
        "管理费用_万元": 25581.832715,
        "研发费用_万元": 11980.876664,
        "财务费用_万元": -511.187053,
        "其中利息费用_万元": 407.739169,
        "其中利息收入_万元": 819.345975,
        "其他收益_万元": 3502.940079,
        "投资收益_万元": 4088.224441,
        "其中对联营企业投资收益_万元": 4060.655037,
        "公允价值变动收益_万元": 3496.330236,
        "信用减值损失_万元": -273.154399,
        "资产减值损失_万元": -975.56548,
        "资产处置收益_万元": 633.609791,
        "营业总支出_万元": null,
        "营业利润_万元": 43236.424726,
        "营业外收入_万元": 16.844499,
        "营业外支出_万元": 402.488025,
        "利润总额_万元": 42850.7812,
        "所得税费用_万元": 6683.370996,
        "净利润_万元": 36167.410204,
        "归母净利润_万元": 35360.780868,
        "少数股东损益_万元": 794.680336,
        "持续经营净利润_万元": null,
        "终止经营净利润_万元": null,
        "其他综合收益_万元": 3.591806,
        "综合收益总额_万元": 36159.05301,
        "归母综合收益总额_万元": 35364.372674
    },
    "现金流量表": {
        "销售商品收到现金_万元": 327367.150691,
        "收到的税费返还_万元": 1550.768309,
        "收到其他经营活动现金_万元": 21669.178679,
        "经营活动现金流入_万元": 350587.097679,
        "购买商品支付现金_万元": 107015.531524,
        "支付职工现金_万元": 66858.062721,
        "支付税费_万元": 33590.28183,
        "支付其他经营活动现金_万元": 103096.502178,
        "经营活动现金流出_万元": 310560.378253,
        "经营现金流净额_万元": 40026.719426,
        "经营现金流净额同比增长_百分比": 31.14,
        "收回投资现金_万元": 2107.81255,
        "取得投资收益现金_万元": 2993.871763,
        "处置资产收回现金_万元": 1932.405219,
        "收到其他投资活动现金_万元": null,
        "投资活动现金流入_万元": 7034.089532,
        "投资支付现金_万元": 40501.367353,
        "购建资产支付现金_万元": 5718.285761,
        "支付其他投资活动现金_万元": null,
        "投资活动现金流出_万元": 46219.653114,
        "投资现金流净额_万元": -39185.563582,
        "吸收投资现金_万元": 738.173046,
        "取得借款现金_万元": 12077.966219,
        "收到其他筹资活动现金_万元": null,
        "筹资活动现金流入_万元": 12816.139265,
        "偿还债务现金_万元": 24048.079404,
        "分配股利现金_万元": 38144.558286,
        "支付其他筹资活动现金_万元": 3347.27907,
        "筹资活动现金流出_万元": 65539.91676,
        "融资现金流净额_万元": -52723.777495,
        "汇率变动影响_万元": 236.51708,
        "现金及等价物净增加额_万元": -51646.104571,
        "净现金流_元": null,
        "净现金流同比增长_百分比": null,
        "期初现金及等价物_万元": 121727.947778,
        "期末现金及等价物_万元": 70081.843207,
        "经营现金流占比_百分比": null,
        "投资现金流占比_百分比": null,
        "融资现金流占比_百分比": null
    }
}