{
    "报告信息": {
        "序号": null,
        "股票代码": "600572",
        "股票简称": "康恩贝",
        "报告年份": "2024",
        "报告期": "Q1",
        "总股本_股": 2570037319,
        "流通股本_股": null,
        "报告日期": "2024-04-27",
        "审计意见": "未经审计",
        "会计师事务所": null
    },
    "核心业绩指标": {
        "每股收益_元": 0.084,
        "稀释每股收益_元": 0.084,
        "营业总收入_万元": 182424.515397,
        "营业总收入_亿元": 18.2424515397,
        "营收同比增长_百分比": -14.38,
        "营收环比增长_百分比": null,
        "净利润_万元": 22996.470774,
        "净利润_亿元": 2.2996470774,
        "净利润同比增长_百分比": null,
        "净利润环比增长_百分比": null,
        "归母净利润_万元": 21606.298371,
        "少数股东损益_万元": 1390.172403,
        "每股净资产_元": null,
        "净资产收益率_百分比": null,
        "扣非净资产收益率_百分比": null,
        "每股经营现金流_元": null,
        "扣非净利润_万元": 20146.929871,
        "扣非净利润同比增长_百分比": -23.57,
        "销售毛利率_百分比": null,
        "销售净利率_百分比": null,
        "加权平均净资产收益率_百分比": 3.04,
        "扣非加权净资产收益率_百分比": null,
        "总资产收益率_百分比": null,
        "主营业务收入_万元": null,
        "主营业务成本_万元": null,
        "主营业务利润_万元": null
    },
    "资产负债表": {
        "货币资金_万元": 236697.568487,
        "应收账款_万元": 147545.202838,
        "应收票据_万元": null,
        "应收款项融资_万元": 59344.855022,
        "预付款项_万元": 9550.433863,
        "其他应收款_万元": 6810.675014,
        "存货_万元": 127304.293917,
        "合同资产_万元": null,
        "一年内到期的非流动资产_万元": null,
        "其他流动资产_万元": 3296.180807,
        "流动资产合计_万元": 590549.209948,
        "交易性金融资产_万元": null,
        "债权投资_万元": null,
        "其他债权投资_万元": null,
        "长期应收款_万元": null,
        "长期股权投资_万元": 153840.550183,
        "其他权益工具投资_万元": 11363.019741,
        "投资性房地产_万元": 348.601068,
        "固定资产_万元": 274529.437598,
        "在建工程_万元": 28494.581464,
        "生产性生物资产_万元": null,
        "油气资产_万元": null,
        "使用权资产_万元": 455.999192,
        "无形资产_万元": 35057.918835,
        "开发支出_万元": 1438.48302,
        "商誉_万元": 18472.290105,
        "长期待摊费用_万元": 3146.123968,
        "递延所得税资产_万元": 5309.920916,
        "其他非流动资产_万元": 1536.004535,
        "非流动资产合计_万元": 540490.695495,
        "总资产_万元": 1131039.905443,
        "总资产同比增长_百分比": 0.64,
        "短期借款_万元": 57325.763888,
        "交易性金融负债_万元": null,
        "应付票据_万元": 21804.164833,
        "应付账款_万元": 66965.126686,
        "预收款项_万元": null,
        "合同负债_万元": 2776.347465,
        "应付职工薪酬_万元": 11575.537167,
        "应交税费_万元": 11236.645375,
        "其他应付款_万元": 123294.868978,
        "一年内到期的非流动负债_万元": 7814.813364,
        "其他流动负债_万元": 231.608896,
        "流动负债合计_万元": 303024.876653,
        "长期借款_万元": 40546.894168,
        "应付债券_万元": null,
        "租赁负债_万元": 72.705827,
        "长期应付款_万元": 94.253415,
        "预计负债_万元": null,
        "递延收益_万元": 13435.717509,
        "递延所得税负债_万元": 27164.221339,
        "其他非流动负债_万元": null,
        "非流动负债合计_万元": 81313.792258,
        "总负债_万元": 384338.668912,
        "总负债同比增长_百分比": null,
        "资产负债率_百分比": null,
        "实收资本_万元": 257003.7319,
        "资本公积_万元": 21752.412649,
        "盈余公积_万元": 62034.871291,
        "未分配利润_万元": 385642.205103,
        "其他综合收益_万元": -24.847037,
        "专项储备_万元": null,
        "归属于母公司所有者权益合计_万元": 714453.16588,
        "少数股东权益_万元": 32248.070651,
        "股东权益合计_万元": 746701.236531
    },
    "利润表": {
        "营业总收入_万元": 182424.515397,
        "营业收入_万元": 182424.515397,
        "营业总收入同比增长_百分比": -14.38,
        "营业成本_万元": 78425.346174,
        "税金及附加_万元": 2451.939807,
        "销售费用_万元": 59072.751501,
        "管理费用_万元": 12549.114372,
        "研发费用_万元": 5937.992051,
        "财务费用_万元": -899.697086,
        "其中利息费用_万元": 818.612384,
        "其中利息收入_万元": 1594.470589,
        "其他收益_万元": 1579.813696,
        "投资收益_万元": 1711.314765,
        "其中对联营企业投资收益_万元": 1666.403049,
        "公允价值变动收益_万元": 264.276573,
        "信用减值损失_万元": -639.832196,
        "资产减值损失_万元": -1243.817153,
        "资产处置收益_万元": 468.024972,
        "营业总支出_万元": null,
        "营业利润_万元": 27026.849235,
        "营业外收入_万元": 32.353628,
        "营业外支出_万元": 119.946052,
        "利润总额_万元": 26939.256811,
        "所得税费用_万元": 3942.786037,
        "净利润_万元": 22996.470774,
        "归母净利润_万元": 21606.298371,
        "少数股东损益_万元": 1390.172403,
        "持续经营净利润_万元": 22996.470774,
        "终止经营净利润_万元": null,
        "其他综合收益_万元": -24.29536,
        "综合收益总额_万元": 22972.175414,
        "归母综合收益总额_万元": 21582.003011
    },
    "现金流量表": {
        "销售商品收到现金_万元": 145325.283054,
        "收到的税费返还_万元": 1023.927405,
        "收到其他经营活动现金_万元": 10971.248807,
        "经营活动现金流入_万元": 157320.459266,
        "购买商品支付现金_万元": 39305.975427,
        "支付职工现金_万元": 37897.755243,
        "支付税费_万元": 16471.207918,
        "支付其他经营活动现金_万元": 47515.366403,
        "经营活动现金流出_万元": 141190.304992,
        "经营现金流净额_万元": 16130.154274,
        "经营现金流净额同比增长_百分比": 94.58,
        "收回投资现金_万元": 2595.6,
        "取得投资收益现金_万元": null,
        "处置资产收回现金_万元": 602.771614,
        "收到其他投资活动现金_万元": null,
        "投资活动现金流入_万元": 3198.371614,
        "投资支付现金_万元": null,
        "购建资产支付现金_万元": 6438.440389,
        "支付其他投资活动现金_万元": null,
        "投资活动现金流出_万元": 6438.440389,
        "投资现金流净额_万元": -3240.068775,
        "吸收投资现金_万元": null,
        "取得借款现金_万元": 39875.77778,
        "收到其他筹资活动现金_万元": null,
        "筹资活动现金流入_万元": 39875.77778,
        "偿还债务现金_万元": 56373.287982,
        "分配股利现金_万元": 857.39221,
        "支付其他筹资活动现金_万元": 11955.208026,
        "筹资活动现金流出_万元": 69185.888218,
        "融资现金流净额_万元": -29310.110438,
        "汇率变动影响_万元": 2.860387,
        "现金及等价物净增加额_万元": -16417.164552,
        "净现金流_元": null,
        "净现金流同比增长_百分比": null,
        "期初现金及等价物_万元": 232603.020679,
        "期末现金及等价物_万元": 216185.856127,
        "经营现金流占比_百分比": null,
        "投资现金流占比_百分比": null,
        "融资现金流占比_百分比": null
    }
}