{
    "报告信息": {
        "序号": null,
        "股票代码": "600535",
        "股票简称": "天士力",
        "报告年份": "2023",
        "报告期": "年度报告",
        "总股本_股": 1499700130,
        "流通股本_股": null,
        "报告日期": null,
        "审计意见": "标准的无保留意见",
        "会计师事务所": "天健会计师事务所（特殊普通合伙）",
        "期": "FY"
    },
    "核心业绩指标": {
        "每股收益_元": -0.17,
        "稀释每股收益_元": -0.17,
        "营业总收入_万元": 859319.977915,
        "营业总收入_亿元": 85.9319977915,
        "营收同比增长_百分比": 8.06,
        "营收环比增长_百分比": null,
        "净利润_万元": -340764.3094,
        "净利润_亿元": -34.07643094,
        "净利润同比增长_百分比": null,
        "净利润环比增长_百分比": null,
        "归母净利润_万元": -25651.404991,
        "少数股东损益_万元": -8425.025949,
        "每股净资产_元": null,
        "净资产收益率_百分比": null,
        "扣非净资产收益率_百分比": null,
        "每股经营现金流_元": null,
        "扣非净利润_万元": 72179.476758,
        "扣非净利润同比增长_百分比": 18.57,
        "销售毛利率_百分比": null,
        "销售净利率_百分比": null,
        "加权平均净资产收益率_百分比": -2.04,
        "扣非加权净资产收益率_百分比": 5.73,
        "总资产收益率_百分比": null,
        "主营业务收入_万元": 856238.57669,
        "主营业务成本_万元": 307637.663717,
        "主营业务利润_万元": null
    },
    "资产负债表": {
        "货币资金_万元": 310984.747673,
        "应收账款_万元": 89149.873831,
        "应收票据_万元": null,
        "应收款项融资_万元": 245153.235624,
        "预付款项_万元": 7769.859927,
        "其他应收款_万元": 809.521002,
        "存货_万元": 151587.150153,
        "合同资产_万元": null,
        "一年内到期的非流动资产_万元": null,
        "其他流动资产_万元": 4895.578303,
        "流动资产合计_万元": 922846.224414,
        "交易性金融资产_万元": 112496.257901,
        "债权投资_万元": null,
        "其他债权投资_万元": null,
        "长期应收款_万元": null,
        "长期股权投资_万元": 102602.622277,
        "其他权益工具投资_万元": null,
        "投资性房地产_万元": null,
        "固定资产_万元": 354927.872276,
        "在建工程_万元": 10296.337283,
        "生产性生物资产_万元": null,
        "油气资产_万元": null,
        "使用权资产_万元": 22011.046492,
        "无形资产_万元": 45648.020117,
        "开发支出_万元": 112797.801093,
        "商誉_万元": 1588.037797,
        "长期待摊费用_万元": 2871.721292,
        "递延所得税资产_万元": 8736.420954,
        "其他非流动资产_万元": 10190.413832,
        "非流动资产合计_万元": 720180.33615,
        "总资产_万元": 1643026.560564,
        "总资产同比增长_百分比": -0.67,
        "短期借款_万元": 18447.759469,
        "交易性金融负债_万元": 4000.0,
        "应付票据_万元": 29351.902997,
        "应付账款_万元": 57536.103693,
        "预收款项_万元": 6407.431621,
        "合同负债_万元": 9056.802618,
        "应付职工薪酬_万元": 14028.244968,
        "应交税费_万元": 19056.338776,
        "其他应付款_万元": 3485.23434,
        "一年内到期的非流动负债_万元": 52955.348784,
        "其他流动负债_万元": 534.408087,
        "流动负债合计_万元": 210859.575353,
        "长期借款_万元": 137621.435781,
        "应付债券_万元": null,
        "租赁负债_万元": 7505.898635,
        "长期应付款_万元": null,
        "预计负债_万元": null,
        "递延收益_万元": 17779.056311,
        "递延所得税负债_万元": 2283.677574,
        "其他非流动负债_万元": null,
        "非流动负债合计_万元": 165190.068301,
        "总负债_万元": 376049.643654,
        "总负债同比增长_百分比": null,
        "资产负债率_百分比": null,
        "实收资本_万元": 149970.013,
        "资本公积_万元": 132710.39754,
        "盈余公积_万元": 152503.993638,
        "未分配利润_万元": 794719.077038,
        "其他综合收益_万元": 21186.267872,
        "专项储备_万元": null,
        "归属于母公司所有者权益合计_万元": 1240491.614526,
        "少数股东权益_万元": 26485.302384,
        "股东权益合计_万元": 126976.91691
    },
    "利润表": {
        "营业总收入_万元": 859319.977915,
        "营业收入_万元": 859319.977915,
        "营业总收入同比增长_百分比": 8.06,
        "营业成本_万元": 308966.036162,
        "税金及附加_万元": 13360.111502,
        "销售费用_万元": 287954.723106,
        "管理费用_万元": 36773.777896,
        "研发费用_万元": 84423.004293,
        "财务费用_万元": 3026.237704,
        "其中利息费用_万元": 6562.457617,
        "其中利息收入_万元": 4063.293831,
        "其他收益_万元": 9518.775379,
        "投资收益_万元": -2155.105406,
        "其中对联营企业投资收益_万元": -1330.370553,
        "公允价值变动收益_万元": -110388.537808,
        "信用减值损失_万元": 6.418402,
        "资产减值损失_万元": -37234.941337,
        "资产处置收益_万元": 141.427257,
        "营业总支出_万元": null,
        "营业利润_万元": -15295.876261,
        "营业外收入_万元": 245.836424,
        "营业外支出_万元": 996.067497,
        "利润总额_万元": -16046.107334,
        "所得税费用_万元": 18030.323606,
        "净利润_万元": -34076.43094,
        "归母净利润_万元": -25651.404991,
        "少数股东损益_万元": -8425.025949,
        "持续经营净利润_万元": -34076.43094,
        "终止经营净利润_万元": null,
        "其他综合收益_万元": 24839.091222,
        "综合收益总额_万元": -9237.339718,
        "归母综合收益总额_万元": -1246.119305
    },
    "现金流量表": {
        "销售商品收到现金_万元": 959440.322756,
        "收到的税费返还_万元": 3041.550416,
        "收到其他经营活动现金_万元": 30393.686144,
        "经营活动现金流入_万元": 992875.559316,
        "购买商品支付现金_万元": 197986.771067,
        "支付职工现金_万元": 190272.872203,
        "支付税费_万元": 113542.804207,
        "支付其他经营活动现金_万元": 262559.630634,
        "经营活动现金流出_万元": 764362.078111,
        "经营现金流净额_万元": 228513.481205,
        "经营现金流净额同比增长_百分比": -18.42,
        "收回投资现金_万元": 295071.773584,
        "取得投资收益现金_万元": 6174.678383,
        "处置资产收回现金_万元": 122.997266,
        "收到其他投资活动现金_万元": 21.4396217,
        "投资活动现金流入_万元": 301583.84545,
        "投资支付现金_万元": 387062.276668,
        "购建资产支付现金_万元": 40344.689926,
        "支付其他投资活动现金_万元": 700.0,
        "投资活动现金流出_万元": 428106.966594,
        "投资现金流净额_万元": -126523.121144,
        "吸收投资现金_万元": 2000.0,
        "取得借款现金_万元": 271112.384815,
        "收到其他筹资活动现金_万元": 10279.0,
        "筹资活动现金流入_万元": 283391.384815,
        "偿还债务现金_万元": 223083.369818,
        "分配股利现金_万元": 55396.582404,
        "支付其他筹资活动现金_万元": 28524.904636,
        "筹资活动现金流出_万元": 307004.856858,
        "融资现金流净额_万元": -23613.472043,
        "汇率变动影响_万元": 3010.681916,
        "现金及等价物净增加额_万元": 81387.569934,
        "净现金流_元": null,
        "净现金流同比增长_百分比": null,
        "期初现金及等价物_万元": 210449.080513,
        "期末现金及等价物_万元": 291836.666447,
        "经营现金流占比_百分比": null,
        "投资现金流占比_百分比": null,
        "融资现金流占比_百分比": null
    }
}