{
    "报告信息": {
        "序号": null,
        "股票代码": "600566",
        "股票简称": "济川药业",
        "报告年份": "2024",
        "报告期": "第一季度",
        "总股本_股": 452735749,
        "流通股本_股": null,
        "报告日期": "2024-03-31",
        "审计意见": "未经审计",
        "会计师事务所": null,
        "期": "Q1"
    },
    "核心业绩指标": {
        "每股收益_元": 0.923,
        "稀释每股收益_元": 0.922,
        "营业总收入_万元": 240254.595432,
        "营业总收入_亿元": 2.40254595432,
        "营收同比增长_百分比": 0.6,
        "营收环比增长_百分比": null,
        "净利润_万元": 84678.730411,
        "净利润_亿元": 0.84678730411,
        "净利润同比增长_百分比": 24.9,
        "净利润环比增长_百分比": null,
        "归母净利润_万元": 84526.646166,
        "少数股东损益_万元": 152.084245,
        "每股净资产_元": 31.36,
        "净资产收益率_百分比": 6.14,
        "扣非净资产收益率_百分比": null,
        "每股经营现金流_元": 2.96,
        "扣非净利润_万元": 72625.702396,
        "扣非净利润同比增长_百分比": 19.83,
        "销售毛利率_百分比": 81.09,
        "销售净利率_百分比": 35.29,
        "加权平均净资产收益率_百分比": 6.14,
        "扣非加权净资产收益率_百分比": null,
        "总资产收益率_百分比": 4.37,
        "主营业务收入_万元": 240254.595432,
        "主营业务成本_万元": 45369.865345,
        "主营业务利润_万元": 194884.730087
    },
    "资产负债表": {
        "货币资金_万元": 1139207.967938,
        "应收账款_万元": 195637.830282,
        "应收票据_万元": 5874.722157,
        "应收款项融资_万元": 1286.788818,
        "预付款项_万元": 4806.896231,
        "其他应收款_万元": 1063.103723,
        "存货_万元": 57119.500227,
        "合同资产_万元": null,
        "一年内到期的非流动资产_万元": null,
        "其他流动资产_万元": 447.023125,
        "流动资产合计_万元": 1549714.427493,
        "交易性金融资产_万元": 144270.594992,
        "债权投资_万元": null,
        "其他债权投资_万元": null,
        "长期应收款_万元": null,
        "长期股权投资_万元": null,
        "其他权益工具投资_万元": null,
        "投资性房地产_万元": 573.387988,
        "固定资产_万元": 266947.382018,
        "在建工程_万元": 21077.674962,
        "生产性生物资产_万元": null,
        "油气资产_万元": null,
        "使用权资产_万元": 306.290017,
        "无形资产_万元": 30001.679076,
        "开发支出_万元": 1069.132908,
        "商誉_万元": 16730.383411,
        "长期待摊费用_万元": 15.627806,
        "递延所得税资产_万元": 3420.96665,
        "其他非流动资产_万元": 5706.791677,
        "非流动资产合计_万元": 386426.109323,
        "总资产_万元": 1936140.536816,
        "总资产同比增长_百分比": 6.71,
        "短期借款_万元": 163615.572412,
        "交易性金融负债_万元": null,
        "应付票据_万元": 43912.187492,
        "应付账款_万元": 166322.984223,
        "预收款项_万元": null,
        "合同负债_万元": 1792.114486,
        "应付职工薪酬_万元": 7860.009514,
        "应交税费_万元": 20170.393256,
        "其他应付款_万元": 86674.729047,
        "一年内到期的非流动负债_万元": 106.871625,
        "其他流动负债_万元": 5720.254305,
        "流动负债合计_万元": 496175.11636,
        "长期借款_万元": null,
        "应付债券_万元": null,
        "租赁负债_万元": 113.281411,
        "长期应付款_万元": 80.785051,
        "预计负债_万元": null,
        "递延收益_万元": 6994.041519,
        "递延所得税负债_万元": 11236.388616,
        "其他非流动负债_万元": null,
        "非流动负债合计_万元": 18424.496597,
        "总负债_万元": 514599.612957,
        "总负债同比增长_百分比": 7.79,
        "资产负债率_百分比": 26.58,
        "实收资本_万元": 45273.5749,
        "资本公积_万元": 400583.355892,
        "盈余公积_万元": 16182.532523,
        "未分配利润_万元": 969304.246462,
        "其他综合收益_万元": null,
        "专项储备_万元": null,
        "归属于母公司所有者权益合计_万元": 1419446.707789,
        "少数股东权益_万元": 2094.21607,
        "股东权益合计_万元": 1421540.923859
    },
    "利润表": {
        "营业总收入_万元": 240254.595432,
        "营业收入_万元": 240254.595432,
        "营业总收入同比增长_百分比": 0.6,
        "营业成本_万元": 45369.865345,
        "税金及附加_万元": 3874.009681,
        "销售费用_万元": 98964.538693,
        "管理费用_万元": 9173.671904,
        "研发费用_万元": 11422.18359,
        "财务费用_万元": -9376.637459,
        "其中利息费用_万元": 755.051845,
        "其中利息收入_万元": 10159.644451,
        "其他收益_万元": 520.234101,
        "投资收益_万元": 1474.480402,
        "其中对联营企业投资收益_万元": null,
        "公允价值变动收益_万元": 1623.206788,
        "信用减值损失_万元": 4148.226378,
        "资产减值损失_万元": null,
        "资产处置收益_万元": -0.594401,
        "营业总支出_万元": 159427.631754,
        "营业利润_万元": 88592.516946,
        "营业外收入_万元": 10396.558327,
        "营业外支出_万元": 10.058851,
        "利润总额_万元": 98979.016422,
        "所得税费用_万元": 14300.286011,
        "净利润_万元": 84678.730411,
        "归母净利润_万元": 84526.646166,
        "少数股东损益_万元": 152.084245,
        "持续经营净利润_万元": 84678.730411,
        "终止经营净利润_万元": null,
        "其他综合收益_万元": null,
        "综合收益总额_万元": 84678.730411,
        "归母综合收益总额_万元": 84526.646166
    },
    "现金流量表": {
        "销售商品收到现金_万元": 342635.353837,
        "收到的税费返还_万元": null,
        "收到其他经营活动现金_万元": 27996.085883,
        "经营活动现金流入_万元": 370631.43972,
        "购买商品支付现金_万元": 41473.386751,
        "支付职工现金_万元": 31140.501186,
        "支付税费_万元": 50601.949424,
        "支付其他经营活动现金_万元": 113535.347052,
        "经营活动现金流出_万元": 236751.184413,
        "经营现金流净额_万元": 133880.255307,
        "经营现金流净额同比增长_百分比": 2.86,
        "收回投资现金_万元": 210308.25,
        "取得投资收益现金_万元": 1581.381181,
        "处置资产收回现金_万元": null,
        "收到其他投资活动现金_万元": null,
        "投资活动现金流入_万元": 211889.631181,
        "投资支付现金_万元": 36900.0,
        "购建资产支付现金_万元": 8634.790379,
        "支付其他投资活动现金_万元": null,
        "投资活动现金流出_万元": 45534.790379,
        "投资现金流净额_万元": 166354.840802,
        "吸收投资现金_万元": null,
        "取得借款现金_万元": 66737.903943,
        "收到其他筹资活动现金_万元": null,
        "筹资活动现金流入_万元": 66737.903943,
        "偿还债务现金_万元": null,
        "分配股利现金_万元": 834.306944,
        "支付其他筹资活动现金_万元": 729.006178,
        "筹资活动现金流出_万元": 1563.313122,
        "融资现金流净额_万元": 65174.590821,
        "汇率变动影响_万元": null,
        "现金及等价物净增加额_万元": 365409.68693,
        "净现金流_元": 3654096869.3,
        "净现金流同比增长_百分比": 38.03,
        "期初现金及等价物_万元": 773798.281008,
        "期末现金及等价物_万元": 1139207.967938,
        "经营现金流占比_百分比": 36.66,
        "投资现金流占比_百分比": 45.53,
        "融资现金流占比_百分比": 17.81
    }
}