{
    "报告信息": {
        "序号": null,
        "股票代码": "600518",
        "股票简称": "康美药业",
        "报告年份": "2023",
        "报告期": "Q3",
        "总股本_股": 13863866690,
        "流通股本_股": null,
        "报告日期": null,
        "审计意见": "未经审计",
        "会计师事务所": null
    },
    "核心业绩指标": {
        "每股收益_元": -0.011,
        "稀释每股收益_元": -0.011,
        "营业总收入_万元": 353412.114035,
        "营业总收入_亿元": 35.3412114035,
        "营收同比增长_百分比": 29.84,
        "营收环比增长_百分比": null,
        "净利润_万元": -14653.880879,
        "净利润_亿元": -1.4653880879,
        "净利润同比增长_百分比": null,
        "净利润环比增长_百分比": null,
        "归母净利润_万元": -14800.911722,
        "少数股东损益_万元": 147.030843,
        "每股净资产_元": null,
        "净资产收益率_百分比": null,
        "扣非净资产收益率_百分比": null,
        "每股经营现金流_元": null,
        "扣非净利润_万元": -31385.308139,
        "扣非净利润同比增长_百分比": null,
        "销售毛利率_百分比": null,
        "销售净利率_百分比": null,
        "加权平均净资产收益率_百分比": -2.15,
        "扣非加权净资产收益率_百分比": null,
        "总资产收益率_百分比": null,
        "主营业务收入_万元": 353412.114035,
        "主营业务成本_万元": 293565.460675,
        "主营业务利润_万元": null
    },
    "资产负债表": {
        "货币资金_万元": 118601.656847,
        "应收账款_万元": 184091.196754,
        "应收票据_万元": 5302.284546,
        "应收款项融资_万元": 608.564135,
        "预付款项_万元": 14659.313521,
        "其他应收款_万元": 77213.087313,
        "存货_万元": 281377.396402,
        "合同资产_万元": null,
        "一年内到期的非流动资产_万元": null,
        "其他流动资产_万元": 20093.589651,
        "流动资产合计_万元": 701956.235364,
        "交易性金融资产_万元": 9.146195,
        "债权投资_万元": null,
        "其他债权投资_万元": null,
        "长期应收款_万元": null,
        "长期股权投资_万元": null,
        "其他权益工具投资_万元": 139.118099,
        "投资性房地产_万元": 276838.135444,
        "固定资产_万元": 373134.331055,
        "在建工程_万元": 21327.29447,
        "生产性生物资产_万元": 74.312803,
        "油气资产_万元": null,
        "使用权资产_万元": 22353.456734,
        "无形资产_万元": 50781.51272,
        "开发支出_万元": null,
        "商誉_万元": 10635.055122,
        "长期待摊费用_万元": 7246.671686,
        "递延所得税资产_万元": 9891.567642,
        "其他非流动资产_万元": 2306.231532,
        "非流动资产合计_万元": 754528.848208,
        "总资产_万元": 1456485.083572,
        "总资产同比增长_百分比": -3.62,
        "短期借款_万元": 3304.662176,
        "交易性金融负债_万元": null,
        "应付票据_万元": 4883.477911,
        "应付账款_万元": 216904.368557,
        "预收款项_万元": 6646.932022,
        "合同负债_万元": 19523.37324,
        "应付职工薪酬_万元": 16490.508309,
        "应交税费_万元": 96370.537218,
        "其他应付款_万元": 137809.771137,
        "一年内到期的非流动负债_万元": 4090.103364,
        "其他流动负债_万元": 8930.325926,
        "流动负债合计_万元": 514954.05986,
        "长期借款_万元": null,
        "应付债券_万元": null,
        "租赁负债_万元": 19585.862456,
        "长期应付款_万元": 80583.331269,
        "预计负债_万元": 89427.335089,
        "递延收益_万元": 62959.808431,
        "递延所得税负债_万元": 5569.038723,
        "其他非流动负债_万元": null,
        "非流动负债合计_万元": 258125.375968,
        "总负债_万元": 773079.435828,
        "总负债同比增长_百分比": null,
        "资产负债率_百分比": null,
        "实收资本_万元": 1386386.669,
        "资本公积_万元": 1878288.47417,
        "盈余公积_万元": 152557.579827,
        "未分配利润_万元": -2615141.707993,
        "其他综合收益_万元": 12.236519,
        "专项储备_万元": 115.161368,
        "归属于母公司所有者权益合计_万元": 680075.163931,
        "少数股东权益_万元": 3330.483813,
        "股东权益合计_万元": 683405.647744
    },
    "利润表": {
        "营业总收入_万元": 353412.114035,
        "营业收入_万元": 353412.114035,
        "营业总收入同比增长_百分比": null,
        "营业成本_万元": 293565.460675,
        "税金及附加_万元": 5397.832168,
        "销售费用_万元": 43735.980322,
        "管理费用_万元": 38472.098384,
        "研发费用_万元": 3784.218224,
        "财务费用_万元": -1368.405609,
        "其中利息费用_万元": 937.376127,
        "其中利息收入_万元": 2454.423646,
        "其他收益_万元": 4139.903997,
        "投资收益_万元": 3330.704303,
        "其中对联营企业投资收益_万元": null,
        "公允价值变动收益_万元": -2.584816,
        "信用减值损失_万元": 6671.322826,
        "资产减值损失_万元": 78.26923,
        "资产处置收益_万元": 2045.871181,
        "营业总支出_万元": null,
        "营业利润_万元": -13911.583408,
        "营业外收入_万元": 2255.84117,
        "营业外支出_万元": 1598.955565,
        "利润总额_万元": -13254.697803,
        "所得税费用_万元": 1399.183076,
        "净利润_万元": -14653.880879,
        "归母净利润_万元": -14800.911722,
        "少数股东损益_万元": 147.030843,
        "持续经营净利润_万元": -14653.880879,
        "终止经营净利润_万元": null,
        "其他综合收益_万元": null,
        "综合收益总额_万元": null,
        "归母综合收益总额_万元": null
    },
    "现金流量表": {
        "销售商品收到现金_万元": 395114.233068,
        "收到的税费返还_万元": 571.266334,
        "收到其他经营活动现金_万元": 13610.772759,
        "经营活动现金流入_万元": 409296.272161,
        "购买商品支付现金_万元": 328799.261792,
        "支付职工现金_万元": 52470.321689,
        "支付税费_万元": 16875.003584,
        "支付其他经营活动现金_万元": 36482.736131,
        "经营活动现金流出_万元": 434627.323196,
        "经营现金流净额_万元": -25331.051035,
        "经营现金流净额同比增长_百分比": null,
        "收回投资现金_万元": null,
        "取得投资收益现金_万元": null,
        "处置资产收回现金_万元": 4276.9986,
        "收到其他投资活动现金_万元": null,
        "投资活动现金流入_万元": 4276.9986,
        "投资支付现金_万元": null,
        "购建资产支付现金_万元": 4812.190292,
        "支付其他投资活动现金_万元": 14.519162,
        "投资活动现金流出_万元": 4826.709454,
        "投资现金流净额_万元": -549.710854,
        "吸收投资现金_万元": null,
        "取得借款现金_万元": null,
        "收到其他筹资活动现金_万元": 4579.637742,
        "筹资活动现金流入_万元": 4579.637742,
        "偿还债务现金_万元": null,
        "分配股利现金_万元": null,
        "支付其他筹资活动现金_万元": 12777.372628,
        "筹资活动现金流出_万元": 12777.372628,
        "融资现金流净额_万元": -8197.734886,
        "汇率变动影响_万元": 0.584413,
        "现金及等价物净增加额_万元": -34077.912362,
        "净现金流_元": null,
        "净现金流同比增长_百分比": null,
        "期初现金及等价物_万元": 143189.23106,
        "期末现金及等价物_万元": 109111.318698,
        "经营现金流占比_百分比": null,
        "投资现金流占比_百分比": null,
        "融资现金流占比_百分比": null
    }
}