{
    "报告信息": {
        "序号": null,
        "股票代码": "600557",
        "股票简称": "康缘药业",
        "报告年份": "2025",
        "报告期": "第一季度",
        "总股本_股": 569459106,
        "流通股本_股": null,
        "报告日期": "2025-04-29",
        "审计意见": "未经审计",
        "会计师事务所": null,
        "期": "Q1"
    },
    "核心业绩指标": {
        "每股收益_元": 0.15,
        "稀释每股收益_元": 0.15,
        "营业总收入_万元": 87755.408934,
        "营业总收入_亿元": 8.7755408934,
        "营收同比增长_百分比": -35.38,
        "营收环比增长_百分比": null,
        "净利润_万元": 8555.238518,
        "净利润_亿元": 0.8555238518,
        "净利润同比增长_百分比": null,
        "净利润环比增长_百分比": null,
        "归母净利润_万元": 8341.298021,
        "少数股东损益_万元": 213.940497,
        "每股净资产_元": null,
        "净资产收益率_百分比": null,
        "扣非净资产收益率_百分比": null,
        "每股经营现金流_元": null,
        "扣非净利润_万元": 8199.894257,
        "扣非净利润同比增长_百分比": -41.28,
        "销售毛利率_百分比": null,
        "销售净利率_百分比": null,
        "加权平均净资产收益率_百分比": 1.83,
        "扣非加权净资产收益率_百分比": null,
        "总资产收益率_百分比": null,
        "主营业务收入_万元": 87755.408934,
        "主营业务成本_万元": 22657.22408,
        "主营业务利润_万元": null
    },
    "资产负债表": {
        "货币资金_万元": 209417.209381,
        "应收账款_万元": 52592.448991,
        "应收票据_万元": null,
        "应收款项融资_万元": 21934.709658,
        "预付款项_万元": 3519.439924,
        "其他应收款_万元": 441.627965,
        "存货_万元": 51537.39308,
        "合同资产_万元": null,
        "一年内到期的非流动资产_万元": null,
        "其他流动资产_万元": 7131.531511,
        "流动资产合计_万元": 351574.36051,
        "交易性金融资产_万元": 5000.0,
        "债权投资_万元": null,
        "其他债权投资_万元": null,
        "长期应收款_万元": null,
        "长期股权投资_万元": 412.656757,
        "其他权益工具投资_万元": null,
        "投资性房地产_万元": null,
        "固定资产_万元": 226334.467305,
        "在建工程_万元": 53339.607451,
        "生产性生物资产_万元": null,
        "油气资产_万元": null,
        "使用权资产_万元": null,
        "无形资产_万元": 16646.210832,
        "开发支出_万元": 18833.49009,
        "商誉_万元": 5898.885814,
        "长期待摊费用_万元": 1457.118248,
        "递延所得税资产_万元": 4629.536701,
        "其他非流动资产_万元": 8531.909728,
        "非流动资产合计_万元": 336903.448787,
        "总资产_万元": 688477.809297,
        "总资产同比增长_百分比": -0.32,
        "短期借款_万元": null,
        "交易性金融负债_万元": null,
        "应付票据_万元": 10390.527062,
        "应付账款_万元": 15396.752405,
        "预收款项_万元": null,
        "合同负债_万元": 2429.213961,
        "应付职工薪酬_万元": 781.785876,
        "应交税费_万元": 3542.163245,
        "其他应付款_万元": 160107.979921,
        "一年内到期的非流动负债_万元": null,
        "其他流动负债_万元": 315.054936,
        "流动负债合计_万元": 192963.477406,
        "长期借款_万元": null,
        "应付债券_万元": null,
        "租赁负债_万元": null,
        "长期应付款_万元": 192.549,
        "预计负债_万元": null,
        "递延收益_万元": 16257.495229,
        "递延所得税负债_万元": null,
        "其他非流动负债_万元": null,
        "非流动负债合计_万元": 16450.044229,
        "总负债_万元": 209413.521635,
        "总负债同比增长_百分比": null,
        "资产负债率_百分比": null,
        "实收资本_万元": 56945.9106,
        "资本公积_万元": null,
        "盈余公积_万元": null,
        "未分配利润_万元": 405459.865486,
        "其他综合收益_万元": null,
        "专项储备_万元": null,
        "归属于母公司所有者权益合计_万元": 459798.879486,
        "少数股东权益_万元": 19265.408176,
        "股东权益合计_万元": 479064.287662
    },
    "利润表": {
        "营业总收入_万元": 87755.408934,
        "营业收入_万元": 87755.408934,
        "营业总收入同比增长_百分比": -35.38,
        "营业成本_万元": 22657.22408,
        "税金及附加_万元": 1607.200756,
        "销售费用_万元": 32901.596082,
        "管理费用_万元": 7584.809977,
        "研发费用_万元": 13191.497039,
        "财务费用_万元": -315.563565,
        "其中利息费用_万元": 304.959093,
        "其中利息收入_万元": 623.605449,
        "其他收益_万元": 346.252683,
        "投资收益_万元": 75.078099,
        "其中对联营企业投资收益_万元": null,
        "公允价值变动收益_万元": null,
        "信用减值损失_万元": -116.956477,
        "资产减值损失_万元": null,
        "资产处置收益_万元": -0.693175,
        "营业总支出_万元": null,
        "营业利润_万元": 10432.325695,
        "营业外收入_万元": 18.824364,
        "营业外支出_万元": 72.575805,
        "利润总额_万元": 10378.574254,
        "所得税费用_万元": 1823.335736,
        "净利润_万元": 8555.238518,
        "归母净利润_万元": 8341.298021,
        "少数股东损益_万元": 213.940497,
        "持续经营净利润_万元": 8555.238518,
        "终止经营净利润_万元": null,
        "其他综合收益_万元": null,
        "综合收益总额_万元": 8555.238518,
        "归母综合收益总额_万元": 8341.298021
    },
    "现金流量表": {
        "销售商品收到现金_万元": 95325.404237,
        "收到的税费返还_万元": null,
        "收到其他经营活动现金_万元": 4355.846211,
        "经营活动现金流入_万元": 99681.250448,
        "购买商品支付现金_万元": 15219.398218,
        "支付职工现金_万元": 20459.649496,
        "支付税费_万元": 11118.948048,
        "支付其他经营活动现金_万元": 45189.644758,
        "经营活动现金流出_万元": 91987.64052,
        "经营现金流净额_万元": 7693.609928,
        "经营现金流净额同比增长_百分比": -59.9,
        "收回投资现金_万元": 22801.444879,
        "取得投资收益现金_万元": 81.766436,
        "处置资产收回现金_万元": 0.63769,
        "收到其他投资活动现金_万元": null,
        "投资活动现金流入_万元": 22883.849005,
        "投资支付现金_万元": 28283.00275,
        "购建资产支付现金_万元": 9656.128069,
        "支付其他投资活动现金_万元": null,
        "投资活动现金流出_万元": 37939.130819,
        "投资现金流净额_万元": -15055.281814,
        "吸收投资现金_万元": null,
        "取得借款现金_万元": null,
        "收到其他筹资活动现金_万元": null,
        "筹资活动现金流入_万元": null,
        "偿还债务现金_万元": null,
        "分配股利现金_万元": null,
        "支付其他筹资活动现金_万元": null,
        "筹资活动现金流出_万元": null,
        "融资现金流净额_万元": null,
        "汇率变动影响_万元": 0.732533,
        "现金及等价物净增加额_万元": -7360.939353,
        "净现金流_元": null,
        "净现金流同比增长_百分比": null,
        "期初现金及等价物_万元": 216778.148734,
        "期末现金及等价物_万元": 209417.209381,
        "经营现金流占比_百分比": null,
        "投资现金流占比_百分比": null,
        "融资现金流占比_百分比": null
    }
}