{
    "报告信息": {
        "序号": null,
        "股票代码": "600557",
        "股票简称": "康缘药业",
        "报告年份": "2024",
        "报告期": "Q1",
        "总股本_股": 584748452,
        "流通股本_股": null,
        "报告日期": "2024-03-31",
        "审计意见": "未经审计",
        "会计师事务所": null
    },
    "核心业绩指标": {
        "每股收益_元": 0.26,
        "稀释每股收益_元": 0.25,
        "营业总收入_万元": 135902.028593,
        "营业总收入_亿元": 13.5902028593,
        "营收同比增长_百分比": 0.48,
        "营收环比增长_百分比": null,
        "净利润_万元": 14956.758488,
        "净利润_亿元": 1.4956758488,
        "净利润同比增长_百分比": 2.96,
        "净利润环比增长_百分比": null,
        "归母净利润_万元": 14804.495872,
        "少数股东损益_万元": 152.262616,
        "每股净资产_元": 9.11,
        "净资产收益率_百分比": null,
        "扣非净资产收益率_百分比": null,
        "每股经营现金流_元": 0.34,
        "扣非净利润_万元": 13964.674565,
        "扣非净利润同比增长_百分比": 0.2,
        "销售毛利率_百分比": 74.6,
        "销售净利率_百分比": 11.0,
        "加权平均净资产收益率_百分比": 2.82,
        "扣非加权净资产收益率_百分比": null,
        "总资产收益率_百分比": 2.03,
        "主营业务收入_万元": 135902.028593,
        "主营业务成本_万元": 34511.032275,
        "主营业务利润_万元": 18259.468381
    },
    "资产负债表": {
        "货币资金_万元": 204617.414911,
        "应收账款_万元": 69543.538439,
        "应收票据_万元": null,
        "应收款项融资_万元": 53703.237923,
        "预付款项_万元": 2542.553539,
        "其他应收款_万元": 1373.584426,
        "存货_万元": 39581.518273,
        "合同资产_万元": null,
        "一年内到期的非流动资产_万元": null,
        "其他流动资产_万元": 5858.524058,
        "流动资产合计_万元": 422220.371569,
        "交易性金融资产_万元": 45000.0,
        "债权投资_万元": null,
        "其他债权投资_万元": null,
        "长期应收款_万元": null,
        "长期股权投资_万元": 410.907355,
        "其他权益工具投资_万元": null,
        "投资性房地产_万元": null,
        "固定资产_万元": 224378.343956,
        "在建工程_万元": 25492.287661,
        "生产性生物资产_万元": null,
        "油气资产_万元": null,
        "使用权资产_万元": null,
        "无形资产_万元": 19030.547333,
        "开发支出_万元": 17276.60868,
        "商誉_万元": 5898.885814,
        "长期待摊费用_万元": 1362.436449,
        "递延所得税资产_万元": 5060.92875,
        "其他非流动资产_万元": 15744.789013,
        "非流动资产合计_万元": 315776.745751,
        "总资产_万元": 737997.11732,
        "总资产同比增长_百分比": 3.69,
        "短期借款_万元": null,
        "交易性金融负债_万元": null,
        "应付票据_万元": null,
        "应付账款_万元": 25375.456494,
        "预收款项_万元": null,
        "合同负债_万元": 1609.749332,
        "应付职工薪酬_万元": 800.207465,
        "应交税费_万元": 5958.158451,
        "其他应付款_万元": 137459.527156,
        "一年内到期的非流动负债_万元": null,
        "其他流动负债_万元": 208.553105,
        "流动负债合计_万元": 171411.652003,
        "长期借款_万元": null,
        "应付债券_万元": null,
        "租赁负债_万元": null,
        "长期应付款_万元": 192.549,
        "预计负债_万元": null,
        "递延收益_万元": 15457.074601,
        "递延所得税负债_万元": null,
        "其他非流动负债_万元": null,
        "非流动负债合计_万元": 15649.623601,
        "总负债_万元": 187061.275604,
        "总负债同比增长_百分比": 7.73,
        "资产负债率_百分比": 25.35,
        "实收资本_万元": 58474.8452,
        "资本公积_万元": 11179.337769,
        "盈余公积_万元": 29281.341308,
        "未分配利润_万元": 439962.17567,
        "其他综合收益_万元": null,
        "专项储备_万元": null,
        "归属于母公司所有者权益合计_万元": 532672.184747,
        "少数股东权益_万元": 18263.656969,
        "股东权益合计_万元": 550935.841716
    },
    "利润表": {
        "营业总收入_万元": 135902.028593,
        "营业收入_万元": 135902.028593,
        "营业总收入同比增长_百分比": 0.48,
        "营业成本_万元": 34511.032275,
        "税金及附加_万元": 2154.579311,
        "销售费用_万元": 50885.783221,
        "管理费用_万元": 11651.365807,
        "研发费用_万元": 20412.484695,
        "财务费用_万元": -913.846236,
        "其中利息费用_万元": null,
        "其中利息收入_万元": 932.763267,
        "其他收益_万元": 530.114582,
        "投资收益_万元": 603.341799,
        "其中对联营企业投资收益_万元": null,
        "公允价值变动收益_万元": null,
        "信用减值损失_万元": -69.085109,
        "资产减值损失_万元": null,
        "资产处置收益_万元": -5.532411,
        "营业总支出_万元": 118701.399073,
        "营业利润_万元": 18259.468381,
        "营业外收入_万元": 95.406437,
        "营业外支出_万元": 594.721004,
        "利润总额_万元": 17760.153814,
        "所得税费用_万元": 2803.395326,
        "净利润_万元": 14956.758488,
        "归母净利润_万元": 14804.495872,
        "少数股东损益_万元": 152.262616,
        "持续经营净利润_万元": 14956.758488,
        "终止经营净利润_万元": null,
        "其他综合收益_万元": null,
        "综合收益总额_万元": 14956.758488,
        "归母综合收益总额_万元": 14804.495872
    },
    "现金流量表": {
        "销售商品收到现金_万元": 138325.26889,
        "收到的税费返还_万元": null,
        "收到其他经营活动现金_万元": 9317.11229,
        "经营活动现金流入_万元": 147642.38118,
        "购买商品支付现金_万元": 36951.276156,
        "支付职工现金_万元": 24991.11345,
        "支付税费_万元": 19046.425755,
        "支付其他经营活动现金_万元": 46766.77313,
        "经营活动现金流出_万元": 127755.588491,
        "经营现金流净额_万元": 19886.792689,
        "经营现金流净额同比增长_百分比": null,
        "收回投资现金_万元": 51000.0,
        "取得投资收益现金_万元": 769.466458,
        "处置资产收回现金_万元": 9.499,
        "收到其他投资活动现金_万元": null,
        "投资活动现金流入_万元": 51778.965458,
        "投资支付现金_万元": 50000.0,
        "购建资产支付现金_万元": 12327.678732,
        "支付其他投资活动现金_万元": null,
        "投资活动现金流出_万元": 62327.678732,
        "投资现金流净额_万元": -10548.713274,
        "吸收投资现金_万元": null,
        "取得借款现金_万元": null,
        "收到其他筹资活动现金_万元": null,
        "筹资活动现金流入_万元": null,
        "偿还债务现金_万元": null,
        "分配股利现金_万元": 235.764,
        "支付其他筹资活动现金_万元": 1412.188836,
        "筹资活动现金流出_万元": 1647.952836,
        "融资现金流净额_万元": -1647.952836,
        "汇率变动影响_万元": null,
        "现金及等价物净增加额_万元": 7690.126579,
        "净现金流_元": 76901265.79,
        "净现金流同比增长_百分比": null,
        "期初现金及等价物_万元": 196927.288332,
        "期末现金及等价物_万元": 204617.414911,
        "经营现金流占比_百分比": null,
        "投资现金流占比_百分比": null,
        "融资现金流占比_百分比": null
    }
}