{
    "报告信息": {
        "序号": null,
        "股票代码": "600557",
        "股票简称": "康缘药业",
        "报告年份": "2024",
        "报告期": "第三季度",
        "总股本_股": 581797452,
        "流通股本_股": null,
        "报告日期": "2024-10-30",
        "审计意见": "未经审计",
        "会计师事务所": null,
        "期": "Q3"
    },
    "核心业绩指标": {
        "每股收益_元": 0.62,
        "稀释每股收益_元": 0.62,
        "营业总收入_万元": 310953.585751,
        "营业总收入_亿元": 31.0953585751,
        "营收同比增长_百分比": -11.06,
        "营收环比增长_百分比": null,
        "净利润_万元": 36398.329976,
        "净利润_亿元": 3.6398329976,
        "净利润同比增长_百分比": 1.17,
        "净利润环比增长_百分比": null,
        "归母净利润_万元": 35714.487913,
        "少数股东损益_万元": 683.842063,
        "每股净资产_元": null,
        "净资产收益率_百分比": null,
        "扣非净资产收益率_百分比": null,
        "每股经营现金流_元": null,
        "扣非净利润_万元": 28516.981753,
        "扣非净利润同比增长_百分比": -10.16,
        "销售毛利率_百分比": null,
        "销售净利率_百分比": 11.7,
        "加权平均净资产收益率_百分比": 6.85,
        "扣非加权净资产收益率_百分比": null,
        "总资产收益率_百分比": null,
        "主营业务收入_万元": 310953.585751,
        "主营业务成本_万元": 80215.855241,
        "主营业务利润_万元": null
    },
    "资产负债表": {
        "货币资金_万元": 181685.756346,
        "应收账款_万元": 65271.009478,
        "应收票据_万元": null,
        "应收款项融资_万元": 33548.356974,
        "预付款项_万元": 4436.341868,
        "其他应收款_万元": 284.25619,
        "存货_万元": 54613.222392,
        "合同资产_万元": null,
        "一年内到期的非流动资产_万元": null,
        "其他流动资产_万元": 668.177579,
        "流动资产合计_万元": 373007.120827,
        "交易性金融资产_万元": 32500.0,
        "债权投资_万元": null,
        "其他债权投资_万元": null,
        "长期应收款_万元": null,
        "长期股权投资_万元": 411.449717,
        "其他权益工具投资_万元": null,
        "投资性房地产_万元": null,
        "固定资产_万元": 226691.370932,
        "在建工程_万元": 31877.943499,
        "生产性生物资产_万元": null,
        "油气资产_万元": null,
        "使用权资产_万元": null,
        "无形资产_万元": 17035.473217,
        "开发支出_万元": 18150.075287,
        "商誉_万元": 5898.885814,
        "长期待摊费用_万元": 1206.659533,
        "递延所得税资产_万元": 4303.786413,
        "其他非流动资产_万元": 10570.179185,
        "非流动资产合计_万元": 317266.834337,
        "总资产_万元": 690273.955164,
        "总资产同比增长_百分比": -3.01,
        "短期借款_万元": null,
        "交易性金融负债_万元": null,
        "应付票据_万元": null,
        "应付账款_万元": 14527.257169,
        "预收款项_万元": null,
        "合同负债_万元": 1561.056369,
        "应付职工薪酬_万元": 1808.236206,
        "应交税费_万元": 7578.991418,
        "其他应付款_万元": 117937.352681,
        "一年内到期的非流动负债_万元": null,
        "其他流动负债_万元": 202.29856,
        "流动负债合计_万元": 143615.192403,
        "长期借款_万元": null,
        "应付债券_万元": null,
        "租赁负债_万元": null,
        "长期应付款_万元": 192.549,
        "预计负债_万元": null,
        "递延收益_万元": 12891.854737,
        "递延所得税负债_万元": null,
        "其他非流动负债_万元": null,
        "非流动负债合计_万元": 13084.403737,
        "总负债_万元": 156699.59614,
        "总负债同比增长_百分比": null,
        "资产负债率_百分比": 22.7,
        "实收资本_万元": 58179.7452,
        "资本公积_万元": 9295.607565,
        "盈余公积_万元": 29281.341308,
        "未分配利润_万元": 439267.820764,
        "其他综合收益_万元": null,
        "专项储备_万元": null,
        "归属于母公司所有者权益合计_万元": 515015.102608,
        "少数股东权益_万元": 18559.256416,
        "股东权益合计_万元": 533574.359024
    },
    "利润表": {
        "营业总收入_万元": 310953.585751,
        "营业收入_万元": 310953.585751,
        "营业总收入同比增长_百分比": -11.06,
        "营业成本_万元": 80215.855241,
        "税金及附加_万元": 4926.125824,
        "销售费用_万元": 117746.692609,
        "管理费用_万元": 29246.664829,
        "研发费用_万元": 46674.133221,
        "财务费用_万元": -1844.118012,
        "其中利息费用_万元": null,
        "其中利息收入_万元": 1880.710648,
        "其他收益_万元": 7096.074108,
        "投资收益_万元": 1026.395322,
        "其中对联营企业投资收益_万元": 0.542362,
        "公允价值变动收益_万元": null,
        "信用减值损失_万元": 49.039426,
        "资产减值损失_万元": null,
        "资产处置收益_万元": 70.368504,
        "营业总支出_万元": 276965.353712,
        "营业利润_万元": 42230.109399,
        "营业外收入_万元": 1177.648518,
        "营业外支出_万元": 681.885627,
        "利润总额_万元": 42725.87229,
        "所得税费用_万元": 6327.542314,
        "净利润_万元": 36398.329976,
        "归母净利润_万元": 35714.487913,
        "少数股东损益_万元": 683.842063,
        "持续经营净利润_万元": 36398.329976,
        "终止经营净利润_万元": null,
        "其他综合收益_万元": null,
        "综合收益总额_万元": 36398.329976,
        "归母综合收益总额_万元": 35714.487913
    },
    "现金流量表": {
        "销售商品收到现金_万元": 360359.062018,
        "收到的税费返还_万元": null,
        "收到其他经营活动现金_万元": 17730.283553,
        "经营活动现金流入_万元": 378089.345571,
        "购买商品支付现金_万元": 90586.355752,
        "支付职工现金_万元": 60391.987713,
        "支付税费_万元": 34524.92034,
        "支付其他经营活动现金_万元": 131833.875976,
        "经营活动现金流出_万元": 317337.139781,
        "经营现金流净额_万元": 60752.20579,
        "经营现金流净额同比增长_百分比": -21.48,
        "收回投资现金_万元": 155500.0,
        "取得投资收益现金_万元": 1191.802983,
        "处置资产收回现金_万元": 910.1068,
        "收到其他投资活动现金_万元": null,
        "投资活动现金流入_万元": 158627.148885,
        "投资支付现金_万元": 161000.0,
        "购建资产支付现金_万元": 30992.173998,
        "支付其他投资活动现金_万元": null,
        "投资活动现金流出_万元": 191992.173998,
        "投资现金流净额_万元": -33365.025113,
        "吸收投资现金_万元": null,
        "取得借款现金_万元": null,
        "收到其他筹资活动现金_万元": null,
        "筹资活动现金流入_万元": null,
        "偿还债务现金_万元": null,
        "分配股利现金_万元": 22076.306947,
        "支付其他筹资活动现金_万元": 20863.23229,
        "筹资活动现金流出_万元": 42939.539237,
        "融资现金流净额_万元": -42939.539237,
        "汇率变动影响_万元": 13.47075,
        "现金及等价物净增加额_万元": -15538.88781,
        "净现金流_元": -155388878.1,
        "净现金流同比增长_百分比": null,
        "期初现金及等价物_万元": 197224.644156,
        "期末现金及等价物_万元": 181685.756346,
        "经营现金流占比_百分比": null,
        "投资现金流占比_百分比": null,
        "融资现金流占比_百分比": null
    }
}