{
    "报告信息": {
        "序号": null,
        "股票代码": "600613",
        "股票简称": "神奇制药",
        "报告年份": "2025",
        "报告期": "FY",
        "总股本_股": 534071628,
        "流通股本_股": null,
        "报告日期": "2025-04",
        "审计意见": "标准无保留意见",
        "会计师事务所": "立信会计师事务所（特殊普通合伙）"
    },
    "核心业绩指标": {
        "每股收益_元": 0.13,
        "稀释每股收益_元": 0.13,
        "营业总收入_万元": 204880.845063,
        "营业总收入_亿元": 20.4880845063,
        "营收同比增长_百分比": -12.48,
        "营收环比增长_百分比": null,
        "净利润_万元": 6607.80622,
        "净利润_亿元": 0.660780622,
        "净利润同比增长_百分比": 13.43,
        "净利润环比增长_百分比": null,
        "归母净利润_万元": 7138.804735,
        "少数股东损益_万元": -530.998515,
        "每股净资产_元": 4.43,
        "净资产收益率_百分比": null,
        "扣非净资产收益率_百分比": null,
        "每股经营现金流_元": null,
        "扣非净利润_万元": 7112.14912,
        "扣非净利润同比增长_百分比": 44.84,
        "销售毛利率_百分比": 47.53,
        "销售净利率_百分比": 3.22,
        "加权平均净资产收益率_百分比": 3.01,
        "扣非加权净资产收益率_百分比": 3.0,
        "总资产收益率_百分比": 2.12,
        "主营业务收入_万元": 204880.845063,
        "主营业务成本_万元": 107506.671295,
        "主营业务利润_万元": 97374.173768
    },
    "资产负债表": {
        "货币资金_万元": 77939.257639,
        "应收账款_万元": 32288.157724,
        "应收票据_万元": 13541.564156,
        "应收款项融资_万元": 7132.717224,
        "预付款项_万元": 2236.695503,
        "其他应收款_万元": 479.924954,
        "存货_万元": 22833.610278,
        "合同资产_万元": null,
        "一年内到期的非流动资产_万元": null,
        "其他流动资产_万元": 1051.798102,
        "流动资产合计_万元": 159591.1027,
        "交易性金融资产_万元": 2087.37712,
        "债权投资_万元": null,
        "其他债权投资_万元": null,
        "长期应收款_万元": null,
        "长期股权投资_万元": 389.376998,
        "其他权益工具投资_万元": 8312.220095,
        "投资性房地产_万元": 559.853106,
        "固定资产_万元": 88844.182105,
        "在建工程_万元": 14124.513983,
        "生产性生物资产_万元": null,
        "油气资产_万元": null,
        "使用权资产_万元": 2469.334784,
        "无形资产_万元": 9664.619949,
        "开发支出_万元": null,
        "商誉_万元": 24384.873716,
        "长期待摊费用_万元": 163.763044,
        "递延所得税资产_万元": 2316.536537,
        "其他非流动资产_万元": 760.885861,
        "非流动资产合计_万元": 151990.160178,
        "总资产_万元": 311581.262878,
        "总资产同比增长_百分比": -4.99,
        "短期借款_万元": 2703.235556,
        "交易性金融负债_万元": null,
        "应付票据_万元": null,
        "应付账款_万元": 22384.744142,
        "预收款项_万元": null,
        "合同负债_万元": 3539.680552,
        "应付职工薪酬_万元": 1914.952676,
        "应交税费_万元": 1523.312533,
        "其他应付款_万元": 10827.631831,
        "一年内到期的非流动负债_万元": 5007.1854,
        "其他流动负债_万元": 5187.594271,
        "流动负债合计_万元": 53088.336961,
        "长期借款_万元": 12958.0,
        "应付债券_万元": null,
        "租赁负债_万元": 1044.506451,
        "长期应付款_万元": null,
        "预计负债_万元": null,
        "递延收益_万元": 165.0,
        "递延所得税负债_万元": null,
        "其他非流动负债_万元": null,
        "非流动负债合计_万元": 14167.506451,
        "总负债_万元": 67255.843412,
        "总负债同比增长_百分比": null,
        "资产负债率_百分比": null,
        "实收资本_万元": 53407.1628,
        "资本公积_万元": 96899.122937,
        "盈余公积_万元": 7706.018877,
        "未分配利润_万元": 75217.487596,
        "其他综合收益_万元": 3074.05784,
        "专项储备_万元": null,
        "归属于母公司所有者权益合计_万元": 236303.85005,
        "少数股东权益_万元": 6376.886209,
        "股东权益合计_万元": 242680.736259
    },
    "利润表": {
        "营业总收入_万元": 204880.845063,
        "营业收入_万元": 204880.845063,
        "营业总收入同比增长_百分比": -12.48,
        "营业成本_万元": 107506.671295,
        "税金及附加_万元": 2691.4343,
        "销售费用_万元": 69235.442588,
        "管理费用_万元": 9265.458847,
        "研发费用_万元": 3288.510876,
        "财务费用_万元": 486.92488,
        "其中利息费用_万元": 1279.606386,
        "其中利息收入_万元": 959.517598,
        "其他收益_万元": 544.652441,
        "投资收益_万元": 125.849164,
        "其中对联营企业投资收益_万元": 17.860017,
        "公允价值变动收益_万元": -2.390842,
        "信用减值损失_万元": -1583.906525,
        "资产减值损失_万元": -2311.964324,
        "资产处置收益_万元": -11.93314,
        "营业总支出_万元": 192474.442786,
        "营业利润_万元": 9166.709051,
        "营业外收入_万元": 25.677177,
        "营业外支出_万元": 434.599561,
        "利润总额_万元": 8757.786667,
        "所得税费用_万元": 2149.980447,
        "净利润_万元": 6607.80622,
        "归母净利润_万元": 7138.804735,
        "少数股东损益_万元": -530.998515,
        "持续经营净利润_万元": null,
        "终止经营净利润_万元": null,
        "其他综合收益_万元": 967.041982,
        "综合收益总额_万元": 7574.848202,
        "归母综合收益总额_万元": 8105.846717
    },
    "现金流量表": {
        "销售商品收到现金_万元": 198798.770604,
        "收到的税费返还_万元": 540.324169,
        "收到其他经营活动现金_万元": 14660.383569,
        "经营活动现金流入_万元": 213999.478342,
        "购买商品支付现金_万元": 78206.559913,
        "支付职工现金_万元": 18948.772657,
        "支付税费_万元": 17229.119025,
        "支付其他经营活动现金_万元": 78836.475135,
        "经营活动现金流出_万元": 193220.92673,
        "经营现金流净额_万元": 20778.551612,
        "经营现金流净额同比增长_百分比": -3.62,
        "收回投资现金_万元": 1503.270757,
        "取得投资收益现金_万元": 104.71839,
        "处置资产收回现金_万元": 39.2726,
        "收到其他投资活动现金_万元": null,
        "投资活动现金流入_万元": 1647.261747,
        "投资支付现金_万元": 1500.0,
        "购建资产支付现金_万元": 3639.281395,
        "支付其他投资活动现金_万元": null,
        "投资活动现金流出_万元": 5139.281395,
        "投资现金流净额_万元": -3492.019648,
        "吸收投资现金_万元": 980.0,
        "取得借款现金_万元": 3200.0,
        "收到其他筹资活动现金_万元": null,
        "筹资活动现金流入_万元": 3200.0,
        "偿还债务现金_万元": 5957.8,
        "分配股利现金_万元": 6468.230498,
        "支付其他筹资活动现金_万元": 1531.778396,
        "筹资活动现金流出_万元": 13957.808894,
        "融资现金流净额_万元": -10757.808894,
        "汇率变动影响_万元": -18.282756,
        "现金及等价物净增加额_万元": 6510.440314,
        "净现金流_元": null,
        "净现金流同比增长_百分比": null,
        "期初现金及等价物_万元": 71428.817325,
        "期末现金及等价物_万元": 77939.257639,
        "经营现金流占比_百分比": null,
        "投资现金流占比_百分比": null,
        "融资现金流占比_百分比": null
    }
}