{
    "报告信息": {
        "序号": null,
        "股票代码": "600613",
        "股票简称": "神奇制药",
        "报告年份": "2025",
        "报告期": "HY",
        "总股本_股": 534071628,
        "流通股本_股": null,
        "报告日期": "2025-08-29",
        "审计意见": "未经审计",
        "会计师事务所": null
    },
    "核心业绩指标": {
        "每股收益_元": 0.06,
        "稀释每股收益_元": 0.06,
        "营业总收入_万元": 96084.984672,
        "营业总收入_亿元": 9.6084984672,
        "营收同比增长_百分比": -13.47,
        "营收环比增长_百分比": null,
        "净利润_万元": 3441.450545,
        "净利润_亿元": 0.3441450545,
        "净利润同比增长_百分比": null,
        "净利润环比增长_百分比": null,
        "归母净利润_万元": 3280.814686,
        "少数股东损益_万元": 163.635859,
        "每股净资产_元": null,
        "净资产收益率_百分比": null,
        "扣非净资产收益率_百分比": null,
        "每股经营现金流_元": null,
        "扣非净利润_万元": 3197.688964,
        "扣非净利润同比增长_百分比": -14.74,
        "销售毛利率_百分比": null,
        "销售净利率_百分比": null,
        "加权平均净资产收益率_百分比": 1.38,
        "扣非加权净资产收益率_百分比": 1.34,
        "总资产收益率_百分比": null,
        "主营业务收入_万元": 96031.338578,
        "主营业务成本_万元": 51020.212184,
        "主营业务利润_万元": null
    },
    "资产负债表": {
        "货币资金_万元": 68153.17971,
        "应收账款_万元": 30948.302132,
        "应收票据_万元": 14494.397289,
        "应收款项融资_万元": 7292.986878,
        "预付款项_万元": 2914.430656,
        "其他应收款_万元": 776.200451,
        "存货_万元": 20890.110915,
        "合同资产_万元": null,
        "一年内到期的非流动资产_万元": null,
        "其他流动资产_万元": 408.929031,
        "流动资产合计_万元": 149878.537062,
        "交易性金融资产_万元": 4000.0,
        "债权投资_万元": null,
        "其他债权投资_万元": null,
        "长期应收款_万元": null,
        "长期股权投资_万元": 389.376998,
        "其他权益工具投资_万元": 7856.527805,
        "投资性房地产_万元": 541.750608,
        "固定资产_万元": 85610.583742,
        "在建工程_万元": 17308.671626,
        "生产性生物资产_万元": null,
        "油气资产_万元": null,
        "使用权资产_万元": 1803.225052,
        "无形资产_万元": 9560.643579,
        "开发支出_万元": null,
        "商誉_万元": 24384.873716,
        "长期待摊费用_万元": 131.253632,
        "递延所得税资产_万元": 2442.073677,
        "其他非流动资产_万元": 493.757328,
        "非流动资产合计_万元": 150522.737763,
        "总资产_万元": 300401.274825,
        "总资产同比增长_百分比": -3.59,
        "短期借款_万元": 3200.0,
        "交易性金融负债_万元": null,
        "应付票据_万元": null,
        "应付账款_万元": 21518.963673,
        "预收款项_万元": null,
        "合同负债_万元": 4617.559005,
        "应付职工薪酬_万元": 1201.095471,
        "应交税费_万元": 1935.775339,
        "其他应付款_万元": 6136.47938,
        "一年内到期的非流动负债_万元": 4327.664462,
        "其他流动负债_万元": 4624.143225,
        "流动负债合计_万元": 47561.680555,
        "长期借款_万元": 11674.0,
        "应付债券_万元": null,
        "租赁负债_万元": 384.124782,
        "长期应付款_万元": null,
        "预计负债_万元": null,
        "递延收益_万元": 151.5,
        "递延所得税负债_万元": 1676.626322,
        "其他非流动负债_万元": null,
        "非流动负债合计_万元": 13886.251104,
        "总负债_万元": 61447.931659,
        "总负债同比增长_百分比": null,
        "资产负债率_百分比": null,
        "实收资本_万元": 53407.1628,
        "资本公积_万元": 96899.122937,
        "盈余公积_万元": 7706.018877,
        "未分配利润_万元": 70487.227862,
        "其他综合收益_万元": 2732.288622,
        "专项储备_万元": null,
        "归属于母公司所有者权益合计_万元": 231231.821098,
        "少数股东权益_万元": 7721.522068,
        "股东权益合计_万元": 238953.343166
    },
    "利润表": {
        "营业总收入_万元": 96084.984672,
        "营业收入_万元": 96084.984672,
        "营业总收入同比增长_百分比": -13.47,
        "营业成本_万元": 51077.495981,
        "税金及附加_万元": 1447.491924,
        "销售费用_万元": 31799.484864,
        "管理费用_万元": 4499.46836,
        "研发费用_万元": 1385.093165,
        "财务费用_万元": 143.887231,
        "其中利息费用_万元": 510.495655,
        "其中利息收入_万元": 409.710648,
        "其他收益_万元": 265.171794,
        "投资收益_万元": null,
        "其中对联营企业投资收益_万元": null,
        "公允价值变动收益_万元": 15.112636,
        "信用减值损失_万元": -596.857848,
        "资产减值损失_万元": -801.725923,
        "资产处置收益_万元": 15.19177,
        "营业总支出_万元": null,
        "营业利润_万元": 4613.763806,
        "营业外收入_万元": 7.000542,
        "营业外支出_万元": 75.291955,
        "利润总额_万元": 4545.472393,
        "所得税费用_万元": 1104.021848,
        "净利润_万元": 3441.450545,
        "归母净利润_万元": 3280.814686,
        "少数股东损益_万元": 163.635859,
        "持续经营净利润_万元": null,
        "终止经营净利润_万元": null,
        "其他综合收益_万元": -341.769218,
        "综合收益总额_万元": 3099.681327,
        "归母综合收益总额_万元": 2939.045468
    },
    "现金流量表": {
        "销售商品收到现金_万元": 89867.338976,
        "收到的税费返还_万元": 180.072327,
        "收到其他经营活动现金_万元": 12044.450044,
        "经营活动现金流入_万元": 102091.861347,
        "购买商品支付现金_万元": 42938.227384,
        "支付职工现金_万元": 9782.029976,
        "支付税费_万元": 8095.614607,
        "支付其他经营活动现金_万元": 36528.57792,
        "经营活动现金流出_万元": 97344.449887,
        "经营现金流净额_万元": 4747.41146,
        "经营现金流净额同比增长_百分比": -61.38,
        "收回投资现金_万元": 2000.0,
        "取得投资收益现金_万元": 97.489756,
        "处置资产收回现金_万元": 0.87,
        "收到其他投资活动现金_万元": null,
        "投资活动现金流入_万元": 2098.359756,
        "投资支付现金_万元": 4000.0,
        "购建资产支付现金_万元": 1765.732392,
        "支付其他投资活动现金_万元": null,
        "投资活动现金流出_万元": 5765.732392,
        "投资现金流净额_万元": -3667.372636,
        "吸收投资现金_万元": null,
        "取得借款现金_万元": 2822.2,
        "收到其他筹资活动现金_万元": null,
        "筹资活动现金流入_万元": 2822.2,
        "偿还债务现金_万元": 4349.692222,
        "分配股利现金_万元": 8521.231556,
        "支付其他筹资活动现金_万元": 816.80226,
        "筹资活动现金流出_万元": 13687.725038,
        "融资现金流净额_万元": -10865.526038,
        "汇率变动影响_万元": -0.590715,
        "现金及等价物净增加额_万元": -9786.077929,
        "净现金流_元": null,
        "净现金流同比增长_百分比": null,
        "期初现金及等价物_万元": 77939.257639,
        "期末现金及等价物_万元": 68153.17971,
        "经营现金流占比_百分比": null,
        "投资现金流占比_百分比": null,
        "融资现金流占比_百分比": null
    }
}