{
    "报告信息": {
        "序号": null,
        "股票代码": "600613",
        "股票简称": "神奇制药",
        "报告年份": "2024",
        "报告期": "HY",
        "总股本_股": 534071628,
        "流通股本_股": null,
        "报告日期": null,
        "审计意见": "未经审计",
        "会计师事务所": "立信会计师事务所（特殊普通合伙）"
    },
    "核心业绩指标": {
        "每股收益_元": 0.07,
        "稀释每股收益_元": 0.07,
        "营业总收入_万元": 111036.603545,
        "营业总收入_亿元": 11.1036603545,
        "营收同比增长_百分比": -7.91,
        "营收环比增长_百分比": null,
        "净利润_万元": 3783.702485,
        "净利润_亿元": 3.783702485,
        "净利润同比增长_百分比": 8.93,
        "净利润环比增长_百分比": null,
        "归母净利润_万元": 3783.702485,
        "少数股东损益_万元": 105.398598,
        "每股净资产_元": 4.34,
        "净资产收益率_百分比": null,
        "扣非净资产收益率_百分比": null,
        "每股经营现金流_元": 0.23,
        "扣非净利润_万元": 3750.570584,
        "扣非净利润同比增长_百分比": 14.78,
        "销售毛利率_百分比": 47.3,
        "销售净利率_百分比": 3.41,
        "加权平均净资产收益率_百分比": 1.61,
        "扣非加权净资产收益率_百分比": 1.59,
        "总资产收益率_百分比": null,
        "主营业务收入_万元": 111036.603545,
        "主营业务成本_万元": 58420.43053,
        "主营业务利润_万元": 4790.311552
    },
    "资产负债表": {
        "货币资金_万元": 76365.525472,
        "应收账款_万元": 37728.880755,
        "应收票据_万元": 1200.362827,
        "应收款项融资_万元": 21589.859737,
        "预付款项_万元": 4995.077883,
        "其他应收款_万元": 800.278575,
        "存货_万元": 21769.996862,
        "合同资产_万元": null,
        "一年内到期的非流动资产_万元": 0,
        "其他流动资产_万元": 672.341598,
        "流动资产合计_万元": 167216.599859,
        "交易性金融资产_万元": 2094.27615,
        "债权投资_万元": null,
        "其他债权投资_万元": null,
        "长期应收款_万元": null,
        "长期股权投资_万元": 371.516981,
        "其他权益工具投资_万元": 6867.318227,
        "投资性房地产_万元": 744.649538,
        "固定资产_万元": 91395.81929,
        "在建工程_万元": 8156.835219,
        "生产性生物资产_万元": null,
        "油气资产_万元": null,
        "使用权资产_万元": 2997.582789,
        "无形资产_万元": 9846.348394,
        "开发支出_万元": null,
        "商誉_万元": 24384.873716,
        "长期待摊费用_万元": 144.246651,
        "递延所得税资产_万元": 2477.509341,
        "其他非流动资产_万元": 417.98116,
        "非流动资产合计_万元": 147804.681306,
        "总资产_万元": 315021.281165,
        "总资产同比增长_百分比": -3.94,
        "短期借款_万元": 3500,
        "交易性金融负债_万元": null,
        "应付票据_万元": 2000,
        "应付账款_万元": 23496.448455,
        "预收款项_万元": null,
        "合同负债_万元": 2011.212876,
        "应付职工薪酬_万元": 1116.902976,
        "应交税费_万元": 766.55589,
        "其他应付款_万元": 20832.214637,
        "一年内到期的非流动负债_万元": 4230.897296,
        "其他流动负债_万元": 259.312673,
        "流动负债合计_万元": 58213.544803,
        "长期借款_万元": 15780,
        "应付债券_万元": null,
        "租赁负债_万元": 1159.850118,
        "长期应付款_万元": null,
        "预计负债_万元": null,
        "递延收益_万元": 120,
        "递延所得税负债_万元": 1435.382317,
        "其他非流动负债_万元": null,
        "非流动负债合计_万元": 18495.232435,
        "总负债_万元": 76708.777238,
        "总负债同比增长_百分比": null,
        "资产负债率_百分比": 24.35,
        "实收资本_万元": 53407.1628,
        "资本公积_万元": 96899.122937,
        "盈余公积_万元": 7233.463306,
        "未分配利润_万元": 72334.940917,
        "其他综合收益_万元": 1974.530645,
        "专项储备_万元": null,
        "归属于母公司所有者权益合计_万元": 231849.220605,
        "少数股东权益_万元": 6463.283322,
        "股东权益合计_万元": 238312.503927
    },
    "利润表": {
        "营业总收入_万元": 111036.603545,
        "营业收入_万元": 111036.603545,
        "营业总收入同比增长_百分比": -7.91,
        "营业成本_万元": 58420.43053,
        "税金及附加_万元": 1472.386351,
        "销售费用_万元": 38748.018573,
        "管理费用_万元": 4107.788085,
        "研发费用_万元": 2511.573373,
        "财务费用_万元": 29.262961,
        "其中利息费用_万元": 565.265263,
        "其中利息收入_万元": 643.070171,
        "其他收益_万元": 303.746926,
        "投资收益_万元": null,
        "其中对联营企业投资收益_万元": null,
        "公允价值变动收益_万元": 4.508188,
        "信用减值损失_万元": -1148.157647,
        "资产减值损失_万元": -132.121357,
        "资产处置收益_万元": 15.19177,
        "营业总支出_万元": 105289.459873,
        "营业利润_万元": 4790.311552,
        "营业外收入_万元": 57.315831,
        "营业外支出_万元": 115.80965,
        "利润总额_万元": 4731.817733,
        "所得税费用_万元": 842.71665,
        "净利润_万元": 3889.101083,
        "归母净利润_万元": 3783.702485,
        "少数股东损益_万元": 105.398598,
        "持续经营净利润_万元": 3889.101083,
        "终止经营净利润_万元": null,
        "其他综合收益_万元": -132.485213,
        "综合收益总额_万元": 3756.61587,
        "归母综合收益总额_万元": 3651.217272
    },
    "现金流量表": {
        "销售商品收到现金_万元": 96117.259617,
        "收到的税费返还_万元": 40.592369,
        "收到其他经营活动现金_万元": 13117.722689,
        "经营活动现金流入_万元": 109275.574675,
        "购买商品支付现金_万元": 39209.971254,
        "支付职工现金_万元": 10019.191662,
        "支付税费_万元": 9646.85082,
        "支付其他经营活动现金_万元": 38108.165971,
        "经营活动现金流出_万元": 96984.179707,
        "经营现金流净额_万元": 12291.394968,
        "经营现金流净额同比增长_百分比": -13.66,
        "收回投资现金_万元": null,
        "取得投资收益现金_万元": null,
        "处置资产收回现金_万元": 1.3858,
        "收到其他投资活动现金_万元": null,
        "投资活动现金流入_万元": 1.3858,
        "投资支付现金_万元": null,
        "购建资产支付现金_万元": 577.385515,
        "支付其他投资活动现金_万元": null,
        "投资活动现金流出_万元": 577.385515,
        "投资现金流净额_万元": -575.999715,
        "吸收投资现金_万元": 0,
        "取得借款现金_万元": 2822.2,
        "收到其他筹资活动现金_万元": null,
        "筹资活动现金流入_万元": 2822.2,
        "偿还债务现金_万元": 2951.029167,
        "分配股利现金_万元": 5698.37695,
        "支付其他筹资活动现金_万元": 951.563308,
        "筹资活动现金流出_万元": 9600.969425,
        "融资现金流净额_万元": -6778.769425,
        "汇率变动影响_万元": 0.082319,
        "现金及等价物净增加额_万元": 4936.708147,
        "净现金流_元": 49367081.47,
        "净现金流同比增长_百分比": null,
        "期初现金及等价物_万元": 71428.817325,
        "期末现金及等价物_万元": 76365.525472,
        "经营现金流占比_百分比": null,
        "投资现金流占比_百分比": null,
        "融资现金流占比_百分比": null
    }
}