{
    "报告信息": {
        "序号": null,
        "股票代码": "600613",
        "股票简称": "神奇制药",
        "报告年份": "2023",
        "报告期": "Q1",
        "总股本_股": 534071628,
        "流通股本_股": null,
        "报告日期": "2023-03-31",
        "审计意见": "未经审计",
        "会计师事务所": null
    },
    "核心业绩指标": {
        "每股收益_元": 0.04,
        "稀释每股收益_元": 0.04,
        "营业总收入_万元": 58279.754036,
        "营业总收入_亿元": 5.8279754036,
        "营收同比增长_百分比": -0.93,
        "营收环比增长_百分比": null,
        "净利润_万元": 2335.11023,
        "净利润_亿元": 0.233511023,
        "净利润同比增长_百分比": null,
        "净利润环比增长_百分比": null,
        "归母净利润_万元": 2379.084661,
        "少数股东损益_万元": -43.974431,
        "每股净资产_元": null,
        "净资产收益率_百分比": null,
        "扣非净资产收益率_百分比": null,
        "每股经营现金流_元": null,
        "扣非净利润_万元": 2351.066582,
        "扣非净利润同比增长_百分比": 3.68,
        "销售毛利率_百分比": null,
        "销售净利率_百分比": null,
        "加权平均净资产收益率_百分比": 1.02,
        "扣非加权净资产收益率_百分比": null,
        "总资产收益率_百分比": null,
        "主营业务收入_万元": 58279.754036,
        "主营业务成本_万元": 26989.171077,
        "主营业务利润_万元": null
    },
    "资产负债表": {
        "货币资金_万元": 64627.835771,
        "应收账款_万元": 41263.550353,
        "应收票据_万元": 5687.223882,
        "应收款项融资_万元": 17981.803731,
        "预付款项_万元": 4247.774678,
        "其他应收款_万元": 1564.327572,
        "存货_万元": 20220.435243,
        "合同资产_万元": null,
        "一年内到期的非流动资产_万元": null,
        "其他流动资产_万元": 520.81248,
        "流动资产合计_万元": 158120.052283,
        "交易性金融资产_万元": 2006.288573,
        "债权投资_万元": null,
        "其他债权投资_万元": null,
        "长期应收款_万元": null,
        "长期股权投资_万元": 336.81374,
        "其他权益工具投资_万元": 6661.025867,
        "投资性房地产_万元": 799.673093,
        "固定资产_万元": 100124.392581,
        "在建工程_万元": 5567.541941,
        "生产性生物资产_万元": null,
        "油气资产_万元": null,
        "使用权资产_万元": 2519.487319,
        "无形资产_万元": 9760.845131,
        "开发支出_万元": null,
        "商誉_万元": 29905.886497,
        "长期待摊费用_万元": 162.261568,
        "递延所得税资产_万元": 3097.437917,
        "其他非流动资产_万元": 512.301313,
        "非流动资产合计_万元": 159447.666967,
        "总资产_万元": 317567.71925,
        "总资产同比增长_百分比": -6.08,
        "短期借款_万元": 1993.169596,
        "交易性金融负债_万元": null,
        "应付票据_万元": 1998.0,
        "应付账款_万元": 18164.54225,
        "预收款项_万元": null,
        "合同负债_万元": 3944.222766,
        "应付职工薪酬_万元": 1177.140667,
        "应交税费_万元": 3364.163274,
        "其他应付款_万元": 18704.023037,
        "一年内到期的非流动负债_万元": 4431.553076,
        "其他流动负债_万元": 512.74896,
        "流动负债合计_万元": 54289.563626,
        "长期借款_万元": 20770.0,
        "应付债券_万元": null,
        "租赁负债_万元": 1252.174356,
        "长期应付款_万元": null,
        "预计负债_万元": null,
        "递延收益_万元": 153.0,
        "递延所得税负债_万元": 1251.50278,
        "其他非流动负债_万元": null,
        "非流动负债合计_万元": 23426.677136,
        "总负债_万元": 77716.240762,
        "总负债同比增长_百分比": null,
        "资产负债率_百分比": null,
        "实收资本_万元": 53407.1628,
        "资本公积_万元": 96899.122937,
        "盈余公积_万元": 7233.463306,
        "未分配利润_万元": 75958.694046,
        "其他综合收益_万元": 1824.351575,
        "专项储备_万元": null,
        "归属于母公司所有者权益合计_万元": 235322.794664,
        "少数股东权益_万元": 4528.683824,
        "股东权益合计_万元": 239851.478488
    },
    "利润表": {
        "营业总收入_万元": 58279.754036,
        "营业收入_万元": 58279.754036,
        "营业总收入同比增长_百分比": -0.93,
        "营业成本_万元": 26989.171077,
        "税金及附加_万元": 1054.444963,
        "销售费用_万元": 22795.120889,
        "管理费用_万元": 1986.190157,
        "研发费用_万元": 1916.072757,
        "财务费用_万元": 363.94827,
        "其中利息费用_万元": 509.955152,
        "其中利息收入_万元": 127.799775,
        "其他收益_万元": 93.088975,
        "投资收益_万元": 0.0,
        "其中对联营企业投资收益_万元": null,
        "公允价值变动收益_万元": 6.288573,
        "信用减值损失_万元": 0.0,
        "资产减值损失_万元": null,
        "资产处置收益_万元": 0.499634,
        "营业总支出_万元": 55104.948113,
        "营业利润_万元": 3274.683105,
        "营业外收入_万元": 13.845973,
        "营业外支出_万元": 1.177871,
        "利润总额_万元": 3287.351207,
        "所得税费用_万元": 952.240977,
        "净利润_万元": 2335.11023,
        "归母净利润_万元": 2379.084661,
        "少数股东损益_万元": -43.974431,
        "持续经营净利润_万元": 2335.11023,
        "终止经营净利润_万元": null,
        "其他综合收益_万元": 198.717961,
        "综合收益总额_万元": 2533.828191,
        "归母综合收益总额_万元": 2577.802622
    },
    "现金流量表": {
        "销售商品收到现金_万元": 46651.576456,
        "收到的税费返还_万元": 89.944253,
        "收到其他经营活动现金_万元": 6768.811928,
        "经营活动现金流入_万元": 53510.332637,
        "购买商品支付现金_万元": 16134.486214,
        "支付职工现金_万元": 5474.051884,
        "支付税费_万元": 6693.671509,
        "支付其他经营活动现金_万元": 22859.767442,
        "经营活动现金流出_万元": 51161.977049,
        "经营现金流净额_万元": 2348.355588,
        "经营现金流净额同比增长_百分比": -62.61,
        "收回投资现金_万元": 0.0,
        "取得投资收益现金_万元": 0.0,
        "处置资产收回现金_万元": 1.0,
        "收到其他投资活动现金_万元": null,
        "投资活动现金流入_万元": 1.0,
        "投资支付现金_万元": 2000.0,
        "购建资产支付现金_万元": 358.366745,
        "支付其他投资活动现金_万元": null,
        "投资活动现金流出_万元": 2358.366745,
        "投资现金流净额_万元": -2357.366745,
        "吸收投资现金_万元": 0.0,
        "取得借款现金_万元": 1585.713599,
        "收到其他筹资活动现金_万元": 0.0,
        "筹资活动现金流入_万元": 1585.713599,
        "偿还债务现金_万元": 1700.0,
        "分配股利现金_万元": 331.695633,
        "支付其他筹资活动现金_万元": 377.216498,
        "筹资活动现金流出_万元": 2408.912131,
        "融资现金流净额_万元": -823.198532,
        "汇率变动影响_万元": 0.0,
        "现金及等价物净增加额_万元": -832.209689,
        "净现金流_元": null,
        "净现金流同比增长_百分比": null,
        "期初现金及等价物_万元": 65456.542091,
        "期末现金及等价物_万元": 64624.332402,
        "经营现金流占比_百分比": null,
        "投资现金流占比_百分比": null,
        "融资现金流占比_百分比": null
    }
}