{
    "报告信息": {
        "序号": null,
        "股票代码": "600613",
        "股票简称": "神奇制药",
        "报告年份": "2025",
        "报告期": "第一季度",
        "总股本_股": 534071628,
        "流通股本_股": null,
        "报告日期": "2025-04-24",
        "审计意见": "未经审计",
        "会计师事务所": null,
        "期": "Q1"
    },
    "核心业绩指标": {
        "每股收益_元": 0.03,
        "稀释每股收益_元": 0.03,
        "营业总收入_万元": 47992.683464,
        "营业总收入_亿元": 4.7992683464,
        "营收同比增长_百分比": -16.47,
        "营收环比增长_百分比": null,
        "净利润_万元": 1571.75733,
        "净利润_亿元": 0.157175733,
        "净利润同比增长_百分比": -37.44,
        "净利润环比增长_百分比": null,
        "归母净利润_万元": 1499.449683,
        "少数股东损益_万元": 72.307647,
        "每股净资产_元": 4.44,
        "净资产收益率_百分比": null,
        "扣非净资产收益率_百分比": null,
        "每股经营现金流_元": -0.05,
        "扣非净利润_万元": 1499.155403,
        "扣非净利润同比增长_百分比": -36.94,
        "销售毛利率_百分比": null,
        "销售净利率_百分比": null,
        "加权平均净资产收益率_百分比": 0.63,
        "扣非加权净资产收益率_百分比": null,
        "总资产收益率_百分比": null,
        "主营业务收入_万元": null,
        "主营业务成本_万元": null,
        "主营业务利润_万元": null
    },
    "资产负债表": {
        "货币资金_万元": 77521.091669,
        "应收账款_万元": 33745.997794,
        "应收票据_万元": 12517.591364,
        "应收款项融资_万元": 8891.965867,
        "预付款项_万元": 3121.779935,
        "其他应收款_万元": 691.267296,
        "存货_万元": 22375.483004,
        "合同资产_万元": null,
        "一年内到期的非流动资产_万元": null,
        "其他流动资产_万元": 397.136995,
        "流动资产合计_万元": 161372.056586,
        "交易性金融资产_万元": 2109.742662,
        "债权投资_万元": null,
        "其他债权投资_万元": null,
        "长期应收款_万元": null,
        "长期股权投资_万元": 389.376998,
        "其他权益工具投资_万元": 7729.532327,
        "投资性房地产_万元": 550.801857,
        "固定资产_万元": 87313.420034,
        "在建工程_万元": 15554.969945,
        "生产性生物资产_万元": null,
        "油气资产_万元": null,
        "使用权资产_万元": 1956.531702,
        "无形资产_万元": 9624.080558,
        "开发支出_万元": null,
        "商誉_万元": 24384.873716,
        "长期待摊费用_万元": 140.94563,
        "递延所得税资产_万元": 2593.984047,
        "其他非流动资产_万元": 646.056508,
        "非流动资产合计_万元": 150884.573322,
        "总资产_万元": 312256.629908,
        "总资产同比增长_百分比": 0.22,
        "短期借款_万元": 3200.965556,
        "交易性金融负债_万元": null,
        "应付票据_万元": null,
        "应付账款_万元": 21353.751512,
        "预收款项_万元": null,
        "合同负债_万元": 5660.646519,
        "应付职工薪酬_万元": 1270.049353,
        "应交税费_万元": 2188.096638,
        "其他应付款_万元": 10494.201831,
        "一年内到期的非流动负债_万元": 4996.326069,
        "其他流动负债_万元": 2644.536479,
        "流动负债合计_万元": 51808.573957,
        "长期借款_万元": 12958.0,
        "应付债券_万元": null,
        "租赁负债_万元": 658.344168,
        "长期应付款_万元": null,
        "预计负债_万元": null,
        "递延收益_万元": 158.25,
        "递延所得税负债_万元": 1657.98402,
        "其他非流动负债_万元": null,
        "非流动负债合计_万元": 15432.578188,
        "总负债_万元": 67241.152145,
        "总负债同比增长_百分比": null,
        "资产负债率_百分比": 21.54,
        "实收资本_万元": 53407.1628,
        "资本公积_万元": 96899.122937,
        "盈余公积_万元": 7706.018877,
        "未分配利润_万元": 76716.937279,
        "其他综合收益_万元": 2637.042014,
        "专项储备_万元": null,
        "归属于母公司所有者权益合计_万元": 237366.283907,
        "少数股东权益_万元": 7649.193856,
        "股东权益合计_万元": 245015.477763
    },
    "利润表": {
        "营业总收入_万元": 47992.683464,
        "营业收入_万元": 47992.683464,
        "营业总收入同比增长_百分比": -16.47,
        "营业成本_万元": 25546.726482,
        "税金及附加_万元": 924.463085,
        "销售费用_万元": 16012.880318,
        "管理费用_万元": 2191.03802,
        "研发费用_万元": 765.628053,
        "财务费用_万元": 141.912915,
        "其中利息费用_万元": 248.439681,
        "其中利息收入_万元": 116.412102,
        "其他收益_万元": 102.627245,
        "投资收益_万元": null,
        "其中对联营企业投资收益_万元": null,
        "公允价值变动收益_万元": 22.365542,
        "信用减值损失_万元": -391.018242,
        "资产减值损失_万元": -55.812175,
        "资产处置收益_万元": null,
        "营业总支出_万元": 45582.648873,
        "营业利润_万元": 2088.196961,
        "营业外收入_万元": 0.511402,
        "营业外支出_万元": 73.392994,
        "利润总额_万元": 2015.315369,
        "所得税费用_万元": 443.558039,
        "净利润_万元": 1571.75733,
        "归母净利润_万元": 1499.449683,
        "少数股东损益_万元": 72.307647,
        "持续经营净利润_万元": 1571.75733,
        "终止经营净利润_万元": null,
        "其他综合收益_万元": -437.015826,
        "综合收益总额_万元": 1134.741504,
        "归母综合收益总额_万元": 1062.433857
    },
    "现金流量表": {
        "销售商品收到现金_万元": 37548.448065,
        "收到的税费返还_万元": 179.805985,
        "收到其他经营活动现金_万元": 1570.159512,
        "经营活动现金流入_万元": 39298.413562,
        "购买商品支付现金_万元": 18034.874501,
        "支付职工现金_万元": 5130.949241,
        "支付税费_万元": 3628.74233,
        "支付其他经营活动现金_万元": 15381.327306,
        "经营活动现金流出_万元": 42175.893378,
        "经营现金流净额_万元": -2877.479816,
        "经营现金流净额同比增长_百分比": -167.22,
        "收回投资现金_万元": null,
        "取得投资收益现金_万元": null,
        "处置资产收回现金_万元": 0.75,
        "收到其他投资活动现金_万元": null,
        "投资活动现金流入_万元": 0.75,
        "投资支付现金_万元": null,
        "购建资产支付现金_万元": 1262.624539,
        "支付其他投资活动现金_万元": null,
        "投资活动现金流出_万元": 1262.624539,
        "投资现金流净额_万元": -1261.874539,
        "吸收投资现金_万元": null,
        "取得借款现金_万元": 1522.2,
        "收到其他筹资活动现金_万元": 3704.329333,
        "筹资活动现金流入_万元": 5226.529333,
        "偿还债务现金_万元": 1023.692222,
        "分配股利现金_万元": 222.752926,
        "支付其他筹资活动现金_万元": 258.8958,
        "筹资活动现金流出_万元": 1505.340948,
        "融资现金流净额_万元": 3721.188385,
        "汇率变动影响_万元": null,
        "现金及等价物净增加额_万元": -418.16597,
        "净现金流_元": -4181659.7,
        "净现金流同比增长_百分比": -110.04,
        "期初现金及等价物_万元": 77939.257639,
        "期末现金及等价物_万元": 77521.091669,
        "经营现金流占比_百分比": null,
        "投资现金流占比_百分比": null,
        "融资现金流占比_百分比": null
    }
}