{
    "报告信息": {
        "序号": null,
        "股票代码": "600750",
        "股票简称": "江中药业",
        "报告年份": "2025",
        "报告期": "半年度",
        "总股本_股": 634996022,
        "流通股本_股": 627292416,
        "报告日期": "2025-06-30",
        "审计意见": "未经审计",
        "会计师事务所": null,
        "期": "HY"
    },
    "核心业绩指标": {
        "每股收益_元": 0.82,
        "稀释每股收益_元": 0.82,
        "营业总收入_万元": 214111.814251,
        "营业总收入_亿元": 21.4111814251,
        "营收同比增长_百分比": -5.79,
        "营收环比增长_百分比": null,
        "净利润_万元": 55941.882432,
        "净利润_亿元": 5.5941882432,
        "净利润同比增长_百分比": 4.96,
        "净利润环比增长_百分比": null,
        "归母净利润_万元": 52233.750328,
        "少数股东损益_万元": 3708.132104,
        "每股净资产_元": 6.22,
        "净资产收益率_百分比": 12.89,
        "扣非净资产收益率_百分比": 11.9,
        "每股经营现金流_元": 1.03,
        "扣非净利润_万元": 48210.308676,
        "扣非净利润同比增长_百分比": 2.31,
        "销售毛利率_百分比": 66.61,
        "销售净利率_百分比": 26.07,
        "加权平均净资产收益率_百分比": 12.89,
        "扣非加权净资产收益率_百分比": 11.9,
        "总资产收益率_百分比": 8.43,
        "主营业务收入_万元": 214111.814251,
        "主营业务成本_万元": 71515.402627,
        "主营业务利润_万元": 142596.411624
    },
    "资产负债表": {
        "货币资金_万元": 152895.525778,
        "应收账款_万元": 50037.616765,
        "应收票据_万元": 8078.619541,
        "应收款项融资_万元": 17991.748842,
        "预付款项_万元": 4323.261485,
        "其他应收款_万元": 720.162095,
        "存货_万元": 51012.544827,
        "合同资产_万元": null,
        "一年内到期的非流动资产_万元": 618.818996,
        "其他流动资产_万元": 1219.050708,
        "流动资产合计_万元": 301900.991349,
        "交易性金融资产_万元": 15003.642312,
        "债权投资_万元": null,
        "其他债权投资_万元": null,
        "长期应收款_万元": 1329.51933,
        "长期股权投资_万元": 3205.737596,
        "其他权益工具投资_万元": null,
        "投资性房地产_万元": null,
        "固定资产_万元": 161146.953566,
        "在建工程_万元": 14169.084266,
        "生产性生物资产_万元": null,
        "油气资产_万元": null,
        "使用权资产_万元": 246.374574,
        "无形资产_万元": 39746.766994,
        "开发支出_万元": null,
        "商誉_万元": 4174.19181,
        "长期待摊费用_万元": 356.775828,
        "递延所得税资产_万元": 8062.133813,
        "其他非流动资产_万元": 121716.441701,
        "非流动资产合计_万元": 361661.834394,
        "总资产_万元": 663562.825743,
        "总资产同比增长_百分比": 1.96,
        "短期借款_万元": null,
        "交易性金融负债_万元": null,
        "应付票据_万元": 23854.919855,
        "应付账款_万元": 18493.72889,
        "预收款项_万元": null,
        "合同负债_万元": 14093.513273,
        "应付职工薪酬_万元": 10536.469746,
        "应交税费_万元": 9505.92727,
        "其他应付款_万元": 100170.127119,
        "一年内到期的非流动负债_万元": 90.177813,
        "其他流动负债_万元": 2090.936984,
        "流动负债合计_万元": 178835.80095,
        "长期借款_万元": null,
        "应付债券_万元": null,
        "租赁负债_万元": 153.405392,
        "长期应付款_万元": 15678.592,
        "预计负债_万元": null,
        "递延收益_万元": 9393.919026,
        "递延所得税负债_万元": 1685.756542,
        "其他非流动负债_万元": null,
        "非流动负债合计_万元": 26911.67296,
        "总负债_万元": 205747.47391,
        "总负债同比增长_百分比": 1.04,
        "资产负债率_百分比": 31.03,
        "实收资本_万元": 63499.6022,
        "资本公积_万元": 46441.907075,
        "盈余公积_万元": 36474.262037,
        "未分配利润_万元": 256958.683796,
        "其他综合收益_万元": null,
        "专项储备_万元": null,
        "归属于母公司所有者权益合计_万元": 394603.176356,
        "少数股东权益_万元": 63212.175477,
        "股东权益合计_万元": 457815.351833
    },
    "利润表": {
        "营业总收入_万元": 214111.814251,
        "营业收入_万元": 214111.814251,
        "营业总收入同比增长_百分比": -5.79,
        "营业成本_万元": 71515.402627,
        "税金及附加_万元": 3242.741861,
        "销售费用_万元": 63679.696247,
        "管理费用_万元": 9716.281549,
        "研发费用_万元": 6742.929179,
        "财务费用_万元": -3990.124753,
        "其中利息费用_万元": 48.373587,
        "其中利息收入_万元": 4074.42277,
        "其他收益_万元": 5861.834554,
        "投资收益_万元": -117.113715,
        "其中对联营企业投资收益_万元": 73.909909,
        "公允价值变动收益_万元": 68.100371,
        "信用减值损失_万元": 101.573838,
        "资产减值损失_万元": 967.339762,
        "资产处置收益_万元": 0.099241,
        "营业总支出_万元": 150906.92671,
        "营业利润_万元": 70086.721592,
        "营业外收入_万元": 1780.473399,
        "营业外支出_万元": 1543.162726,
        "利润总额_万元": 70324.032265,
        "所得税费用_万元": 14382.149833,
        "净利润_万元": 55941.882432,
        "归母净利润_万元": 52233.750328,
        "少数股东损益_万元": 3708.132104,
        "持续经营净利润_万元": 55941.882432,
        "终止经营净利润_万元": null,
        "其他综合收益_万元": null,
        "综合收益总额_万元": 55941.882432,
        "归母综合收益总额_万元": 52233.750328
    },
    "现金流量表": {
        "销售商品收到现金_万元": 259716.988604,
        "收到的税费返还_万元": 141.023272,
        "收到其他经营活动现金_万元": 8021.149034,
        "经营活动现金流入_万元": 267879.16091,
        "购买商品支付现金_万元": 59094.738611,
        "支付职工现金_万元": 38947.22504,
        "支付税费_万元": 35358.162577,
        "支付其他经营活动现金_万元": 69300.267155,
        "经营活动现金流出_万元": 202700.393383,
        "经营现金流净额_万元": 65178.767527,
        "经营现金流净额同比增长_百分比": 29.07,
        "收回投资现金_万元": 74700,
        "取得投资收益现金_万元": 2082.335037,
        "处置资产收回现金_万元": 4.69681,
        "收到其他投资活动现金_万元": null,
        "投资活动现金流入_万元": 76787.031847,
        "投资支付现金_万元": 98785.403158,
        "购建资产支付现金_万元": 10803.97006,
        "支付其他投资活动现金_万元": 140.39235,
        "投资活动现金流出_万元": 109589.373218,
        "投资现金流净额_万元": -32802.341371,
        "吸收投资现金_万元": 8395.36,
        "取得借款现金_万元": null,
        "收到其他筹资活动现金_万元": null,
        "筹资活动现金流入_万元": 8395.36,
        "偿还债务现金_万元": null,
        "分配股利现金_万元": 45733.964566,
        "支付其他筹资活动现金_万元": 144.14531,
        "筹资活动现金流出_万元": 45878.109876,
        "融资现金流净额_万元": -37482.749876,
        "汇率变动影响_万元": null,
        "现金及等价物净增加额_万元": -5106.32372,
        "净现金流_元": -51063237.2,
        "净现金流同比增长_百分比": null,
        "期初现金及等价物_万元": 65192.430869,
        "期末现金及等价物_万元": 60086.107149,
        "经营现金流占比_百分比": null,
        "投资现金流占比_百分比": null,
        "融资现金流占比_百分比": null
    }
}