{
    "报告信息": {
        "序号": null,
        "股票代码": "600750",
        "股票简称": "江中药业",
        "报告年份": "2025",
        "报告期": "FY",
        "总股本_股": 629017624,
        "流通股本_股": null,
        "报告日期": "2025年3月18日",
        "审计意见": "标准无保留意见",
        "会计师事务所": "毕马威华振会计师事务所（特殊普通合伙）"
    },
    "核心业绩指标": {
        "每股收益_元": 1.25,
        "稀释每股收益_元": 1.25,
        "营业总收入_万元": 443545.059073,
        "营业总收入_亿元": 44.3545059073,
        "营收同比增长_百分比": -2.59,
        "营收环比增长_百分比": null,
        "净利润_万元": 86050.698931,
        "净利润_亿元": 8.6050698931,
        "净利润同比增长_百分比": null,
        "净利润环比增长_百分比": null,
        "归母净利润_万元": 78819.255744,
        "少数股东损益_万元": 7231.443187,
        "每股净资产_元": 6.14,
        "净资产收益率_百分比": 19.58,
        "扣非净资产收益率_百分比": 18.94,
        "每股经营现金流_元": null,
        "扣非净利润_万元": 74917.514275,
        "扣非净利润同比增长_百分比": 6.43,
        "销售毛利率_百分比": 63.97,
        "销售净利率_百分比": 19.42,
        "加权平均净资产收益率_百分比": 19.58,
        "扣非加权净资产收益率_百分比": 18.94,
        "总资产收益率_百分比": null,
        "主营业务收入_万元": 44039.399362,
        "主营业务成本_万元": 15865.4103059,
        "主营业务利润_万元": null
    },
    "资产负债表": {
        "货币资金_万元": 100737.950074,
        "应收账款_万元": 44061.065015,
        "应收票据_万元": 15569.163023,
        "应收款项融资_万元": 34439.080308,
        "预付款项_万元": 3596.745351,
        "其他应收款_万元": 1010.559675,
        "存货_万元": 46097.110824,
        "合同资产_万元": null,
        "一年内到期的非流动资产_万元": 618.818996,
        "其他流动资产_万元": 1629.948935,
        "流动资产合计_万元1": 248760.957479,
        "交易性金融资产_万元": 1000.515278,
        "债权投资_万元": null,
        "其他债权投资_万元": null,
        "长期应收款_万元": 1329.51933,
        "长期股权投资_万元": 3131.827687,
        "其他权益工具投资_万元": null,
        "投资性房地产_万元": null,
        "固定资产_万元": 161367.915652,
        "在建工程_万元": 9931.338254,
        "生产性生物资产_万元": null,
        "油气资产_万元": null,
        "使用权资产_万元": 56.976815,
        "无形资产_万元": 39729.36112,
        "开发支出_万元": null,
        "商誉_万元": 4174.19181,
        "长期待摊费用_万元": null,
        "递延所得税资产_万元": 6929.142721,
        "其他非流动资产_万元": 167468.859205,
        "非流动资产合计_万元": 402033.008081,
        "总资产_万元": 650793.96556,
        "总资产同比增长_百分比": 1.66,
        "短期借款_万元": null,
        "交易性金融负债_万元": null,
        "应付票据_万元": 0.0,
        "应付账款_万元": 16274.591023,
        "预收款项_万元": null,
        "合同负债_万元": 28848.144591,
        "应付职工薪酬_万元": 16653.336463,
        "应交税费_万元": 11063.075207,
        "其他应付款_万元": 95290.694952,
        "一年内到期的非流动负债_万元": 45.560083,
        "其他流动负债_万元": 8942.690134,
        "流动负债合计_万元": 177118.092453,
        "长期借款_万元": null,
        "应付债券_万元": null,
        "租赁负债_万元": 10.881143,
        "长期应付款_万元": 15678.592,
        "预计负债_万元": null,
        "递延收益_万元": 9032.918432,
        "递延所得税负债_万元": 1789.325256,
        "其他非流动负债_万元": null,
        "非流动负债合计_万元": 26511.716831,
        "总负债_万元": 203629.809284,
        "总负债同比增长_百分比": null,
        "资产负债率_百分比": 31.29,
        "实收资本_万元": 62901.7624,
        "资本公积_万元": 38302.483681,
        "盈余公积_万元": 36474.262037,
        "未分配利润_万元": 249174.655008,
        "其他综合收益_万元": null,
        "专项储备_万元": null,
        "归属于母公司所有者权益合计_万元": 386280.864961,
        "少数股东权益_万元": 60883.291315,
        "股东权益合计_万元": 447164.156276
    },
    "利润表": {
        "营业总收入_万元": 443545.059073,
        "营业收入_万元": 443545.059073,
        "营业总收入同比增长_百分比": -2.59,
        "营业成本_万元": 161799.330084,
        "税金及附加_万元": 6429.343488,
        "销售费用_万元": 149491.553725,
        "管理费用_万元": 22899.79688,
        "研发费用_万元": 13042.76157,
        "财务费用_万元": -7532.137464,
        "其中利息费用_万元": 170.567202,
        "其中利息收入_万元": 7747.754283,
        "其他收益_万元": 6537.899183,
        "投资收益_万元": -282.897993,
        "其中对联营企业投资收益_万元": -97.69,
        "公允价值变动收益_万元": -862.680443,
        "信用减值损失_万元": 1446.558618,
        "资产减值损失_万元": -1607.285121,
        "资产处置收益_万元": 183.791347,
        "营业总支出_万元": null,
        "营业利润_万元": 102829.796381,
        "营业外收入_万元": 821.230463,
        "营业外支出_万元": 1089.747464,
        "利润总额_万元": 102561.27938,
        "所得税费用_万元": 16510.580449,
        "净利润_万元": 86050.698931,
        "归母净利润_万元": 78819.255744,
        "少数股东损益_万元": 7231.443187,
        "持续经营净利润_万元": 86050.698931,
        "终止经营净利润_万元": null,
        "其他综合收益_万元": null,
        "综合收益总额_万元": 86050.698931,
        "归母综合收益总额_万元": 78819.255744
    },
    "现金流量表": {
        "销售商品收到现金_万元": 435467.002838,
        "收到的税费返还_万元": 95.658552,
        "收到其他经营活动现金_万元": 10520.626876,
        "经营活动现金流入_万元": 446083.288266,
        "购买商品支付现金_万元": 110906.682127,
        "支付职工现金_万元": 71482.480058,
        "支付税费_万元": 53343.051824,
        "支付其他经营活动现金_万元": 131725.819366,
        "经营活动现金流出_万元": 367458.033375,
        "经营现金流净额_万元": 78625.254891,
        "经营现金流净额同比增长_百分比": -24.36,
        "收回投资现金_万元": 123015.0,
        "取得投资收益现金_万元": 7368.671634,
        "处置资产收回现金_万元": 1389.072765,
        "收到其他投资活动现金_万元": 4922.698758,
        "投资活动现金流入_万元": 136695.443157,
        "投资支付现金_万元": 99521.755512,
        "购建资产支付现金_万元": 29076.742488,
        "支付其他投资活动现金_万元": null,
        "投资活动现金流出_万元": 128598.498,
        "投资现金流净额_万元": 8096.945157,
        "吸收投资现金_万元": null,
        "取得借款现金_万元": null,
        "收到其他筹资活动现金_万元": null,
        "筹资活动现金流入_万元": null,
        "偿还债务现金_万元": null,
        "分配股利现金_万元": 76845.856577,
        "支付其他筹资活动现金_万元": 8898.002217,
        "筹资活动现金流出_万元": 85743.858794,
        "融资现金流净额_万元": -85743.858794,
        "汇率变动影响_万元": null,
        "现金及等价物净增加额_万元": 978.341254,
        "净现金流_元": null,
        "净现金流同比增长_百分比": null,
        "期初现金及等价物_万元": 64214.089615,
        "期末现金及等价物_万元": 65192.430869,
        "经营现金流占比_百分比": null,
        "投资现金流占比_百分比": null,
        "融资现金流占比_百分比": null
    }
}