{
    "报告信息": {
        "序号": null,
        "股票代码": "600750",
        "股票简称": "江中药业",
        "报告年份": "2025",
        "报告期": "三季度",
        "总股本_股": 634996022,
        "流通股本_股": null,
        "报告日期": null,
        "审计意见": "未经审计",
        "会计师事务所": null,
        "期": "Q3"
    },
    "核心业绩指标": {
        "每股收益_元": 1.08,
        "稀释每股收益_元": 1.08,
        "营业总收入_万元": 293317.222519,
        "营业总收入_亿元": 29.3317222519,
        "营收同比增长_百分比": -6.28,
        "营收环比增长_百分比": null,
        "净利润_万元": 74268.721139,
        "净利润_亿元": 7.4268721139,
        "净利润同比增长_百分比": null,
        "净利润环比增长_百分比": null,
        "归母净利润_万元": 68345.004289,
        "少数股东损益_万元": 5923.71685,
        "每股净资产_元": null,
        "净资产收益率_百分比": null,
        "扣非净资产收益率_百分比": null,
        "每股经营现金流_元": null,
        "扣非净利润_万元": 64006.713295,
        "扣非净利润同比增长_百分比": 3.98,
        "销售毛利率_百分比": null,
        "销售净利率_百分比": null,
        "加权平均净资产收益率_百分比": 17.03,
        "扣非加权净资产收益率_百分比": null,
        "总资产收益率_百分比": null,
        "主营业务收入_万元": 292451.264133,
        "主营业务成本_万元": 99298.94412,
        "主营业务利润_万元": null
    },
    "资产负债表": {
        "货币资金_万元": 199873.652313,
        "应收账款_万元": 48216.345899,
        "应收票据_万元": 7438.099088,
        "应收款项融资_万元": 13600.693767,
        "预付款项_万元": 4789.567088,
        "其他应收款_万元": 747.155307,
        "存货_万元": 53052.986257,
        "合同资产_万元": null,
        "一年内到期的非流动资产_万元": 618.818996,
        "其他流动资产_万元": 2285.108377,
        "流动资产合计_万元": 341645.272941,
        "交易性金融资产_万元": 11022.845849,
        "债权投资_万元": null,
        "其他债权投资_万元": null,
        "长期应收款_万元": 1329.51933,
        "长期股权投资_万元": 3281.41909,
        "其他权益工具投资_万元": null,
        "投资性房地产_万元": null,
        "固定资产_万元": 159005.182977,
        "在建工程_万元": 19023.163755,
        "生产性生物资产_万元": null,
        "油气资产_万元": null,
        "使用权资产_万元": 341.482807,
        "无形资产_万元": 39208.209085,
        "开发支出_万元": null,
        "商誉_万元": 4174.19181,
        "长期待摊费用_万元": 332.21662,
        "递延所得税资产_万元": 7817.772393,
        "其他非流动资产_万元": 105482.876995,
        "非流动资产合计_万元": 347503.889778,
        "总资产_万元": 689149.162719,
        "总资产同比增长_百分比": 5.89,
        "短期借款_万元": null,
        "交易性金融负债_万元": null,
        "应付票据_万元": 47348.507032,
        "应付账款_万元": 17880.902599,
        "预收款项_万元": null,
        "合同负债_万元": 10327.659436,
        "应付职工薪酬_万元": 6640.796262,
        "应交税费_万元": 7252.936761,
        "其他应付款_万元": 123933.074939,
        "一年内到期的非流动负债_万元": 188.539948,
        "其他流动负债_万元": 3269.056831,
        "流动负债合计_万元": 216841.473808,
        "长期借款_万元": null,
        "应付债券_万元": null,
        "租赁负债_万元": 151.002419,
        "长期应付款_万元": 15678.592,
        "预计负债_万元": null,
        "递延收益_万元": 10032.223912,
        "递延所得税负债_万元": 1697.250372,
        "其他非流动负债_万元": null,
        "非流动负债合计_万元": 27559.068703,
        "总负债_万元": 244400.542511,
        "总负债同比增长_百分比": null,
        "资产负债率_百分比": null,
        "实收资本_万元": 63499.6022,
        "资本公积_万元": 46955.040136,
        "盈余公积_万元": 36474.262037,
        "未分配利润_万元": 241320.136657,
        "其他综合收益_万元": null,
        "专项储备_万元": null,
        "归属于母公司所有者权益合计_万元": 379554.405928,
        "少数股东权益_万元": 65194.21428,
        "股东权益合计_万元": 444748.620208
    },
    "利润表": {
        "营业总收入_万元": 293317.222519,
        "营业收入_万元": 293317.222519,
        "营业总收入同比增长_百分比": -6.28,
        "营业成本_万元": 99572.792856,
        "税金及附加_万元": 4443.380435,
        "销售费用_万元": 88378.264346,
        "管理费用_万元": 13580.099617,
        "研发费用_万元": 9713.972032,
        "财务费用_万元": -5671.283938,
        "其中利息费用_万元": 71.62743,
        "其中利息收入_万元": 5803.670625,
        "其他收益_万元": 6705.477662,
        "投资收益_万元": -353.485933,
        "其中对联营企业投资收益_万元": -50.408597,
        "公允价值变动收益_万元": 110.169075,
        "信用减值损失_万元": 193.321678,
        "资产减值损失_万元": 1826.369928,
        "资产处置收益_万元": 59.158583,
        "营业总支出_万元": 210017.225348,
        "营业利润_万元": 91841.008164,
        "营业外收入_万元": 2213.771771,
        "营业外支出_万元": 1685.272774,
        "利润总额_万元": 92369.507161,
        "所得税费用_万元": 18100.786022,
        "净利润_万元": 74268.721139,
        "归母净利润_万元": 68345.004289,
        "少数股东损益_万元": 5923.71685,
        "持续经营净利润_万元": 74268.721139,
        "终止经营净利润_万元": null,
        "其他综合收益_万元": null,
        "综合收益总额_万元": 74268.721139,
        "归母综合收益总额_万元": 68345.004289
    },
    "现金流量表": {
        "销售商品收到现金_万元": 363658.450528,
        "收到的税费返还_万元": 141.023272,
        "收到其他经营活动现金_万元": 10553.326908,
        "经营活动现金流入_万元": 374352.800708,
        "购买商品支付现金_万元": 75970.529851,
        "支付职工现金_万元": 54587.829328,
        "支付税费_万元": 47795.458232,
        "支付其他经营活动现金_万元": 98621.553089,
        "经营活动现金流出_万元": 276975.3705,
        "经营现金流净额_万元": 97377.430208,
        "经营现金流净额同比增长_百分比": 100.02,
        "收回投资现金_万元": 109800.0,
        "取得投资收益现金_万元": 2564.479436,
        "处置资产收回现金_万元": 8.582588,
        "收到其他投资活动现金_万元": null,
        "投资活动现金流入_万元": 112373.062024,
        "投资支付现金_万元": 139364.903158,
        "购建资产支付现金_万元": 20350.188105,
        "支付其他投资活动现金_万元": null,
        "投资活动现金流出_万元": 160415.091263,
        "投资现金流净额_万元": -48042.029239,
        "吸收投资现金_万元": 8395.36,
        "取得借款现金_万元": null,
        "收到其他筹资活动现金_万元": null,
        "筹资活动现金流入_万元": 8395.36,
        "偿还债务现金_万元": null,
        "分配股利现金_万元": 46047.38797,
        "支付其他筹资活动现金_万元": 181.95947,
        "筹资活动现金流出_万元": 46229.34744,
        "融资现金流净额_万元": -37833.98744,
        "汇率变动影响_万元": null,
        "现金及等价物净增加额_万元": 11501.413529,
        "净现金流_元": null,
        "净现金流同比增长_百分比": null,
        "期初现金及等价物_万元": 65192.430869,
        "期末现金及等价物_万元": 76693.844398,
        "经营现金流占比_百分比": null,
        "投资现金流占比_百分比": null,
        "融资现金流占比_百分比": null
    }
}