{
    "报告信息": {
        "序号": null,
        "股票代码": "600771",
        "股票简称": "广誉远",
        "报告年份": "2025",
        "报告期": "HY",
        "总股本_股": 489491141,
        "流通股本_股": null,
        "报告日期": "2025年8月19日",
        "审计意见": "未经审计",
        "会计师事务所": null
    },
    "核心业绩指标": {
        "每股收益_元": 0.16,
        "稀释每股收益_元": 0.16,
        "营业总收入_万元": 77928.356511,
        "营业总收入_亿元": 7.7928356511,
        "营收同比增长_百分比": 18.14,
        "营收环比增长_百分比": null,
        "净利润_万元": 7958.520168,
        "净利润_亿元": 0.7958520168,
        "净利润同比增长_百分比": null,
        "净利润环比增长_百分比": null,
        "归母净利润_万元": 7685.710356,
        "少数股东损益_万元": 272.809812,
        "每股净资产_元": null,
        "净资产收益率_百分比": 4.78,
        "扣非净资产收益率_百分比": 4.23,
        "每股经营现金流_元": null,
        "扣非净利润_万元": 6799.864744,
        "扣非净利润同比增长_百分比": 21.76,
        "销售毛利率_百分比": null,
        "销售净利率_百分比": null,
        "加权平均净资产收益率_百分比": 4.78,
        "扣非加权净资产收益率_百分比": 4.23,
        "总资产收益率_百分比": null,
        "主营业务收入_万元": 77884.16584,
        "主营业务成本_万元": 24786.730742,
        "主营业务利润_万元": null
    },
    "资产负债表": {
        "货币资金_万元": 34293.251612,
        "应收账款_万元": 34973.559962,
        "应收票据_万元": 11883.053647,
        "应收款项融资_万元": 4815.689851,
        "预付款项_万元": 2097.284101,
        "其他应收款_万元": 2343.07441,
        "存货_万元": 66479.652076,
        "合同资产_万元": null,
        "一年内到期的非流动资产_万元": null,
        "其他流动资产_万元": 334.875842,
        "流动资产合计_万元": 157220.441501,
        "交易性金融资产_万元": null,
        "债权投资_万元": null,
        "其他债权投资_万元": null,
        "长期应收款_万元": null,
        "长期股权投资_万元": 727.244452,
        "其他权益工具投资_万元": 734.167046,
        "投资性房地产_万元": 546.584625,
        "固定资产_万元": 60880.966928,
        "在建工程_万元": null,
        "生产性生物资产_万元": null,
        "油气资产_万元": null,
        "使用权资产_万元": 3467.984491,
        "无形资产_万元": 9384.263935,
        "开发支出_万元": null,
        "商誉_万元": 110.368133,
        "长期待摊费用_万元": 347.213866,
        "递延所得税资产_万元": 9188.064665,
        "其他非流动资产_万元": 2901.273987,
        "非流动资产合计_万元": 88177.763995,
        "总资产_万元": 245398.205496,
        "总资产同比增长_百分比": 7.83,
        "短期借款_万元": 3014.469543,
        "交易性金融负债_万元": null,
        "应付票据_万元": null,
        "应付账款_万元": 5702.553494,
        "预收款项_万元": null,
        "合同负债_万元": 3675.745471,
        "应付职工薪酬_万元": 3548.587571,
        "应交税费_万元": 3322.877754,
        "其他应付款_万元": 47130.317723,
        "一年内到期的非流动负债_万元": 1240.632006,
        "其他流动负债_万元": 5436.015518,
        "流动负债合计_万元": 73071.19908,
        "长期借款_万元": null,
        "应付债券_万元": null,
        "租赁负债_万元": 2900.684945,
        "长期应付款_万元": null,
        "预计负债_万元": null,
        "递延收益_万元": 2266.23825,
        "递延所得税负债_万元": 249.631199,
        "其他非流动负债_万元": null,
        "非流动负债合计_万元": 5416.554394,
        "总负债_万元": 78487.753474,
        "总负债同比增长_百分比": null,
        "资产负债率_百分比": null,
        "实收资本_万元": 48949.1141,
        "资本公积_万元": 158821.728732,
        "盈余公积_万元": 2961.531969,
        "未分配利润_万元": -45736.419441,
        "其他综合收益_万元": -329.411719,
        "专项储备_万元": null,
        "归属于母公司所有者权益合计_万元": 164666.543641,
        "少数股东权益_万元": 2243.908381,
        "股东权益合计_万元": 166910.452022
    },
    "利润表": {
        "营业总收入_万元": 77928.356511,
        "营业收入_万元": 77928.356511,
        "营业总收入同比增长_百分比": 18.14,
        "营业成本_万元": 24798.10718,
        "税金及附加_万元": 1831.945066,
        "销售费用_万元": 36113.99457,
        "管理费用_万元": 4083.526328,
        "研发费用_万元": 2071.972499,
        "财务费用_万元": 99.812497,
        "其中利息费用_万元": 143.773506,
        "其中利息收入_万元": 58.779588,
        "其他收益_万元": 1135.419068,
        "投资收益_万元": -4.076473,
        "其中对联营企业投资收益_万元": 76.363618,
        "公允价值变动收益_万元": null,
        "信用减值损失_万元": -1296.738978,
        "资产减值损失_万元": 15.688217,
        "资产处置收益_万元": null,
        "营业总支出_万元": null,
        "营业利润_万元": 8779.290205,
        "营业外收入_万元": 5.865807,
        "营业外支出_万元": 122.452772,
        "利润总额_万元": 8662.70324,
        "所得税费用_万元": 704.183072,
        "净利润_万元": 7958.520168,
        "归母净利润_万元": 7685.710356,
        "少数股东损益_万元": 272.809812,
        "持续经营净利润_万元": 7958.520168,
        "终止经营净利润_万元": null,
        "其他综合收益_万元": null,
        "综合收益总额_万元": 7958.520168,
        "归母综合收益总额_万元": 7685.710356
    },
    "现金流量表": {
        "销售商品收到现金_万元": 79359.989286,
        "收到的税费返还_万元": 0.008228,
        "收到其他经营活动现金_万元": 2821.068469,
        "经营活动现金流入_万元": 82181.057755,
        "购买商品支付现金_万元": 9467.452779,
        "支付职工现金_万元": 11103.071405,
        "支付税费_万元": 8783.08453,
        "支付其他经营活动现金_万元": 28221.566015,
        "经营活动现金流出_万元": 57575.174729,
        "经营现金流净额_万元": 24605.883026,
        "经营现金流净额同比增长_百分比": 51.65,
        "收回投资现金_万元": null,
        "取得投资收益现金_万元": null,
        "处置资产收回现金_万元": null,
        "收到其他投资活动现金_万元": null,
        "投资活动现金流入_万元": null,
        "投资支付现金_万元": 884.274872,
        "购建资产支付现金_万元": 261.876172,
        "支付其他投资活动现金_万元": null,
        "投资活动现金流出_万元": 1146.151044,
        "投资现金流净额_万元": -1146.151044,
        "吸收投资现金_万元": null,
        "取得借款现金_万元": null,
        "收到其他筹资活动现金_万元": null,
        "筹资活动现金流入_万元": null,
        "偿还债务现金_万元": 24560.0,
        "分配股利现金_万元": 394.956167,
        "支付其他筹资活动现金_万元": 714.039492,
        "筹资活动现金流出_万元": 714.039492,
        "融资现金流净额_万元": -714.039492,
        "汇率变动影响_万元": null,
        "现金及等价物净增加额_万元": 22745.69249,
        "净现金流_元": null,
        "净现金流同比增长_百分比": null,
        "期初现金及等价物_万元": 11538.699761,
        "期末现金及等价物_万元": 34284.392251,
        "经营现金流占比_百分比": null,
        "投资现金流占比_百分比": null,
        "融资现金流占比_百分比": null
    }
}