{
    "报告信息": {
        "序号": null,
        "股票代码": "600771",
        "股票简称": "广誉远",
        "报告年份": "2025",
        "报告期": "FY",
        "总股本_股": 489491141,
        "流通股本_股": null,
        "报告日期": "2025-04-25",
        "审计意见": "标准无保留意见",
        "会计师事务所": "信永中和会计师事务所（特殊普通合伙）"
    },
    "核心业绩指标": {
        "每股收益_元": 0.15,
        "稀释每股收益_元": 0.15,
        "营业总收入_万元": 122142.627679,
        "营业总收入_亿元": 12.2142627679,
        "营收同比增长_百分比": -4.87,
        "营收环比增长_百分比": null,
        "净利润_万元": 8360.091325,
        "净利润_亿元": 0.8360091325,
        "净利润同比增长_百分比": -9.96,
        "净利润环比增长_百分比": null,
        "归母净利润_万元": 7445.301826,
        "少数股东损益_万元": 914.789499,
        "每股净资产_元": null,
        "净资产收益率_百分比": null,
        "扣非净资产收益率_百分比": null,
        "每股经营现金流_元": null,
        "扣非净利润_万元": 6867.196941,
        "扣非净利润同比增长_百分比": -23.52,
        "销售毛利率_百分比": null,
        "销售净利率_百分比": null,
        "加权平均净资产收益率_百分比": 4.86,
        "扣非加权净资产收益率_百分比": 4.48,
        "总资产收益率_百分比": null,
        "主营业务收入_万元": 122021.1703,
        "主营业务成本_万元": 32196.725866,
        "主营业务利润_万元": 89824.444434
    },
    "资产负债表": {
        "货币资金_万元": 11538.699761,
        "应收账款_万元": 28103.890081,
        "应收票据_万元": 11999.613855,
        "应收款项融资_万元": 3809.308781,
        "预付款项_万元": 3250.809507,
        "其他应收款_万元": 780.347767,
        "存货_万元": 76694.776139,
        "合同资产_万元": null,
        "一年内到期的非流动资产_万元": null,
        "其他流动资产_万元": 434.943227,
        "流动资产合计_万元": 136740.902738,
        "交易性金融资产_万元": null,
        "债权投资_万元": null,
        "其他债权投资_万元": null,
        "长期应收款_万元": null,
        "长期股权投资_万元": 734.922421,
        "其他权益工具投资_万元": 734.167046,
        "投资性房地产_万元": 571.423733,
        "固定资产_万元": 62441.970153,
        "在建工程_万元": null,
        "生产性生物资产_万元": null,
        "油气资产_万元": null,
        "使用权资产_万元": 3905.938027,
        "无形资产_万元": 9608.902529,
        "开发支出_万元": null,
        "商誉_万元": 0,
        "长期待摊费用_万元": 378.56275,
        "递延所得税资产_万元": 9593.377802,
        "其他非流动资产_万元": 2877.478857,
        "非流动资产合计_万元": 90846.743318,
        "总资产_万元": 227587.646056,
        "总资产同比增长_百分比": -13.41,
        "短期借款_万元": 1994.892017,
        "交易性金融负债_万元": null,
        "应付票据_万元": null,
        "应付账款_万元": 7270.742188,
        "预收款项_万元": null,
        "合同负债_万元": 5083.204409,
        "应付职工薪酬_万元": 4110.457796,
        "应交税费_万元": 2539.722812,
        "其他应付款_万元": 37979.546286,
        "一年内到期的非流动负债_万元": 2198.747959,
        "其他流动负债_万元": 2192.807184,
        "流动负债合计_万元": 63370.120651,
        "长期借款_万元": null,
        "应付债券_万元": null,
        "租赁负债_万元": 3379.17469,
        "长期应付款_万元": null,
        "预计负债_万元": 0,
        "递延收益_万元": 1527.435281,
        "递延所得税负债_万元": 239.82958,
        "其他非流动负债_万元": null,
        "非流动负债合计_万元": 5146.439551,
        "总负债_万元": 68516.560202,
        "总负债同比增长_百分比": null,
        "资产负债率_百分比": null,
        "实收资本_万元": null,
        "资本公积_万元": 1588.21728732,
        "盈余公积_万元": 296.1531969,
        "未分配利润_万元": -53422.129797,
        "其他综合收益_万元": -329.411719,
        "专项储备_万元": null,
        "归属于母公司所有者权益合计_万元": 156980.833285,
        "少数股东权益_万元": 2090.252569,
        "股东权益合计_万元": 159071.085854
    },
    "利润表": {
        "营业总收入_万元": 122142.627679,
        "营业收入_万元": 122142.627679,
        "营业总收入同比增长_百分比": -4.87,
        "营业成本_万元": 32219.808814,
        "税金及附加_万元": 2903.162121,
        "销售费用_万元": 57927.770735,
        "管理费用_万元": 8653.799777,
        "研发费用_万元": 3859.173871,
        "财务费用_万元": 476.832196,
        "其中利息费用_万元": 643.267305,
        "其中利息收入_万元": 177.006739,
        "其他收益_万元": 1728.56095,
        "投资收益_万元": -772.512345,
        "其中对联营企业投资收益_万元": -633.751898,
        "公允价值变动收益_万元": null,
        "信用减值损失_万元": -7001.46858,
        "资产减值损失_万元": -1216.473041,
        "资产处置收益_万元": -2.1472,
        "营业总支出_万元": null,
        "营业利润_万元": 9080.15775,
        "营业外收入_万元": 350.961578,
        "营业外支出_万元": 1346.419839,
        "利润总额_万元": 8084.699489,
        "所得税费用_万元": -275.391836,
        "净利润_万元": 8360.091325,
        "归母净利润_万元": 7445.301826,
        "少数股东损益_万元": 914.789499,
        "持续经营净利润_万元": null,
        "终止经营净利润_万元": null,
        "其他综合收益_万元": null,
        "综合收益总额_万元": null,
        "归母综合收益总额_万元": null
    },
    "现金流量表": {
        "销售商品收到现金_万元": 143489.821287,
        "收到的税费返还_万元": 18.629333,
        "收到其他经营活动现金_万元": 5495.660001,
        "经营活动现金流入_万元": 149004.110621,
        "购买商品支付现金_万元": 43924.560071,
        "支付职工现金_万元": 21222.95825,
        "支付税费_万元": 14430.839433,
        "支付其他经营活动现金_万元": 58186.611028,
        "经营活动现金流出_万元": 137764.968782,
        "经营现金流净额_万元": 11239.141839,
        "经营现金流净额同比增长_百分比": -47.85,
        "收回投资现金_万元": null,
        "取得投资收益现金_万元": null,
        "处置资产收回现金_万元": null,
        "收到其他投资活动现金_万元": null,
        "投资活动现金流入_万元": null,
        "投资支付现金_万元": null,
        "购建资产支付现金_万元": null,
        "支付其他投资活动现金_万元": null,
        "投资活动现金流出_万元": null,
        "投资现金流净额_万元": -717.231206,
        "吸收投资现金_万元": null,
        "取得借款现金_万元": null,
        "收到其他筹资活动现金_万元": null,
        "筹资活动现金流入_万元": null,
        "偿还债务现金_万元": null,
        "分配股利现金_万元": null,
        "支付其他筹资活动现金_万元": null,
        "筹资活动现金流出_万元": null,
        "融资现金流净额_万元": -24678.329135,
        "汇率变动影响_万元": null,
        "现金及等价物净增加额_万元": -14156.418502,
        "净现金流_元": null,
        "净现金流同比增长_百分比": null,
        "期初现金及等价物_万元": 25876.333343,
        "期末现金及等价物_万元": 11667.213381,
        "经营现金流占比_百分比": null,
        "投资现金流占比_百分比": null,
        "融资现金流占比_百分比": null
    }
}