{
    "报告信息": {
        "序号": null,
        "股票代码": "600771",
        "股票简称": "广誉远",
        "报告年份": "2024",
        "报告期": "年度",
        "总股本_股": 489491141,
        "流通股本_股": null,
        "报告日期": "2024-04-30",
        "审计意见": "标准无保留意见",
        "会计师事务所": "信永中和会计师事务所（特殊普通合伙）",
        "期": "FY"
    },
    "核心业绩指标": {
        "每股收益_元": 0.18,
        "稀释每股收益_元": 0.18,
        "营业总收入_万元": 128401.575189,
        "营业总收入_亿元": 12.8401575189,
        "营收同比增长_百分比": 13.56,
        "营收环比增长_百分比": null,
        "净利润_万元": 9285.115549,
        "净利润_亿元": 0.9285115549,
        "净利润同比增长_百分比": null,
        "净利润环比增长_百分比": null,
        "归母净利润_万元": 9007.856563,
        "少数股东损益_万元": 277.258986,
        "每股净资产_元": 3.05,
        "净资产收益率_百分比": null,
        "扣非净资产收益率_百分比": null,
        "每股经营现金流_元": 0.44,
        "扣非净利润_万元": 8978.510696,
        "扣非净利润同比增长_百分比": null,
        "销售毛利率_百分比": 72.94,
        "销售净利率_百分比": 7.24,
        "加权平均净资产收益率_百分比": 6.19,
        "扣非加权净资产收益率_百分比": 6.17,
        "总资产收益率_百分比": 3.54,
        "主营业务收入_万元": 127204.411269,
        "主营业务成本_万元": 34741.827322,
        "主营业务利润_万元": 92462.583947
    },
    "资产负债表": {
        "货币资金_万元": 25876.333343,
        "应收账款_万元": 48834.696066,
        "应收票据_万元": 16416.31644,
        "应收款项融资_万元": 17822.239867,
        "预付款项_万元": 993.585669,
        "其他应收款_万元": 803.121793,
        "存货_万元": 56953.000823,
        "合同资产_万元": null,
        "一年内到期的非流动资产_万元": null,
        "其他流动资产_万元": 522.984308,
        "流动资产合计_万元": 168222.278309,
        "交易性金融资产_万元": 0,
        "债权投资_万元": 0,
        "其他债权投资_万元": 0,
        "长期应收款_万元": 0,
        "长期股权投资_万元": 1170.27,
        "其他权益工具投资_万元": 1027.733948,
        "投资性房地产_万元": 621.10195,
        "固定资产_万元": 66330.97797,
        "在建工程_万元": 0,
        "生产性生物资产_万元": 0,
        "油气资产_万元": 0,
        "使用权资产_万元": 4420.573233,
        "无形资产_万元": 9375.247111,
        "开发支出_万元": 0,
        "商誉_万元": 0,
        "长期待摊费用_万元": 434.1029,
        "递延所得税资产_万元": 9168.689817,
        "其他非流动资产_万元": 2070.314961,
        "非流动资产合计_万元": 94619.076133,
        "总资产_万元": 262841.354442,
        "总资产同比增长_百分比": -2.68,
        "短期借款_万元": 5606.416667,
        "交易性金融负债_万元": 0,
        "应付票据_万元": 0,
        "应付账款_万元": 7644.62972,
        "预收款项_万元": 0,
        "合同负债_万元": 6901.739308,
        "应付职工薪酬_万元": 4606.515466,
        "应交税费_万元": 1798.565508,
        "其他应付款_万元": 53173.926507,
        "一年内到期的非流动负债_万元": 19618.451198,
        "其他流动负债_万元": 5005.521097,
        "流动负债合计_万元": 104355.765471,
        "长期借款_万元": 0,
        "应付债券_万元": 0,
        "租赁负债_万元": 3911.103728,
        "长期应付款_万元": 0,
        "预计负债_万元": 926.945587,
        "递延收益_万元": 1510.270527,
        "递延所得税负债_万元": 1350.898384,
        "其他非流动负债_万元": 0,
        "非流动负债合计_万元": 7699.218226,
        "总负债_万元": 112054.983697,
        "总负债同比增长_百分比": null,
        "资产负债率_百分比": 42.64,
        "实收资本_万元": 48949.1141,
        "资本公积_万元": 158821.728732,
        "盈余公积_万元": 2961.531969,
        "未分配利润_万元": -60867.431623,
        "其他综合收益_万元": -252.179047,
        "专项储备_万元": 0,
        "归属于母公司所有者权益合计_万元": 149612.764131,
        "少数股东权益_万元": 1173.606614,
        "股东权益合计_万元": 150786.370745
    },
    "利润表": {
        "营业总收入_万元": 128401.575189,
        "营业收入_万元": 128401.575189,
        "营业总收入同比增长_百分比": 13.56,
        "营业成本_万元": 34741.827322,
        "税金及附加_万元": 3166.845853,
        "销售费用_万元": 64345.796824,
        "管理费用_万元": 9280.531451,
        "研发费用_万元": 3138.156118,
        "财务费用_万元": 1557.410219,
        "其中利息费用_万元": 1693.898548,
        "其中利息收入_万元": 151.570217,
        "其他收益_万元": 1959.72327,
        "投资收益_万元": 145.124624,
        "其中对联营企业投资收益_万元": null,
        "公允价值变动收益_万元": 0,
        "信用减值损失_万元": -2501.390733,
        "资产减值损失_万元": -313.291196,
        "资产处置收益_万元": 20.089334,
        "营业总支出_万元": null,
        "营业利润_万元": 11481.262701,
        "营业外收入_万元": 16.904017,
        "营业外支出_万元": 1460.767557,
        "利润总额_万元": 10037.399161,
        "所得税费用_万元": 752.283612,
        "净利润_万元": 9285.115549,
        "归母净利润_万元": 9007.856563,
        "少数股东损益_万元": 277.258986,
        "持续经营净利润_万元": 9285.115549,
        "终止经营净利润_万元": 0,
        "其他综合收益_万元": -836.441052,
        "综合收益总额_万元": 8448.674497,
        "归母综合收益总额_万元": 8200.323324
    },
    "现金流量表": {
        "销售商品收到现金_万元": 153502.14488,
        "收到的税费返还_万元": 0,
        "收到其他经营活动现金_万元": 7162.996506,
        "经营活动现金流入_万元": 160665.141386,
        "购买商品支付现金_万元": 53149.817256,
        "支付职工现金_万元": 19979.744573,
        "支付税费_万元": 14215.000594,
        "支付其他经营活动现金_万元": 51770.585423,
        "经营活动现金流出_万元": 139115.147846,
        "经营现金流净额_万元": 21549.99354,
        "经营现金流净额同比增长_百分比": -14.97,
        "收回投资现金_万元": 35.167605,
        "取得投资收益现金_万元": 74.125,
        "处置资产收回现金_万元": 23.323436,
        "收到其他投资活动现金_万元": 0,
        "投资活动现金流入_万元": 132.616041,
        "投资支付现金_万元": 0,
        "购建资产支付现金_万元": 251.144842,
        "支付其他投资活动现金_万元": 0,
        "投资活动现金流出_万元": 251.144842,
        "投资现金流净额_万元": -118.528801,
        "吸收投资现金_万元": 0,
        "取得借款现金_万元": 5600,
        "收到其他筹资活动现金_万元": 0,
        "筹资活动现金流入_万元": 5600,
        "偿还债务现金_万元": 23520,
        "分配股利现金_万元": 1433.459956,
        "支付其他筹资活动现金_万元": 777.628401,
        "筹资活动现金流出_万元": 25731.088357,
        "融资现金流净额_万元": -20131.088357,
        "汇率变动影响_万元": 0,
        "现金及等价物净增加额_万元": 1300.376382,
        "净现金流_元": 13003763.82,
        "净现金流同比增长_百分比": null,
        "期初现金及等价物_万元": 24394.741881,
        "期末现金及等价物_万元": 25695.118263,
        "经营现金流占比_百分比": 16.58,
        "投资现金流占比_百分比": -9.1,
        "融资现金流占比_百分比": -15.48
    }
}