{
    "报告信息": {
        "序号": null,
        "股票代码": "600771",
        "股票简称": "广誉远",
        "报告年份": "2025",
        "报告期": "第三季度",
        "总股本_股": 489491141,
        "流通股本_股": null,
        "报告日期": "2025-10-24",
        "审计意见": "未经审计",
        "会计师事务所": null,
        "期": "Q3"
    },
    "核心业绩指标": {
        "每股收益_元": 0.0041,
        "稀释每股收益_元": 0.0041,
        "营业总收入_万元": 28143.924027,
        "营业总收入_亿元": 2.8143924027,
        "营收同比增长_百分比": 20.31,
        "营收环比增长_百分比": null,
        "净利润_万元": 314.4062214,
        "净利润_亿元": 0.03144062214,
        "净利润同比增长_百分比": 87.44,
        "净利润环比增长_百分比": null,
        "归母净利润_万元": 202.688366,
        "少数股东损益_万元": null,
        "每股净资产_元": null,
        "净资产收益率_百分比": null,
        "扣非净资产收益率_百分比": null,
        "每股经营现金流_元": null,
        "扣非净利润_万元": 78.9069821,
        "扣非净利润同比增长_百分比": -16.84,
        "销售毛利率_百分比": null,
        "销售净利率_百分比": null,
        "加权平均净资产收益率_百分比": 0.13,
        "扣非加权净资产收益率_百分比": null,
        "总资产收益率_百分比": null,
        "主营业务收入_万元": null,
        "主营业务成本_万元": null,
        "主营业务利润_万元": null
    },
    "资产负债表": {
        "货币资金_万元": 29643.53767,
        "应收账款_万元": 29165.44276,
        "应收票据_万元": 7380.527432,
        "应收款项融资_万元": 11476.898335,
        "预付款项_万元": 2106.306849,
        "其他应收款_万元": 4551.141126,
        "存货_万元": 74195.334073,
        "合同资产_万元": null,
        "一年内到期的非流动资产_万元": null,
        "其他流动资产_万元": 790.136195,
        "流动资产合计_万元": 159309.32444,
        "交易性金融资产_万元": null,
        "债权投资_万元": null,
        "其他债权投资_万元": null,
        "长期应收款_万元": null,
        "长期股权投资_万元": 788.180188,
        "其他权益工具投资_万元": 734.167046,
        "投资性房地产_万元": 534.16507,
        "固定资产_万元": 60169.247227,
        "在建工程_万元": 10.201887,
        "生产性生物资产_万元": null,
        "油气资产_万元": null,
        "使用权资产_万元": 3249.007723,
        "无形资产_万元": 9274.818455,
        "开发支出_万元": null,
        "商誉_万元": null,
        "长期待摊费用_万元": 331.539424,
        "递延所得税资产_万元": 8937.411948,
        "其他非流动资产_万元": 2713.242097,
        "非流动资产合计_万元": 86741.981065,
        "总资产_万元": 246051.305505,
        "总资产同比增长_百分比": 8.11,
        "短期借款_万元": 1843.591058,
        "交易性金融负债_万元": null,
        "应付票据_万元": null,
        "应付账款_万元": 13617.265157,
        "预收款项_万元": null,
        "合同负债_万元": 4340.022514,
        "应付职工薪酬_万元": 3808.346093,
        "应交税费_万元": 3163.033231,
        "其他应付款_万元": 42337.429325,
        "一年内到期的非流动负债_万元": 1245.585138,
        "其他流动负债_万元": 3285.251046,
        "流动负债合计_万元": 73640.523562,
        "长期借款_万元": null,
        "应付债券_万元": null,
        "租赁负债_万元": 2730.721916,
        "长期应付款_万元": null,
        "预计负债_万元": null,
        "递延收益_万元": 2263.037469,
        "递延所得税负债_万元": 249.631199,
        "其他非流动负债_万元": null,
        "非流动负债合计_万元": 5243.390584,
        "总负债_万元": 78883.914146,
        "总负债同比增长_百分比": null,
        "资产负债率_百分比": null,
        "实收资本_万元": 48949.1141,
        "资本公积_万元": 158821.728732,
        "盈余公积_万元": 2961.531969,
        "未分配利润_万元": -45533.731075,
        "其他综合收益_万元": -329.411719,
        "专项储备_万元": null,
        "归属于母公司所有者权益合计_万元": 164869.232007,
        "少数股东权益_万元": 2298.159352,
        "股东权益合计_万元": 167167.391359
    },
    "利润表": {
        "营业总收入_万元": 106072.280538,
        "营业收入_万元": 106072.280538,
        "营业总收入同比增长_百分比": 18.71,
        "营业成本_万元": 34140.332787,
        "税金及附加_万元": 2508.213257,
        "销售费用_万元": 47414.63028,
        "管理费用_万元": 6267.20818,
        "研发费用_万元": 3104.313971,
        "财务费用_万元": 113.527584,
        "其中利息费用_万元": 179.005575,
        "其中利息收入_万元": 91.112015,
        "其他收益_万元": 1202.469461,
        "投资收益_万元": 48.273047,
        "其中对联营企业投资收益_万元": 128.713138,
        "公允价值变动收益_万元": null,
        "信用减值损失_万元": -1296.738978,
        "资产减值损失_万元": 15.688217,
        "资产处置收益_万元": null,
        "营业总支出_万元": 93548.226059,
        "营业利润_万元": 12493.746226,
        "营业外收入_万元": 6.116661,
        "营业外支出_万元": 693.097433,
        "利润总额_万元": 11806.765454,
        "所得税费用_万元": 3591.305949,
        "净利润_万元": 8215.459505,
        "归母净利润_万元": 7888.398722,
        "少数股东损益_万元": 327.060783,
        "持续经营净利润_万元": 8215.459505,
        "终止经营净利润_万元": null,
        "其他综合收益_万元": null,
        "综合收益总额_万元": 8215.459505,
        "归母综合收益总额_万元": 7888.398722
    },
    "现金流量表": {
        "销售商品收到现金_万元": 109276.170479,
        "收到的税费返还_万元": null,
        "收到其他经营活动现金_万元": 3968.917866,
        "经营活动现金流入_万元": 113245.088345,
        "购买商品支付现金_万元": 16376.225413,
        "支付职工现金_万元": 16363.923608,
        "支付税费_万元": 15510.113057,
        "支付其他经营活动现金_万元": 44866.333536,
        "经营活动现金流出_万元": 93116.595614,
        "经营现金流净额_万元": 20128.492731,
        "经营现金流净额同比增长_百分比": 47.95,
        "收回投资现金_万元": null,
        "取得投资收益现金_万元": null,
        "处置资产收回现金_万元": null,
        "收到其他投资活动现金_万元": null,
        "投资活动现金流入_万元": null,
        "投资支付现金_万元": 884.274872,
        "购建资产支付现金_万元": 380.855124,
        "支付其他投资活动现金_万元": null,
        "投资活动现金流出_万元": 1265.129996,
        "投资现金流净额_万元": -1265.129996,
        "吸收投资现金_万元": null,
        "取得借款现金_万元": null,
        "收到其他筹资活动现金_万元": null,
        "筹资活动现金流入_万元": null,
        "偿还债务现金_万元": null,
        "分配股利现金_万元": 119.154,
        "支付其他筹资活动现金_万元": 773.039244,
        "筹资活动现金流出_万元": 892.193244,
        "融资现金流净额_万元": -892.193244,
        "汇率变动影响_万元": null,
        "现金及等价物净增加额_万元": 17971.169491,
        "净现金流_元": null,
        "净现金流同比增长_百分比": null,
        "期初现金及等价物_万元": 11538.699761,
        "期末现金及等价物_万元": 29509.869252,
        "经营现金流占比_百分比": null,
        "投资现金流占比_百分比": null,
        "融资现金流占比_百分比": null
    }
}