{
    "报告信息": {
        "序号": null,
        "股票代码": "600976",
        "股票简称": "健民集团",
        "报告年份": "2024",
        "报告期": "Q1",
        "总股本_股": 153398600,
        "流通股本_股": null,
        "报告日期": "2024-04-19",
        "审计意见": null,
        "会计师事务所": null
    },
    "核心业绩指标": {
        "每股收益_元": 0.65,
        "稀释每股收益_元": 0.65,
        "营业总收入_万元": 97012.113545,
        "营业总收入_亿元": 9.7012113545,
        "营收同比增长_百分比": -4.27,
        "营收环比增长_百分比": null,
        "净利润_万元": 10019.744085,
        "净利润_亿元": 1.0019744085,
        "净利润同比增长_百分比": null,
        "净利润环比增长_百分比": null,
        "归母净利润_万元": 9952.395019,
        "少数股东损益_万元": 67.349066,
        "每股净资产_元": null,
        "净资产收益率_百分比": null,
        "扣非净资产收益率_百分比": null,
        "每股经营现金流_元": null,
        "扣非净利润_万元": 9047.367159,
        "扣非净利润同比增长_百分比": 0.05,
        "销售毛利率_百分比": null,
        "销售净利率_百分比": null,
        "加权平均净资产收益率_百分比": 4.33,
        "扣非加权净资产收益率_百分比": null,
        "总资产收益率_百分比": null,
        "主营业务收入_万元": 97012.113545,
        "主营业务成本_万元": 55782.770177,
        "主营业务利润_万元": null
    },
    "资产负债表": {
        "货币资金_万元": 30528.762399,
        "应收账款_万元": 102541.536876,
        "应收票据_万元": 659.305259,
        "应收款项融资_万元": 27517.300209,
        "预付款项_万元": 7723.980362,
        "其他应收款_万元": 3754.66672,
        "存货_万元": 46032.822319,
        "合同资产_万元": 152.90434,
        "一年内到期的非流动资产_万元": 0,
        "其他流动资产_万元": 3921.781282,
        "流动资产合计_万元": 286616.336454,
        "交易性金融资产_万元": 63783.276688,
        "债权投资_万元": null,
        "其他债权投资_万元": null,
        "长期应收款_万元": null,
        "长期股权投资_万元": 47063.40255,
        "其他权益工具投资_万元": null,
        "投资性房地产_万元": 862.312441,
        "固定资产_万元": 37164.03522,
        "在建工程_万元": 4767.734643,
        "生产性生物资产_万元": null,
        "油气资产_万元": null,
        "使用权资产_万元": 3172.135855,
        "无形资产_万元": 2815.380262,
        "开发支出_万元": 576.212521,
        "商誉_万元": 21.403549,
        "长期待摊费用_万元": 10610.013648,
        "递延所得税资产_万元": 13944.234353,
        "其他非流动资产_万元": 1521.872745,
        "非流动资产合计_万元": 146740.574316,
        "总资产_万元": 433356.91077,
        "总资产同比增长_百分比": 3.97,
        "短期借款_万元": 8439.506342,
        "交易性金融负债_万元": 0,
        "应付票据_万元": 43099.654572,
        "应付账款_万元": 45948.928464,
        "预收款项_万元": 7.936508,
        "合同负债_万元": 3040.258374,
        "应付职工薪酬_万元": 3256.636069,
        "应交税费_万元": 8233.298575,
        "其他应付款_万元": 19321.461674,
        "一年内到期的非流动负债_万元": 407.665123,
        "其他流动负债_万元": 58629.862801,
        "流动负债合计_万元": 190377.271994,
        "长期借款_万元": 0,
        "应付债券_万元": null,
        "租赁负债_万元": 3037.779358,
        "长期应付款_万元": 0,
        "预计负债_万元": 0,
        "递延收益_万元": 3628.328031,
        "递延所得税负债_万元": 562.00154,
        "其他非流动负债_万元": 0,
        "非流动负债合计_万元": 7228.108929,
        "总负债_万元": 197605.380923,
        "总负债同比增长_百分比": null,
        "资产负债率_百分比": null,
        "实收资本_万元": 15339.86,
        "资本公积_万元": 52151.736312,
        "盈余公积_万元": 14664.156522,
        "未分配利润_万元": 153326.595326,
        "其他综合收益_万元": 0,
        "专项储备_万元": null,
        "归属于母公司所有者权益合计_万元": 234806.329855,
        "少数股东权益_万元": 945.199992,
        "股东权益合计_万元": 235751.529847
    },
    "利润表": {
        "营业总收入_万元": 97012.113545,
        "营业收入_万元": 97012.113545,
        "营业总收入同比增长_百分比": -4.27,
        "营业成本_万元": 55782.770177,
        "税金及附加_万元": 534.640165,
        "销售费用_万元": 30427.212357,
        "管理费用_万元": 4210.024756,
        "研发费用_万元": 2295.166826,
        "财务费用_万元": 36.610333,
        "其中利息费用_万元": 130.95336,
        "其中利息收入_万元": 118.680916,
        "其他收益_万元": 503.718092,
        "投资收益_万元": 5977.464071,
        "其中对联营企业投资收益_万元": 6061.906669,
        "公允价值变动收益_万元": 751.948769,
        "信用减值损失_万元": 0,
        "资产减值损失_万元": 0,
        "资产处置收益_万元": 1.751136,
        "营业总支出_万元": 93286.424614,
        "营业利润_万元": 10960.570999,
        "营业外收入_万元": 6.575223,
        "营业外支出_万元": 143.311023,
        "利润总额_万元": 10823.835199,
        "所得税费用_万元": 804.091114,
        "净利润_万元": 10019.744085,
        "归母净利润_万元": 9952.395019,
        "少数股东损益_万元": 67.349066,
        "持续经营净利润_万元": 10019.744085,
        "终止经营净利润_万元": null,
        "其他综合收益_万元": 0,
        "综合收益总额_万元": 10019.744085,
        "归母综合收益总额_万元": 9952.395019
    },
    "现金流量表": {
        "销售商品收到现金_万元": 89620.601402,
        "收到的税费返还_万元": 0,
        "收到其他经营活动现金_万元": 6893.316439,
        "经营活动现金流入_万元": 96513.917841,
        "购买商品支付现金_万元": 51188.032807,
        "支付职工现金_万元": 9647.886619,
        "支付税费_万元": 4804.576331,
        "支付其他经营活动现金_万元": 36038.131709,
        "经营活动现金流出_万元": 101678.627466,
        "经营现金流净额_万元": -5164.709625,
        "经营现金流净额同比增长_百分比": 22.73,
        "收回投资现金_万元": 0,
        "取得投资收益现金_万元": 233.284405,
        "处置资产收回现金_万元": 6.88805,
        "收到其他投资活动现金_万元": 34000,
        "投资活动现金流入_万元": 34240.172455,
        "投资支付现金_万元": 0,
        "购建资产支付现金_万元": 1787.400333,
        "支付其他投资活动现金_万元": 28000,
        "投资活动现金流出_万元": 29787.400333,
        "投资现金流净额_万元": 4452.772122,
        "吸收投资现金_万元": 0,
        "取得借款现金_万元": 6089.506342,
        "收到其他筹资活动现金_万元": 535.363219,
        "筹资活动现金流入_万元": 6624.869561,
        "偿还债务现金_万元": 5594.506342,
        "分配股利现金_万元": 90.514375,
        "支付其他筹资活动现金_万元": 767.333684,
        "筹资活动现金流出_万元": 6452.354401,
        "融资现金流净额_万元": 172.51516,
        "汇率变动影响_万元": 0,
        "现金及等价物净增加额_万元": -539.422343,
        "净现金流_元": null,
        "净现金流同比增长_百分比": null,
        "期初现金及等价物_万元": 26859.010096,
        "期末现金及等价物_万元": 26319.587753,
        "经营现金流占比_百分比": null,
        "投资现金流占比_百分比": null,
        "融资现金流占比_百分比": null
    }
}