{
    "报告信息": {
        "序号": null,
        "股票代码": "600993",
        "股票简称": "龙津药业",
        "报告年份": "2024",
        "报告期": "年度",
        "总股本_股": 431053891,
        "流通股本_股": null,
        "报告日期": null,
        "审计意见": "标准无保留意见",
        "会计师事务所": "中审众环会计师事务所（特殊普通合伙）",
        "期": "FY"
    },
    "核心业绩指标": {
        "每股收益_元": 1.03,
        "稀释每股收益_元": 1.03,
        "营业总收入_万元": 313674.640753,
        "营业总收入_亿元": 31.3674640753,
        "营收同比增长_百分比": -11.2,
        "营收环比增长_百分比": null,
        "净利润_万元": 45183.923371,
        "净利润_亿元": 4.5183923371,
        "净利润同比增长_百分比": null,
        "净利润环比增长_百分比": null,
        "归母净利润_万元": 44325.093532,
        "少数股东损益_万元": 858.829839,
        "每股净资产_元": null,
        "净资产收益率_百分比": 12.31,
        "扣非净资产收益率_百分比": null,
        "每股经营现金流_元": null,
        "扣非净利润_万元": 35236.770707,
        "扣非净利润同比增长_百分比": -23.61,
        "销售毛利率_百分比": null,
        "销售净利率_百分比": null,
        "加权平均净资产收益率_百分比": 12.31,
        "扣非加权净资产收益率_百分比": 9.79,
        "总资产收益率_百分比": null,
        "主营业务收入_万元": 309844.338485,
        "主营业务成本_万元": 181442.699245,
        "主营业务利润_万元": 128401.63924
    },
    "资产负债表": {
        "货币资金_万元": 298809.594991,
        "应收账款_万元": 24637.281049,
        "应收票据_万元": 3379.047563,
        "应收款项融资_万元": 5504.459006,
        "预付款项_万元": 5339.110575,
        "其他应收款_万元": 2537.066404,
        "存货_万元": 27347.721597,
        "合同资产_万元": null,
        "一年内到期的非流动资产_万元": null,
        "其他流动资产_万元": 3314.042052,
        "流动资产合计_万元": 377157.848887,
        "交易性金融资产_万元": 6328.52565,
        "债权投资_万元": null,
        "其他债权投资_万元": null,
        "长期应收款_万元": null,
        "长期股权投资_万元": 13504.795809,
        "其他权益工具投资_万元": null,
        "投资性房地产_万元": null,
        "固定资产_万元": 30342.95315,
        "在建工程_万元": 20573.503623,
        "生产性生物资产_万元": null,
        "油气资产_万元": null,
        "使用权资产_万元": 12636.36838,
        "无形资产_万元": 9011.281723,
        "开发支出_万元": 7166.110794,
        "商誉_万元": 2526.281599,
        "长期待摊费用_万元": 1063.487269,
        "递延所得税资产_万元": 4945.870296,
        "其他非流动资产_万元": 2245.883083,
        "非流动资产合计_万元": 105794.51336,
        "总资产_万元": 482952.362247,
        "总资产同比增长_百分比": -5.08,
        "短期借款_万元": 4580.0,
        "交易性金融负债_万元": null,
        "应付票据_万元": 7967.250859,
        "应付账款_万元": 21001.371552,
        "预收款项_万元": null,
        "合同负债_万元": 9185.714753,
        "应付职工薪酬_万元": 2371.757455,
        "应交税费_万元": 9639.052615,
        "其他应付款_万元": 8048.754765,
        "一年内到期的非流动负债_万元": 3290.733543,
        "其他流动负债_万元": 2022.50452,
        "流动负债合计_万元": 68107.140062,
        "长期借款_万元": 10000.0,
        "应付债券_万元": null,
        "租赁负债_万元": 9358.66369,
        "长期应付款_万元": null,
        "预计负债_万元": null,
        "递延收益_万元": 2789.100272,
        "递延所得税负债_万元": 2861.032808,
        "其他非流动负债_万元": 2845.861605,
        "非流动负债合计_万元": 27854.658375,
        "总负债_万元": 95961.798437,
        "总负债同比增长_百分比": null,
        "资产负债率_百分比": null,
        "实收资本_万元": 43105.3891,
        "资本公积_万元": 5150.9381,
        "盈余公积_万元": 29529.264633,
        "未分配利润_万元": 295745.277102,
        "其他综合收益_万元": 265.953016,
        "专项储备_万元": null,
        "归属于母公司所有者权益合计_万元": 373796.821951,
        "少数股东权益_万元": 13193.741859,
        "股东权益合计_万元": 386990.56381
    },
    "利润表": {
        "营业总收入_万元": 313674.640753,
        "营业收入_万元": 313674.640753,
        "营业总收入同比增长_百分比": -11.2,
        "营业成本_万元": 182207.421844,
        "税金及附加_万元": 2438.566641,
        "销售费用_万元": 71516.603278,
        "管理费用_万元": 11004.175049,
        "研发费用_万元": 6901.429388,
        "财务费用_万元": -4437.509956,
        "其中利息费用_万元": 1685.416583,
        "其中利息收入_万元": 6098.030518,
        "其他收益_万元": 2012.16282,
        "投资收益_万元": 9051.947527,
        "其中对联营企业投资收益_万元": 172.258783,
        "公允价值变动收益_万元": 552.060244,
        "信用减值损失_万元": -790.169134,
        "资产减值损失_万元": -1327.974956,
        "资产处置收益_万元": 120.852936,
        "营业总支出_万元": null,
        "营业利润_万元": 53662.833946,
        "营业外收入_万元": 28.14477,
        "营业外支出_万元": 1220.654953,
        "利润总额_万元": 52470.323763,
        "所得税费用_万元": 7286.400392,
        "净利润_万元": 45183.923371,
        "归母净利润_万元": 44325.093532,
        "少数股东损益_万元": 858.829839,
        "持续经营净利润_万元": 45183.923371,
        "终止经营净利润_万元": null,
        "其他综合收益_万元": 20.194445,
        "综合收益总额_万元": 45204.117816,
        "归母综合收益总额_万元": 44344.87601
    },
    "现金流量表": {
        "销售商品收到现金_万元": 335142.299825,
        "收到的税费返还_万元": 52.036683,
        "收到其他经营活动现金_万元": 20827.704848,
        "经营活动现金流入_万元": 356022.041356,
        "购买商品支付现金_万元": 160502.951305,
        "支付职工现金_万元": 42292.416288,
        "支付税费_万元": 32439.595873,
        "支付其他经营活动现金_万元": 60380.53376,
        "经营活动现金流出_万元": 295615.415526,
        "经营现金流净额_万元": 60406.54413,
        "经营现金流净额同比增长_百分比": 76.7,
        "收回投资现金_万元": 270694.749861,
        "取得投资收益现金_万元": 1767.749848,
        "处置资产收回现金_万元": 361.369501,
        "收到其他投资活动现金_万元": null,
        "投资活动现金流入_万元": 272823.86921,
        "投资支付现金_万元": 203104.0,
        "购建资产支付现金_万元": 24836.407252,
        "支付其他投资活动现金_万元": 56.34,
        "投资活动现金流出_万元": 227996.747252,
        "投资现金流净额_万元": 44827.121958,
        "吸收投资现金_万元": 1393.3,
        "取得借款现金_万元": 5859.9991,
        "收到其他筹资活动现金_万元": null,
        "筹资活动现金流入_万元": 7253.2991,
        "偿还债务现金_万元": 39111.0,
        "分配股利现金_万元": 16831.302299,
        "支付其他筹资活动现金_万元": 9227.475922,
        "筹资活动现金流出_万元": 65169.778221,
        "融资现金流净额_万元": -57916.479121,
        "汇率变动影响_万元": 25.608948,
        "现金及等价物净增加额_万元": 47342.795915,
        "净现金流_元": null,
        "净现金流同比增长_百分比": null,
        "期初现金及等价物_万元": 230962.145871,
        "期末现金及等价物_万元": 278304.941786,
        "经营现金流占比_百分比": null,
        "投资现金流占比_百分比": null,
        "融资现金流占比_百分比": null
    }
}