{
    "报告信息": {
        "序号": null,
        "股票代码": "600993",
        "股票简称": "龙津药业",
        "报告年份": "2025",
        "报告期": "Q1",
        "总股本_股": 431053891,
        "流通股本_股": null,
        "报告日期": "2025-04-24",
        "审计意见": "未经审计",
        "会计师事务所": null
    },
    "核心业绩指标": {
        "每股收益_元": 0.47,
        "稀释每股收益_元": 0.47,
        "营业总收入_万元": 96914.744922,
        "营业总收入_亿元": 9.6914744922,
        "营收同比增长_百分比": 1.48,
        "营收环比增长_百分比": null,
        "净利润_万元": 21001.056264,
        "净利润_亿元": 2.1001056264,
        "净利润同比增长_百分比": null,
        "净利润环比增长_百分比": null,
        "归母净利润_万元": 20357.214006,
        "少数股东损益_万元": 643.842258,
        "每股净资产_元": null,
        "净资产收益率_百分比": null,
        "扣非净资产收益率_百分比": null,
        "每股经营现金流_元": null,
        "扣非净利润_万元": 19505.062812,
        "扣非净利润同比增长_百分比": 1.01,
        "销售毛利率_百分比": null,
        "销售净利率_百分比": null,
        "加权平均净资产收益率_百分比": 4.88,
        "扣非加权净资产收益率_百分比": null,
        "总资产收益率_百分比": null,
        "主营业务收入_万元": 96914.744922,
        "主营业务成本_万元": 48562.895297,
        "主营业务利润_万元": null
    },
    "资产负债表": {
        "货币资金_万元": 174933.883974,
        "应收账款_万元": 25739.490744,
        "应收票据_万元": 14035.21767,
        "应收款项融资_万元": 25293.770119,
        "预付款项_万元": 4692.117122,
        "其他应收款_万元": 6505.600787,
        "存货_万元": 27073.064259,
        "合同资产_万元": null,
        "一年内到期的非流动资产_万元": null,
        "其他流动资产_万元": 2202.307259,
        "流动资产合计_万元": 397122.968903,
        "交易性金融资产_万元": 116647.516969,
        "债权投资_万元": null,
        "其他债权投资_万元": null,
        "长期应收款_万元": null,
        "长期股权投资_万元": 13348.531356,
        "其他权益工具投资_万元": null,
        "投资性房地产_万元": null,
        "固定资产_万元": 60389.620646,
        "在建工程_万元": 7485.287519,
        "生产性生物资产_万元": null,
        "油气资产_万元": null,
        "使用权资产_万元": 9400.272636,
        "无形资产_万元": 9155.137989,
        "开发支出_万元": 11507.883262,
        "商誉_万元": 2526.281599,
        "长期待摊费用_万元": 535.765922,
        "递延所得税资产_万元": 5514.258927,
        "其他非流动资产_万元": 25737.550772,
        "非流动资产合计_万元": 147639.623869,
        "总资产_万元": 544762.592772,
        "总资产同比增长_百分比": 5.13,
        "短期借款_万元": 1200.0,
        "交易性金融负债_万元": null,
        "应付票据_万元": 16252.698383,
        "应付账款_万元": 18762.437297,
        "预收款项_万元": 167.540324,
        "合同负债_万元": 10897.757731,
        "应付职工薪酬_万元": 2517.970494,
        "应交税费_万元": 12401.428316,
        "其他应付款_万元": 9001.71906,
        "一年内到期的非流动负债_万元": 12234.993947,
        "其他流动负债_万元": 2876.291413,
        "流动负债合计_万元": 86312.836965,
        "长期借款_万元": null,
        "应付债券_万元": null,
        "租赁负债_万元": 7706.616884,
        "长期应付款_万元": null,
        "预计负债_万元": null,
        "递延收益_万元": 5085.11583,
        "递延所得税负债_万元": 2234.455951,
        "其他非流动负债_万元": 2335.675605,
        "非流动负债合计_万元": 17370.86427,
        "总负债_万元": 103683.701235,
        "总负债同比增长_百分比": null,
        "资产负债率_百分比": null,
        "实收资本_万元": 43105.3891,
        "资本公积_万元": 2353.310688,
        "盈余公积_万元": 29529.264633,
        "未分配利润_万元": 351669.721416,
        "其他综合收益_万元": 290.897432,
        "专项储备_万元": null,
        "归属于母公司所有者权益合计_万元": 426948.583269,
        "少数股东权益_万元": 14130.308268,
        "股东权益合计_万元": 441078.891537
    },
    "利润表": {
        "营业总收入_万元": 96914.744922,
        "营业收入_万元": 96914.744922,
        "营业总收入同比增长_百分比": 1.48,
        "营业成本_万元": 48562.895297,
        "税金及附加_万元": 829.023627,
        "销售费用_万元": 19474.792606,
        "管理费用_万元": 2766.196929,
        "研发费用_万元": 1883.515965,
        "财务费用_万元": -1124.618788,
        "其中利息费用_万元": 126.962682,
        "其中利息收入_万元": 1233.378257,
        "其他收益_万元": 697.837273,
        "投资收益_万元": -111.425779,
        "其中对联营企业投资收益_万元": -7.701828,
        "公允价值变动收益_万元": 513.985239,
        "信用减值损失_万元": -928.559795,
        "资产减值损失_万元": -21.983758,
        "资产处置收益_万元": 0.055079,
        "营业总支出_万元": null,
        "营业利润_万元": 24672.847545,
        "营业外收入_万元": 48.107832,
        "营业外支出_万元": 60.849916,
        "利润总额_万元": 24660.105461,
        "所得税费用_万元": 3659.049197,
        "净利润_万元": 21001.056264,
        "归母净利润_万元": 20357.214006,
        "少数股东损益_万元": 643.842258,
        "持续经营净利润_万元": 21001.056264,
        "终止经营净利润_万元": null,
        "其他综合收益_万元": -4.923844,
        "综合收益总额_万元": 20996.13242,
        "归母综合收益总额_万元": 20352.390608
    },
    "现金流量表": {
        "销售商品收到现金_万元": 84394.688927,
        "收到的税费返还_万元": 762.058555,
        "收到其他经营活动现金_万元": 5754.716989,
        "经营活动现金流入_万元": 90911.464471,
        "购买商品支付现金_万元": 37877.140277,
        "支付职工现金_万元": 11703.888572,
        "支付税费_万元": 7170.837792,
        "支付其他经营活动现金_万元": 18826.298871,
        "经营活动现金流出_万元": 75578.165512,
        "经营现金流净额_万元": 15333.298959,
        "经营现金流净额同比增长_百分比": 157.85,
        "收回投资现金_万元": 35724.704134,
        "取得投资收益现金_万元": null,
        "处置资产收回现金_万元": 0.054867,
        "收到其他投资活动现金_万元": null,
        "投资活动现金流入_万元": 35724.759001,
        "投资支付现金_万元": 163244.041324,
        "购建资产支付现金_万元": 4677.752696,
        "支付其他投资活动现金_万元": null,
        "投资活动现金流出_万元": 167921.79402,
        "投资现金流净额_万元": -132197.035019,
        "吸收投资现金_万元": null,
        "取得借款现金_万元": null,
        "收到其他筹资活动现金_万元": null,
        "筹资活动现金流入_万元": null,
        "偿还债务现金_万元": 1990.0,
        "分配股利现金_万元": 64.881221,
        "支付其他筹资活动现金_万元": 1110.948857,
        "筹资活动现金流出_万元": 3165.830078,
        "融资现金流净额_万元": -3165.830078,
        "汇率变动影响_万元": -5.717761,
        "现金及等价物净增加额_万元": -120035.283899,
        "净现金流_元": null,
        "净现金流同比增长_百分比": null,
        "期初现金及等价物_万元": 274192.065888,
        "期末现金及等价物_万元": 154156.781989,
        "经营现金流占比_百分比": null,
        "投资现金流占比_百分比": null,
        "融资现金流占比_百分比": null
    }
}