{
    "报告信息": {
        "序号": null,
        "股票代码": "600976",
        "股票简称": "健民集团",
        "报告年份": "2023",
        "报告期": "Q1",
        "总股本_股": null,
        "流通股本_股": null,
        "报告日期": "2023-04-17",
        "审计意见": "未经审计",
        "会计师事务所": null
    },
    "核心业绩指标": {
        "每股收益_元": 0.65,
        "稀释每股收益_元": 0.65,
        "营业总收入_万元": 101338.611035,
        "营业总收入_亿元": 10.1338611035,
        "营收同比增长_百分比": 10.4,
        "营收环比增长_百分比": null,
        "净利润_万元": 9981.362868,
        "净利润_亿元": 0.9981362868,
        "净利润同比增长_百分比": 12.23,
        "净利润环比增长_百分比": null,
        "归母净利润_万元": 9956.011711,
        "少数股东损益_万元": 25.351157,
        "每股净资产_元": null,
        "净资产收益率_百分比": 5.21,
        "扣非净资产收益率_百分比": null,
        "每股经营现金流_元": null,
        "扣非净利润_万元": 9043.232193,
        "扣非净利润同比增长_百分比": 13.31,
        "销售毛利率_百分比": 49.68,
        "销售净利率_百分比": 9.85,
        "加权平均净资产收益率_百分比": 5.21,
        "扣非加权净资产收益率_百分比": null,
        "总资产收益率_百分比": 2.72,
        "主营业务收入_万元": 101338.611035,
        "主营业务成本_万元": 51017.473681,
        "主营业务利润_万元": 11080.992671
    },
    "资产负债表": {
        "货币资金_万元": 36616.167394,
        "应收账款_万元": 89211.217539,
        "应收票据_万元": 1551.147053,
        "应收款项融资_万元": 24830.054401,
        "预付款项_万元": 5473.528528,
        "其他应收款_万元": 4257.878733,
        "存货_万元": 34716.557046,
        "合同资产_万元": 55.672575,
        "一年内到期的非流动资产_万元": 844.457873,
        "其他流动资产_万元": 3230.726209,
        "流动资产合计_万元": 271707.48196,
        "交易性金融资产_万元": 70920.074609,
        "债权投资_万元": null,
        "其他债权投资_万元": null,
        "长期应收款_万元": null,
        "长期股权投资_万元": 24554.292316,
        "其他权益工具投资_万元": null,
        "投资性房地产_万元": 915.955957,
        "固定资产_万元": 36478.376014,
        "在建工程_万元": 1944.857309,
        "生产性生物资产_万元": null,
        "油气资产_万元": null,
        "使用权资产_万元": 2739.672553,
        "无形资产_万元": 3046.056011,
        "开发支出_万元": 1395.384279,
        "商誉_万元": 21.403549,
        "长期待摊费用_万元": 8247.872068,
        "递延所得税资产_万元": 11472.83752,
        "其他非流动资产_万元": 2452.674317,
        "非流动资产合计_万元": 94907.589112,
        "总资产_万元": 366615.071072,
        "总资产同比增长_百分比": 6.65,
        "短期借款_万元": 7846.068842,
        "交易性金融负债_万元": null,
        "应付票据_万元": 28001.032928,
        "应付账款_万元": 33228.615382,
        "预收款项_万元": 0.0,
        "合同负债_万元": 3806.239353,
        "应付职工薪酬_万元": 2906.84574,
        "应交税费_万元": 9142.77188,
        "其他应付款_万元": 13970.050519,
        "一年内到期的非流动负债_万元": 404.042835,
        "其他流动负债_万元": 66194.851904,
        "流动负债合计_万元": 165500.519383,
        "长期借款_万元": null,
        "应付债券_万元": null,
        "租赁负债_万元": 2621.932645,
        "长期应付款_万元": null,
        "预计负债_万元": null,
        "递延收益_万元": 1507.385422,
        "递延所得税负债_万元": 48.490093,
        "其他非流动负债_万元": null,
        "非流动负债合计_万元": 4177.80816,
        "总负债_万元": 169678.327543,
        "总负债同比增长_百分比": null,
        "资产负债率_百分比": 46.31,
        "实收资本_万元": 15339.86,
        "资本公积_万元": 51088.490392,
        "盈余公积_万元": 14664.156522,
        "未分配利润_万元": 116820.653203,
        "其他综合收益_万元": null,
        "专项储备_万元": null,
        "归属于母公司所有者权益合计_万元": 196414.120915,
        "少数股东权益_万元": 522.622614,
        "股东权益合计_万元": 196936.743529
    },
    "利润表": {
        "营业总收入_万元": 101338.611035,
        "营业收入_万元": 101338.611035,
        "营业总收入同比增长_百分比": 10.4,
        "营业成本_万元": 51017.473681,
        "税金及附加_万元": 762.642798,
        "销售费用_万元": 37920.272493,
        "管理费用_万元": 4419.51628,
        "研发费用_万元": 1782.390134,
        "财务费用_万元": -27.670946,
        "其中利息费用_万元": 4.620107,
        "其中利息收入_万元": 47.630251,
        "其他收益_万元": 334.044977,
        "投资收益_万元": 4400.185168,
        "其中对联营企业投资收益_万元": 4472.62452,
        "公允价值变动收益_万元": 840.862898,
        "信用减值损失_万元": 0.0,
        "资产减值损失_万元": 38.387357,
        "资产处置收益_万元": 3.525676,
        "营业总支出_万元": 95874.62444,
        "营业利润_万元": 11080.992671,
        "营业外收入_万元": 29.83408,
        "营业外支出_万元": 74.274967,
        "利润总额_万元": 11036.551784,
        "所得税费用_万元": 1055.188916,
        "净利润_万元": 9981.362868,
        "归母净利润_万元": 9956.011711,
        "少数股东损益_万元": 25.351157,
        "持续经营净利润_万元": 9981.362868,
        "终止经营净利润_万元": null,
        "其他综合收益_万元": null,
        "综合收益总额_万元": 9981.362868,
        "归母综合收益总额_万元": 9956.011711
    },
    "现金流量表": {
        "销售商品收到现金_万元": 78257.33427,
        "收到的税费返还_万元": null,
        "收到其他经营活动现金_万元": 4346.535989,
        "经营活动现金流入_万元": 82603.870259,
        "购买商品支付现金_万元": 42820.001975,
        "支付职工现金_万元": 9040.56138,
        "支付税费_万元": 5458.967438,
        "支付其他经营活动现金_万元": 31968.216893,
        "经营活动现金流出_万元": 89287.747686,
        "经营现金流净额_万元": -6683.877427,
        "经营现金流净额同比增长_百分比": 44.69,
        "收回投资现金_万元": null,
        "取得投资收益现金_万元": 9632.786794,
        "处置资产收回现金_万元": 251.785,
        "收到其他投资活动现金_万元": 40200.0,
        "投资活动现金流入_万元": 50084.571794,
        "投资支付现金_万元": null,
        "购建资产支付现金_万元": 1237.033382,
        "支付其他投资活动现金_万元": 33000.0,
        "投资活动现金流出_万元": 34237.033382,
        "投资现金流净额_万元": 15847.538412,
        "吸收投资现金_万元": null,
        "取得借款现金_万元": 5594.506342,
        "收到其他筹资活动现金_万元": 1105.258366,
        "筹资活动现金流入_万元": 6699.764708,
        "偿还债务现金_万元": null,
        "分配股利现金_万元": -16.692369,
        "支付其他筹资活动现金_万元": 264.517509,
        "筹资活动现金流出_万元": 247.82514,
        "融资现金流净额_万元": 6451.939568,
        "汇率变动影响_万元": null,
        "现金及等价物净增加额_万元": 15615.600553,
        "净现金流_元": 156156005.53,
        "净现金流同比增长_百分比": null,
        "期初现金及等价物_万元": 16320.460152,
        "期末现金及等价物_万元": 31936.060705,
        "经营现金流占比_百分比": -42.86,
        "投资现金流占比_百分比": 101.49,
        "融资现金流占比_百分比": 41.36
    }
}