{
    "报告信息": {
        "序号": null,
        "股票代码": "600976",
        "股票简称": "健民集团",
        "报告年份": "2024",
        "报告期": "HY",
        "总股本_股": 153398600,
        "流通股本_股": null,
        "报告日期": "2024-08-15",
        "审计意见": null,
        "会计师事务所": null
    },
    "核心业绩指标": {
        "每股收益_元": 1.56,
        "稀释每股收益_元": 1.56,
        "营业总收入_万元": 200959.609748,
        "营业总收入_亿元": 20.0959609748,
        "营收同比增长_百分比": -7.02,
        "营收环比增长_百分比": null,
        "净利润_万元": 24105.549445,
        "净利润_亿元": 2.4105549445,
        "净利润同比增长_百分比": null,
        "净利润环比增长_百分比": null,
        "归母净利润_万元": 23935.752802,
        "少数股东损益_万元": 169.796643,
        "每股净资产_元": 15.11,
        "净资产收益率_百分比": null,
        "扣非净资产收益率_百分比": null,
        "每股经营现金流_元": 0.36,
        "扣非净利润_万元": 19429.766198,
        "扣非净利润同比增长_百分比": -16.65,
        "销售毛利率_百分比": 43.07,
        "销售净利率_百分比": 12.0,
        "加权平均净资产收益率_百分比": 11.27,
        "扣非加权净资产收益率_百分比": 9.15,
        "总资产收益率_百分比": null,
        "主营业务收入_万元": 200959.609748,
        "主营业务成本_万元": 114565.506744,
        "主营业务利润_万元": 86594.103004
    },
    "资产负债表": {
        "货币资金_万元": 18634.846456,
        "应收账款_万元": 105974.392828,
        "应收票据_万元": 898.056313,
        "应收款项融资_万元": 12161.779038,
        "预付款项_万元": 10257.259961,
        "其他应收款_万元": 3102.641664,
        "存货_万元": 28020.175022,
        "合同资产_万元": 152.90434,
        "一年内到期的非流动资产_万元": null,
        "其他流动资产_万元": 3429.928676,
        "流动资产合计_万元": 238921.398228,
        "交易性金融资产_万元": 56289.41393,
        "债权投资_万元": null,
        "其他债权投资_万元": null,
        "长期应收款_万元": null,
        "长期股权投资_万元": 51629.578447,
        "其他权益工具投资_万元": null,
        "投资性房地产_万元": 849.032568,
        "固定资产_万元": 36496.683404,
        "在建工程_万元": 12866.088124,
        "生产性生物资产_万元": null,
        "油气资产_万元": null,
        "使用权资产_万元": 3016.825045,
        "无形资产_万元": 2769.239581,
        "开发支出_万元": 622.23287,
        "商誉_万元": 21.403549,
        "长期待摊费用_万元": 10099.537115,
        "递延所得税资产_万元": 13944.234353,
        "其他非流动资产_万元": 1114.406841,
        "非流动资产合计_万元": 168388.005272,
        "总资产_万元": 407309.4035,
        "总资产同比增长_百分比": -2.28,
        "短期借款_万元": 9439.506342,
        "交易性金融负债_万元": null,
        "应付票据_万元": 21530.964489,
        "应付账款_万元": 46912.038313,
        "预收款项_万元": null,
        "合同负债_万元": 2936.183437,
        "应付职工薪酬_万元": 3312.489628,
        "应交税费_万元": 9565.485065,
        "其他应付款_万元": 15298.057457,
        "一年内到期的非流动负债_万元": 633.542997,
        "其他流动负债_万元": 57863.021349,
        "流动负债合计_万元": 167491.289077,
        "长期借款_万元": null,
        "应付债券_万元": null,
        "租赁负债_万元": 2651.264911,
        "长期应付款_万元": null,
        "预计负债_万元": null,
        "递延收益_万元": 4702.633366,
        "递延所得税负债_万元": null,
        "其他非流动负债_万元": null,
        "非流动负债合计_万元": 7353.898277,
        "总负债_万元": 174845.187354,
        "总负债同比增长_百分比": null,
        "资产负债率_百分比": 42.93,
        "实收资本_万元": 15339.86,
        "资本公积_万元": 52217.71898,
        "盈余公积_万元": 14664.156522,
        "未分配利润_万元": 148902.121109,
        "其他综合收益_万元": null,
        "专项储备_万元": null,
        "归属于母公司所有者权益合计_万元": 230742.973304,
        "少数股东权益_万元": 1159.241302,
        "股东权益合计_万元": 231902.214606
    },
    "利润表": {
        "营业总收入_万元": 200959.609748,
        "营业收入_万元": 200959.609748,
        "营业总收入同比增长_百分比": -7.02,
        "营业成本_万元": 114565.506744,
        "税金及附加_万元": 1219.880645,
        "销售费用_万元": 63260.610819,
        "管理费用_万元": 8497.228801,
        "研发费用_万元": 4046.880488,
        "财务费用_万元": 120.949023,
        "其中利息费用_万元": 262.899113,
        "其中利息收入_万元": 203.675094,
        "其他收益_万元": 4393.636624,
        "投资收益_万元": 11258.776302,
        "其中对联营企业投资收益_万元": 11567.918666,
        "公允价值变动收益_万元": 1458.401955,
        "信用减值损失_万元": null,
        "资产减值损失_万元": null,
        "资产处置收益_万元": 9.151136,
        "营业总支出_万元": null,
        "营业利润_万元": 26368.519245,
        "营业外收入_万元": 8.702283,
        "营业外支出_万元": 316.118085,
        "利润总额_万元": 26061.103443,
        "所得税费用_万元": 1955.553998,
        "净利润_万元": 24105.549445,
        "归母净利润_万元": 23935.752802,
        "少数股东损益_万元": 169.796643,
        "持续经营净利润_万元": 24105.549445,
        "终止经营净利润_万元": null,
        "其他综合收益_万元": null,
        "综合收益总额_万元": 24105.549445,
        "归母综合收益总额_万元": 23935.752802
    },
    "现金流量表": {
        "销售商品收到现金_万元": 213621.208342,
        "收到的税费返还_万元": null,
        "收到其他经营活动现金_万元": 10359.670198,
        "经营活动现金流入_万元": 223980.87854,
        "购买商品支付现金_万元": 116048.272711,
        "支付职工现金_万元": 17808.840879,
        "支付税费_万元": 10427.602761,
        "支付其他经营活动现金_万元": 74173.000112,
        "经营活动现金流出_万元": 218457.716463,
        "经营现金流净额_万元": 5523.162077,
        "经营现金流净额同比增长_百分比": -29.99,
        "收回投资现金_万元": 939.8361,
        "取得投资收益现金_万元": 972.340725,
        "处置资产收回现金_万元": 25.86795,
        "收到其他投资活动现金_万元": 96524.65,
        "投资活动现金流入_万元": 98462.694775,
        "投资支付现金_万元": null,
        "购建资产支付现金_万元": 5219.393495,
        "支付其他投资活动现金_万元": 93793.934722,
        "投资活动现金流出_万元": 99013.328217,
        "投资现金流净额_万元": -550.633442,
        "吸收投资现金_万元": 71.34,
        "取得借款现金_万元": 9089.506342,
        "收到其他筹资活动现金_万元": 3988.223676,
        "筹资活动现金流入_万元": 13149.070018,
        "偿还债务现金_万元": 7594.506342,
        "分配股利现金_万元": 18548.93512,
        "支付其他筹资活动现金_万元": 1477.184006,
        "筹资活动现金流出_万元": 27620.625468,
        "融资现金流净额_万元": -14471.55545,
        "汇率变动影响_万元": null,
        "现金及等价物净增加额_万元": -9499.026815,
        "净现金流_元": -94990268.15,
        "净现金流同比增长_百分比": null,
        "期初现金及等价物_万元": 26859.010096,
        "期末现金及等价物_万元": 17359.983281,
        "经营现金流占比_百分比": null,
        "投资现金流占比_百分比": null,
        "融资现金流占比_百分比": null
    }
}