{
    "报告信息": {
        "序号": null,
        "股票代码": "600976",
        "股票简称": "健民集团",
        "报告年份": "2023",
        "报告期": "半年度",
        "总股本_股": 153398600,
        "流通股本_股": 152716517,
        "报告日期": null,
        "审计意见": "未经审计",
        "会计师事务所": "中审众环会计师事务所（特殊普通合伙）",
        "期": "HY"
    },
    "核心业绩指标": {
        "每股收益_元": 1.65,
        "稀释每股收益_元": 1.65,
        "营业总收入_万元": 216143.03,
        "营业总收入_亿元": 21.61,
        "营收同比增长_百分比": 17.67,
        "营收环比增长_百分比": null,
        "净利润_万元": 25237.15,
        "净利润_亿元": 2.52,
        "净利润同比增长_百分比": 34.14,
        "净利润环比增长_百分比": null,
        "归母净利润_万元": 25237.15,
        "少数股东损益_万元": 860.9988,
        "每股净资产_元": null,
        "净资产收益率_百分比": null,
        "扣非净资产收益率_百分比": null,
        "每股经营现金流_元": null,
        "扣非净利润_万元": 23310.274227,
        "扣非净利润同比增长_百分比": 45.66,
        "销售毛利率_百分比": null,
        "销售净利率_百分比": null,
        "加权平均净资产收益率_百分比": 12.69,
        "扣非加权净资产收益率_百分比": 11.72,
        "总资产收益率_百分比": null,
        "主营业务收入_万元": 215375.511061,
        "主营业务成本_万元": 115611.737757,
        "主营业务利润_万元": null
    },
    "资产负债表": {
        "货币资金_万元": 39934.20692,
        "应收账款_万元": 91588.101843,
        "应收票据_万元": 1200.290643,
        "应收款项融资_万元": 22863.882764,
        "预付款项_万元": 6488.485723,
        "其他应收款_万元": 4211.779841,
        "存货_万元": 30469.667238,
        "合同资产_万元": 65.672575,
        "一年内到期的非流动资产_万元": 844.457873,
        "其他流动资产_万元": 3052.462902,
        "流动资产合计_万元": 246270.03418,
        "交易性金融资产_万元": 45551.025858,
        "债权投资_万元": null,
        "其他债权投资_万元": null,
        "长期应收款_万元": null,
        "长期股权投资_万元": 32214.667003,
        "其他权益工具投资_万元": null,
        "投资性房地产_万元": 902.545078,
        "固定资产_万元": 36940.334212,
        "在建工程_万元": 2990.126128,
        "生产性生物资产_万元": null,
        "油气资产_万元": null,
        "使用权资产_万元": 3096.639787,
        "无形资产_万元": 3003.082345,
        "开发支出_万元": 1406.431286,
        "商誉_万元": 21.403549,
        "长期待摊费用_万元": 8472.29731,
        "递延所得税资产_万元": 11465.633784,
        "其他非流动资产_万元": 1758.275698,
        "非流动资产合计_万元": 122602.826732,
        "总资产_万元": 368872.860912,
        "总资产同比增长_百分比": 7.3,
        "短期借款_万元": 8846.068842,
        "交易性金融负债_万元": null,
        "应付票据_万元": 18468.162733,
        "应付账款_万元": 39628.449729,
        "预收款项_万元": null,
        "合同负债_万元": 3536.552405,
        "应付职工薪酬_万元": 3128.126611,
        "应交税费_万元": 9490.41511,
        "其他应付款_万元": 13374.131016,
        "一年内到期的非流动负债_万元": 1024.698794,
        "其他流动负债_万元": 69700.363369,
        "流动负债合计_万元": 167196.968609,
        "长期借款_万元": null,
        "应付债券_万元": null,
        "租赁负债_万元": 2414.423251,
        "长期应付款_万元": null,
        "预计负债_万元": null,
        "递延收益_万元": 1657.645839,
        "递延所得税负债_万元": 48.490093,
        "其他非流动负债_万元": null,
        "非流动负债合计_万元": 4120.559183,
        "总负债_万元": 171317.527792,
        "总负债同比增长_百分比": null,
        "资产负债率_百分比": null,
        "实收资本_万元": 15339.86,
        "资本公积_万元": 51262.349386,
        "盈余公积_万元": 14664.156522,
        "未分配利润_万元": 116761.93258,
        "其他综合收益_万元": null,
        "专项储备_万元": null,
        "归属于母公司所有者权益合计_万元": 196971.961783,
        "少数股东权益_万元": 583.371337,
        "股东权益合计_万元": 197555.33312
    },
    "利润表": {
        "营业总收入_万元": 216143.029388,
        "营业收入_万元": 216143.029388,
        "营业总收入同比增长_百分比": 17.67,
        "营业成本_万元": 115825.264288,
        "税金及附加_万元": 1577.90845,
        "销售费用_万元": 70048.511253,
        "管理费用_万元": 8749.413578,
        "研发费用_万元": 3514.103888,
        "财务费用_万元": -19.061992,
        "其中利息费用_万元": 89.733525,
        "其中利息收入_万元": -161.515107,
        "其他收益_万元": 1083.566244,
        "投资收益_万元": 9303.631754,
        "其中对联营企业投资收益_万元": 9632.999207,
        "公允价值变动收益_万元": 1457.282878,
        "信用减值损失_万元": null,
        "资产减值损失_万元": 38.387357,
        "资产处置收益_万元": 3.525676,
        "营业总支出_万元": null,
        "营业利润_万元": 28333.283832,
        "营业外收入_万元": 91.813428,
        "营业外支出_万元": 111.352134,
        "利润总额_万元": 28313.745126,
        "所得税费用_万元": 2990.494158,
        "净利润_万元": 25323.250968,
        "归母净利润_万元": 25237.151088,
        "少数股东损益_万元": 860.9988,
        "持续经营净利润_万元": 25323.250968,
        "终止经营净利润_万元": null,
        "其他综合收益_万元": null,
        "综合收益总额_万元": 25323.250968,
        "归母综合收益总额_万元": 25237.151088
    },
    "现金流量表": {
        "销售商品收到现金_万元": 203517.530573,
        "收到的税费返还_万元": null,
        "收到其他经营活动现金_万元": 9985.968006,
        "经营活动现金流入_万元": 213503.498579,
        "购买商品支付现金_万元": 108252.738556,
        "支付职工现金_万元": 17237.297363,
        "支付税费_万元": 14014.085937,
        "支付其他经营活动现金_万元": 66109.937568,
        "经营活动现金流出_万元": 205614.059424,
        "经营现金流净额_万元": 7889.439155,
        "经营现金流净额同比增长_百分比": -5.22,
        "收回投资现金_万元": null,
        "取得投资收益现金_万元": 9943.670803,
        "处置资产收回现金_万元": 259.322,
        "收到其他投资活动现金_万元": 95695.288452,
        "投资活动现金流入_万元": 105898.281255,
        "投资支付现金_万元": 2500,
        "购建资产支付现金_万元": 2844.707344,
        "支付其他投资活动现金_万元": 81500,
        "投资活动现金流出_万元": 86844.707344,
        "投资现金流净额_万元": 19053.573911,
        "吸收投资现金_万元": null,
        "取得借款现金_万元": 7594.506342,
        "收到其他筹资活动现金_万元": 5330.124207,
        "筹资活动现金流入_万元": 12924.630549,
        "偿还债务现金_万元": 1000,
        "分配股利现金_万元": 15332.440426,
        "支付其他筹资活动现金_万元": 3375.497269,
        "筹资活动现金流出_万元": 19707.937695,
        "融资现金流净额_万元": -6783.307146,
        "汇率变动影响_万元": null,
        "现金及等价物净增加额_万元": 20159.70592,
        "净现金流_元": null,
        "净现金流同比增长_百分比": null,
        "期初现金及等价物_万元": 16320.460152,
        "期末现金及等价物_万元": 36480.166072,
        "经营现金流占比_百分比": null,
        "投资现金流占比_百分比": null,
        "融资现金流占比_百分比": null
    }
}