{
    "报告信息": {
        "序号": null,
        "股票代码": "600976",
        "股票简称": "健民集团",
        "报告年份": "2024",
        "报告期": "第三季度",
        "总股本_股": 153398600,
        "流通股本_股": null,
        "报告日期": "2024-10-18",
        "审计意见": "未经审计",
        "会计师事务所": null,
        "期": "Q3"
    },
    "核心业绩指标": {
        "每股收益_元": 0.54,
        "稀释每股收益_元": 0.54,
        "营业总收入_万元": 288131.709047,
        "营业总收入_亿元": 28.8131709047,
        "营收同比增长_百分比": -7.58,
        "营收环比增长_百分比": null,
        "净利润_万元": 32458.755314,
        "净利润_亿元": 3.2458755314,
        "净利润同比增长_百分比": -22.53,
        "净利润环比增长_百分比": null,
        "归母净利润_万元": 32161.563973,
        "少数股东损益_万元": 297.191341,
        "每股净资产_元": null,
        "净资产收益率_百分比": null,
        "扣非净资产收益率_百分比": null,
        "每股经营现金流_元": null,
        "扣非净利润_万元": 27081.227317,
        "扣非净利润同比增长_百分比": -23.36,
        "销售毛利率_百分比": null,
        "销售净利率_百分比": null,
        "加权平均净资产收益率_百分比": 13.93,
        "扣非加权净资产收益率_百分比": null,
        "总资产收益率_百分比": null,
        "主营业务收入_万元": 288131.709047,
        "主营业务成本_万元": 164241.67461,
        "主营业务利润_万元": null
    },
    "资产负债表": {
        "货币资金_万元": 19919.472346,
        "应收账款_万元": 96817.317564,
        "应收票据_万元": 2057.483864,
        "应收款项融资_万元": 15314.619453,
        "预付款项_万元": 10206.43849,
        "其他应收款_万元": 3619.518041,
        "存货_万元": 32592.260844,
        "合同资产_万元": 152.90434,
        "一年内到期的非流动资产_万元": 0.0,
        "其他流动资产_万元": 2865.709175,
        "流动资产合计_万元": 269415.532943,
        "交易性金融资产_万元": 85869.808826,
        "债权投资_万元": null,
        "其他债权投资_万元": null,
        "长期应收款_万元": null,
        "长期股权投资_万元": 47570.251781,
        "其他权益工具投资_万元": null,
        "投资性房地产_万元": 835.818198,
        "固定资产_万元": 35786.108011,
        "在建工程_万元": 14357.918451,
        "生产性生物资产_万元": null,
        "油气资产_万元": null,
        "使用权资产_万元": 2932.151921,
        "无形资产_万元": 2715.90492,
        "开发支出_万元": 858.989725,
        "商誉_万元": 21.403549,
        "长期待摊费用_万元": 9635.691831,
        "递延所得税资产_万元": 13944.234353,
        "其他非流动资产_万元": 1453.746173,
        "非流动资产合计_万元": 151116.895305,
        "总资产_万元": 420532.428248,
        "总资产同比增长_百分比": 0.9,
        "短期借款_万元": 15089.302175,
        "交易性金融负债_万元": null,
        "应付票据_万元": 23912.262326,
        "应付账款_万元": 51530.165127,
        "预收款项_万元": 7.936508,
        "合同负债_万元": 3138.132902,
        "应付职工薪酬_万元": 2933.82302,
        "应交税费_万元": 7400.509548,
        "其他应付款_万元": 14712.508553,
        "一年内到期的非流动负债_万元": 410.749528,
        "其他流动负债_万元": 52719.461559,
        "流动负债合计_万元": 171846.914738,
        "长期借款_万元": null,
        "应付债券_万元": null,
        "租赁负债_万元": 2797.00026,
        "长期应付款_万元": null,
        "预计负债_万元": null,
        "递延收益_万元": 4698.938701,
        "递延所得税负债_万元": 562.00154,
        "其他非流动负债_万元": null,
        "非流动负债合计_万元": 8057.940501,
        "总负债_万元": 179904.855239,
        "总负债同比增长_百分比": null,
        "资产负债率_百分比": null,
        "实收资本_万元": 15339.86,
        "资本公积_万元": 52253.988207,
        "盈余公积_万元": 14664.156522,
        "未分配利润_万元": 157127.93228,
        "其他综合收益_万元": null,
        "专项储备_万元": null,
        "归属于母公司所有者权益合计_万元": 239385.937009,
        "少数股东权益_万元": 1241.636,
        "股东权益合计_万元": 240627.573009
    },
    "利润表": {
        "营业总收入_万元": 288131.709047,
        "营业收入_万元": 288131.709047,
        "营业总收入同比增长_百分比": -7.58,
        "营业成本_万元": 164241.67461,
        "税金及附加_万元": 1644.583246,
        "销售费用_万元": 91878.928572,
        "管理费用_万元": 12436.256993,
        "研发费用_万元": 6044.830919,
        "财务费用_万元": 821.20355,
        "其中利息费用_万元": 957.264758,
        "其中利息收入_万元": 222.139811,
        "其他收益_万元": 4843.200973,
        "投资收益_万元": 17342.9545,
        "其中对联营企业投资收益_万元": 17336.592,
        "公允价值变动收益_万元": 2040.87896,
        "信用减值损失_万元": null,
        "资产减值损失_万元": null,
        "资产处置收益_万元": -12.699518,
        "营业总支出_万元": 277067.47789,
        "营业利润_万元": 35278.566072,
        "营业外收入_万元": 29.214675,
        "营业外支出_万元": 523.261377,
        "利润总额_万元": 34784.51937,
        "所得税费用_万元": 2325.764056,
        "净利润_万元": 32458.755314,
        "归母净利润_万元": 32161.563973,
        "少数股东损益_万元": 297.191341,
        "持续经营净利润_万元": 32458.755314,
        "终止经营净利润_万元": null,
        "其他综合收益_万元": null,
        "综合收益总额_万元": 32458.755314,
        "归母综合收益总额_万元": 32161.563973
    },
    "现金流量表": {
        "销售商品收到现金_万元": 312074.866808,
        "收到的税费返还_万元": null,
        "收到其他经营活动现金_万元": 11939.484894,
        "经营活动现金流入_万元": 324014.351702,
        "购买商品支付现金_万元": 162944.50757,
        "支付职工现金_万元": 26044.112582,
        "支付税费_万元": 15197.159513,
        "支付其他经营活动现金_万元": 109250.447234,
        "经营活动现金流出_万元": 313436.226899,
        "经营现金流净额_万元": 10578.124803,
        "经营现金流净额同比增长_百分比": -36.99,
        "收回投资现金_万元": 939.8361,
        "取得投资收益现金_万元": 11158.184261,
        "处置资产收回现金_万元": 38.37795,
        "收到其他投资活动现金_万元": 1403.590809,
        "投资活动现金流入_万元": 138140.0,
        "投资支付现金_万元": 150276.398311,
        "购建资产支付现金_万元": 9064.527364,
        "支付其他投资活动现金_万元": 4030.727315,
        "投资活动现金流出_万元": 150810.979166,
        "投资现金流净额_万元": -9599.108219,
        "吸收投资现金_万元": null,
        "取得借款现金_万元": 165472.816667,
        "收到其他筹资活动现金_万元": 166.46,
        "筹资活动现金流入_万元": 150797.06341,
        "偿还债务现金_万元": 42637.4373,
        "分配股利现金_万元": 79447.10509,
        "支付其他筹资活动现金_万元": 18707.620009,
        "筹资活动现金流出_万元": 291753.8195,
        "融资现金流净额_万元": -9760.591879,
        "汇率变动影响_万元": -481.1164262,
        "现金及等价物净增加额_万元": -8781.575295,
        "净现金流_元": null,
        "净现金流同比增长_百分比": null,
        "期初现金及等价物_万元": 26859.010096,
        "期末现金及等价物_万元": 18077.434801,
        "经营现金流占比_百分比": null,
        "投资现金流占比_百分比": null,
        "融资现金流占比_百分比": null
    }
}