{
    "报告信息": {
        "序号": null,
        "股票代码": "600976",
        "股票简称": "健民集团",
        "报告年份": "2025",
        "报告期": "HY",
        "总股本_股": 153398600,
        "流通股本_股": null,
        "报告日期": "2025-08-19",
        "审计意见": "未经审计",
        "会计师事务所": null
    },
    "核心业绩指标": {
        "每股收益_元": 1.46,
        "稀释每股收益_元": 1.46,
        "营业总收入_万元": 180459.919251,
        "营业总收入_亿元": 18.0459919251,
        "营收同比增长_百分比": -10.2,
        "营收环比增长_百分比": null,
        "净利润_万元": 22237.346512,
        "净利润_亿元": 2.2237346512,
        "净利润同比增长_百分比": null,
        "净利润环比增长_百分比": null,
        "归母净利润_万元": 22062.562518,
        "少数股东损益_万元": 174.783994,
        "每股净资产_元": null,
        "净资产收益率_百分比": null,
        "扣非净资产收益率_百分比": null,
        "每股经营现金流_元": null,
        "扣非净利润_万元": 19548.179567,
        "扣非净利润同比增长_百分比": 0.61,
        "销售毛利率_百分比": null,
        "销售净利率_百分比": null,
        "加权平均净资产收益率_百分比": 8.83,
        "扣非加权净资产收益率_百分比": 7.82,
        "总资产收益率_百分比": null,
        "主营业务收入_万元": null,
        "主营业务成本_万元": null,
        "主营业务利润_万元": null
    },
    "资产负债表": {
        "货币资金_万元": 17076.897458,
        "应收账款_万元": 90708.907938,
        "应收票据_万元": 5439.110756,
        "应收款项融资_万元": 18740.897261,
        "预付款项_万元": 6370.175074,
        "其他应收款_万元": 2894.606813,
        "存货_万元": 29633.2117,
        "合同资产_万元": 123.955961,
        "一年内到期的非流动资产_万元": null,
        "其他流动资产_万元": 3395.914401,
        "流动资产合计_万元": 263181.584841,
        "交易性金融资产_万元": 88797.907479,
        "债权投资_万元": null,
        "其他债权投资_万元": null,
        "长期应收款_万元": null,
        "长期股权投资_万元": 49734.934679,
        "其他权益工具投资_万元": null,
        "投资性房地产_万元": 796.589656,
        "固定资产_万元": 37907.52715,
        "在建工程_万元": 22095.231954,
        "生产性生物资产_万元": null,
        "油气资产_万元": null,
        "使用权资产_万元": 3165.08315,
        "无形资产_万元": 2657.867863,
        "开发支出_万元": 2845.555296,
        "商誉_万元": 21.403549,
        "长期待摊费用_万元": 10033.54939,
        "递延所得税资产_万元": 12949.028189,
        "其他非流动资产_万元": 880.896614,
        "非流动资产合计_万元": 169365.664455,
        "总资产_万元": 432547.249296,
        "总资产同比增长_百分比": 1.12,
        "短期借款_万元": 5500.0,
        "交易性金融负债_万元": null,
        "应付票据_万元": 19185.601514,
        "应付账款_万元": 54428.14455,
        "预收款项_万元": 8.583333,
        "合同负债_万元": 2292.54663,
        "应付职工薪酬_万元": 3108.938734,
        "应交税费_万元": 8655.982114,
        "其他应付款_万元": 15722.687805,
        "一年内到期的非流动负债_万元": 624.632524,
        "其他流动负债_万元": 59108.481477,
        "流动负债合计_万元": 168635.598681,
        "长期借款_万元": 2674.0,
        "应付债券_万元": null,
        "租赁负债_万元": 2866.485751,
        "长期应付款_万元": null,
        "预计负债_万元": null,
        "递延收益_万元": 4339.104706,
        "递延所得税负债_万元": 720.446944,
        "其他非流动负债_万元": null,
        "非流动负债合计_万元": 10600.037401,
        "总负债_万元": 179235.636082,
        "总负债同比增长_百分比": null,
        "资产负债率_百分比": null,
        "实收资本_万元": 15339.86,
        "资本公积_万元": 52342.308161,
        "盈余公积_万元": 14664.156522,
        "未分配利润_万元": 169440.922523,
        "其他综合收益_万元": null,
        "专项储备_万元": null,
        "归属于母公司所有者权益合计_万元": 251787.247206,
        "少数股东权益_万元": 1524.366008,
        "股东权益合计_万元": 253311.613214
    },
    "利润表": {
        "营业总收入_万元": 180459.919251,
        "营业收入_万元": 180459.919251,
        "营业总收入同比增长_百分比": -10.2,
        "营业成本_万元": 73192.799367,
        "税金及附加_万元": 1016.898329,
        "销售费用_万元": 77871.386264,
        "管理费用_万元": 8501.711155,
        "研发费用_万元": 5297.074343,
        "财务费用_万元": 546.260749,
        "其中利息费用_万元": 532.753094,
        "其中利息收入_万元": 38.276765,
        "其他收益_万元": 1550.898455,
        "投资收益_万元": 6726.54852,
        "其中对联营企业投资收益_万元": 6726.54852,
        "公允价值变动收益_万元": 1485.857721,
        "信用减值损失_万元": null,
        "资产减值损失_万元": null,
        "资产处置收益_万元": -34.253481,
        "营业总支出_万元": null,
        "营业利润_万元": 23762.840259,
        "营业外收入_万元": 174.821808,
        "营业外支出_万元": 14.900678,
        "利润总额_万元": 23922.761389,
        "所得税费用_万元": 1685.414877,
        "净利润_万元": 22237.346512,
        "归母净利润_万元": 22062.562518,
        "少数股东损益_万元": 174.783994,
        "持续经营净利润_万元": 22237.346512,
        "终止经营净利润_万元": null,
        "其他综合收益_万元": null,
        "综合收益总额_万元": 22237.346512,
        "归母综合收益总额_万元": 22062.562518
    },
    "现金流量表": {
        "销售商品收到现金_万元": 175636.280916,
        "收到的税费返还_万元": null,
        "收到其他经营活动现金_万元": 6702.585281,
        "经营活动现金流入_万元": 182338.866197,
        "购买商品支付现金_万元": 73158.298455,
        "支付职工现金_万元": 19443.228672,
        "支付税费_万元": 8863.346715,
        "支付其他经营活动现金_万元": 75304.4782,
        "经营活动现金流出_万元": 176769.352042,
        "经营现金流净额_万元": 5569.514155,
        "经营现金流净额同比增长_百分比": 0.84,
        "收回投资现金_万元": null,
        "取得投资收益现金_万元": null,
        "处置资产收回现金_万元": 2394.933896,
        "收到其他投资活动现金_万元": 119264.338889,
        "投资活动现金流入_万元": 119264.338889,
        "投资支付现金_万元": 434.777821,
        "购建资产支付现金_万元": 121690.044245,
        "支付其他投资活动现金_万元": 105620.183562,
        "投资活动现金流出_万元": 109979.613383,
        "投资现金流净额_万元": 11722.082862,
        "吸收投资现金_万元": null,
        "取得借款现金_万元": 7780.0,
        "收到其他筹资活动现金_万元": 877.379327,
        "筹资活动现金流入_万元": 8657.379327,
        "偿还债务现金_万元": 11095.506342,
        "分配股利现金_万元": 14104.575,
        "支付其他筹资活动现金_万元": null,
        "筹资活动现金流出_万元": 26406.701416,
        "融资现金流净额_万元": -17749.322089,
        "汇率变动影响_万元": null,
        "现金及等价物净增加额_万元": -457.725072,
        "净现金流_元": null,
        "净现金流同比增长_百分比": null,
        "期初现金及等价物_万元": 15539.426516,
        "期末现金及等价物_万元": 15081.701444,
        "经营现金流占比_百分比": null,
        "投资现金流占比_百分比": null,
        "融资现金流占比_百分比": null
    }
}