{
    "报告信息": {
        "序号": null,
        "股票代码": "600976",
        "股票简称": "健民集团",
        "报告年份": "2025",
        "报告期": "Q1",
        "总股本_股": 153398600,
        "流通股本_股": null,
        "报告日期": "2025-03-31",
        "审计意见": "未经审计",
        "会计师事务所": null
    },
    "核心业绩指标": {
        "每股收益_元": 0.73,
        "稀释每股收益_元": 0.73,
        "营业总收入_万元": 89208.431318,
        "营业总收入_亿元": 8.9208431318,
        "营收同比增长_百分比": -8.04,
        "营收环比增长_百分比": null,
        "净利润_万元": 11103.897932,
        "净利润_亿元": 1.1103897932,
        "净利润同比增长_百分比": 10.82,
        "净利润环比增长_百分比": null,
        "归母净利润_万元": 11017.746341,
        "少数股东损益_万元": 86.151591,
        "每股净资产_元": null,
        "净资产收益率_百分比": null,
        "扣非净资产收益率_百分比": null,
        "每股经营现金流_元": null,
        "扣非净利润_万元": 10306.661351,
        "扣非净利润同比增长_百分比": 13.92,
        "销售毛利率_百分比": 57.6,
        "销售净利率_百分比": 12.45,
        "加权平均净资产收益率_百分比": 4.42,
        "扣非加权净资产收益率_百分比": null,
        "总资产收益率_百分比": null,
        "主营业务收入_万元": 89208.431318,
        "主营业务成本_万元": 37814.499622,
        "主营业务利润_万元": 51393.931696
    },
    "资产负债表": {
        "货币资金_万元": 27204.305816,
        "应收账款_万元": 86831.951326,
        "应收票据_万元": 1877.832732,
        "应收款项融资_万元": 12610.946484,
        "预付款项_万元": 7760.750248,
        "其他应收款_万元": 2946.75395,
        "存货_万元": 30617.836005,
        "合同资产_万元": 113.305961,
        "一年内到期的非流动资产_万元": null,
        "其他流动资产_万元": 3201.22535,
        "流动资产合计_万元": 266353.906672,
        "交易性金融资产_万元": 93188.9988,
        "债权投资_万元": null,
        "其他债权投资_万元": null,
        "长期应收款_万元": null,
        "长期股权投资_万元": 46876.686959,
        "其他权益工具投资_万元": null,
        "投资性房地产_万元": 809.65147,
        "固定资产_万元": 35652.052585,
        "在建工程_万元": 22743.370381,
        "生产性生物资产_万元": null,
        "油气资产_万元": null,
        "使用权资产_万元": 3351.52841,
        "无形资产_万元": 2738.460978,
        "开发支出_万元": 2518.209535,
        "商誉_万元": 21.403549,
        "长期待摊费用_万元": 10251.852923,
        "递延所得税资产_万元": 12949.028189,
        "其他非流动资产_万元": 1409.434109,
        "非流动资产合计_万元": 161414.4143,
        "总资产_万元": 427768.320972,
        "总资产同比增长_百分比": 0.0013,
        "短期借款_万元": 10500.0,
        "交易性金融负债_万元": null,
        "应付票据_万元": 16579.955639,
        "应付账款_万元": 49502.983632,
        "预收款项_万元": 0.0,
        "合同负债_万元": 2986.802919,
        "应付职工薪酬_万元": 3199.940627,
        "应交税费_万元": 6936.858229,
        "其他应付款_万元": 15887.175047,
        "一年内到期的非流动负债_万元": 355.862528,
        "其他流动负债_万元": 55908.331675,
        "流动负债合计_万元": 161857.910296,
        "长期借款_万元": 1210.0,
        "应付债券_万元": null,
        "租赁负债_万元": 3290.504149,
        "长期应付款_万元": null,
        "预计负债_万元": null,
        "递延收益_万元": 4651.549371,
        "递延所得税负债_万元": 720.446944,
        "其他非流动负债_万元": null,
        "非流动负债合计_万元": 9872.500464,
        "总负债_万元": 171730.41076,
        "总负债同比增长_百分比": -6.02,
        "资产负债率_百分比": 40.15,
        "实收资本_万元": 15339.86,
        "资本公积_万元": 52342.308161,
        "盈余公积_万元": 14664.156522,
        "未分配利润_万元": 172201.980346,
        "其他综合收益_万元": null,
        "专项储备_万元": null,
        "归属于母公司所有者权益合计_万元": 254548.305029,
        "少数股东权益_万元": 1489.605183,
        "股东权益合计_万元": 256037.910212
    },
    "利润表": {
        "营业总收入_万元": 89208.431318,
        "营业收入_万元": 89208.431318,
        "营业总收入同比增长_百分比": -8.04,
        "营业成本_万元": 37814.499622,
        "税金及附加_万元": 567.041447,
        "销售费用_万元": 36158.213605,
        "管理费用_万元": 4616.497969,
        "研发费用_万元": 2100.658252,
        "财务费用_万元": 319.967194,
        "其中利息费用_万元": 323.318712,
        "其中利息收入_万元": 24.310767,
        "其他收益_万元": 266.961588,
        "投资收益_万元": 3868.3008,
        "其中对联营企业投资收益_万元": 3868.3008,
        "公允价值变动收益_万元": 713.541098,
        "信用减值损失_万元": null,
        "资产减值损失_万元": null,
        "资产处置收益_万元": 1.50666,
        "营业总支出_万元": 81576.878089,
        "营业利润_万元": 12481.863375,
        "营业外收入_万元": 3.794834,
        "营业外支出_万元": 7.281767,
        "利润总额_万元": 12478.376442,
        "所得税费用_万元": 1374.47851,
        "净利润_万元": 11103.897932,
        "归母净利润_万元": 11017.746341,
        "少数股东损益_万元": 86.151591,
        "持续经营净利润_万元": 11103.897932,
        "终止经营净利润_万元": null,
        "其他综合收益_万元": null,
        "综合收益总额_万元": 11103.897932,
        "归母综合收益总额_万元": 11017.746341
    },
    "现金流量表": {
        "销售商品收到现金_万元": 88062.607811,
        "收到的税费返还_万元": null,
        "收到其他经营活动现金_万元": 2817.146789,
        "经营活动现金流入_万元": 90879.7546,
        "购买商品支付现金_万元": 40449.001582,
        "支付职工现金_万元": 11302.678035,
        "支付税费_万元": 4526.349126,
        "支付其他经营活动现金_万元": 37094.132497,
        "经营活动现金流出_万元": 93372.16124,
        "经营现金流净额_万元": -2492.40664,
        "经营现金流净额同比增长_百分比": 51.74,
        "收回投资现金_万元": null,
        "取得投资收益现金_万元": 1560.943032,
        "处置资产收回现金_万元": 4.07146,
        "收到其他投资活动现金_万元": 59049.0,
        "投资活动现金流入_万元": 60614.014492,
        "投资支付现金_万元": null,
        "购建资产支付现金_万元": 2138.498351,
        "支付其他投资活动现金_万元": 45549.0,
        "投资活动现金流出_万元": 47687.498351,
        "投资现金流净额_万元": 12926.516141,
        "吸收投资现金_万元": null,
        "取得借款现金_万元": 6310.0,
        "收到其他筹资活动现金_万元": 692.002095,
        "筹资活动现金流入_万元": 7002.002095,
        "偿还债务现金_万元": 6089.506342,
        "分配股利现金_万元": 191.239218,
        "支付其他筹资活动现金_万元": 349.082883,
        "筹资活动现金流出_万元": 6629.828443,
        "融资现金流净额_万元": 372.173652,
        "汇率变动影响_万元": null,
        "现金及等价物净增加额_万元": 10806.283153,
        "净现金流_元": null,
        "净现金流同比增长_百分比": null,
        "期初现金及等价物_万元": 15539.426516,
        "期末现金及等价物_万元": 26345.709669,
        "经营现金流占比_百分比": -23.06,
        "投资现金流占比_百分比": 119.6,
        "融资现金流占比_百分比": 3.44
    }
}