{
    "报告信息": {
        "序号": null,
        "股票代码": "603139",
        "股票简称": "康惠制药",
        "报告年份": "2023",
        "报告期": "Q1",
        "总股本_股": 99880000,
        "流通股本_股": null,
        "报告日期": null,
        "审计意见": "未经审计",
        "会计师事务所": null
    },
    "核心业绩指标": {
        "每股收益_元": 0.08,
        "稀释每股收益_元": 0.08,
        "营业总收入_万元": 12379.205057,
        "营业总收入_亿元": null,
        "营收同比增长_百分比": 5.15,
        "营收环比增长_百分比": null,
        "净利润_万元": 828.133916,
        "净利润_亿元": null,
        "净利润同比增长_百分比": -6.66,
        "净利润环比增长_百分比": null,
        "归母净利润_万元": 820.633075,
        "少数股东损益_万元": 75.00841,
        "每股净资产_元": null,
        "净资产收益率_百分比": null,
        "扣非净资产收益率_百分比": null,
        "每股经营现金流_元": null,
        "扣非净利润_万元": 801.692533,
        "扣非净利润同比增长_百分比": 2.29,
        "销售毛利率_百分比": null,
        "销售净利率_百分比": null,
        "加权平均净资产收益率_百分比": 0.84,
        "扣非加权净资产收益率_百分比": null,
        "总资产收益率_百分比": null,
        "主营业务收入_万元": null,
        "主营业务成本_万元": null,
        "主营业务利润_万元": null
    },
    "资产负债表": {
        "货币资金_万元": 22312.605068,
        "应收账款_万元": 17375.378604,
        "应收票据_万元": 3096.400667,
        "应收款项融资_万元": 429.046532,
        "预付款项_万元": 2590.16106,
        "其他应收款_万元": 6554.380934,
        "存货_万元": 12775.31086,
        "合同资产_万元": null,
        "一年内到期的非流动资产_万元": 759.148,
        "其他流动资产_万元": 261.560038,
        "流动资产合计_万元": 67004.153344,
        "交易性金融资产_万元": 850.16158,
        "债权投资_万元": null,
        "其他债权投资_万元": null,
        "长期应收款_万元": 20,
        "长期股权投资_万元": 7354.270048,
        "其他权益工具投资_万元": 4666.826365,
        "投资性房地产_万元": 2094.120891,
        "固定资产_万元": 24742.605938,
        "在建工程_万元": 71104.085497,
        "生产性生物资产_万元": null,
        "油气资产_万元": null,
        "使用权资产_万元": 1.62,
        "无形资产_万元": 11147.396282,
        "开发支出_万元": 62.888951,
        "商誉_万元": 1511.452945,
        "长期待摊费用_万元": 169.386112,
        "递延所得税资产_万元": 1348.970112,
        "其他非流动资产_万元": 623.750968,
        "非流动资产合计_万元": 124847.37411,
        "总资产_万元": 191851.527453,
        "总资产同比增长_百分比": 5.31,
        "短期借款_万元": 13401.640889,
        "交易性金融负债_万元": null,
        "应付票据_万元": null,
        "应付账款_万元": 14700.061812,
        "预收款项_万元": null,
        "合同负债_万元": 955.461558,
        "应付职工薪酬_万元": 516.676067,
        "应交税费_万元": 677.122926,
        "其他应付款_万元": 2101.133336,
        "一年内到期的非流动负债_万元": 5037.483982,
        "其他流动负债_万元": 1214.992698,
        "流动负债合计_万元": 38604.573268,
        "长期借款_万元": 45158.93115,
        "应付债券_万元": null,
        "租赁负债_万元": null,
        "长期应付款_万元": 20,
        "预计负债_万元": null,
        "递延收益_万元": 3586.764326,
        "递延所得税负债_万元": 1058.653772,
        "其他非流动负债_万元": null,
        "非流动负债合计_万元": 49824.349248,
        "总负债_万元": 88428.922516,
        "总负债同比增长_百分比": null,
        "资产负债率_百分比": null,
        "实收资本_万元": 9988,
        "资本公积_万元": 41201.683113,
        "盈余公积_万元": 5621.269297,
        "未分配利润_万元": 40197.1231,
        "其他综合收益_万元": 1185.225939,
        "专项储备_万元": null,
        "归属于母公司所有者权益合计_万元": 98193.301449,
        "少数股东权益_万元": 5229.303488,
        "股东权益合计_万元": 103422.604937
    },
    "利润表": {
        "营业总收入_万元": 12379.205057,
        "营业收入_万元": 12379.205057,
        "营业总收入同比增长_百分比": null,
        "营业成本_万元": 8097.971831,
        "税金及附加_万元": 86.379758,
        "销售费用_万元": 2671.189042,
        "管理费用_万元": 772.478146,
        "研发费用_万元": 198.24267,
        "财务费用_万元": 57.459318,
        "其中利息费用_万元": 242.394202,
        "其中利息收入_万元": 173.835861,
        "其他收益_万元": 21.480498,
        "投资收益_万元": 0.511267,
        "其中对联营企业投资收益_万元": null,
        "公允价值变动收益_万元": null,
        "信用减值损失_万元": 378.30944,
        "资产减值损失_万元": -14.609287,
        "资产处置收益_万元": null,
        "营业总支出_万元": null,
        "营业利润_万元": 885.17621,
        "营业外收入_万元": 9.552801,
        "营业外支出_万元": 0.055831,
        "利润总额_万元": 894.67318,
        "所得税费用_万元": 66.539264,
        "净利润_万元": 828.133916,
        "归母净利润_万元": 820.633075,
        "少数股东损益_万元": 75.00841,
        "持续经营净利润_万元": 828.133916,
        "终止经营净利润_万元": null,
        "其他综合收益_万元": null,
        "综合收益总额_万元": 828.133916,
        "归母综合收益总额_万元": 820.633075
    },
    "现金流量表": {
        "销售商品收到现金_万元": 11128.839576,
        "收到的税费返还_万元": 740.363671,
        "收到其他经营活动现金_万元": 1112.569418,
        "经营活动现金流入_万元": 12241.408994,
        "购买商品支付现金_万元": 6303.918856,
        "支付职工现金_万元": 1586.092743,
        "支付税费_万元": 785.536297,
        "支付其他经营活动现金_万元": 4337.304117,
        "经营活动现金流出_万元": 13012.852013,
        "经营现金流净额_万元": -771.443019,
        "经营现金流净额同比增长_百分比": -131.25,
        "收回投资现金_万元": 300,
        "取得投资收益现金_万元": 0.533551,
        "处置资产收回现金_万元": 13.5,
        "收到其他投资活动现金_万元": null,
        "投资活动现金流入_万元": 314.033551,
        "投资支付现金_万元": 6389.526472,
        "购建资产支付现金_万元": 3322.254203,
        "支付其他投资活动现金_万元": null,
        "投资活动现金流出_万元": 9711.780675,
        "投资现金流净额_万元": -9397.747124,
        "吸收投资现金_万元": null,
        "取得借款现金_万元": 17659.980277,
        "收到其他筹资活动现金_万元": 101.060147,
        "筹资活动现金流入_万元": 17761.040424,
        "偿还债务现金_万元": 7299.285898,
        "分配股利现金_万元": 585.554268,
        "支付其他筹资活动现金_万元": 9.206697,
        "筹资活动现金流出_万元": 7894.046863,
        "融资现金流净额_万元": 9866.993561,
        "汇率变动影响_万元": null,
        "现金及等价物净增加额_万元": -302.196582,
        "净现金流_元": null,
        "净现金流同比增长_百分比": null,
        "期初现金及等价物_万元": 20614.80165,
        "期末现金及等价物_万元": 20312.605068,
        "经营现金流占比_百分比": null,
        "投资现金流占比_百分比": null,
        "融资现金流占比_百分比": null
    }
}