{
    "报告信息": {
        "序号": null,
        "股票代码": "603139",
        "股票简称": "康惠制药",
        "报告年份": "2024",
        "报告期": "第一季度",
        "总股本_股": 99880000,
        "流通股本_股": null,
        "报告日期": null,
        "审计意见": "未经审计",
        "会计师事务所": null,
        "期": "Q1"
    },
    "核心业绩指标": {
        "每股收益_元": 0.01,
        "稀释每股收益_元": 0.01,
        "营业总收入_万元": 12736.706827,
        "营业总收入_亿元": 1.2736706827,
        "营收同比增长_百分比": 2.89,
        "营收环比增长_百分比": null,
        "净利润_万元": -248.29906,
        "净利润_亿元": -0.024829906,
        "净利润同比增长_百分比": null,
        "净利润环比增长_百分比": null,
        "归母净利润_万元": 108.629901,
        "少数股东损益_万元": -356.928961,
        "每股净资产_元": null,
        "净资产收益率_百分比": null,
        "扣非净资产收益率_百分比": null,
        "每股经营现金流_元": null,
        "扣非净利润_万元": -11.910368,
        "扣非净利润同比增长_百分比": -101.49,
        "销售毛利率_百分比": null,
        "销售净利率_百分比": null,
        "加权平均净资产收益率_百分比": 0.11,
        "扣非加权净资产收益率_百分比": null,
        "总资产收益率_百分比": null,
        "主营业务收入_万元": 12736.706827,
        "主营业务成本_万元": 8599.234981,
        "主营业务利润_万元": null
    },
    "资产负债表": {
        "货币资金_万元": 9419.618165,
        "应收账款_万元": 20635.967221,
        "应收票据_万元": 2760.85379,
        "应收款项融资_万元": 276.119742,
        "预付款项_万元": 5310.68952,
        "其他应收款_万元": 2300.864519,
        "存货_万元": 21839.476975,
        "合同资产_万元": null,
        "一年内到期的非流动资产_万元": null,
        "其他流动资产_万元": 1284.427462,
        "流动资产合计_万元": 64079.517346,
        "交易性金融资产_万元": 251.499952,
        "债权投资_万元": null,
        "其他债权投资_万元": null,
        "长期应收款_万元": null,
        "长期股权投资_万元": 4508.356963,
        "其他权益工具投资_万元": 4637.02648,
        "投资性房地产_万元": 11955.325551,
        "固定资产_万元": 90699.113905,
        "在建工程_万元": 6322.522925,
        "生产性生物资产_万元": null,
        "油气资产_万元": null,
        "使用权资产_万元": 234.848398,
        "无形资产_万元": 10221.348724,
        "开发支出_万元": null,
        "商誉_万元": 1511.452945,
        "长期待摊费用_万元": 501.509415,
        "递延所得税资产_万元": 2119.387456,
        "其他非流动资产_万元": 467.473007,
        "非流动资产合计_万元": 133178.365769,
        "总资产_万元": 197257.883115,
        "总资产同比增长_百分比": -3.86,
        "短期借款_万元": 16006.919892,
        "交易性金融负债_万元": null,
        "应付票据_万元": null,
        "应付账款_万元": 25592.273606,
        "预收款项_万元": null,
        "合同负债_万元": 912.50365,
        "应付职工薪酬_万元": 797.451192,
        "应交税费_万元": 772.984758,
        "其他应付款_万元": 3235.336335,
        "一年内到期的非流动负债_万元": 12506.471669,
        "其他流动负债_万元": 1380.960619,
        "流动负债合计_万元": 61204.901721,
        "长期借款_万元": 30156.93115,
        "应付债券_万元": null,
        "租赁负债_万元": 161.036218,
        "长期应付款_万元": 47.953323,
        "预计负债_万元": null,
        "递延收益_万元": 3450.544994,
        "递延所得税负债_万元": 539.446332,
        "其他非流动负债_万元": null,
        "非流动负债合计_万元": 34355.912017,
        "总负债_万元": 95560.813738,
        "总负债同比增长_百分比": null,
        "资产负债率_百分比": null,
        "实收资本_万元": 9988.0,
        "资本公积_万元": 41201.683113,
        "盈余公积_万元": 5621.269297,
        "未分配利润_万元": 36846.741829,
        "其他综合收益_万元": 1327.596072,
        "专项储备_万元": null,
        "归属于母公司所有者权益合计_万元": 94985.290311,
        "少数股东权益_万元": 6711.779066,
        "股东权益合计_万元": 101697.069377
    },
    "利润表": {
        "营业总收入_万元": 12736.706827,
        "营业收入_万元": 12736.706827,
        "营业总收入同比增长_百分比": 2.89,
        "营业成本_万元": 8599.234981,
        "税金及附加_万元": 350.531333,
        "销售费用_万元": 2062.117343,
        "管理费用_万元": 1428.601741,
        "研发费用_万元": 182.461848,
        "财务费用_万元": 714.770294,
        "其中利息费用_万元": 782.015666,
        "其中利息收入_万元": 78.196827,
        "其他收益_万元": 268.901039,
        "投资收益_万元": 57.663986,
        "其中对联营企业投资收益_万元": null,
        "公允价值变动收益_万元": null,
        "信用减值损失_万元": 156.011106,
        "资产减值损失_万元": -3.705592,
        "资产处置收益_万元": -0.365383,
        "营业总支出_万元": 13337.71754,
        "营业利润_万元": -122.505556,
        "营业外收入_万元": 7.345514,
        "营业外支出_万元": 43.709127,
        "利润总额_万元": -158.869169,
        "所得税费用_万元": 89.429891,
        "净利润_万元": -248.29906,
        "归母净利润_万元": 108.629901,
        "少数股东损益_万元": -356.928961,
        "持续经营净利润_万元": -248.29906,
        "终止经营净利润_万元": null,
        "其他综合收益_万元": null,
        "综合收益总额_万元": -248.29906,
        "归母综合收益总额_万元": 108.629901
    },
    "现金流量表": {
        "销售商品收到现金_万元": 16426.474258,
        "收到的税费返还_万元": 1.245345,
        "收到其他经营活动现金_万元": 1515.855699,
        "经营活动现金流入_万元": 17943.575302,
        "购买商品支付现金_万元": 7758.164663,
        "支付职工现金_万元": 1667.177858,
        "支付税费_万元": 2038.525481,
        "支付其他经营活动现金_万元": 5627.602874,
        "经营活动现金流出_万元": 17091.470876,
        "经营现金流净额_万元": 852.104426,
        "经营现金流净额同比增长_百分比": 210.46,
        "收回投资现金_万元": 2000.0,
        "取得投资收益现金_万元": null,
        "处置资产收回现金_万元": 0.19,
        "收到其他投资活动现金_万元": 872.441248,
        "投资活动现金流入_万元": 2087.441248,
        "投资支付现金_万元": null,
        "购建资产支付现金_万元": 1016.704479,
        "支付其他投资活动现金_万元": null,
        "投资活动现金流出_万元": 1016.704479,
        "投资现金流净额_万元": 1070.736769,
        "吸收投资现金_万元": null,
        "取得借款现金_万元": 5732.1035,
        "收到其他筹资活动现金_万元": 51.461566,
        "筹资活动现金流入_万元": 5783.565066,
        "偿还债务现金_万元": 12049.899999,
        "分配股利现金_万元": 600.852674,
        "支付其他筹资活动现金_万元": 11.495144,
        "筹资活动现金流出_万元": 12662.247817,
        "融资现金流净额_万元": -6878.682751,
        "汇率变动影响_万元": null,
        "现金及等价物净增加额_万元": -4955.841556,
        "净现金流_元": null,
        "净现金流同比增长_百分比": null,
        "期初现金及等价物_万元": 14375.459721,
        "期末现金及等价物_万元": 9419.618165,
        "经营现金流占比_百分比": null,
        "投资现金流占比_百分比": null,
        "融资现金流占比_百分比": null
    }
}