{
    "报告信息": {
        "序号": null,
        "股票代码": "603139",
        "股票简称": "康惠制药",
        "报告年份": "2023",
        "报告期": "第三季度",
        "总股本_股": 99880000,
        "流通股本_股": null,
        "报告日期": "2023-10-27",
        "审计意见": "未经审计",
        "会计师事务所": null,
        "期": "Q3"
    },
    "核心业绩指标": {
        "每股收益_元": -0.04,
        "稀释每股收益_元": -0.04,
        "营业总收入_万元": 20293.144918,
        "营业总收入_亿元": 2.0293144918,
        "营收同比增长_百分比": 53.6,
        "营收环比增长_百分比": null,
        "净利润_万元": -337.749268,
        "净利润_亿元": -0.0337749268,
        "净利润同比增长_百分比": -244.34,
        "净利润环比增长_百分比": null,
        "归母净利润_万元": -337.749268,
        "少数股东损益_万元": null,
        "每股净资产_元": null,
        "净资产收益率_百分比": null,
        "扣非净资产收益率_百分比": null,
        "每股经营现金流_元": null,
        "扣非净利润_万元": -672.967576,
        "扣非净利润同比增长_百分比": -898.21,
        "销售毛利率_百分比": null,
        "销售净利率_百分比": null,
        "加权平均净资产收益率_百分比": -0.35,
        "扣非加权净资产收益率_百分比": null,
        "总资产收益率_百分比": null,
        "主营业务收入_万元": null,
        "主营业务成本_万元": null,
        "主营业务利润_万元": null
    },
    "资产负债表": {
        "货币资金_万元": 22262.616581,
        "应收账款_万元": 22061.486698,
        "应收票据_万元": 2644.001403,
        "应收款项融资_万元": 731.547101,
        "预付款项_万元": 6147.724903,
        "其他应收款_万元": 1719.411996,
        "存货_万元": 25531.691045,
        "合同资产_万元": null,
        "一年内到期的非流动资产_万元": 250.0,
        "其他流动资产_万元": 1237.381251,
        "流动资产合计_万元": 82876.704078,
        "交易性金融资产_万元": 290.8431,
        "债权投资_万元": null,
        "其他债权投资_万元": null,
        "长期应收款_万元": null,
        "长期股权投资_万元": 7444.498023,
        "其他权益工具投资_万元": 4584.357723,
        "投资性房地产_万元": 11877.725601,
        "固定资产_万元": 41266.563348,
        "在建工程_万元": 50451.66536,
        "生产性生物资产_万元": null,
        "油气资产_万元": null,
        "使用权资产_万元": 20.796148,
        "无形资产_万元": 11403.246517,
        "开发支出_万元": 76.53121,
        "商誉_万元": 1514.535174,
        "长期待摊费用_万元": 305.196111,
        "递延所得税资产_万元": 1410.612914,
        "其他非流动资产_万元": 653.057402,
        "非流动资产合计_万元": 131008.785531,
        "总资产_万元": 213885.489609,
        "总资产同比增长_百分比": 17.41,
        "短期借款_万元": 25218.624007,
        "交易性金融负债_万元": null,
        "应付票据_万元": null,
        "应付账款_万元": 22228.45351,
        "预收款项_万元": null,
        "合同负债_万元": 2185.651411,
        "应付职工薪酬_万元": 497.596126,
        "应交税费_万元": 1209.886745,
        "其他应付款_万元": 2575.304505,
        "一年内到期的非流动负债_万元": 10324.118124,
        "其他流动负债_万元": 641.365196,
        "流动负债合计_万元": 64880.999624,
        "长期借款_万元": 37048.93115,
        "应付债券_万元": null,
        "租赁负债_万元": 11.463662,
        "长期应付款_万元": 101.744687,
        "预计负债_万元": null,
        "递延收益_万元": 3554.317178,
        "递延所得税负债_万元": 904.025563,
        "其他非流动负债_万元": null,
        "非流动负债合计_万元": 41620.482239,
        "总负债_万元": 106501.481863,
        "总负债同比增长_百分比": null,
        "资产负债率_百分比": null,
        "实收资本_万元": 9988.0,
        "资本公积_万元": 41201.683113,
        "盈余公积_万元": 5621.269297,
        "未分配利润_万元": 40298.654587,
        "其他综合收益_万元": 1185.225939,
        "专项储备_万元": null,
        "归属于母公司所有者权益合计_万元": 98294.832936,
        "少数股东权益_万元": 9089.17481,
        "股东权益合计_万元": 107384.007746
    },
    "利润表": {
        "营业总收入_万元": 47222.826633,
        "营业收入_万元": 47222.826633,
        "营业总收入同比增长_百分比": 25.88,
        "营业成本_万元": 33330.634264,
        "税金及附加_万元": 330.729238,
        "销售费用_万元": 8683.72662,
        "管理费用_万元": 3013.468179,
        "研发费用_万元": 748.336102,
        "财务费用_万元": 949.824725,
        "其中利息费用_万元": 1432.074585,
        "其中利息收入_万元": 512.942732,
        "其他收益_万元": 102.03168,
        "投资收益_万元": 103.50925,
        "其中对联营企业投资收益_万元": -129.562546,
        "公允价值变动收益_万元": -10.07375,
        "信用减值损失_万元": -325.14516,
        "资产减值损失_万元": 237.006237,
        "资产处置收益_万元": 7.223074,
        "营业总支出_万元": 47056.719127,
        "营业利润_万元": 280.658837,
        "营业外收入_万元": 4.165203,
        "营业外支出_万元": 12.792723,
        "利润总额_万元": 272.031317,
        "所得税费用_万元": 161.437341,
        "净利润_万元": 110.593976,
        "归母净利润_万元": 922.164563,
        "少数股东损益_万元": -811.570587,
        "持续经营净利润_万元": 110.593976,
        "终止经营净利润_万元": null,
        "其他综合收益_万元": null,
        "综合收益总额_万元": 110.593976,
        "归母综合收益总额_万元": 922.164563
    },
    "现金流量表": {
        "销售商品收到现金_万元": 41319.209648,
        "收到的税费返还_万元": 117.079831,
        "收到其他经营活动现金_万元": 1537.309392,
        "经营活动现金流入_万元": 42973.598871,
        "购买商品支付现金_万元": 35245.991527,
        "支付职工现金_万元": 5384.108853,
        "支付税费_万元": 2487.928754,
        "支付其他经营活动现金_万元": 9778.272146,
        "经营活动现金流出_万元": 52896.30128,
        "经营现金流净额_万元": -9922.702409,
        "经营现金流净额同比增长_百分比": -311.27,
        "收回投资现金_万元": 1939.0075,
        "取得投资收益现金_万元": 366.252014,
        "处置资产收回现金_万元": 31.5,
        "收到其他投资活动现金_万元": 2534.358267,
        "投资活动现金流入_万元": 4871.117781,
        "投资支付现金_万元": 2238.011029,
        "购建资产支付现金_万元": 5914.715891,
        "支付其他投资活动现金_万元": null,
        "投资活动现金流出_万元": 8152.72692,
        "投资现金流净额_万元": -3281.609139,
        "吸收投资现金_万元": 8.185,
        "取得借款现金_万元": 30875.549818,
        "收到其他筹资活动现金_万元": 5.466269,
        "筹资活动现金流入_万元": 30889.201087,
        "偿还债务现金_万元": 15206.389837,
        "分配股利现金_万元": 2707.73947,
        "支付其他筹资活动现金_万元": 135.424734,
        "筹资活动现金流出_万元": 18049.554041,
        "融资现金流净额_万元": 12839.647046,
        "汇率变动影响_万元": null,
        "现金及等价物净增加额_万元": -364.664502,
        "净现金流_元": null,
        "净现金流同比增长_百分比": null,
        "期初现金及等价物_万元": 20627.281083,
        "期末现金及等价物_万元": 20262.616581,
        "经营现金流占比_百分比": null,
        "投资现金流占比_百分比": null,
        "融资现金流占比_百分比": null
    }
}