{
    "报告信息": {
        "序号": null,
        "股票代码": "603139",
        "股票简称": "康惠制药",
        "报告年份": "2025",
        "报告期": "第三季度",
        "总股本_股": 99880000,
        "流通股本_股": null,
        "报告日期": null,
        "审计意见": "未经审计",
        "会计师事务所": null,
        "期": "Q3"
    },
    "核心业绩指标": {
        "每股收益_元": -1.33,
        "稀释每股收益_元": -1.33,
        "营业总收入_万元": 35614.125219,
        "营业总收入_亿元": 3.5614125219,
        "营收同比增长_百分比": -11.97,
        "营收环比增长_百分比": null,
        "净利润_万元": -15688.901744,
        "净利润_亿元": -1.5688901744,
        "净利润同比增长_百分比": null,
        "净利润环比增长_百分比": null,
        "归母净利润_万元": -13250.394158,
        "少数股东损益_万元": -2438.507586,
        "每股净资产_元": null,
        "净资产收益率_百分比": null,
        "扣非净资产收益率_百分比": null,
        "每股经营现金流_元": null,
        "扣非净利润_万元": -13626.812007,
        "扣非净利润同比增长_百分比": -206.44,
        "销售毛利率_百分比": null,
        "销售净利率_百分比": null,
        "加权平均净资产收益率_百分比": -11.23,
        "扣非加权净资产收益率_百分比": null,
        "总资产收益率_百分比": null,
        "主营业务收入_万元": 35614.125219,
        "主营业务成本_万元": 26195.350631,
        "主营业务利润_万元": null
    },
    "资产负债表": {
        "货币资金_万元": 7849.490873,
        "应收账款_万元": 18400.089373,
        "应收票据_万元": 1713.971545,
        "应收款项融资_万元": 375.37235,
        "预付款项_万元": 3438.998487,
        "其他应收款_万元": 7612.621345,
        "存货_万元": 18742.015309,
        "合同资产_万元": null,
        "一年内到期的非流动资产_万元": null,
        "其他流动资产_万元": 2377.896315,
        "流动资产合计_万元": 60532.915597,
        "交易性金融资产_万元": 22.46,
        "债权投资_万元": null,
        "其他债权投资_万元": null,
        "长期应收款_万元": null,
        "长期股权投资_万元": 442.554594,
        "其他权益工具投资_万元": 4154.520626,
        "投资性房地产_万元": 9529.504595,
        "固定资产_万元": 95881.180664,
        "在建工程_万元": 2744.539558,
        "生产性生物资产_万元": null,
        "油气资产_万元": null,
        "使用权资产_万元": 129.192847,
        "无形资产_万元": 9528.088726,
        "开发支出_万元": null,
        "商誉_万元": 1511.452945,
        "长期待摊费用_万元": 492.9929,
        "递延所得税资产_万元": 3428.177654,
        "其他非流动资产_万元": 263.637875,
        "非流动资产合计_万元": 128105.842984,
        "总资产_万元": 188638.758581,
        "总资产同比增长_百分比": -0.08,
        "短期借款_万元": 23545.297801,
        "交易性金融负债_万元": null,
        "应付票据_万元": null,
        "应付账款_万元": 22619.122413,
        "预收款项_万元": null,
        "合同负债_万元": 1726.868989,
        "应付职工薪酬_万元": 827.302301,
        "应交税费_万元": 822.568283,
        "其他应付款_万元": 15157.929015,
        "一年内到期的非流动负债_万元": 10095.54735,
        "其他流动负债_万元": 1428.421583,
        "流动负债合计_万元": 76223.057735,
        "长期借款_万元": 28013.790128,
        "应付债券_万元": null,
        "租赁负债_万元": 80.081006,
        "长期应付款_万元": 5063.469446,
        "预计负债_万元": null,
        "递延收益_万元": 4367.535213,
        "递延所得税负债_万元": 349.459061,
        "其他非流动负债_万元": null,
        "非流动负债合计_万元": 37874.334854,
        "总负债_万元": 114097.392589,
        "总负债同比增长_百分比": null,
        "资产负债率_百分比": null,
        "实收资本_万元": 9988.0,
        "资本公积_万元": 41201.683113,
        "盈余公积_万元": 5621.269297,
        "未分配利润_万元": 14525.163708,
        "其他综合收益_万元": 1133.591723,
        "专项储备_万元": 14.222805,
        "归属于母公司所有者权益合计_万元": 72483.930646,
        "少数股东权益_万元": 2057.435346,
        "股东权益合计_万元": 74541.365992
    },
    "利润表": {
        "营业总收入_万元": 35614.125219,
        "营业收入_万元": 35614.125219,
        "营业总收入同比增长_百分比": -11.97,
        "营业成本_万元": 26195.350631,
        "税金及附加_万元": 863.146336,
        "销售费用_万元": 10589.218274,
        "管理费用_万元": 4285.642133,
        "研发费用_万元": 511.409134,
        "财务费用_万元": 2511.233496,
        "其中利息费用_万元": 2555.319908,
        "其中利息收入_万元": 102.945365,
        "其他收益_万元": 460.990733,
        "投资收益_万元": -397.024288,
        "其中对联营企业投资收益_万元": -470.840454,
        "公允价值变动收益_万元": 2.8748,
        "信用减值损失_万元": -6212.3737,
        "资产减值损失_万元": 104.780156,
        "资产处置收益_万元": -7.274359,
        "营业总支出_万元": 44956.000004,
        "营业利润_万元": -15389.901443,
        "营业外收入_万元": 39.792251,
        "营业外支出_万元": 49.135769,
        "利润总额_万元": -15399.244961,
        "所得税费用_万元": 289.656783,
        "净利润_万元": -15688.901744,
        "归母净利润_万元": -13250.394158,
        "少数股东损益_万元": -2438.507586,
        "持续经营净利润_万元": -15688.901744,
        "终止经营净利润_万元": null,
        "其他综合收益_万元": null,
        "综合收益总额_万元": null,
        "归母综合收益总额_万元": -13250.394158
    },
    "现金流量表": {
        "销售商品收到现金_万元": 35480.122876,
        "收到的税费返还_万元": 4.020475,
        "收到其他经营活动现金_万元": 4019.316288,
        "经营活动现金流入_万元": 39503.459639,
        "购买商品支付现金_万元": 19323.18585,
        "支付职工现金_万元": 5722.984874,
        "支付税费_万元": 2541.723655,
        "支付其他经营活动现金_万元": 12839.368227,
        "经营活动现金流出_万元": 40427.262606,
        "经营现金流净额_万元": -923.802967,
        "经营现金流净额同比增长_百分比": 73.63,
        "收回投资现金_万元": 537.999685,
        "取得投资收益现金_万元": null,
        "处置资产收回现金_万元": 0.2,
        "收到其他投资活动现金_万元": 92.407201,
        "投资活动现金流入_万元": 630.606886,
        "投资支付现金_万元": null,
        "购建资产支付现金_万元": 3169.910148,
        "支付其他投资活动现金_万元": null,
        "投资活动现金流出_万元": 3169.910148,
        "投资现金流净额_万元": -2539.303262,
        "吸收投资现金_万元": null,
        "取得借款现金_万元": 27603.713084,
        "收到其他筹资活动现金_万元": 1140.563956,
        "筹资活动现金流入_万元": 28744.27704,
        "偿还债务现金_万元": 23803.018609,
        "分配股利现金_万元": 2071.232496,
        "支付其他筹资活动现金_万元": 1317.444164,
        "筹资活动现金流出_万元": 27191.695269,
        "融资现金流净额_万元": 1552.581771,
        "汇率变动影响_万元": null,
        "现金及等价物净增加额_万元": -1910.524458,
        "净现金流_元": null,
        "净现金流同比增长_百分比": null,
        "期初现金及等价物_万元": 9759.926717,
        "期末现金及等价物_万元": 7849.402259,
        "经营现金流占比_百分比": null,
        "投资现金流占比_百分比": null,
        "融资现金流占比_百分比": null
    }
}