{
    "报告信息": {
        "序号": null,
        "股票代码": "603439",
        "股票简称": "贵州三力",
        "报告年份": "2025",
        "报告期": "第三季度",
        "总股本_股": 409802216,
        "流通股本_股": null,
        "报告日期": "2025-10-27",
        "审计意见": "未经审计",
        "会计师事务所": null,
        "期": "Q3"
    },
    "核心业绩指标": {
        "每股收益_元": 0.2,
        "稀释每股收益_元": 0.2,
        "营业总收入_万元": 103849.841206,
        "营业总收入_亿元": 10.3849841206,
        "营收同比增长_百分比": -28.24,
        "营收环比增长_百分比": null,
        "净利润_万元": 8367.731723,
        "净利润_亿元": 0.8367731723,
        "净利润同比增长_百分比": -57.89,
        "净利润环比增长_百分比": null,
        "归母净利润_万元": 8078.697331,
        "少数股东损益_万元": 289.034392,
        "每股净资产_元": 3.61,
        "净资产收益率_百分比": null,
        "扣非净资产收益率_百分比": null,
        "每股经营现金流_元": 0.122,
        "扣非净利润_万元": 6642.855143,
        "扣非净利润同比增长_百分比": -64.49,
        "销售毛利率_百分比": 68.66,
        "销售净利率_百分比": null,
        "加权平均净资产收益率_百分比": 5.37,
        "扣非加权净资产收益率_百分比": null,
        "总资产收益率_百分比": null,
        "主营业务收入_万元": 103849.841206,
        "主营业务成本_万元": 32551.879886,
        "主营业务利润_万元": null
    },
    "资产负债表": {
        "货币资金_万元": 26569.268923,
        "应收账款_万元": 54905.431451,
        "应收票据_万元": 7199.10771,
        "应收款项融资_万元": 7952.931702,
        "预付款项_万元": 4681.430534,
        "其他应收款_万元": 467.219422,
        "存货_万元": 32473.295216,
        "合同资产_万元": null,
        "一年内到期的非流动资产_万元": null,
        "其他流动资产_万元": 703.85703,
        "流动资产合计_万元": 140923.007909,
        "交易性金融资产_万元": 5970.465921,
        "债权投资_万元": null,
        "其他债权投资_万元": null,
        "长期应收款_万元": null,
        "长期股权投资_万元": 7956.965085,
        "其他权益工具投资_万元": 1000.0,
        "投资性房地产_万元": 4035.292162,
        "固定资产_万元": 49273.97157,
        "在建工程_万元": null,
        "生产性生物资产_万元": 3673.555605,
        "油气资产_万元": null,
        "使用权资产_万元": 1082.453513,
        "无形资产_万元": 19894.823061,
        "开发支出_万元": null,
        "商誉_万元": 55460.61346,
        "长期待摊费用_万元": 63.897303,
        "递延所得税资产_万元": 1452.273646,
        "其他非流动资产_万元": null,
        "非流动资产合计_万元": 143893.845405,
        "总资产_万元": 284816.853314,
        "总资产同比增长_百分比": -10.77,
        "短期借款_万元": 57548.371308,
        "交易性金融负债_万元": null,
        "应付票据_万元": null,
        "应付账款_万元": 13535.091184,
        "预收款项_万元": null,
        "合同负债_万元": 774.438374,
        "应付职工薪酬_万元": 441.990517,
        "应交税费_万元": 2023.496481,
        "其他应付款_万元": 16181.792706,
        "一年内到期的非流动负债_万元": 5271.408247,
        "其他流动负债_万元": 1560.167289,
        "流动负债合计_万元": 97336.756106,
        "长期借款_万元": 17940.0,
        "应付债券_万元": null,
        "租赁负债_万元": 5.349061,
        "长期应付款_万元": 767.431316,
        "预计负债_万元": null,
        "递延收益_万元": 3990.638686,
        "递延所得税负债_万元": 2286.55673,
        "其他非流动负债_万元": 7675.48362,
        "非流动负债合计_万元": 32665.459413,
        "总负债_万元": 130002.215519,
        "总负债同比增长_百分比": null,
        "资产负债率_百分比": 45.64,
        "实收资本_万元": 40980.2216,
        "资本公积_万元": 15923.443314,
        "盈余公积_万元": 13327.517734,
        "未分配利润_万元": 87901.129722,
        "其他综合收益_万元": null,
        "专项储备_万元": null,
        "归属于母公司所有者权益合计_万元": 148068.073864,
        "少数股东权益_万元": 6746.563931,
        "股东权益合计_万元": 154814.637795
    },
    "利润表": {
        "营业总收入_万元": 103849.841206,
        "营业收入_万元": 103849.841206,
        "营业总收入同比增长_百分比": -28.24,
        "营业成本_万元": 32551.879886,
        "税金及附加_万元": 1422.60701,
        "销售费用_万元": 48686.071856,
        "管理费用_万元": 11304.171936,
        "研发费用_万元": 1939.101747,
        "财务费用_万元": 533.268308,
        "其中利息费用_万元": 715.949515,
        "其中利息收入_万元": 188.255543,
        "其他收益_万元": 756.728956,
        "投资收益_万元": -318.715012,
        "其中对联营企业投资收益_万元": 14.142331,
        "公允价值变动收益_万元": 19.965921,
        "信用减值损失_万元": 887.873962,
        "资产减值损失_万元": -171.077288,
        "资产处置收益_万元": 9.20417,
        "营业总支出_万元": 96437.100743,
        "营业利润_万元": 8596.721172,
        "营业外收入_万元": 687.222238,
        "营业外支出_万元": 18.599667,
        "利润总额_万元": 9265.343743,
        "所得税费用_万元": 897.61202,
        "净利润_万元": 8367.731723,
        "归母净利润_万元": 8078.697331,
        "少数股东损益_万元": 289.034392,
        "持续经营净利润_万元": 8367.731723,
        "终止经营净利润_万元": null,
        "其他综合收益_万元": null,
        "综合收益总额_万元": 8367.731723,
        "归母综合收益总额_万元": 8078.697331
    },
    "现金流量表": {
        "销售商品收到现金_万元": 132655.5727,
        "收到的税费返还_万元": 169.474223,
        "收到其他经营活动现金_万元": 3912.890663,
        "经营活动现金流入_万元": 136737.937586,
        "购买商品支付现金_万元": 39923.083001,
        "支付职工现金_万元": 25011.641412,
        "支付税费_万元": 13940.523975,
        "支付其他经营活动现金_万元": 52856.325681,
        "经营活动现金流出_万元": 131731.574069,
        "经营现金流净额_万元": 5006.363517,
        "经营现金流净额同比增长_百分比": -43.72,
        "收回投资现金_万元": null,
        "取得投资收益现金_万元": 49.446046,
        "处置资产收回现金_万元": 45.89875,
        "收到其他投资活动现金_万元": 6130.0,
        "投资活动现金流入_万元": 6225.344796,
        "投资支付现金_万元": 20683.0,
        "购建资产支付现金_万元": 2381.491596,
        "支付其他投资活动现金_万元": 9809.965404,
        "投资活动现金流出_万元": 32874.457,
        "投资现金流净额_万元": -26649.112204,
        "吸收投资现金_万元": null,
        "取得借款现金_万元": 44963.8,
        "收到其他筹资活动现金_万元": null,
        "筹资活动现金流入_万元": 44963.8,
        "偿还债务现金_万元": 27648.177897,
        "分配股利现金_万元": 15560.68865,
        "支付其他筹资活动现金_万元": 1027.617277,
        "筹资活动现金流出_万元": 44236.483824,
        "融资现金流净额_万元": 727.316176,
        "汇率变动影响_万元": null,
        "现金及等价物净增加额_万元": -20915.432511,
        "净现金流_元": null,
        "净现金流同比增长_百分比": null,
        "期初现金及等价物_万元": 47484.501434,
        "期末现金及等价物_万元": 26569.068923,
        "经营现金流占比_百分比": null,
        "投资现金流占比_百分比": null,
        "融资现金流占比_百分比": null
    }
}