{
    "报告信息": {
        "序号": null,
        "股票代码": "603439",
        "股票简称": "贵州三力",
        "报告年份": "2023",
        "报告期": "第一季度",
        "总股本_股": null,
        "流通股本_股": null,
        "报告日期": "2023-04-29",
        "审计意见": "未经审计",
        "会计师事务所": null,
        "期": "Q1"
    },
    "核心业绩指标": {
        "每股收益_元": 0.13,
        "稀释每股收益_元": 0.13,
        "营业总收入_万元": 34897.758951,
        "营业总收入_亿元": 3.4897758951,
        "营收同比增长_百分比": 119.92,
        "营收环比增长_百分比": null,
        "净利润_万元": 5339.62497,
        "净利润_亿元": 0.533962497,
        "净利润同比增长_百分比": 131.49,
        "净利润环比增长_百分比": null,
        "归母净利润_万元": 5493.272423,
        "少数股东损益_万元": -153.647453,
        "每股净资产_元": null,
        "净资产收益率_百分比": null,
        "扣非净资产收益率_百分比": null,
        "每股经营现金流_元": null,
        "扣非净利润_万元": 5371.741293,
        "扣非净利润同比增长_百分比": 154.0,
        "销售毛利率_百分比": 72.42,
        "销售净利率_百分比": 15.32,
        "加权平均净资产收益率_百分比": 4.34,
        "扣非加权净资产收益率_百分比": null,
        "总资产收益率_百分比": null,
        "主营业务收入_万元": null,
        "主营业务成本_万元": null,
        "主营业务利润_万元": null
    },
    "资产负债表": {
        "货币资金_万元": 45516.657482,
        "应收账款_万元": 34492.656614,
        "应收票据_万元": 1100.229005,
        "应收款项融资_万元": 4587.903993,
        "预付款项_万元": 3223.80848,
        "其他应收款_万元": 198.086774,
        "存货_万元": 14569.948297,
        "合同资产_万元": null,
        "一年内到期的非流动资产_万元": 12.933169,
        "其他流动资产_万元": 53.358893,
        "流动资产合计_万元": 109746.491471,
        "交易性金融资产_万元": 5990.908764,
        "债权投资_万元": null,
        "其他债权投资_万元": null,
        "长期应收款_万元": null,
        "长期股权投资_万元": 14141.682767,
        "其他权益工具投资_万元": null,
        "投资性房地产_万元": null,
        "固定资产_万元": 20593.046093,
        "在建工程_万元": 5422.700903,
        "生产性生物资产_万元": null,
        "油气资产_万元": null,
        "使用权资产_万元": 54.212052,
        "无形资产_万元": 14769.047699,
        "开发支出_万元": null,
        "商誉_万元": 23349.887472,
        "长期待摊费用_万元": 108.481446,
        "递延所得税资产_万元": 755.010523,
        "其他非流动资产_万元": null,
        "非流动资产合计_万元": 79194.068955,
        "总资产_万元": 188940.560426,
        "总资产同比增长_百分比": 4.01,
        "短期借款_万元": 20500.0,
        "交易性金融负债_万元": null,
        "应付票据_万元": null,
        "应付账款_万元": 21070.257906,
        "预收款项_万元": null,
        "合同负债_万元": 1154.77255,
        "应付职工薪酬_万元": 107.206895,
        "应交税费_万元": 1557.561865,
        "其他应付款_万元": 4248.45783,
        "一年内到期的非流动负债_万元": 40.802776,
        "其他流动负债_万元": 75.255664,
        "流动负债合计_万元": 48754.315486,
        "长期借款_万元": null,
        "应付债券_万元": null,
        "租赁负债_万元": 12.266168,
        "长期应付款_万元": 977.002274,
        "预计负债_万元": null,
        "递延收益_万元": 1550.345855,
        "递延所得税负债_万元": 1507.105156,
        "其他非流动负债_万元": null,
        "非流动负债合计_万元": 4046.719453,
        "总负债_万元": 52801.034939,
        "总负债同比增长_百分比": null,
        "资产负债率_百分比": null,
        "实收资本_万元": 40986.2216,
        "资本公积_万元": 22482.223269,
        "盈余公积_万元": 9183.023049,
        "未分配利润_万元": 58814.060615,
        "其他综合收益_万元": null,
        "专项储备_万元": null,
        "归属于母公司所有者权益合计_万元": 129560.528533,
        "少数股东权益_万元": 6578.996954,
        "股东权益合计_万元": 136139.525487
    },
    "利润表": {
        "营业总收入_万元": 34897.758951,
        "营业收入_万元": 34897.758951,
        "营业总收入同比增长_百分比": 119.92,
        "营业成本_万元": 9631.071055,
        "税金及附加_万元": 350.022119,
        "销售费用_万元": 16802.345963,
        "管理费用_万元": 1564.326865,
        "研发费用_万元": 501.400628,
        "财务费用_万元": 94.052101,
        "其中利息费用_万元": 222.970914,
        "其中利息收入_万元": 128.385561,
        "其他收益_万元": 103.866993,
        "投资收益_万元": 182.031427,
        "其中对联营企业投资收益_万元": 142.61076,
        "公允价值变动收益_万元": null,
        "信用减值损失_万元": 98.023371,
        "资产减值损失_万元": null,
        "资产处置收益_万元": null,
        "营业总支出_万元": null,
        "营业利润_万元": 6338.462011,
        "营业外收入_万元": -0.39073,
        "营业外支出_万元": 0.899755,
        "利润总额_万元": 6337.171526,
        "所得税费用_万元": 997.546556,
        "净利润_万元": 5339.62497,
        "归母净利润_万元": 5493.272423,
        "少数股东损益_万元": -153.647453,
        "持续经营净利润_万元": 5339.62497,
        "终止经营净利润_万元": null,
        "其他综合收益_万元": null,
        "综合收益总额_万元": 5339.62497,
        "归母综合收益总额_万元": 5493.272423
    },
    "现金流量表": {
        "销售商品收到现金_万元": 33048.778544,
        "收到的税费返还_万元": 46.854364,
        "收到其他经营活动现金_万元": 694.065401,
        "经营活动现金流入_万元": 33789.698309,
        "购买商品支付现金_万元": 3275.026055,
        "支付职工现金_万元": 4380.968722,
        "支付税费_万元": 6064.868122,
        "支付其他经营活动现金_万元": 20204.006087,
        "经营活动现金流出_万元": 33924.868986,
        "经营现金流净额_万元": -135.170677,
        "经营现金流净额同比增长_百分比": -102.44,
        "收回投资现金_万元": null,
        "取得投资收益现金_万元": 39.420667,
        "处置资产收回现金_万元": null,
        "收到其他投资活动现金_万元": 6400.0,
        "投资活动现金流入_万元": 6439.420667,
        "投资支付现金_万元": 1000.0,
        "购建资产支付现金_万元": 3921.927582,
        "支付其他投资活动现金_万元": 2800.0,
        "投资活动现金流出_万元": 17647.143473,
        "投资现金流净额_万元": -11207.722806,
        "吸收投资现金_万元": null,
        "取得借款现金_万元": null,
        "收到其他筹资活动现金_万元": null,
        "筹资活动现金流入_万元": null,
        "偿还债务现金_万元": null,
        "分配股利现金_万元": 222.379167,
        "支付其他筹资活动现金_万元": null,
        "筹资活动现金流出_万元": 222.379167,
        "融资现金流净额_万元": -222.379167,
        "汇率变动影响_万元": null,
        "现金及等价物净增加额_万元": -11565.27265,
        "净现金流_元": null,
        "净现金流同比增长_百分比": null,
        "期初现金及等价物_万元": 57081.930132,
        "期末现金及等价物_万元": 45516.657482,
        "经营现金流占比_百分比": null,
        "投资现金流占比_百分比": null,
        "融资现金流占比_百分比": null
    }
}