{
    "报告信息": {
        "序号": null,
        "股票代码": "603439",
        "股票简称": "贵州三力",
        "报告年份": "2024",
        "报告期": "半年度",
        "总股本_股": 409862216,
        "流通股本_股": 409070216,
        "报告日期": null,
        "审计意见": "未经审计",
        "会计师事务所": null,
        "期": "HY"
    },
    "核心业绩指标": {
        "每股收益_元": 0.29,
        "稀释每股收益_元": 0.29,
        "营业总收入_万元": 92022.587742,
        "营业总收入_亿元": 9.2022587742,
        "营收同比增长_百分比": 45.91,
        "营收环比增长_百分比": null,
        "净利润_万元": 11846.834296,
        "净利润_亿元": 1.1846834296,
        "净利润同比增长_百分比": null,
        "净利润环比增长_百分比": null,
        "归母净利润_万元": 11705.980145,
        "少数股东损益_万元": 140.854151,
        "每股净资产_元": null,
        "净资产收益率_百分比": null,
        "扣非净资产收益率_百分比": null,
        "每股经营现金流_元": null,
        "扣非净利润_万元": 11270.822568,
        "扣非净利润同比增长_百分比": 16.6,
        "销售毛利率_百分比": null,
        "销售净利率_百分比": null,
        "加权平均净资产收益率_百分比": 7.6,
        "扣非加权净资产收益率_百分比": 7.31,
        "总资产收益率_百分比": null,
        "主营业务收入_万元": 91987.870994,
        "主营业务成本_万元": 29092.347237,
        "主营业务利润_万元": null
    },
    "资产负债表": {
        "货币资金_万元": 53622.581489,
        "应收账款_万元": 59577.811218,
        "应收票据_万元": 2725.715332,
        "应收款项融资_万元": 9547.681912,
        "预付款项_万元": 1394.057278,
        "其他应收款_万元": 457.297668,
        "存货_万元": 28855.233644,
        "合同资产_万元": null,
        "一年内到期的非流动资产_万元": null,
        "其他流动资产_万元": 479.105013,
        "流动资产合计_万元": 160759.483554,
        "交易性金融资产_万元": 4100.0,
        "债权投资_万元": null,
        "其他债权投资_万元": null,
        "长期应收款_万元": null,
        "长期股权投资_万元": 0.0,
        "其他权益工具投资_万元": 1000.0,
        "投资性房地产_万元": null,
        "固定资产_万元": 58358.737184,
        "在建工程_万元": 0.093181,
        "生产性生物资产_万元": null,
        "油气资产_万元": null,
        "使用权资产_万元": 267.778373,
        "无形资产_万元": 22574.231855,
        "开发支出_万元": null,
        "商誉_万元": 55460.61346,
        "长期待摊费用_万元": 70.948018,
        "递延所得税资产_万元": 1269.261208,
        "其他非流动资产_万元": null,
        "非流动资产合计_万元": 139001.663279,
        "总资产_万元": 299761.146833,
        "总资产同比增长_百分比": 2.64,
        "短期借款_万元": 31025.165278,
        "交易性金融负债_万元": null,
        "应付票据_万元": null,
        "应付账款_万元": 31449.698463,
        "预收款项_万元": null,
        "合同负债_万元": 821.292823,
        "应付职工薪酬_万元": 478.437342,
        "应交税费_万元": 3484.408791,
        "其他应付款_万元": 14031.174652,
        "一年内到期的非流动负债_万元": 4562.88411,
        "其他流动负债_万元": 662.687469,
        "流动负债合计_万元": 86515.748928,
        "长期借款_万元": 23172.5,
        "应付债券_万元": null,
        "租赁负债_万元": 45.648897,
        "长期应付款_万元": 869.956084,
        "预计负债_万元": null,
        "递延收益_万元": 4351.297858,
        "递延所得税负债_万元": 2712.64241,
        "其他非流动负债_万元": 4383.575358,
        "非流动负债合计_万元": 35535.620607,
        "总负债_万元": 122051.369535,
        "总负债同比增长_百分比": null,
        "资产负债率_百分比": null,
        "实收资本_万元": 40986.2216,
        "资本公积_万元": 23921.695343,
        "盈余公积_万元": 11301.080109,
        "未分配利润_万元": 79915.949731,
        "其他综合收益_万元": null,
        "专项储备_万元": null,
        "归属于母公司所有者权益合计_万元": 152530.985691,
        "少数股东权益_万元": 25178.791607,
        "股东权益合计_万元": 177709.777298
    },
    "利润表": {
        "营业总收入_万元": 92022.587742,
        "营业收入_万元": 92022.587742,
        "营业总收入同比增长_百分比": 45.91,
        "营业成本_万元": 29094.908335,
        "税金及附加_万元": 1030.644899,
        "销售费用_万元": 38255.006114,
        "管理费用_万元": 7364.658632,
        "研发费用_万元": 1741.852859,
        "财务费用_万元": 794.031549,
        "其中利息费用_万元": 1023.614895,
        "其中利息收入_万元": 232.845363,
        "其他收益_万元": 648.007067,
        "投资收益_万元": 91.921025,
        "其中对联营企业投资收益_万元": -7.9548,
        "公允价值变动收益_万元": null,
        "信用减值损失_万元": -236.615643,
        "资产减值损失_万元": -114.612467,
        "资产处置收益_万元": -16.414405,
        "营业总支出_万元": null,
        "营业利润_万元": 14113.770931,
        "营业外收入_万元": 43.615391,
        "营业外支出_万元": 219.7564,
        "利润总额_万元": 13937.629922,
        "所得税费用_万元": 2090.795626,
        "净利润_万元": 11846.834296,
        "归母净利润_万元": 11705.980145,
        "少数股东损益_万元": 140.854151,
        "持续经营净利润_万元": 11846.834296,
        "终止经营净利润_万元": null,
        "其他综合收益_万元": null,
        "综合收益总额_万元": 11846.834296,
        "归母综合收益总额_万元": 11705.980145
    },
    "现金流量表": {
        "销售商品收到现金_万元": 91790.956315,
        "收到的税费返还_万元": 8.6128,
        "收到其他经营活动现金_万元": 1748.652616,
        "经营活动现金流入_万元": 93625.736931,
        "购买商品支付现金_万元": 23842.799457,
        "支付职工现金_万元": 14311.501641,
        "支付税费_万元": 10504.54254,
        "支付其他经营活动现金_万元": 42715.988672,
        "经营活动现金流出_万元": 91374.83231,
        "经营现金流净额_万元": 2250.904621,
        "经营现金流净额同比增长_百分比": -75.76,
        "收回投资现金_万元": null,
        "取得投资收益现金_万元": 99.875825,
        "处置资产收回现金_万元": 46.3,
        "收到其他投资活动现金_万元": 6950.0,
        "投资活动现金流入_万元": 7096.175825,
        "投资支付现金_万元": 639.4,
        "购建资产支付现金_万元": 2344.88687,
        "支付其他投资活动现金_万元": 5900.0,
        "投资活动现金流出_万元": 8884.28687,
        "投资现金流净额_万元": -1788.111045,
        "吸收投资现金_万元": 0.0,
        "取得借款现金_万元": 0.0,
        "收到其他筹资活动现金_万元": null,
        "筹资活动现金流入_万元": 0.0,
        "偿还债务现金_万元": 0.0,
        "分配股利现金_万元": null,
        "支付其他筹资活动现金_万元": 370.309074,
        "筹资活动现金流出_万元": 3977.436876,
        "融资现金流净额_万元": -3977.436876,
        "汇率变动影响_万元": null,
        "现金及等价物净增加额_万元": -3514.6433,
        "净现金流_元": null,
        "净现金流同比增长_百分比": null,
        "期初现金及等价物_万元": 57137.024789,
        "期末现金及等价物_万元": 53622.381489,
        "经营现金流占比_百分比": null,
        "投资现金流占比_百分比": null,
        "融资现金流占比_百分比": null
    }
}