{
    "报告信息": {
        "序号": null,
        "股票代码": "603439",
        "股票简称": "贵州三力",
        "报告年份": "2025",
        "报告期": "HY",
        "总股本_股": 409802216,
        "流通股本_股": 403840216,
        "报告日期": "2025-06-30",
        "审计意见": "未经审计",
        "会计师事务所": null
    },
    "核心业绩指标": {
        "每股收益_元": 0.2,
        "稀释每股收益_元": 0.2,
        "营业总收入_万元": 70183.101339,
        "营业总收入_亿元": 7.0183101339,
        "营收同比增长_百分比": -23.73,
        "营收环比增长_百分比": null,
        "净利润_万元": 8539.133402,
        "净利润_亿元": 0.8539133402,
        "净利润同比增长_百分比": -27.99,
        "净利润环比增长_百分比": null,
        "归母净利润_万元": 8306.096383,
        "少数股东损益_万元": 233.037019,
        "每股净资产_元": 3.61,
        "净资产收益率_百分比": null,
        "扣非净资产收益率_百分比": null,
        "每股经营现金流_元": 0.0413,
        "扣非净利润_万元": 7098.21078,
        "扣非净利润同比增长_百分比": -37.02,
        "销售毛利率_百分比": 67.53,
        "销售净利率_百分比": 12.18,
        "加权平均净资产收益率_百分比": 5.29,
        "扣非加权净资产收益率_百分比": 4.52,
        "总资产收益率_百分比": 2.91,
        "主营业务收入_万元": 70183.101339,
        "主营业务成本_万元": 22797.981551,
        "主营业务利润_万元": 8717.712302
    },
    "资产负债表": {
        "货币资金_万元": 28354.717702,
        "应收账款_万元": 64799.79075,
        "应收票据_万元": 5765.159969,
        "应收款项融资_万元": 6409.153664,
        "预付款项_万元": 4607.757575,
        "其他应收款_万元": 500.298413,
        "存货_万元": 36437.150834,
        "合同资产_万元": null,
        "一年内到期的非流动资产_万元": null,
        "其他流动资产_万元": 687.907169,
        "流动资产合计_万元": 149511.950597,
        "交易性金融资产_万元": 1950.014521,
        "债权投资_万元": null,
        "其他债权投资_万元": null,
        "长期应收款_万元": null,
        "长期股权投资_万元": 6355.635325,
        "其他权益工具投资_万元": 1000.0,
        "投资性房地产_万元": null,
        "固定资产_万元": 54564.730646,
        "在建工程_万元": 0.504501,
        "生产性生物资产_万元": 2999.938876,
        "油气资产_万元": null,
        "使用权资产_万元": 1117.380088,
        "无形资产_万元": 20659.15895,
        "开发支出_万元": null,
        "商誉_万元": 55460.61346,
        "长期待摊费用_万元": 72.179116,
        "递延所得税资产_万元": 1541.481429,
        "其他非流动资产_万元": null,
        "非流动资产合计_万元": 143771.622391,
        "总资产_万元": 293283.572988,
        "总资产同比增长_百分比": -8.12,
        "短期借款_万元": 54292.665478,
        "交易性金融负债_万元": null,
        "应付票据_万元": null,
        "应付账款_万元": 23508.427881,
        "预收款项_万元": null,
        "合同负债_万元": 730.184773,
        "应付职工薪酬_万元": 360.922296,
        "应交税费_万元": 1759.813972,
        "其他应付款_万元": 17731.504093,
        "一年内到期的非流动负债_万元": 5276.325966,
        "其他流动负债_万元": 1837.138597,
        "流动负债合计_万元": 105496.983056,
        "长期借款_万元": 17940.0,
        "应付债券_万元": null,
        "租赁负债_万元": 16.411661,
        "长期应付款_万元": 784.941133,
        "预计负债_万元": null,
        "递延所得税负债_万元": 2373.767879,
        "其他非流动负债_万元": 7675.48362,
        "非流动负债合计_万元": 32883.392109,
        "总负债_万元": 138380.375165,
        "总负债同比增长_百分比": -13.34,
        "资产负债率_百分比": 47.18,
        "实收资本_万元": 40980.2216,
        "资本公积_万元": 15596.210318,
        "盈余公积_万元": 13327.517734,
        "未分配利润_万元": 88128.528774,
        "其他综合收益_万元": null,
        "专项储备_万元": null,
        "归属于母公司所有者权益合计_万元": 147968.23992,
        "少数股东权益_万元": 6934.957903,
        "股东权益合计_万元": 154903.197823
    },
    "利润表": {
        "营业总收入_万元": 70183.101339,
        "营业收入_万元": 70183.101339,
        "营业总收入同比增长_百分比": -23.73,
        "营业成本_万元": 22797.981551,
        "税金及附加_万元": 974.026806,
        "销售费用_万元": 28571.703587,
        "管理费用_万元": 7577.463159,
        "研发费用_万元": 1686.076288,
        "财务费用_万元": 473.622642,
        "其中利息费用_万元": 665.454747,
        "其中利息收入_万元": 138.076473,
        "其他收益_万元": 377.965459,
        "投资收益_万元": 28.571666,
        "其中对联营企业投资收益_万元": 0.912581,
        "公允价值变动收益_万元": 11.014521,
        "信用减值损失_万元": 359.806264,
        "资产减值损失_万元": -171.077288,
        "资产处置收益_万元": 9.204374,
        "营业总支出_万元": 62080.874033,
        "营业利润_万元": 8717.712302,
        "营业外收入_万元": 686.442941,
        "营业外支出_万元": 13.190157,
        "利润总额_万元": 9390.965086,
        "所得税费用_万元": 851.831684,
        "净利润_万元": 8539.133402,
        "归母净利润_万元": 8306.096383,
        "少数股东损益_万元": 233.037019,
        "持续经营净利润_万元": 8539.133402,
        "终止经营净利润_万元": null,
        "其他综合收益_万元": null,
        "综合收益总额_万元": 8539.133402,
        "归母综合收益总额_万元": 8306.096383
    },
    "现金流量表": {
        "销售商品收到现金_万元": 88169.317286,
        "收到的税费返还_万元": 2.352123,
        "收到其他经营活动现金_万元": 2040.075217,
        "经营活动现金流入_万元": 90211.744626,
        "购买商品支付现金_万元": 26947.892098,
        "支付职工现金_万元": 17663.619075,
        "支付税费_万元": 11191.758021,
        "支付其他经营活动现金_万元": 32713.743328,
        "经营活动现金流出_万元": 88517.012522,
        "经营现金流净额_万元": 1694.732104,
        "经营现金流净额同比增长_百分比": -24.71,
        "收回投资现金_万元": null,
        "取得投资收益现金_万元": 42.167237,
        "处置资产收回现金_万元": 61.4,
        "收到其他投资活动现金_万元": 5440.0,
        "投资活动现金流入_万元": 5543.567237,
        "投资支付现金_万元": 19083.0,
        "购建资产支付现金_万元": 1641.697799,
        "支付其他投资活动现金_万元": 5099.0,
        "投资活动现金流出_万元": 25823.697799,
        "投资现金流净额_万元": -20280.130562,
        "吸收投资现金_万元": 2420.0,
        "取得借款现金_万元": 35585.752776,
        "收到其他筹资活动现金_万元": null,
        "筹资活动现金流入_万元": 35585.752776,
        "偿还债务现金_万元": 20242.5,
        "分配股利现金_万元": 14932.90365,
        "支付其他筹资活动现金_万元": 954.7344,
        "筹资活动现金流出_万元": 36130.13805,
        "融资现金流净额_万元": -544.385274,
        "汇率变动影响_万元": null,
        "现金及等价物净增加额_万元": -19129.783732,
        "净现金流_元": -191297837.32,
        "净现金流同比增长_百分比": null,
        "期初现金及等价物_万元": 47484.301434,
        "期末现金及等价物_万元": 28354.717702,
        "经营现金流占比_百分比": -8.86,
        "投资现金流占比_百分比": 106.06,
        "融资现金流占比_百分比": 2.84
    }
}