{
    "报告信息": {
        "序号": null,
        "股票代码": "603439",
        "股票简称": "贵州三力",
        "报告年份": "2024",
        "报告期": "Q3",
        "总股本_股": 409802216,
        "流通股本_股": null,
        "报告日期": "2024-10-29",
        "审计意见": "未经审计",
        "会计师事务所": null
    },
    "核心业绩指标": {
        "每股收益_元": 0.47,
        "稀释每股收益_元": 0.47,
        "营业总收入_万元": 144711.424543,
        "营业总收入_亿元": 14.4711424543,
        "营收同比增长_百分比": 49.26,
        "营收环比增长_百分比": null,
        "净利润_万元": 19878.355637,
        "净利润_亿元": 1.9878355637,
        "净利润同比增长_百分比": 22.89,
        "净利润环比增长_百分比": null,
        "归母净利润_万元": 19413.214159,
        "少数股东损益_万元": 465.141478,
        "每股净资产_元": null,
        "净资产收益率_百分比": null,
        "扣非净资产收益率_百分比": null,
        "每股经营现金流_元": null,
        "扣非净利润_万元": 18707.49307,
        "扣非净利润同比增长_百分比": 22.16,
        "销售毛利率_百分比": null,
        "销售净利率_百分比": null,
        "加权平均净资产收益率_百分比": 12.54,
        "扣非加权净资产收益率_百分比": null,
        "总资产收益率_百分比": null,
        "主营业务收入_万元": 144711.424543,
        "主营业务成本_万元": 44460.89088,
        "主营业务利润_万元": null
    },
    "资产负债表": {
        "货币资金_万元": 53729.787765,
        "应收账款_万元": 61626.855719,
        "应收票据_万元": 3141.219238,
        "应收款项融资_万元": 8040.081118,
        "预付款项_万元": 1876.61521,
        "其他应收款_万元": 592.392679,
        "存货_万元": 31450.937084,
        "合同资产_万元": null,
        "一年内到期的非流动资产_万元": 2000.0,
        "其他流动资产_万元": 489.563001,
        "流动资产合计_万元": 168518.451814,
        "交易性金融资产_万元": 5580.0,
        "债权投资_万元": null,
        "其他债权投资_万元": null,
        "长期应收款_万元": null,
        "长期股权投资_万元": null,
        "其他权益工具投资_万元": 1000.0,
        "投资性房地产_万元": null,
        "固定资产_万元": 57170.931711,
        "在建工程_万元": 0.320704,
        "生产性生物资产_万元": null,
        "油气资产_万元": null,
        "使用权资产_万元": 253.144331,
        "无形资产_万元": 22099.916376,
        "开发支出_万元": null,
        "商誉_万元": 55460.61346,
        "长期待摊费用_万元": 63.608569,
        "递延所得税资产_万元": 1293.761079,
        "其他非流动资产_万元": null,
        "非流动资产合计_万元": 137342.29623,
        "总资产_万元": 305860.748044,
        "总资产同比增长_百分比": 4.73,
        "短期借款_万元": 30027.1,
        "交易性金融负债_万元": null,
        "应付票据_万元": null,
        "应付账款_万元": 29946.714076,
        "预收款项_万元": null,
        "合同负债_万元": 744.33505,
        "应付职工薪酬_万元": 444.360708,
        "应交税费_万元": 4064.717527,
        "其他应付款_万元": 13915.138074,
        "一年内到期的非流动负债_万元": 4572.616166,
        "其他流动负债_万元": 856.516303,
        "流动负债合计_万元": 84571.497904,
        "长期借款_万元": 23172.5,
        "应付债券_万元": null,
        "租赁负债_万元": 32.235953,
        "长期应付款_万元": 845.840118,
        "预计负债_万元": null,
        "递延收益_万元": 4461.263131,
        "递延所得税负债_万元": 2624.145798,
        "其他非流动负债_万元": 4383.575358,
        "非流动负债合计_万元": 35519.560358,
        "总负债_万元": 120091.058262,
        "总负债同比增长_百分比": -0.84,
        "资产负债率_百分比": 39.26,
        "实收资本_万元": 40980.2216,
        "资本公积_万元": 23911.086486,
        "盈余公积_万元": 11301.080109,
        "未分配利润_万元": 87623.183745,
        "其他综合收益_万元": null,
        "专项储备_万元": null,
        "归属于母公司所有者权益合计_万元": 160266.610848,
        "少数股东权益_万元": 25503.078934,
        "股东权益合计_万元": 185769.689782
    },
    "利润表": {
        "营业总收入_万元": 144711.424543,
        "营业收入_万元": 144711.424543,
        "营业总收入同比增长_百分比": 49.26,
        "营业成本_万元": 44460.89088,
        "税金及附加_万元": 1590.021478,
        "销售费用_万元": 59834.995701,
        "管理费用_万元": 11801.874158,
        "研发费用_万元": 2983.916747,
        "财务费用_万元": 1135.086636,
        "其中利息费用_万元": 995.247709,
        "其中利息收入_万元": 370.717318,
        "其他收益_万元": 906.156726,
        "投资收益_万元": 101.796937,
        "其中对联营企业投资收益_万元": -7.9548,
        "公允价值变动收益_万元": null,
        "信用减值损失_万元": -331.115708,
        "资产减值损失_万元": -126.422794,
        "资产处置收益_万元": -17.012858,
        "营业总支出_万元": 121806.7856,
        "营业利润_万元": 23438.041246,
        "营业外收入_万元": 143.303739,
        "营业外支出_万元": 254.56248,
        "利润总额_万元": 23326.782505,
        "所得税费用_万元": 3448.426868,
        "净利润_万元": 19878.355637,
        "归母净利润_万元": 19413.214159,
        "少数股东损益_万元": 465.141478,
        "持续经营净利润_万元": 19878.355637,
        "终止经营净利润_万元": null,
        "其他综合收益_万元": null,
        "综合收益总额_万元": 19878.355637,
        "归母综合收益总额_万元": 19413.214159
    },
    "现金流量表": {
        "销售商品收到现金_万元": 145734.955049,
        "收到的税费返还_万元": 271.730841,
        "收到其他经营活动现金_万元": 2156.920116,
        "经营活动现金流入_万元": 148163.606006,
        "购买商品支付现金_万元": 37971.946352,
        "支付职工现金_万元": 21842.787985,
        "支付税费_万元": 15440.570312,
        "支付其他经营活动现金_万元": 64012.13138,
        "经营活动现金流出_万元": 139267.436029,
        "经营现金流净额_万元": 8896.169977,
        "经营现金流净额同比增长_百分比": -51.1,
        "收回投资现金_万元": null,
        "取得投资收益现金_万元": 109.751737,
        "处置资产收回现金_万元": 46.6709,
        "收到其他投资活动现金_万元": 8400.0,
        "投资活动现金流入_万元": 8556.422637,
        "投资支付现金_万元": 2639.4,
        "购建资产支付现金_万元": 3814.028768,
        "支付其他投资活动现金_万元": 8831.26,
        "投资活动现金流出_万元": 15284.688768,
        "投资现金流净额_万元": -6728.266131,
        "吸收投资现金_万元": 2420.0,
        "取得借款现金_万元": 18000.0,
        "收到其他筹资活动现金_万元": null,
        "筹资活动现金流入_万元": 20420.0,
        "偿还债务现金_万元": 15742.5,
        "分配股利现金_万元": 9885.220638,
        "支付其他筹资活动现金_万元": 367.620232,
        "筹资活动现金流出_万元": 25995.34087,
        "融资现金流净额_万元": -5575.34087,
        "汇率变动影响_万元": null,
        "现金及等价物净增加额_万元": -3407.437024,
        "净现金流_元": null,
        "净现金流同比增长_百分比": null,
        "期初现金及等价物_万元": 57137.024789,
        "期末现金及等价物_万元": 53729.587765,
        "经营现金流占比_百分比": null,
        "投资现金流占比_百分比": null,
        "融资现金流占比_百分比": null
    }
}