{
    "报告信息": {
        "序号": null,
        "股票代码": "603567",
        "股票简称": "珍宝岛",
        "报告年份": "2023",
        "报告期": "第三季度",
        "总股本_股": 941963592,
        "流通股本_股": null,
        "报告日期": "2023-10-28",
        "审计意见": null,
        "会计师事务所": null,
        "期": "Q3"
    },
    "核心业绩指标": {
        "每股收益_元": 0.5066,
        "稀释每股收益_元": 0.5066,
        "营业总收入_万元": 343242.231198,
        "营业总收入_亿元": 34.3242231198,
        "营收同比增长_百分比": 3.49,
        "营收环比增长_百分比": null,
        "净利润_万元": 47648.500755,
        "净利润_亿元": 4.7648500755,
        "净利润同比增长_百分比": 210.05,
        "净利润环比增长_百分比": null,
        "归母净利润_万元": 47591.405515,
        "少数股东损益_万元": 57.09524,
        "每股净资产_元": null,
        "净资产收益率_百分比": 6.4866,
        "扣非净资产收益率_百分比": null,
        "每股经营现金流_元": null,
        "扣非净利润_万元": 19589.99144,
        "扣非净利润同比增长_百分比": 106.55,
        "销售毛利率_百分比": null,
        "销售净利率_百分比": null,
        "加权平均净资产收益率_百分比": 6.4866,
        "扣非加权净资产收益率_百分比": null,
        "总资产收益率_百分比": null,
        "主营业务收入_万元": 343242.231198,
        "主营业务成本_万元": 220428.122796,
        "主营业务利润_万元": null
    },
    "资产负债表": {
        "货币资金_万元": 79182.924921,
        "应收账款_万元": 344858.669481,
        "应收票据_万元": 6964.110428,
        "应收款项融资_万元": 1504.737404,
        "预付款项_万元": 32636.450107,
        "其他应收款_万元": 73893.266333,
        "存货_万元": 100515.098991,
        "合同资产_万元": 888.177516,
        "一年内到期的非流动资产_万元": 6190.295113,
        "其他流动资产_万元": 5347.695407,
        "流动资产合计_万元": 652024.128697,
        "交易性金融资产_万元": 42.702996,
        "债权投资_万元": null,
        "其他债权投资_万元": null,
        "长期应收款_万元": null,
        "长期股权投资_万元": 59548.217111,
        "其他权益工具投资_万元": 59187.2,
        "投资性房地产_万元": 79096.489121,
        "固定资产_万元": 117447.537206,
        "在建工程_万元": 25865.723208,
        "生产性生物资产_万元": null,
        "油气资产_万元": null,
        "使用权资产_万元": 1515.946564,
        "无形资产_万元": 77307.952408,
        "开发支出_万元": 22748.33858,
        "商誉_万元": 1722.392278,
        "长期待摊费用_万元": 1354.169523,
        "递延所得税资产_万元": 24287.408356,
        "其他非流动资产_万元": 46481.454357,
        "非流动资产合计_万元": 516562.828712,
        "总资产_万元": 1168586.957409,
        "总资产同比增长_百分比": 0.09,
        "短期借款_万元": 110569.058333,
        "交易性金融负债_万元": null,
        "应付票据_万元": 1720.037135,
        "应付账款_万元": 36444.144836,
        "预收款项_万元": 0.344391,
        "合同负债_万元": 2739.370759,
        "应付职工薪酬_万元": 2221.801111,
        "应交税费_万元": 13091.534506,
        "其他应付款_万元": 22961.375298,
        "一年内到期的非流动负债_万元": 72919.244713,
        "其他流动负债_万元": 6077.366494,
        "流动负债合计_万元": 268744.277576,
        "长期借款_万元": 121400,
        "应付债券_万元": null,
        "租赁负债_万元": 947.670416,
        "长期应付款_万元": null,
        "预计负债_万元": null,
        "递延收益_万元": 16775.815409,
        "递延所得税负债_万元": 359.403297,
        "其他非流动负债_万元": 4642.605811,
        "非流动负债合计_万元": 144125.494933,
        "总负债_万元": 412869.772509,
        "总负债同比增长_百分比": null,
        "资产负债率_百分比": null,
        "实收资本_万元": 94196.3592,
        "资本公积_万元": 234959.689108,
        "盈余公积_万元": 47098.1796,
        "未分配利润_万元": 381281.510149,
        "其他综合收益_万元": -30.295,
        "专项储备_万元": 390.025798,
        "归属于母公司所有者权益合计_万元": 754895.065423,
        "少数股东权益_万元": 822.119477,
        "股东权益合计_万元": 755717.1849
    },
    "利润表": {
        "营业总收入_万元": 343598.814344,
        "营业收入_万元": 343242.231198,
        "营业总收入同比增长_百分比": null,
        "营业成本_万元": 220428.122796,
        "税金及附加_万元": 3084.381278,
        "销售费用_万元": 56026.988264,
        "管理费用_万元": 22262.442168,
        "研发费用_万元": 4721.42352,
        "财务费用_万元": 9915.793236,
        "其中利息费用_万元": 10146.086668,
        "其中利息收入_万元": 278.997906,
        "其他收益_万元": 3659.492673,
        "投资收益_万元": 12020.840783,
        "其中对联营企业投资收益_万元": -3532.450445,
        "公允价值变动收益_万元": -7.805924,
        "信用减值损失_万元": -619.532713,
        "资产减值损失_万元": -1001.7873,
        "资产处置收益_万元": 17100.199705,
        "营业总支出_万元": 316439.151262,
        "营业利润_万元": 58311.070306,
        "营业外收入_万元": 190.239411,
        "营业外支出_万元": 204.907309,
        "利润总额_万元": 58296.402408,
        "所得税费用_万元": 10647.901653,
        "净利润_万元": 47648.500755,
        "归母净利润_万元": 47591.405515,
        "少数股东损益_万元": 57.09524,
        "持续经营净利润_万元": 47648.500755,
        "终止经营净利润_万元": null,
        "其他综合收益_万元": null,
        "综合收益总额_万元": 47648.500755,
        "归母综合收益总额_万元": 47591.405515
    },
    "现金流量表": {
        "销售商品收到现金_万元": 285105.604871,
        "收到的税费返还_万元": null,
        "收到其他经营活动现金_万元": 50918.659735,
        "经营活动现金流入_万元": 336370.885706,
        "购买商品支付现金_万元": 252067.804733,
        "支付职工现金_万元": 25912.840921,
        "支付税费_万元": 29742.432589,
        "支付其他经营活动现金_万元": 59625.698659,
        "经营活动现金流出_万元": 367566.276902,
        "经营现金流净额_万元": -31195.391196,
        "经营现金流净额同比增长_百分比": null,
        "收回投资现金_万元": null,
        "取得投资收益现金_万元": 2000,
        "处置资产收回现金_万元": 17104.461916,
        "收到其他投资活动现金_万元": 1400,
        "投资活动现金流入_万元": 35322.52776,
        "投资支付现金_万元": 300,
        "购建资产支付现金_万元": 20406.544915,
        "支付其他投资活动现金_万元": 5000,
        "投资活动现金流出_万元": 25406.544915,
        "投资现金流净额_万元": 9915.982845,
        "吸收投资现金_万元": 2043.130934,
        "取得借款现金_万元": 200500,
        "收到其他筹资活动现金_万元": null,
        "筹资活动现金流入_万元": 202543.130934,
        "偿还债务现金_万元": 188700,
        "分配股利现金_万元": 12548.399581,
        "支付其他筹资活动现金_万元": 185.126762,
        "筹资活动现金流出_万元": 201433.526343,
        "融资现金流净额_万元": 1109.604591,
        "汇率变动影响_万元": null,
        "现金及等价物净增加额_万元": -20169.80376,
        "净现金流_元": null,
        "净现金流同比增长_百分比": null,
        "期初现金及等价物_万元": 98231.419157,
        "期末现金及等价物_万元": 78061.615397,
        "经营现金流占比_百分比": null,
        "投资现金流占比_百分比": null,
        "融资现金流占比_百分比": null
    }
}