{
    "报告信息": {
        "序号": null,
        "股票代码": "603567",
        "股票简称": "珍宝岛",
        "报告年份": "2025",
        "报告期": "Q3",
        "总股本_股": 940996515,
        "流通股本_股": null,
        "报告日期": "2025年10月28日",
        "审计意见": "未经审计",
        "会计师事务所": null
    },
    "核心业绩指标": {
        "每股收益_元": -0.3136,
        "稀释每股收益_元": -0.3136,
        "营业总收入_万元": 20477.513176,
        "营业总收入_亿元": 0.20477513176,
        "营收同比增长_百分比": -44.14,
        "营收环比增长_百分比": null,
        "净利润_万元": null,
        "净利润_亿元": null,
        "净利润同比增长_百分比": null,
        "净利润环比增长_百分比": null,
        "归母净利润_万元": -29480.844923,
        "少数股东损益_万元": null,
        "每股净资产_元": 7.73,
        "净资产收益率_百分比": -3.89,
        "扣非净资产收益率_百分比": null,
        "每股经营现金流_元": null,
        "扣非净利润_万元": -31840.844399,
        "扣非净利润同比增长_百分比": -5.23492,
        "销售毛利率_百分比": null,
        "销售净利率_百分比": null,
        "加权平均净资产收益率_百分比": -3.89,
        "扣非加权净资产收益率_百分比": null,
        "总资产收益率_百分比": null,
        "主营业务收入_万元": 20477.513176,
        "主营业务成本_万元": null,
        "主营业务利润_万元": null
    },
    "资产负债表": {
        "货币资金_万元": 20382.056049,
        "应收账款_万元": 310649.50529,
        "应收票据_万元": 474.619542,
        "应收款项融资_万元": 328.088606,
        "预付款项_万元": 9058.421774,
        "其他应收款_万元": 100815.023301,
        "存货_万元": 152113.463472,
        "合同资产_万元": 896.382786,
        "一年内到期的非流动资产_万元": 570.37792,
        "其他流动资产_万元": 30664.353141,
        "流动资产合计_万元": 625998.668253,
        "交易性金融资产_万元": 46.376372,
        "债权投资_万元": null,
        "其他债权投资_万元": null,
        "长期应收款_万元": null,
        "长期股权投资_万元": 72180.918238,
        "其他权益工具投资_万元": 59120.0,
        "投资性房地产_万元": 79940.250102,
        "固定资产_万元": 123561.609558,
        "在建工程_万元": 15811.894326,
        "生产性生物资产_万元": null,
        "油气资产_万元": null,
        "使用权资产_万元": 949.228702,
        "无形资产_万元": 103057.536151,
        "开发支出_万元": 21113.012304,
        "商誉_万元": 1482.392683,
        "长期待摊费用_万元": 3363.470213,
        "递延所得税资产_万元": 44033.040732,
        "其他非流动资产_万元": 29043.353863,
        "非流动资产合计_万元": 553656.706872,
        "总资产_万元": 1179655.375125,
        "总资产同比增长_百分比": -7.21,
        "短期借款_万元": 146254.823221,
        "交易性金融负债_万元": null,
        "应付票据_万元": null,
        "应付账款_万元": 31477.653917,
        "预收款项_万元": 5996.174017,
        "合同负债_万元": 15377.498026,
        "应付职工薪酬_万元": 3650.792198,
        "应交税费_万元": 9567.909629,
        "其他应付款_万元": 19684.597656,
        "一年内到期的非流动负债_万元": 121806.660392,
        "其他流动负债_万元": 1862.21209,
        "流动负债合计_万元": 355678.321146,
        "长期借款_万元": 60700.0,
        "应付债券_万元": null,
        "租赁负债_万元": 743.679034,
        "长期应付款_万元": null,
        "预计负债_万元": 15849.464239,
        "递延收益_万元": 14104.167755,
        "递延所得税负债_万元": 3759.459329,
        "其他非流动负债_万元": 80.837604,
        "非流动负债合计_万元": 95237.607961,
        "总负债_万元": 450915.929107,
        "总负债同比增长_百分比": null,
        "资产负债率_百分比": 38.15,
        "实收资本_万元": 94099.6515,
        "资本公积_万元": 233840.837878,
        "盈余公积_万元": 47101.270008,
        "未分配利润_万元": 354455.574433,
        "其他综合收益_万元": null,
        "专项储备_万元": 719.151395,
        "归属于母公司所有者权益合计_万元": 728827.972076,
        "少数股东权益_万元": -88.526058,
        "股东权益合计_万元": 728739.446018
    },
    "利润表": {
        "营业总收入_万元": 91880.328812,
        "营业收入_万元": 91818.602395,
        "营业总收入同比增长_百分比": -54.71,
        "营业成本_万元": 59029.270376,
        "税金及附加_万元": 2519.347413,
        "销售费用_万元": 9907.901392,
        "管理费用_万元": 21706.590444,
        "研发费用_万元": 1952.283729,
        "财务费用_万元": 11265.070654,
        "其中利息费用_万元": 11456.554085,
        "其中利息收入_万元": 591.318293,
        "其他收益_万元": 4212.444467,
        "投资收益_万元": -550.104433,
        "其中对联营企业投资收益_万元": -550.104433,
        "公允价值变动收益_万元": -7.346752,
        "信用减值损失_万元": -18537.02666,
        "资产减值损失_万元": -16522.124417,
        "资产处置收益_万元": -51.986316,
        "营业总支出_万元": null,
        "营业利润_万元": -45956.279307,
        "营业外收入_万元": 122.048269,
        "营业外支出_万元": 660.481699,
        "利润总额_万元": -46494.712737,
        "所得税费用_万元": -8930.822252,
        "净利润_万元": -37563.890485,
        "归母净利润_万元": -37309.834572,
        "少数股东损益_万元": -254.055913,
        "持续经营净利润_万元": -37563.890485,
        "终止经营净利润_万元": null,
        "其他综合收益_万元": null,
        "综合收益总额_万元": -37563.890485,
        "归母综合收益总额_万元": -37309.834572
    },
    "现金流量表": {
        "销售商品收到现金_万元": 129139.503087,
        "收到的税费返还_万元": null,
        "收到其他经营活动现金_万元": 15413.383744,
        "经营活动现金流入_万元": 144601.667315,
        "购买商品支付现金_万元": 56942.73985,
        "支付职工现金_万元": 16037.108265,
        "支付税费_万元": 11550.954286,
        "支付其他经营活动现金_万元": 37743.673967,
        "经营活动现金流出_万元": 122274.476368,
        "经营现金流净额_万元": 22327.190947,
        "经营现金流净额同比增长_百分比": null,
        "收回投资现金_万元": null,
        "取得投资收益现金_万元": null,
        "处置资产收回现金_万元": 109.490761,
        "收到其他投资活动现金_万元": null,
        "投资活动现金流入_万元": 109.490761,
        "投资支付现金_万元": 52062.212377,
        "购建资产支付现金_万元": 6551.993401,
        "支付其他投资活动现金_万元": null,
        "投资活动现金流出_万元": 58614.205778,
        "投资现金流净额_万元": -58504.715017,
        "吸收投资现金_万元": null,
        "取得借款现金_万元": 141500.0,
        "收到其他筹资活动现金_万元": 182.939502,
        "筹资活动现金流入_万元": 141682.939502,
        "偿还债务现金_万元": 165574.0,
        "分配股利现金_万元": 24496.775996,
        "支付其他筹资活动现金_万元": 193.01152,
        "筹资活动现金流出_万元": 190263.787516,
        "融资现金流净额_万元": -48580.848014,
        "汇率变动影响_万元": -84758.372084,
        "现金及等价物净增加额_万元": -84758.372084,
        "净现金流_元": null,
        "净现金流同比增长_百分比": null,
        "期初现金及等价物_万元": 105031.324404,
        "期末现金及等价物_万元": 20272.95232,
        "经营现金流占比_百分比": null,
        "投资现金流占比_百分比": null,
        "融资现金流占比_百分比": null
    }
}