{
    "报告信息": {
        "序号": null,
        "股票代码": "603567",
        "股票简称": "珍宝岛",
        "报告年份": "2024",
        "报告期": "半年度",
        "总股本_股": 941826360,
        "流通股本_股": null,
        "报告日期": null,
        "审计意见": "未经审计",
        "会计师事务所": null,
        "期": "HY"
    },
    "核心业绩指标": {
        "每股收益_元": 0.4187,
        "稀释每股收益_元": 0.418,
        "营业总收入_万元": 166060.48674,
        "营业总收入_亿元": 16.606048674,
        "营收同比增长_百分比": 7.1,
        "营收环比增长_百分比": null,
        "净利润_万元": 39501.886391,
        "净利润_亿元": 3.9501886391,
        "净利润同比增长_百分比": 281.93,
        "净利润环比增长_百分比": null,
        "归母净利润_万元": 39333.196775,
        "少数股东损益_万元": 168.689616,
        "每股净资产_元": null,
        "净资产收益率_百分比": 5.08,
        "扣非净资产收益率_百分比": 4.68,
        "每股经营现金流_元": null,
        "扣非净利润_万元": 36211.50521,
        "扣非净利润同比增长_百分比": 313.74,
        "销售毛利率_百分比": null,
        "销售净利率_百分比": null,
        "加权平均净资产收益率_百分比": 5.08,
        "扣非加权净资产收益率_百分比": 4.68,
        "总资产收益率_百分比": null,
        "主营业务收入_万元": null,
        "主营业务成本_万元": 69759.900013,
        "主营业务利润_万元": null
    },
    "资产负债表": {
        "货币资金_万元": 119495.270472,
        "应收账款_万元": 333848.950725,
        "应收票据_万元": 5353.490096,
        "应收款项融资_万元": 2752.210166,
        "预付款项_万元": 18997.542673,
        "其他应收款_万元": 172144.729337,
        "存货_万元": 111047.386649,
        "合同资产_万元": 817.373955,
        "一年内到期的非流动资产_万元": 2774.545794,
        "其他流动资产_万元": 23281.168417,
        "流动资产合计_万元": 790557.207968,
        "交易性金融资产_万元": 44.539684,
        "债权投资_万元": null,
        "其他债权投资_万元": null,
        "长期应收款_万元": null,
        "长期股权投资_万元": 69890.147325,
        "其他权益工具投资_万元": 59181.1,
        "投资性房地产_万元": 77898.003253,
        "固定资产_万元": 135733.145036,
        "在建工程_万元": 4334.631278,
        "生产性生物资产_万元": null,
        "油气资产_万元": null,
        "使用权资产_万元": 183.689916,
        "无形资产_万元": 80427.346446,
        "开发支出_万元": 19987.973142,
        "商誉_万元": 1482.392683,
        "长期待摊费用_万元": 1216.027094,
        "递延所得税资产_万元": 25090.086638,
        "其他非流动资产_万元": 37700.521635,
        "非流动资产合计_万元": 513125.064446,
        "总资产_万元": 1303682.272414,
        "总资产同比增长_百分比": 4.58,
        "短期借款_万元": 143574.75,
        "交易性金融负债_万元": null,
        "应付票据_万元": 1943.450612,
        "应付账款_万元": 27993.821462,
        "预收款项_万元": 420.28752,
        "合同负债_万元": 4412.756786,
        "应付职工薪酬_万元": 2298.557775,
        "应交税费_万元": 14550.064483,
        "其他应付款_万元": 25076.730749,
        "一年内到期的非流动负债_万元": 87810.038101,
        "其他流动负债_万元": 4096.793469,
        "流动负债合计_万元": 312177.250957,
        "长期借款_万元": 116300.0,
        "应付债券_万元": null,
        "租赁负债_万元": 13.835521,
        "长期应付款_万元": null,
        "预计负债_万元": 13009.625101,
        "递延收益_万元": 15949.951113,
        "递延所得税负债_万元": 2572.020943,
        "其他非流动负债_万元": 78.665992,
        "非流动负债合计_万元": 147924.09867,
        "总负债_万元": 460101.349627,
        "总负债同比增长_百分比": null,
        "资产负债率_百分比": null,
        "实收资本_万元": 94182.636,
        "资本公积_万元": 234283.327714,
        "盈余公积_万元": 47098.1796,
        "未分配利润_万元": 420302.27485,
        "其他综合收益_万元": -36.785,
        "专项储备_万元": 443.116482,
        "归属于母公司所有者权益合计_万元": 794184.511205,
        "少数股东权益_万元": 49396.411582,
        "股东权益合计_万元": 843580.922787
    },
    "利润表": {
        "营业总收入_万元": 166222.91018,
        "营业收入_万元": 166060.48674,
        "营业总收入同比增长_百分比": null,
        "营业成本_万元": 69759.900013,
        "税金及附加_万元": 2956.839725,
        "销售费用_万元": 16233.433762,
        "管理费用_万元": 14696.940577,
        "研发费用_万元": 1052.711223,
        "财务费用_万元": 5732.598222,
        "其中利息费用_万元": 6991.591248,
        "其中利息收入_万元": 1305.420088,
        "其他收益_万元": 2921.817334,
        "投资收益_万元": 623.905056,
        "其中对联营企业投资收益_万元": -751.095044,
        "公允价值变动收益_万元": 1.836688,
        "信用减值损失_万元": -4716.137002,
        "资产减值损失_万元": -4517.736413,
        "资产处置收益_万元": -75.293272,
        "营业总支出_万元": null,
        "营业利润_万元": 50028.879049,
        "营业外收入_万元": 157.349348,
        "营业外支出_万元": 19.503882,
        "利润总额_万元": 50166.724515,
        "所得税费用_万元": 10664.838124,
        "净利润_万元": 39501.886391,
        "归母净利润_万元": 39333.196775,
        "少数股东损益_万元": 168.689616,
        "持续经营净利润_万元": 39501.886391,
        "终止经营净利润_万元": null,
        "其他综合收益_万元": -41.5,
        "综合收益总额_万元": 39460.386391,
        "归母综合收益总额_万元": 39291.696775
    },
    "现金流量表": {
        "销售商品收到现金_万元": 82002.330139,
        "收到的税费返还_万元": null,
        "收到其他经营活动现金_万元": 37845.669822,
        "经营活动现金流入_万元": 119998.3505,
        "购买商品支付现金_万元": 80219.726727,
        "支付职工现金_万元": 18126.058495,
        "支付税费_万元": 22682.136017,
        "支付其他经营活动现金_万元": 18801.725604,
        "经营活动现金流出_万元": 141127.646843,
        "经营现金流净额_万元": -21129.296343,
        "经营现金流净额同比增长_百分比": -14.96,
        "收回投资现金_万元": null,
        "取得投资收益现金_万元": 1375.0,
        "处置资产收回现金_万元": 6.169488,
        "收到其他投资活动现金_万元": null,
        "投资活动现金流入_万元": 1381.169488,
        "投资支付现金_万元": 3300.0,
        "购建资产支付现金_万元": 1959.299102,
        "支付其他投资活动现金_万元": null,
        "投资活动现金流出_万元": 5259.299102,
        "投资现金流净额_万元": -3878.129614,
        "吸收投资现金_万元": null,
        "取得借款现金_万元": 82500.0,
        "收到其他筹资活动现金_万元": 487.73377,
        "筹资活动现金流入_万元": 82987.73377,
        "偿还债务现金_万元": 71500.0,
        "分配股利现金_万元": 6963.666573,
        "支付其他筹资活动现金_万元": 5109.676341,
        "筹资活动现金流出_万元": 83573.342914,
        "融资现金流净额_万元": -585.609144,
        "汇率变动影响_万元": null,
        "现金及等价物净增加额_万元": -25593.035101,
        "净现金流_元": null,
        "净现金流同比增长_百分比": null,
        "期初现金及等价物_万元": 144618.908917,
        "期末现金及等价物_万元": 119025.873816,
        "经营现金流占比_百分比": null,
        "投资现金流占比_百分比": null,
        "融资现金流占比_百分比": null
    }
}