{
    "报告信息": {
        "序号": null,
        "股票代码": "603567",
        "股票简称": "珍宝岛",
        "报告年份": "2023",
        "报告期": "FY",
        "总股本_股": 941963592,
        "流通股本_股": 941963592,
        "报告日期": "2022-12-31",
        "审计意见": "标准无保留意见",
        "会计师事务所": "中准会计师事务所（特殊普通合伙）"
    },
    "核心业绩指标": {
        "每股收益_元": 0.1969,
        "稀释每股收益_元": 0.1969,
        "营业总收入_万元": 421414.885972,
        "营业总收入_亿元": 42.1414885972,
        "营收同比增长_百分比": 2.12,
        "营收环比增长_百分比": null,
        "净利润_万元": 18539.065713,
        "净利润_亿元": 1.8539065713,
        "净利润同比增长_百分比": -44.18,
        "净利润环比增长_百分比": null,
        "归母净利润_万元": 18539.065713,
        "少数股东损益_万元": 548.954552,
        "每股净资产_元": null,
        "净资产收益率_百分比": 2.6198,
        "扣非净资产收益率_百分比": null,
        "每股经营现金流_元": -0.3471,
        "扣非净利润_万元": -28045.803402,
        "扣非净利润同比增长_百分比": -453.95,
        "销售毛利率_百分比": null,
        "销售净利率_百分比": null,
        "加权平均净资产收益率_百分比": 2.6198,
        "扣非加权净资产收益率_百分比": -3.9633,
        "总资产收益率_百分比": null,
        "主营业务收入_万元": 419946.854113,
        "主营业务成本_万元": 344009.078682,
        "主营业务利润_万元": 75937.775431
    },
    "资产负债表": {
        "货币资金_万元": 100139.253166,
        "应收账款_万元": 286352.710925,
        "应收票据_万元": 13539.740138,
        "应收款项融资_万元": 3351.097663,
        "预付款项_万元": 25815.508961,
        "其他应收款_万元": 81113.858833,
        "存货_万元": 100575.039169,
        "合同资产_万元": 888.177516,
        "一年内到期的非流动资产_万元": 5945.170941,
        "其他流动资产_万元": 20373.56973,
        "流动资产合计_万元": 638144.635962,
        "交易性金融资产_万元": 50.50892,
        "债权投资_万元": 46.6,
        "其他债权投资_万元": null,
        "长期应收款_万元": null,
        "长期股权投资_万元": 63080.667556,
        "其他权益工具投资_万元": 59203.3,
        "投资性房地产_万元": 81398.332761,
        "固定资产_万元": 118423.167599,
        "在建工程_万元": 26082.728068,
        "生产性生物资产_万元": null,
        "油气资产_万元": null,
        "使用权资产_万元": 2318.191489,
        "无形资产_万元": 76428.98182,
        "开发支出_万元": 19849.152056,
        "商誉_万元": 1722.392278,
        "长期待摊费用_万元": 1912.795389,
        "递延所得税资产_万元": 23998.845326,
        "其他非流动资产_万元": 54984.363594,
        "非流动资产合计_万元": 529402.917936,
        "总资产_万元": 1167547.553898,
        "总资产同比增长_百分比": 1.47,
        "短期借款_万元": 130164.847223,
        "交易性金融负债_万元": null,
        "应付票据_万元": 1367.197272,
        "应付账款_万元": 79257.784904,
        "预收款项_万元": 8.10544,
        "合同负债_万元": 5488.600128,
        "应付职工薪酬_万元": 2754.178093,
        "应交税费_万元": 19891.031881,
        "其他应付款_万元": 20431.765022,
        "一年内到期的非流动负债_万元": 115464.951207,
        "其他流动负债_万元": 11845.309874,
        "流动负债合计_万元": 386673.771044,
        "长期借款_万元": 46000.0,
        "应付债券_万元": null,
        "租赁负债_万元": 995.964853,
        "长期应付款_万元": null,
        "预计负债_万元": 0.0,
        "递延收益_万元": 18188.236449,
        "递延所得税负债_万元": 366.852439,
        "其他非流动负债_万元": 4637.492244,
        "非流动负债合计_万元": 70188.545985,
        "总负债_万元": 456862.317029,
        "总负债同比增长_百分比": null,
        "资产负债率_百分比": null,
        "实收资本_万元": 94196.3592,
        "资本公积_万元": 234959.689107,
        "盈余公积_万元": 47098.1796,
        "未分配利润_万元": 336316.79207,
        "其他综合收益_万元": -14.195,
        "专项储备_万元": 334.323962,
        "归属于母公司所有者权益合计_万元": 709891.704788,
        "少数股东权益_万元": 793.532081,
        "股东权益合计_万元": 710685.236869
    },
    "利润表": {
        "营业总收入_万元": 421414.885972,
        "营业收入_万元": 421414.885972,
        "营业总收入同比增长_百分比": 2.12,
        "营业成本_万元": 347462.794538,
        "税金及附加_万元": 4450.527131,
        "销售费用_万元": 60830.753826,
        "管理费用_万元": 32198.995947,
        "研发费用_万元": 7094.800997,
        "财务费用_万元": 13532.370748,
        "其中利息费用_万元": 13867.979469,
        "其中利息收入_万元": 632.75188,
        "其他收益_万元": 65951.803478,
        "投资收益_万元": 2647.464122,
        "其中对联营企业投资收益_万元": -1707.140123,
        "公允价值变动收益_万元": -105.59376,
        "信用减值损失_万元": 6016.450228,
        "资产减值损失_万元": -5079.390586,
        "资产处置收益_万元": 3951.803808,
        "营业总支出_万元": null,
        "营业利润_万元": 29752.621001,
        "营业外收入_万元": 530.490349,
        "营业外支出_万元": 434.660874,
        "利润总额_万元": 29848.450476,
        "所得税费用_万元": 10760.430211,
        "净利润_万元": 18539.065713,
        "归母净利润_万元": 18539.065713,
        "少数股东损益_万元": 548.954552,
        "持续经营净利润_万元": 18539.065713,
        "终止经营净利润_万元": null,
        "其他综合收益_万元": -14.195,
        "综合收益总额_万元": 19073.825265,
        "归母综合收益总额_万元": 18524.870713
    },
    "现金流量表": {
        "销售商品收到现金_万元": 468031.798257,
        "收到的税费返还_万元": 4590.692856,
        "收到其他经营活动现金_万元": 14505.729371,
        "经营活动现金流入_万元": 487700.48195,
        "购买商品支付现金_万元": 388785.039877,
        "支付职工现金_万元": 34023.960987,
        "支付税费_万元": 24726.666192,
        "支付其他经营活动现金_万元": 68157.590947,
        "经营活动现金流出_万元": 520379.758003,
        "经营现金流净额_万元": -32679.276053,
        "经营现金流净额同比增长_百分比": 24.69,
        "收回投资现金_万元": 24090.0,
        "取得投资收益现金_万元": 5244.392329,
        "处置资产收回现金_万元": 63.590001,
        "收到其他投资活动现金_万元": 6000.0,
        "投资活动现金流入_万元": 72371.85233,
        "投资支付现金_万元": 400.0,
        "购建资产支付现金_万元": 40427.282817,
        "支付其他投资活动现金_万元": 1400.0,
        "投资活动现金流出_万元": 43978.749835,
        "投资现金流净额_万元": 28393.102495,
        "吸收投资现金_万元": 0.0,
        "取得借款现金_万元": 168000.0,
        "收到其他筹资活动现金_万元": 0.0,
        "筹资活动现金流入_万元": 168000.0,
        "偿还债务现金_万元": 171400.0,
        "分配股利现金_万元": 24354.937254,
        "支付其他筹资活动现金_万元": 14139.523416,
        "筹资活动现金流出_万元": 209894.46067,
        "融资现金流净额_万元": -41894.46067,
        "汇率变动影响_万元": 4.8e-05,
        "现金及等价物净增加额_万元": -46180.63418,
        "净现金流_元": null,
        "净现金流同比增长_百分比": null,
        "期初现金及等价物_万元": 144412.053337,
        "期末现金及等价物_万元": 98231.419157,
        "经营现金流占比_百分比": null,
        "投资现金流占比_百分比": null,
        "融资现金流占比_百分比": null
    }
}