{
    "报告信息": {
        "序号": null,
        "股票代码": "603567",
        "股票简称": "珍宝岛",
        "报告年份": "2025",
        "报告期": "FY",
        "总股本_股": 941140609,
        "流通股本_股": null,
        "报告日期": "2024-12-31",
        "审计意见": "标准无保留意见",
        "会计师事务所": "中审亚太会计师事务所（特殊普通合伙）"
    },
    "核心业绩指标": {
        "每股收益_元": 0.4662,
        "稀释每股收益_元": 0.4662,
        "营业总收入_万元": 270650.36664,
        "营业总收入_亿元": 27.065036664,
        "营收同比增长_百分比": -13.84,
        "营收环比增长_百分比": null,
        "净利润_万元": 43639.302075,
        "净利润_亿元": 4.3639302075,
        "净利润同比增长_百分比": null,
        "净利润环比增长_百分比": null,
        "归母净利润_万元": 43821.619563,
        "少数股东损益_万元": -182.317488,
        "每股净资产_元": null,
        "净资产收益率_百分比": 5.7,
        "扣非净资产收益率_百分比": null,
        "每股经营现金流_元": null,
        "扣非净利润_万元": 40296.747416,
        "扣非净利润同比增长_百分比": 1365.5,
        "销售毛利率_百分比": null,
        "销售净利率_百分比": null,
        "加权平均净资产收益率_百分比": 5.7,
        "扣非加权净资产收益率_百分比": 5.24,
        "总资产收益率_百分比": null,
        "主营业务收入_万元": 267699.98,
        "主营业务成本_万元": 118632.13,
        "主营业务利润_万元": null
    },
    "资产负债表": {
        "货币资金_万元": 105330.407243,
        "应收账款_万元": 309330.902542,
        "应收票据_万元": 4842.110068,
        "应收款项融资_万元": 577.588052,
        "预付款项_万元": 9027.990765,
        "其他应收款_万元": 108520.091563,
        "存货_万元": 148808.042091,
        "合同资产_万元": 896.382786,
        "一年内到期的非流动资产_万元": 1538.96654,
        "其他流动资产_万元": 30379.706654,
        "流动资产合计_万元": 719305.911428,
        "交易性金融资产_万元": 53.723124,
        "债权投资_万元": null,
        "其他债权投资_万元": null,
        "长期应收款_万元": null,
        "长期股权投资_万元": 70706.022671,
        "其他权益工具投资_万元": 59120.0,
        "投资性房地产_万元": 81472.970785,
        "固定资产_万元": 131898.488708,
        "在建工程_万元": 14941.597764,
        "生产性生物资产_万元": null,
        "油气资产_万元": null,
        "使用权资产_万元": 1233.081278,
        "无形资产_万元": 98036.692594,
        "开发支出_万元": 20360.077165,
        "商誉_万元": 1482.392683,
        "长期待摊费用_万元": 4245.89731,
        "递延所得税资产_万元": 32111.733032,
        "其他非流动资产_万元": 36348.280932,
        "非流动资产合计_万元": 551957.234922,
        "总资产_万元": 1271263.14635,
        "总资产同比增长_百分比": 1.98,
        "短期借款_万元": 129602.086806,
        "交易性金融负债_万元": null,
        "应付票据_万元": 0.0,
        "应付账款_万元": 27816.243719,
        "预收款项_万元": 553.835549,
        "合同负债_万元": 4975.982064,
        "应付职工薪酬_万元": 2968.628299,
        "应交税费_万元": 13704.750901,
        "其他应付款_万元": 22704.554649,
        "一年内到期的非流动负债_万元": 44415.702889,
        "其他流动负债_万元": 5285.827416,
        "流动负债合计_万元": 252027.612292,
        "长期借款_万元": 154600.0,
        "应付债券_万元": null,
        "租赁负债_万元": 796.607514,
        "长期应付款_万元": null,
        "预计负债_万元": 15849.464239,
        "递延收益_万元": 15010.716909,
        "递延所得税负债_万元": 3791.340694,
        "其他非流动负债_万元": 80.837554,
        "非流动负债合计_万元": 190128.96691,
        "总负债_万元": 442156.579202,
        "总负债同比增长_百分比": null,
        "资产负债率_百分比": null,
        "实收资本_万元": 94114.0609,
        "资本公积_万元": 233858.848193,
        "盈余公积_万元": 47101.270008,
        "未分配利润_万元": 405998.443752,
        "其他综合收益_万元": 0.0,
        "专项储备_万元": 498.573089,
        "归属于母公司所有者权益合计_万元": 780061.182744,
        "少数股东权益_万元": 49045.384404,
        "股东权益合计_万元": 829106.567148
    },
    "利润表": {
        "营业总收入_万元": 270650.36664,
        "营业收入_万元": 270393.433417,
        "营业总收入同比增长_百分比": -13.84,
        "营业成本_万元": 121505.399142,
        "税金及附加_万元": 5208.005363,
        "销售费用_万元": 29163.206552,
        "管理费用_万元": 30443.704996,
        "研发费用_万元": 3799.123271,
        "财务费用_万元": 12499.821995,
        "其中利息费用_万元": 13708.768681,
        "其中利息收入_万元": 2011.807491,
        "其他收益_万元": 5295.260266,
        "投资收益_万元": -800.866487,
        "其中对联营企业投资收益_万元": -2180.219698,
        "公允价值变动收益_万元": 11.020128,
        "信用减值损失_万元": -10185.96482,
        "资产减值损失_万元": -9856.605816,
        "资产处置收益_万元": -168.040394,
        "营业总支出_万元": null,
        "营业利润_万元": 52325.908198,
        "营业外收入_万元": 377.006705,
        "营业外支出_万元": 355.723387,
        "利润总额_万元": 52347.191516,
        "所得税费用_万元": 8707.889441,
        "净利润_万元": 43639.302075,
        "归母净利润_万元": 43821.619563,
        "少数股东损益_万元": -182.317488,
        "持续经营净利润_万元": 43639.302075,
        "终止经营净利润_万元": null,
        "其他综合收益_万元": -4.715,
        "综合收益总额_万元": 43634.587075,
        "归母综合收益总额_万元": 43816.904563
    },
    "现金流量表": {
        "销售商品收到现金_万元": 197841.430242,
        "收到的税费返还_万元": 266.915963,
        "收到其他经营活动现金_万元": 52724.605673,
        "经营活动现金流入_万元": 251098.389978,
        "购买商品支付现金_万元": 124654.31872,
        "支付职工现金_万元": 33594.747817,
        "支付税费_万元": 31887.157022,
        "支付其他经营活动现金_万元": 44294.326228,
        "经营活动现金流出_万元": 234667.549787,
        "经营现金流净额_万元": 16430.840191,
        "经营现金流净额同比增长_百分比": 134.36,
        "收回投资现金_万元": 628.789082,
        "取得投资收益现金_万元": 1378.84,
        "处置资产收回现金_万元": 11820.386516,
        "收到其他投资活动现金_万元": null,
        "投资活动现金流入_万元": 13828.015698,
        "投资支付现金_万元": 5515.0,
        "购建资产支付现金_万元": 18915.195257,
        "支付其他投资活动现金_万元": null,
        "投资活动现金流出_万元": 24430.195257,
        "投资现金流净额_万元": -10602.179559,
        "吸收投资现金_万元": null,
        "取得借款现金_万元": 179000.0,
        "收到其他筹资活动现金_万元": 1947.221147,
        "筹资活动现金流入_万元": 180947.221147,
        "偿还债务现金_万元": 187500.0,
        "分配股利现金_万元": 32427.824093,
        "支付其他筹资活动现金_万元": 6435.642199,
        "筹资活动现金流出_万元": 226363.466292,
        "融资现金流净额_万元": -45416.245145,
        "汇率变动影响_万元": null,
        "现金及等价物净增加额_万元": -39587.584513,
        "净现金流_元": null,
        "净现金流同比增长_百分比": null,
        "期初现金及等价物_万元": 144618.908917,
        "期末现金及等价物_万元": 105031.324404,
        "经营现金流占比_百分比": null,
        "投资现金流占比_百分比": null,
        "融资现金流占比_百分比": null
    }
}