{
    "报告信息": {
        "序号": null,
        "股票代码": "603567",
        "股票简称": "珍宝岛",
        "报告年份": "2024",
        "报告期": "第一季度",
        "总股本_股": 941963592,
        "流通股本_股": null,
        "报告日期": "2024-03-31",
        "审计意见": "未经审计",
        "会计师事务所": null,
        "期": "Q1"
    },
    "核心业绩指标": {
        "每股收益_元": 0.3123,
        "稀释每股收益_元": 0.3118,
        "营业总收入_万元": 111729.700298,
        "营业总收入_亿元": 11.1729700298,
        "营收同比增长_百分比": -27.09,
        "营收环比增长_百分比": null,
        "净利润_万元": 29327.286409,
        "净利润_亿元": 2.9327286409,
        "净利润同比增长_百分比": 15.43,
        "净利润环比增长_百分比": null,
        "归母净利润_万元": 29336.58249,
        "少数股东损益_万元": -9.296081,
        "每股净资产_元": null,
        "净资产收益率_百分比": null,
        "扣非净资产收益率_百分比": null,
        "每股经营现金流_元": null,
        "扣非净利润_万元": 28164.975339,
        "扣非净利润同比增长_百分比": 18.23,
        "销售毛利率_百分比": null,
        "销售净利率_百分比": null,
        "加权平均净资产收益率_百分比": 3.81,
        "扣非加权净资产收益率_百分比": null,
        "总资产收益率_百分比": null,
        "主营业务收入_万元": 111729.700298,
        "主营业务成本_万元": 46211.438706,
        "主营业务利润_万元": null
    },
    "资产负债表": {
        "货币资金_万元": 137089.659236,
        "应收账款_万元": 321051.575574,
        "应收票据_万元": 6403.40411,
        "应收款项融资_万元": 1581.707155,
        "预付款项_万元": 19675.008305,
        "其他应收款_万元": 186615.439952,
        "存货_万元": 68332.366416,
        "合同资产_万元": 817.373955,
        "一年内到期的非流动资产_万元": 3314.979972,
        "其他流动资产_万元": 17677.655947,
        "流动资产合计_万元": 762608.990784,
        "交易性金融资产_万元": 49.820162,
        "债权投资_万元": null,
        "其他债权投资_万元": null,
        "长期应收款_万元": null,
        "长期股权投资_万元": 70128.066073,
        "其他权益工具投资_万元": 59193.9,
        "投资性房地产_万元": 78735.724839,
        "固定资产_万元": 110224.882104,
        "在建工程_万元": 29441.422743,
        "生产性生物资产_万元": null,
        "油气资产_万元": null,
        "使用权资产_万元": 332.624385,
        "无形资产_万元": 78960.426546,
        "开发支出_万元": 21010.392669,
        "商誉_万元": 1482.392683,
        "长期待摊费用_万元": 1116.665247,
        "递延所得税资产_万元": 27309.684173,
        "其他非流动资产_万元": 47491.274778,
        "非流动资产合计_万元": 525427.45624,
        "总资产_万元": 1288036.447024,
        "总资产同比增长_百分比": 3.32,
        "短期借款_万元": 104596.258334,
        "交易性金融负债_万元": null,
        "应付票据_万元": 4744.16673,
        "应付账款_万元": 29658.254921,
        "预收款项_万元": 294.445967,
        "合同负债_万元": 3227.209568,
        "应付职工薪酬_万元": 2653.218289,
        "应交税费_万元": 17922.825872,
        "其他应付款_万元": 29003.97612,
        "一年内到期的非流动负债_万元": 97623.787983,
        "其他流动负债_万元": 5698.314741,
        "流动负债合计_万元": 295422.458525,
        "长期借款_万元": 127100,
        "应付债券_万元": null,
        "租赁负债_万元": 13.835521,
        "长期应付款_万元": null,
        "预计负债_万元": 13009.625101,
        "递延收益_万元": 16412.570164,
        "递延所得税负债_万元": 2599.447872,
        "其他非流动负债_万元": 78.664092,
        "非流动负债合计_万元": 159214.14275,
        "总负债_万元": 454636.601275,
        "总负债同比增长_百分比": null,
        "资产负债率_百分比": null,
        "实收资本_万元": 94196.3592,
        "资本公积_万元": 234385.318536,
        "盈余公积_万元": 47098.1796,
        "未分配利润_万元": 410305.660565,
        "其他综合收益_万元": -23.985,
        "专项储备_万元": 423.837526,
        "归属于母公司所有者权益合计_万元": 784181.417964,
        "少数股东权益_万元": 49218.427785,
        "股东权益合计_万元": 833399.845749
    },
    "利润表": {
        "营业总收入_万元": 111814.067381,
        "营业收入_万元": 111729.700298,
        "营业总收入同比增长_百分比": null,
        "营业成本_万元": 46211.438706,
        "税金及附加_万元": 1712.271293,
        "销售费用_万元": 9964.099801,
        "管理费用_万元": 7195.066552,
        "研发费用_万元": 395.769113,
        "财务费用_万元": 2612.985431,
        "其中利息费用_万元": 3542.133154,
        "其中利息收入_万元": 950.671506,
        "其他收益_万元": 1301.828366,
        "投资收益_万元": -513.176296,
        "其中对联营企业投资收益_万元": -513.176296,
        "公允价值变动收益_万元": 7.117166,
        "信用减值损失_万元": -5908.04342,
        "资产减值损失_万元": -2270.738701,
        "资产处置收益_万元": 14.75025,
        "营业总支出_万元": 68091.630896,
        "营业利润_万元": 36354.17385,
        "营业外收入_万元": 75.058785,
        "营业外支出_万元": 3.024784,
        "利润总额_万元": 36426.207851,
        "所得税费用_万元": 7098.921442,
        "净利润_万元": 29327.286409,
        "归母净利润_万元": 29336.58249,
        "少数股东损益_万元": -9.296081,
        "持续经营净利润_万元": 29327.286409,
        "终止经营净利润_万元": null,
        "其他综合收益_万元": null,
        "综合收益总额_万元": 29327.286409,
        "归母综合收益总额_万元": 29336.58249
    },
    "现金流量表": {
        "销售商品收到现金_万元": 31807.8433,
        "收到的税费返还_万元": null,
        "收到其他经营活动现金_万元": 13237.61316,
        "经营活动现金流入_万元": 45128.82326,
        "购买商品支付现金_万元": 26694.10374,
        "支付职工现金_万元": 9141.052293,
        "支付税费_万元": 8497.166309,
        "支付其他经营活动现金_万元": 11126.191699,
        "经营活动现金流出_万元": 55458.514041,
        "经营现金流净额_万元": -10329.690781,
        "经营现金流净额同比增长_百分比": 32.61,
        "收回投资现金_万元": null,
        "取得投资收益现金_万元": null,
        "处置资产收回现金_万元": 5.882451,
        "收到其他投资活动现金_万元": null,
        "投资活动现金流入_万元": 5.882451,
        "投资支付现金_万元": 3300,
        "购建资产支付现金_万元": 761.503943,
        "支付其他投资活动现金_万元": null,
        "投资活动现金流出_万元": 4061.503943,
        "投资现金流净额_万元": -4055.621492,
        "吸收投资现金_万元": null,
        "取得借款现金_万元": 55000,
        "收到其他筹资活动现金_万元": 189.325789,
        "筹资活动现金流入_万元": 55189.325789,
        "偿还债务现金_万元": 26700,
        "分配股利现金_万元": 17458.921833,
        "支付其他筹资活动现金_万元": 4686.747719,
        "筹资活动现金流出_万元": 48845.669552,
        "融资现金流净额_万元": 6343.656237,
        "汇率变动影响_万元": null,
        "现金及等价物净增加额_万元": -8041.656036,
        "净现金流_元": null,
        "净现金流同比增长_百分比": null,
        "期初现金及等价物_万元": 144618.908917,
        "期末现金及等价物_万元": 136577.252881,
        "经营现金流占比_百分比": null,
        "投资现金流占比_百分比": null,
        "融资现金流占比_百分比": null
    }
}