{
    "报告信息": {
        "序号": null,
        "股票代码": "603567",
        "股票简称": "珍宝岛",
        "报告年份": "2025",
        "报告期": "Q1",
        "总股本_股": 941140609,
        "流通股本_股": null,
        "报告日期": null,
        "审计意见": "未经审计",
        "会计师事务所": null
    },
    "核心业绩指标": {
        "每股收益_元": 0.08,
        "稀释每股收益_元": 0.08,
        "营业总收入_万元": 46894.356926,
        "营业总收入_亿元": 4.6894356926,
        "营收同比增长_百分比": -58.03,
        "营收环比增长_百分比": null,
        "净利润_万元": 7401.794315,
        "净利润_亿元": 0.7401794315,
        "净利润同比增长_百分比": null,
        "净利润环比增长_百分比": null,
        "归母净利润_万元": 7529.544326,
        "少数股东损益_万元": -127.750011,
        "每股净资产_元": null,
        "净资产收益率_百分比": null,
        "扣非净资产收益率_百分比": null,
        "每股经营现金流_元": null,
        "扣非净利润_万元": 7257.714311,
        "扣非净利润同比增长_百分比": -74.23,
        "销售毛利率_百分比": null,
        "销售净利率_百分比": null,
        "加权平均净资产收益率_百分比": 0.96,
        "扣非加权净资产收益率_百分比": null,
        "总资产收益率_百分比": null,
        "主营业务收入_万元": 46894.356926,
        "主营业务成本_万元": 11833.20861,
        "主营业务利润_万元": null
    },
    "资产负债表": {
        "货币资金_万元": 78095.796933,
        "应收账款_万元": 340709.282077,
        "应收票据_万元": 655.638824,
        "应收款项融资_万元": 112.70577,
        "预付款项_万元": 8508.44533,
        "其他应收款_万元": 106005.193264,
        "存货_万元": 169411.763284,
        "合同资产_万元": 896.382786,
        "一年内到期的非流动资产_万元": 1103.360764,
        "其他流动资产_万元": 29615.57318,
        "流动资产合计_万元": 735162.125686,
        "交易性金融资产_万元": 47.983474,
        "债权投资_万元": null,
        "其他债权投资_万元": null,
        "长期应收款_万元": null,
        "长期股权投资_万元": 72079.808781,
        "其他权益工具投资_万元": 59120.0,
        "投资性房地产_万元": 88938.385215,
        "固定资产_万元": 121250.948196,
        "在建工程_万元": 15588.44223,
        "生产性生物资产_万元": null,
        "油气资产_万元": null,
        "使用权资产_万元": 1144.297763,
        "无形资产_万元": 98118.544619,
        "开发支出_万元": 20248.333803,
        "商誉_万元": 1482.392683,
        "长期待摊费用_万元": 3894.148671,
        "递延所得税资产_万元": 33580.598253,
        "其他非流动资产_万元": 36231.418659,
        "非流动资产合计_万元": 551677.318873,
        "总资产_万元": 1286839.444559,
        "总资产同比增长_百分比": 1.23,
        "短期借款_万元": 127572.019444,
        "交易性金融负债_万元": null,
        "应付票据_万元": null,
        "应付账款_万元": 26532.762038,
        "预收款项_万元": 674.817349,
        "合同负债_万元": 4733.690489,
        "应付职工薪酬_万元": 2114.056063,
        "应交税费_万元": 12967.986076,
        "其他应付款_万元": 20855.170316,
        "一年内到期的非流动负债_万元": 123055.890263,
        "其他流动负债_万元": 1070.699621,
        "流动负债合计_万元": 319577.091659,
        "长期借款_万元": 95100.0,
        "应付债券_万元": null,
        "租赁负债_万元": 931.625464,
        "长期应付款_万元": null,
        "预计负债_万元": 15849.464239,
        "递延收益_万元": 14906.015656,
        "递延所得税负债_万元": 3782.079585,
        "其他非流动负债_万元": 80.837575,
        "非流动负债合计_万元": 130650.022519,
        "总负债_万元": 450227.114178,
        "总负债同比增长_百分比": null,
        "资产负债率_百分比": null,
        "实收资本_万元": 94114.0609,
        "资本公积_万元": 233858.848193,
        "盈余公积_万元": 47101.270008,
        "未分配利润_万元": 413527.988078,
        "其他综合收益_万元": null,
        "专项储备_万元": 602.542029,
        "归属于母公司所有者权益合计_万元": 787694.69601,
        "少数股东权益_万元": 48917.634371,
        "股东权益合计_万元": 836612.330381
    },
    "利润表": {
        "营业总收入_万元": 46926.963845,
        "营业收入_万元": 46894.356926,
        "营业总收入同比增长_百分比": null,
        "营业成本_万元": 11833.20861,
        "税金及附加_万元": 932.622588,
        "销售费用_万元": 4822.944608,
        "管理费用_万元": 6836.373689,
        "研发费用_万元": 333.340932,
        "财务费用_万元": 3550.688413,
        "其中利息费用_万元": 3374.222803,
        "其中利息收入_万元": 73.393973,
        "其他收益_万元": 536.591445,
        "投资收益_万元": -626.21389,
        "其中对联营企业投资收益_万元": -626.21389,
        "公允价值变动收益_万元": -5.73965,
        "信用减值损失_万元": -9221.558801,
        "资产减值损失_万元": -387.191647,
        "资产处置收益_万元": -0.001133,
        "营业总支出_万元": null,
        "营业利润_万元": 8913.671329,
        "营业外收入_万元": 75.783891,
        "营业外支出_万元": 312.303086,
        "利润总额_万元": 8677.152134,
        "所得税费用_万元": 1275.357819,
        "净利润_万元": 7401.794315,
        "归母净利润_万元": 7529.544326,
        "少数股东损益_万元": -127.750011,
        "持续经营净利润_万元": 7401.794315,
        "终止经营净利润_万元": null,
        "其他综合收益_万元": null,
        "综合收益总额_万元": 7401.794315,
        "归母综合收益总额_万元": 7529.544326
    },
    "现金流量表": {
        "销售商品收到现金_万元": 10470.152315,
        "收到的税费返还_万元": null,
        "收到其他经营活动现金_万元": 3591.741226,
        "经营活动现金流入_万元": 14073.696241,
        "购买商品支付现金_万元": 22010.287178,
        "支付职工现金_万元": 7084.952343,
        "支付税费_万元": 5613.313491,
        "支付其他经营活动现金_万元": 6034.551358,
        "经营活动现金流出_万元": 40743.10437,
        "经营现金流净额_万元": -26669.408129,
        "经营现金流净额同比增长_百分比": -158.18,
        "收回投资现金_万元": null,
        "取得投资收益现金_万元": null,
        "处置资产收回现金_万元": null,
        "收到其他投资活动现金_万元": null,
        "投资活动现金流入_万元": null,
        "投资支付现金_万元": 2000.0,
        "购建资产支付现金_万元": 2960.674265,
        "支付其他投资活动现金_万元": null,
        "投资活动现金流出_万元": 4960.674265,
        "投资现金流净额_万元": -4960.674265,
        "吸收投资现金_万元": null,
        "取得借款现金_万元": 80000.0,
        "收到其他筹资活动现金_万元": 63.119954,
        "筹资活动现金流入_万元": 80063.119954,
        "偿还债务现金_万元": 72200.0,
        "分配股利现金_万元": 3377.870946,
        "支付其他筹资活动现金_万元": 9.57,
        "筹资活动现金流出_万元": 75587.440946,
        "融资现金流净额_万元": 4475.679008,
        "汇率变动影响_万元": null,
        "现金及等价物净增加额_万元": -27154.403386,
        "净现金流_元": null,
        "净现金流同比增长_百分比": null,
        "期初现金及等价物_万元": 105031.324404,
        "期末现金及等价物_万元": 77876.921018,
        "经营现金流占比_百分比": null,
        "投资现金流占比_百分比": null,
        "融资现金流占比_百分比": null
    }
}