{
    "报告信息": {
        "序号": null,
        "股票代码": "603567",
        "股票简称": "珍宝岛",
        "报告年份": "2025",
        "报告期": "HY",
        "总股本_股": 941140609,
        "流通股本_股": null,
        "报告日期": "2025-08-27",
        "审计意见": "未经审计",
        "会计师事务所": null
    },
    "核心业绩指标": {
        "每股收益_元": -0.0833,
        "稀释每股收益_元": -0.0833,
        "营业总收入_万元": 71341.089219,
        "营业总收入_亿元": 7.1341089219,
        "营收同比增长_百分比": -57.04,
        "营收环比增长_百分比": null,
        "净利润_万元": -8019.797597,
        "净利润_亿元": -0.8019797597,
        "净利润同比增长_百分比": -119.9,
        "净利润环比增长_百分比": null,
        "归母净利润_万元": -7828.989649,
        "少数股东损益_万元": -190.807948,
        "每股净资产_元": null,
        "净资产收益率_百分比": null,
        "扣非净资产收益率_百分比": null,
        "每股经营现金流_元": null,
        "扣非净利润_万元": -8378.10894,
        "扣非净利润同比增长_百分比": -123.14,
        "销售毛利率_百分比": null,
        "销售净利率_百分比": null,
        "加权平均净资产收益率_百分比": -1.0087,
        "扣非加权净资产收益率_百分比": -1.0794,
        "总资产收益率_百分比": null,
        "主营业务收入_万元": null,
        "主营业务成本_万元": null,
        "主营业务利润_万元": null
    },
    "资产负债表": {
        "货币资金_万元": 24195.105239,
        "应收账款_万元": 333287.410788,
        "应收票据_万元": 236.804518,
        "应收款项融资_万元": 944.592586,
        "预付款项_万元": 9178.217574,
        "其他应收款_万元": 105172.782508,
        "存货_万元": 172573.988343,
        "合同资产_万元": 896.382786,
        "一年内到期的非流动资产_万元": 572.08197,
        "其他流动资产_万元": 30697.697503,
        "流动资产合计_万元": 677798.455569,
        "交易性金融资产_万元": 43.391754,
        "债权投资_万元": null,
        "其他债权投资_万元": null,
        "长期应收款_万元": null,
        "长期股权投资_万元": 72580.394333,
        "其他权益工具投资_万元": 59120.0,
        "投资性房地产_万元": 80542.440015,
        "固定资产_万元": 126550.12313,
        "在建工程_万元": 15899.752737,
        "生产性生物资产_万元": null,
        "油气资产_万元": null,
        "使用权资产_万元": 1057.42218,
        "无形资产_万元": 97600.817418,
        "开发支出_万元": 21053.643285,
        "商誉_万元": 1482.392683,
        "长期待摊费用_万元": 3507.22527,
        "递延所得税资产_万元": 38365.565958,
        "其他非流动资产_万元": 36206.689696,
        "非流动资产合计_万元": 553966.466705,
        "总资产_万元": 1231764.922274,
        "总资产同比增长_百分比": null,
        "短期借款_万元": 135574.108332,
        "交易性金融负债_万元": null,
        "应付票据_万元": null,
        "应付账款_万元": 29637.522963,
        "预收款项_万元": 970.522729,
        "合同负债_万元": 17787.57283,
        "应付职工薪酬_万元": 2532.960269,
        "应交税费_万元": 9636.586771,
        "其他应付款_万元": 21536.099309,
        "一年内到期的非流动负债_万元": 139918.265662,
        "其他流动负债_万元": 638.919192,
        "流动负债合计_万元": 358232.558057,
        "长期借款_万元": 66300.0,
        "应付债券_万元": null,
        "租赁负债_万元": 742.044023,
        "长期应付款_万元": null,
        "预计负债_万元": 15849.464239,
        "递延收益_万元": 14521.314403,
        "递延所得税负债_万元": 3775.258601,
        "其他非流动负债_万元": 80.837593,
        "非流动负债合计_万元": 101268.918859,
        "总负债_万元": 459501.476916,
        "总负债同比增长_百分比": null,
        "资产负债率_百分比": null,
        "实收资本_万元": 94114.0609,
        "资本公积_万元": 233903.89172,
        "盈余公积_万元": 47101.270008,
        "未分配利润_万元": 398049.308601,
        "其他综合收益_万元": null,
        "专项储备_万元": 630.20541,
        "归属于母公司所有者权益合计_万元": 772288.723441,
        "少数股东权益_万元": -25.278083,
        "股东权益合计_万元": 772263.445358
    },
    "利润表": {
        "营业总收入_万元": 71390.560918,
        "营业收入_万元": 71341.089219,
        "营业总收入同比增长_百分比": null,
        "营业成本_万元": 34730.768359,
        "税金及附加_万元": 1746.370144,
        "销售费用_万元": 7463.476243,
        "管理费用_万元": 14644.108547,
        "研发费用_万元": 1077.365699,
        "财务费用_万元": 6997.370164,
        "其中利息费用_万元": 7274.124052,
        "其中利息收入_万元": 589.813891,
        "其他收益_万元": 990.232754,
        "投资收益_万元": -140.628338,
        "其中对联营企业投资收益_万元": -140.628338,
        "公允价值变动收益_万元": -10.33137,
        "信用减值损失_万元": -13527.453225,
        "资产减值损失_万元": -3133.735155,
        "资产处置收益_万元": null,
        "营业总支出_万元": null,
        "营业利润_万元": -11090.813572,
        "营业外收入_万元": 92.044756,
        "营业外支出_万元": 442.097112,
        "利润总额_万元": -11440.865928,
        "所得税费用_万元": -3421.068331,
        "净利润_万元": -8019.797597,
        "归母净利润_万元": -7828.989649,
        "少数股东损益_万元": -190.807948,
        "持续经营净利润_万元": -8019.797597,
        "终止经营净利润_万元": null,
        "其他综合收益_万元": null,
        "综合收益总额_万元": -8019.797597,
        "归母综合收益总额_万元": -7828.989649
    },
    "现金流量表": {
        "销售商品收到现金_万元": 58812.628453,
        "收到的税费返还_万元": 0.849316,
        "收到其他经营活动现金_万元": 10782.483848,
        "经营活动现金流入_万元": 69630.010317,
        "购买商品支付现金_万元": 43223.193378,
        "支付职工现金_万元": 11487.053161,
        "支付税费_万元": 10209.033462,
        "支付其他经营活动现金_万元": 10920.850909,
        "经营活动现金流出_万元": 75840.13091,
        "经营现金流净额_万元": -6210.120593,
        "经营现金流净额同比增长_百分比": null,
        "收回投资现金_万元": null,
        "取得投资收益现金_万元": null,
        "处置资产收回现金_万元": null,
        "收到其他投资活动现金_万元": null,
        "投资活动现金流入_万元": 1381.169488,
        "投资支付现金_万元": 52052.212377,
        "购建资产支付现金_万元": 4424.509,
        "支付其他投资活动现金_万元": null,
        "投资活动现金流出_万元": 56476.721377,
        "投资现金流净额_万元": -56476.721377,
        "吸收投资现金_万元": null,
        "取得借款现金_万元": 89000.0,
        "收到其他筹资活动现金_万元": 182.951229,
        "筹资活动现金流入_万元": 89182.951229,
        "偿还债务现金_万元": 100100.0,
        "分配股利现金_万元": null,
        "支付其他筹资活动现金_万元": null,
        "筹资活动现金流出_万元": 107441.425562,
        "融资现金流净额_万元": -18258.474333,
        "汇率变动影响_万元": null,
        "现金及等价物净增加额_万元": -80945.316303,
        "净现金流_元": null,
        "净现金流同比增长_百分比": null,
        "期初现金及等价物_万元": 105031.324404,
        "期末现金及等价物_万元": 24086.008101,
        "经营现金流占比_百分比": null,
        "投资现金流占比_百分比": null,
        "融资现金流占比_百分比": null
    }
}