{
    "报告信息": {
        "序号": null,
        "股票代码": "603567",
        "股票简称": "珍宝岛",
        "报告年份": "2023",
        "报告期": "半年度",
        "总股本_股": 941963592,
        "流通股本_股": null,
        "报告日期": "2023-06-30",
        "审计意见": "未经审计",
        "会计师事务所": null,
        "期": "HY"
    },
    "核心业绩指标": {
        "每股收益_元": 0.3662,
        "稀释每股收益_元": 0.3662,
        "营业总收入_万元": 258692.299055,
        "营业总收入_亿元": 25.8692299055,
        "营收同比增长_百分比": 4.37,
        "营收环比增长_百分比": null,
        "净利润_万元": 34399.726338,
        "净利润_亿元": 3.4399726338,
        "净利润同比增长_百分比": 43.84,
        "净利润环比增长_百分比": null,
        "归母净利润_万元": 34399.726338,
        "少数股东损益_万元": 770.21575,
        "每股净资产_元": 7.89,
        "净资产收益率_百分比": null,
        "扣非净资产收益率_百分比": null,
        "每股经营现金流_元": -0.1959,
        "扣非净利润_万元": 7158.890358,
        "扣非净利润同比增长_百分比": -67.09,
        "销售毛利率_百分比": 30.96,
        "销售净利率_百分比": 13.33,
        "加权平均净资产收益率_百分比": 4.73,
        "扣非加权净资产收益率_百分比": 0.98,
        "总资产收益率_百分比": null,
        "主营业务收入_万元": null,
        "主营业务成本_万元": null,
        "主营业务利润_万元": null
    },
    "资产负债表": {
        "货币资金_万元": 79481.162495,
        "应收账款_万元": 350160.009985,
        "应收票据_万元": 9527.92523,
        "应收款项融资_万元": 2838.322363,
        "预付款项_万元": 29437.530886,
        "其他应收款_万元": 80255.289036,
        "存货_万元": 119519.884602,
        "合同资产_万元": 888.177516,
        "一年内到期的非流动资产_万元": 6201.836609,
        "其他流动资产_万元": 7904.147873,
        "流动资产合计_万元": 686259.974209,
        "交易性金融资产_万元": 45.687614,
        "债权投资_万元": null,
        "其他债权投资_万元": null,
        "长期应收款_万元": null,
        "长期股权投资_万元": 60449.022182,
        "其他权益工具投资_万元": 59196.3,
        "投资性房地产_万元": 79621.163713,
        "固定资产_万元": 119444.125374,
        "在建工程_万元": 24767.658043,
        "生产性生物资产_万元": null,
        "油气资产_万元": null,
        "使用权资产_万元": 1701.784984,
        "无形资产_万元": 76598.401225,
        "开发支出_万元": 21896.125641,
        "商誉_万元": 1722.392278,
        "长期待摊费用_万元": 1484.206198,
        "递延所得税资产_万元": 26957.083514,
        "其他非流动资产_万元": 59575.36883,
        "非流动资产合计_万元": 533413.631982,
        "总资产_万元": 1219673.606191,
        "总资产同比增长_百分比": 4.46,
        "短期借款_万元": 104574.208333,
        "交易性金融负债_万元": null,
        "应付票据_万元": 2246.692431,
        "应付账款_万元": 98706.04229,
        "预收款项_万元": 0.00044,
        "合同负债_万元": 2412.572131,
        "应付职工薪酬_万元": 2433.172055,
        "应交税费_万元": 19919.591727,
        "其他应付款_万元": 18157.174157,
        "一年内到期的非流动负债_万元": 35294.886417,
        "其他流动负债_万元": 8586.306395,
        "流动负债合计_万元": 292330.646376,
        "长期借款_万元": 160100.0,
        "应付债券_万元": null,
        "租赁负债_万元": 947.588981,
        "长期应付款_万元": null,
        "预计负债_万元": null,
        "递延收益_万元": 17144.637585,
        "递延所得税负债_万元": 362.131062,
        "其他非流动负债_万元": 4641.125931,
        "非流动负债合计_万元": 183195.483559,
        "总负债_万元": 475526.129935,
        "总负债同比增长_百分比": null,
        "资产负债率_百分比": 39.02,
        "实收资本_万元": 94196.3592,
        "资本公积_万元": 234959.689107,
        "盈余公积_万元": 47098.1796,
        "未分配利润_万元": 369705.394908,
        "其他综合收益_万元": -21.195,
        "专项储备_万元": 365.926179,
        "归属于母公司所有者权益合计_万元": 743303.950562,
        "少数股东权益_万元": 843.525694,
        "股东权益合计_万元": 744147.476256
    },
    "利润表": {
        "营业总收入_万元": 258966.121299,
        "营业收入_万元": 258692.299055,
        "营业总收入同比增长_百分比": 4.37,
        "营业成本_万元": 178285.848261,
        "税金及附加_万元": 1979.693345,
        "销售费用_万元": 41487.42817,
        "管理费用_万元": 15018.446769,
        "研发费用_万元": 2407.677416,
        "财务费用_万元": 6550.840481,
        "其中利息费用_万元": 6668.47389,
        "其中利息收入_万元": 176.613174,
        "其他收益_万元": 2677.360467,
        "投资收益_万元": 12259.303002,
        "其中对联营企业投资收益_万元": -2631.645374,
        "公允价值变动收益_万元": -4.821306,
        "信用减值损失_万元": -186.403003,
        "资产减值损失_万元": -3792.617867,
        "资产处置收益_万元": 17100.366938,
        "营业总支出_万元": null,
        "营业利润_万元": 41289.375088,
        "营业外收入_万元": 145.880797,
        "营业外支出_万元": 71.425342,
        "利润总额_万元": 41363.830543,
        "所得税费用_万元": 6887.08263,
        "净利润_万元": 34476.747913,
        "归母净利润_万元": 34399.726338,
        "少数股东损益_万元": 770.21575,
        "持续经营净利润_万元": 34476.747913,
        "终止经营净利润_万元": null,
        "其他综合收益_万元": -7.0,
        "综合收益总额_万元": 34469.747913,
        "归母综合收益总额_万元": 34392.726338
    },
    "现金流量表": {
        "销售商品收到现金_万元": 199075.71345,
        "收到的税费返还_万元": null,
        "收到其他经营活动现金_万元": 38324.014343,
        "经营活动现金流入_万元": 237666.889993,
        "购买商品支付现金_万元": 174970.10704,
        "支付职工现金_万元": 18726.167435,
        "支付税费_万元": 16899.649012,
        "支付其他经营活动现金_万元": 45213.566736,
        "经营活动现金流出_万元": 256046.990223,
        "经营现金流净额_万元": -18380.10023,
        "经营现金流净额同比增长_百分比": -759.62,
        "收回投资现金_万元": null,
        "取得投资收益现金_万元": 2000.0,
        "处置资产收回现金_万元": 4.101916,
        "收到其他投资活动现金_万元": 1400.0,
        "投资活动现金流入_万元": 3404.101916,
        "投资支付现金_万元": null,
        "购建资产支付现金_万元": 4738.032083,
        "支付其他投资活动现金_万元": 1500.0,
        "投资活动现金流出_万元": 6238.032083,
        "投资现金流净额_万元": -2833.930167,
        "吸收投资现金_万元": null,
        "取得借款现金_万元": 168500.0,
        "收到其他筹资活动现金_万元": null,
        "筹资活动现金流入_万元": 168500.0,
        "偿还债务现金_万元": 160000.0,
        "分配股利现金_万元": 7600.997427,
        "支付其他筹资活动现金_万元": 93.060169,
        "筹资活动现金流出_万元": 167694.057596,
        "融资现金流净额_万元": 805.942404,
        "汇率变动影响_万元": null,
        "现金及等价物净增加额_万元": -20408.087993,
        "净现金流_元": null,
        "净现金流同比增长_百分比": null,
        "期初现金及等价物_万元": 98231.419157,
        "期末现金及等价物_万元": 77823.331164,
        "经营现金流占比_百分比": null,
        "投资现金流占比_百分比": null,
        "融资现金流占比_百分比": null
    }
}