{
    "报告信息": {
        "序号": null,
        "股票代码": "603858",
        "股票简称": "步长制药",
        "报告年份": "2025",
        "报告期": "年度",
        "总股本_股": 1106042645,
        "流通股本_股": null,
        "报告日期": "2025-04-25",
        "审计意见": "标准无保留意见",
        "会计师事务所": "信永中和会计师事务所（特殊普通合伙）",
        "期": "FY"
    },
    "核心业绩指标": {
        "每股收益_元": -0.511,
        "稀释每股收益_元": -0.511,
        "营业总收入_万元": 1100579.49,
        "营业总收入_亿元": 110.057949,
        "营收同比增长_百分比": -16.91,
        "营收环比增长_百分比": null,
        "净利润_万元": -70239.465325,
        "净利润_亿元": -70.239465325,
        "净利润同比增长_百分比": -562.44,
        "净利润环比增长_百分比": null,
        "归母净利润_万元": -55379.79388,
        "少数股东损益_万元": -14859.671445,
        "每股净资产_元": 9.24,
        "净资产收益率_百分比": null,
        "扣非净资产收益率_百分比": null,
        "每股经营现金流_元": 0.85,
        "扣非净利润_万元": -49270.198425,
        "扣非净利润同比增长_百分比": -268.97,
        "销售毛利率_百分比": 59.77,
        "销售净利率_百分比": -6.38,
        "加权平均净资产收益率_百分比": -5.07,
        "扣非加权净资产收益率_百分比": -4.51,
        "总资产收益率_百分比": -3.63,
        "主营业务收入_万元": 1097373.209381,
        "主营业务成本_万元": 439062.173599,
        "主营业务利润_万元": null
    },
    "资产负债表": {
        "货币资金_万元": 81881.259339,
        "应收账款_万元": 89329.825441,
        "应收票据_万元": null,
        "应收款项融资_万元": 36516.766577,
        "预付款项_万元": 10284.425233,
        "其他应收款_万元": 11402.536742,
        "存货_万元": 462438.493653,
        "合同资产_万元": null,
        "一年内到期的非流动资产_万元": null,
        "其他流动资产_万元": 21491.572872,
        "流动资产合计_万元": 753719.85965,
        "交易性金融资产_万元": 40374.979793,
        "债权投资_万元": null,
        "其他债权投资_万元": null,
        "长期应收款_万元": null,
        "长期股权投资_万元": 113058.601997,
        "其他权益工具投资_万元": 39435.857171,
        "投资性房地产_万元": 44723.602631,
        "固定资产_万元": 451935.820861,
        "在建工程_万元": 113216.627375,
        "生产性生物资产_万元": null,
        "油气资产_万元": null,
        "使用权资产_万元": 1207.819332,
        "无形资产_万元": 80952.697896,
        "开发支出_万元": 167578.045315,
        "商誉_万元": 62004.284487,
        "长期待摊费用_万元": 2351.426367,
        "递延所得税资产_万元": 38932.222841,
        "其他非流动资产_万元": 63734.044913,
        "非流动资产合计_万元": 1179131.051186,
        "总资产_万元": 1932850.910836,
        "总资产同比增长_百分比": -7.48,
        "短期借款_万元": 48645.829663,
        "交易性金融负债_万元": null,
        "应付票据_万元": 4809.0,
        "应付账款_万元": 279753.128253,
        "预收款项_万元": null,
        "合同负债_万元": 21576.45855,
        "应付职工薪酬_万元": 14465.863011,
        "应交税费_万元": 14116.808276,
        "其他应付款_万元": 207258.690408,
        "一年内到期的非流动负债_万元": 116901.606527,
        "其他流动负债_万元": 2692.830608,
        "流动负债合计_万元": 710220.215296,
        "长期借款_万元": 198575.0,
        "应付债券_万元": null,
        "租赁负债_万元": 262.273383,
        "长期应付款_万元": 7200.0,
        "预计负债_万元": 301.90262,
        "递延收益_万元": 28359.188317,
        "递延所得税负债_万元": 7123.940208,
        "其他非流动负债_万元": null,
        "非流动负债合计_万元": 241822.304528,
        "总负债_万元": 952042.519824,
        "总负债同比增长_百分比": 0.04,
        "资产负债率_百分比": 49.26,
        "实收资本_万元": 110604.2645,
        "资本公积_万元": 249326.1712,
        "盈余公积_万元": 57079.0305,
        "未分配利润_万元": 674751.66361,
        "其他综合收益_万元": 1123.00658,
        "专项储备_万元": null,
        "归属于母公司所有者权益合计_万元": 1021646.492109,
        "少数股东权益_万元": -40838.101097,
        "股东权益合计_万元": 980808.391012
    },
    "利润表": {
        "营业总收入_万元": 1100579.490015,
        "营业收入_万元": 1100579.490015,
        "营业总收入同比增长_百分比": -16.91,
        "营业成本_万元": 442765.07414,
        "税金及附加_万元": 15901.906485,
        "销售费用_万元": 432317.431836,
        "管理费用_万元": 101018.101543,
        "研发费用_万元": 34540.828711,
        "财务费用_万元": 12277.658034,
        "其中利息费用_万元": 12958.85484,
        "其中利息收入_万元": 752.504223,
        "其他收益_万元": 7728.97836,
        "投资收益_万元": 1302.004698,
        "其中对联营企业投资收益_万元": 1486.363665,
        "公允价值变动收益_万元": -14.933132,
        "信用减值损失_万元": 2258.540601,
        "资产减值损失_万元": -97751.239037,
        "资产处置收益_万元": 42.741537,
        "营业总支出_万元": null,
        "营业利润_万元": -24675.417707,
        "营业外收入_万元": 492.481343,
        "营业外支出_万元": 12346.219987,
        "利润总额_万元": -36529.156351,
        "所得税费用_万元": 33710.308974,
        "净利润_万元": -70239.465325,
        "归母净利润_万元": -55379.79388,
        "少数股东损益_万元": -14859.671445,
        "持续经营净利润_万元": -70239.465325,
        "终止经营净利润_万元": null,
        "其他综合收益_万元": -60.57462,
        "综合收益总额_万元": -70300.039945,
        "归母综合收益总额_万元": -55440.3685
    },
    "现金流量表": {
        "销售商品收到现金_万元": 1170602.823571,
        "收到的税费返还_万元": 352.282159,
        "收到其他经营活动现金_万元": 4674.805014,
        "经营活动现金流入_万元": 1175629.910744,
        "经营活动现金流出_万元": 1081634.853852,
        "经营现金流净额_万元": 93995.056892,
        "经营现金流净额同比增长_百分比": -148.05,
        "收回投资现金_万元": null,
        "取得投资收益现金_万元": 296.931032,
        "处置资产收回现金_万元": 49.170483,
        "收到其他投资活动现金_万元": 753.576977,
        "投资活动现金流入_万元": 1099.678492,
        "投资活动现金流出_万元": 26054.831188,
        "投资现金流净额_万元": -24955.152696,
        "吸收投资现金_万元": 2089.0,
        "取得借款现金_万元": 230617.02433,
        "收到其他筹资活动现金_万元": 187.745313,
        "筹资活动现金流入_万元": 232893.769643,
        "偿还债务现金_万元": 180683.341345,
        "分配股利现金_万元": 28718.09768,
        "支付其他筹资活动现金_万元": 80013.318183,
        "筹资活动现金流出_万元": 289414.757208,
        "融资现金流净额_万元": -56520.987565,
        "汇率变动影响_万元": 1.064955,
        "现金及等价物净增加额_万元": 12519.981587,
        "净现金流_元": null,
        "净现金流同比增长_百分比": null,
        "期初现金及等价物_万元": 69233.315789,
        "期末现金及等价物_万元": 81753.297376,
        "经营现金流占比_百分比": 750.73,
        "投资现金流占比_百分比": -199.34,
        "融资现金流占比_百分比": -451.39
    }
}