{
    "报告信息": {
        "序号": null,
        "股票代码": "603858",
        "股票简称": "步长制药",
        "报告年份": "2025",
        "报告期": "Q1",
        "总股本_股": 1106042645,
        "流通股本_股": null,
        "报告日期": "2025-04-25",
        "审计意见": "未经审计",
        "会计师事务所": null
    },
    "核心业绩指标": {
        "每股收益_元": 0.2899,
        "稀释每股收益_元": 0.2899,
        "营业总收入_万元": 278494.698148,
        "营业总收入_亿元": 27.8494698148,
        "营收同比增长_百分比": 5.47,
        "营收环比增长_百分比": null,
        "净利润_万元": 28989.020409,
        "净利润_亿元": 2.8989020409,
        "净利润同比增长_百分比": null,
        "净利润环比增长_百分比": null,
        "归母净利润_万元": 30726.108817,
        "少数股东损益_万元": -1737.088408,
        "每股净资产_元": null,
        "净资产收益率_百分比": null,
        "扣非净资产收益率_百分比": null,
        "每股经营现金流_元": null,
        "扣非净利润_万元": 29958.826804,
        "扣非净利润同比增长_百分比": 197.05,
        "销售毛利率_百分比": null,
        "销售净利率_百分比": null,
        "加权平均净资产收益率_百分比": 2.97,
        "扣非加权净资产收益率_百分比": null,
        "总资产收益率_百分比": null,
        "主营业务收入_万元": 278494.698148,
        "主营业务成本_万元": 106395.513414,
        "主营业务利润_万元": null
    },
    "资产负债表": {
        "货币资金_万元": 143221.853395,
        "应收账款_万元": 52177.199882,
        "应收票据_万元": null,
        "应收款项融资_万元": 63041.833783,
        "预付款项_万元": 7856.862407,
        "其他应收款_万元": 11473.73103,
        "存货_万元": 440962.066177,
        "合同资产_万元": null,
        "一年内到期的非流动资产_万元": null,
        "其他流动资产_万元": 19553.054187,
        "流动资产合计_万元": 809087.823409,
        "交易性金融资产_万元": 70801.222548,
        "债权投资_万元": null,
        "其他债权投资_万元": null,
        "长期应收款_万元": null,
        "长期股权投资_万元": 113066.693293,
        "其他权益工具投资_万元": 39435.857171,
        "投资性房地产_万元": 99318.911812,
        "固定资产_万元": 391301.481136,
        "在建工程_万元": 111140.567906,
        "生产性生物资产_万元": null,
        "油气资产_万元": null,
        "使用权资产_万元": 1628.454481,
        "无形资产_万元": 79291.220956,
        "开发支出_万元": 172785.250975,
        "商誉_万元": 62004.284487,
        "长期待摊费用_万元": 3974.178364,
        "递延所得税资产_万元": 38755.197311,
        "其他非流动资产_万元": 61906.599226,
        "非流动资产合计_万元": 1174608.697118,
        "总资产_万元": 1983696.520527,
        "总资产同比增长_百分比": 2.63,
        "短期借款_万元": 49148.390275,
        "交易性金融负债_万元": null,
        "应付票据_万元": 2490.405,
        "应付账款_万元": 260748.074595,
        "预收款项_万元": null,
        "合同负债_万元": 26379.748756,
        "应付职工薪酬_万元": 13312.680162,
        "应交税费_万元": 14261.175551,
        "其他应付款_万元": 210086.603817,
        "一年内到期的非流动负债_万元": 131505.85393,
        "其他流动负债_万元": 3299.141436,
        "流动负债合计_万元": 711232.073522,
        "长期借款_万元": 214745.95,
        "应付债券_万元": null,
        "租赁负债_万元": 705.800405,
        "长期应付款_万元": 17400.0,
        "预计负债_万元": 301.90262,
        "递延收益_万元": 26748.807991,
        "递延所得税负债_万元": 7467.877482,
        "其他非流动负债_万元": null,
        "非流动负债合计_万元": 267370.338498,
        "总负债_万元": 978602.41202,
        "总负债同比增长_百分比": null,
        "资产负债率_百分比": null,
        "实收资本_万元": 110604.2645,
        "资本公积_万元": 249326.1712,
        "盈余公积_万元": 57079.0305,
        "未分配利润_万元": 705477.772427,
        "其他综合收益_万元": 1029.450429,
        "专项储备_万元": null,
        "归属于母公司所有者权益合计_万元": 1047503.231412,
        "少数股东权益_万元": -42409.122905,
        "股东权益合计_万元": 1005094.108507
    },
    "利润表": {
        "营业总收入_万元": 278494.698148,
        "营业收入_万元": 278494.698148,
        "营业总收入同比增长_百分比": 5.47,
        "营业成本_万元": 106395.513414,
        "税金及附加_万元": 4473.303413,
        "销售费用_万元": 109008.244658,
        "管理费用_万元": 19231.406859,
        "研发费用_万元": 4514.586988,
        "财务费用_万元": 2747.007872,
        "其中利息费用_万元": 2874.016181,
        "其中利息收入_万元": 159.076401,
        "其他收益_万元": 3118.503475,
        "投资收益_万元": -60.826939,
        "其中对联营企业投资收益_万元": 8.091295,
        "公允价值变动收益_万元": 207.537783,
        "信用减值损失_万元": 2644.057502,
        "资产减值损失_万元": 231.419422,
        "资产处置收益_万元": 16.154895,
        "营业总支出_万元": 246370.063204,
        "营业利润_万元": 38281.481082,
        "营业外收入_万元": 127.813854,
        "营业外支出_万元": 796.436891,
        "利润总额_万元": 37612.858045,
        "所得税费用_万元": 8623.837636,
        "净利润_万元": 28989.020409,
        "归母净利润_万元": 30726.108817,
        "少数股东损益_万元": -1737.088408,
        "持续经营净利润_万元": 28989.020409,
        "终止经营净利润_万元": null,
        "其他综合收益_万元": -93.556151,
        "综合收益总额_万元": null,
        "归母综合收益总额_万元": null
    },
    "现金流量表": {
        "销售商品收到现金_万元": 292946.314812,
        "收到的税费返还_万元": 0.001248368,
        "收到其他经营活动现金_万元": 6314.331968,
        "经营活动现金流入_万元": 299260.64678,
        "购买商品支付现金_万元": 52685.464376,
        "支付职工现金_万元": 24172.262845,
        "支付税费_万元": 36414.768417,
        "支付其他经营活动现金_万元": 118186.519661,
        "经营活动现金流出_万元": 231459.015299,
        "经营现金流净额_万元": 67801.631481,
        "经营现金流净额同比增长_百分比": 814.82,
        "收回投资现金_万元": null,
        "取得投资收益现金_万元": 125.105281,
        "处置资产收回现金_万元": 9.2355,
        "收到其他投资活动现金_万元": 154.636496,
        "投资活动现金流入_万元": 288.977277,
        "投资支付现金_万元": 30220.0,
        "购建资产支付现金_万元": 3747.700839,
        "支付其他投资活动现金_万元": null,
        "投资活动现金流出_万元": 33967.700839,
        "投资现金流净额_万元": -33678.723562,
        "吸收投资现金_万元": 136.6666,
        "取得借款现金_万元": 62400.0,
        "收到其他筹资活动现金_万元": 5802.843672,
        "筹资活动现金流入_万元": 68339.510272,
        "偿还债务现金_万元": 30997.663262,
        "分配股利现金_万元": 2977.965185,
        "支付其他筹资活动现金_万元": 7157.288108,
        "筹资活动现金流出_万元": 41132.916555,
        "融资现金流净额_万元": 27206.593717,
        "汇率变动影响_万元": -4.215823,
        "现金及等价物净增加额_万元": 61325.285813,
        "净现金流_元": null,
        "净现金流同比增长_百分比": null,
        "期初现金及等价物_万元": null,
        "期末现金及等价物_万元": null,
        "经营现金流占比_百分比": null,
        "投资现金流占比_百分比": null,
        "融资现金流占比_百分比": null
    }
}