{
    "报告信息": {
        "序号": null,
        "股票代码": "603858",
        "股票简称": "步长制药",
        "报告年份": "2024",
        "报告期": "Q3",
        "总股本_股": 1106042645,
        "流通股本_股": null,
        "报告日期": "2024-10-28",
        "审计意见": "未经审计",
        "会计师事务所": null
    },
    "核心业绩指标": {
        "每股收益_元": 0.0756,
        "稀释每股收益_元": 0.0756,
        "营业总收入_万元": 308273.128714,
        "营业总收入_亿元": 30.8273128714,
        "营收同比增长_百分比": 1.89,
        "营收环比增长_百分比": null,
        "净利润_万元": 8144.65492,
        "净利润_亿元": 0.814465492,
        "净利润同比增长_百分比": -54.5,
        "净利润环比增长_百分比": null,
        "归母净利润_万元": 8144.65492,
        "少数股东损益_万元": null,
        "每股净资产_元": null,
        "净资产收益率_百分比": 0.72,
        "扣非净资产收益率_百分比": null,
        "每股经营现金流_元": null,
        "扣非净利润_万元": 13791.829019,
        "扣非净利润同比增长_百分比": -27.95,
        "销售毛利率_百分比": null,
        "销售净利率_百分比": null,
        "加权平均净资产收益率_百分比": 0.72,
        "扣非加权净资产收益率_百分比": null,
        "总资产收益率_百分比": null,
        "主营业务收入_万元": null,
        "主营业务成本_万元": null,
        "主营业务利润_万元": null
    },
    "资产负债表": {
        "货币资金_万元": 95828.266017,
        "应收账款_万元": 115453.24163,
        "应收票据_万元": null,
        "应收款项融资_万元": 19770.997446,
        "预付款项_万元": 13432.083367,
        "其他应收款_万元": 13220.556971,
        "存货_万元": 446737.137986,
        "合同资产_万元": null,
        "一年内到期的非流动资产_万元": null,
        "其他流动资产_万元": 15230.144368,
        "流动资产合计_万元": 755003.687044,
        "交易性金融资产_万元": 35331.259259,
        "债权投资_万元": null,
        "其他债权投资_万元": null,
        "长期应收款_万元": null,
        "长期股权投资_万元": 112201.693434,
        "其他权益工具投资_万元": 39435.857171,
        "投资性房地产_万元": 22696.896654,
        "固定资产_万元": 463143.242182,
        "在建工程_万元": 124854.990792,
        "生产性生物资产_万元": null,
        "油气资产_万元": null,
        "使用权资产_万元": 1971.521998,
        "无形资产_万元": 84769.21217,
        "开发支出_万元": 156756.01273,
        "商誉_万元": 147307.777234,
        "长期待摊费用_万元": 2434.549734,
        "递延所得税资产_万元": 35873.350204,
        "其他非流动资产_万元": 68438.112018,
        "非流动资产合计_万元": 1259883.216321,
        "总资产_万元": 2014886.903365,
        "总资产同比增长_百分比": -3.56,
        "短期借款_万元": 24288.162498,
        "交易性金融负债_万元": null,
        "应付票据_万元": 12000.0,
        "应付账款_万元": 240892.436217,
        "预收款项_万元": null,
        "合同负债_万元": 13212.881963,
        "应付职工薪酬_万元": 9687.362321,
        "应交税费_万元": 15416.177669,
        "其他应付款_万元": 211450.483617,
        "一年内到期的非流动负债_万元": 79422.268203,
        "其他流动负债_万元": 1672.246655,
        "流动负债合计_万元": 608037.006643,
        "长期借款_万元": null,
        "应付债券_万元": null,
        "租赁负债_万元": null,
        "长期应付款_万元": null,
        "预计负债_万元": null,
        "递延收益_万元": null,
        "递延所得税负债_万元": 7916.080251,
        "其他非流动负债_万元": 326509.227701,
        "非流动负债合计_万元": 326509.227701,
        "总负债_万元": 934546.246844,
        "总负债同比增长_百分比": null,
        "资产负债率_百分比": null,
        "实收资本_万元": 110604.2645,
        "资本公积_万元": 249326.1712,
        "盈余公积_万元": 57079.0305,
        "未分配利润_万元": 761417.77758,
        "其他综合收益_万元": 1176.712037,
        "专项储备_万元": null,
        "归属于母公司所有者权益合计_万元": 1116111.664573,
        "少数股东权益_万元": -35771.008052,
        "股东权益合计_万元": 1080340.656521
    },
    "利润表": {
        "营业总收入_万元": 851440.359483,
        "营业收入_万元": 851440.359483,
        "营业总收入同比增长_百分比": -14.71,
        "营业成本_万元": 365073.450388,
        "税金及附加_万元": 12282.318806,
        "销售费用_万元": 327109.190153,
        "管理费用_万元": 66410.711437,
        "研发费用_万元": 18020.150197,
        "财务费用_万元": 8997.708291,
        "其中利息费用_万元": 9477.108677,
        "其中利息收入_万元": 556.358771,
        "其他收益_万元": 6286.560477,
        "投资收益_万元": 747.099407,
        "其中对联营企业投资收益_万元": 634.470496,
        "公允价值变动收益_万元": -77.984127,
        "信用减值损失_万元": 1792.00652,
        "资产减值损失_万元": -2805.852953,
        "资产处置收益_万元": 2.347593,
        "营业总支出_万元": null,
        "营业利润_万元": 59491.007128,
        "营业外收入_万元": 285.742676,
        "营业外支出_万元": 9592.164403,
        "利润总额_万元": 50184.585401,
        "所得税费用_万元": 28397.002179,
        "净利润_万元": 21787.583222,
        "归母净利润_万元": 31286.32009,
        "少数股东损益_万元": -9498.736868,
        "持续经营净利润_万元": 21787.583222,
        "终止经营净利润_万元": null,
        "其他综合收益_万元": -6.869163,
        "综合收益总额_万元": 21780.714059,
        "归母综合收益总额_万元": 31279.450927
    },
    "现金流量表": {
        "销售商品收到现金_万元": 857745.585454,
        "收到的税费返还_万元": 290.460331,
        "收到其他经营活动现金_万元": 20317.438484,
        "经营活动现金流入_万元": 878353.484269,
        "购买商品支付现金_万元": 196943.099601,
        "支付职工现金_万元": 79234.214857,
        "支付税费_万元": 105061.657762,
        "支付其他经营活动现金_万元": 426968.109119,
        "经营活动现金流出_万元": 808207.081339,
        "经营现金流净额_万元": 70146.40293,
        "经营现金流净额同比增长_百分比": null,
        "收回投资现金_万元": 38000.0,
        "取得投资收益现金_万元": 1243.046865,
        "处置资产收回现金_万元": 40.360515,
        "收到其他投资活动现金_万元": 530.812825,
        "投资活动现金流入_万元": 814.220205,
        "投资支付现金_万元": 1375.0,
        "购建资产支付现金_万元": 18897.847705,
        "支付其他投资活动现金_万元": 20.014943,
        "投资活动现金流出_万元": 20272.847705,
        "投资现金流净额_万元": -19458.6275,
        "吸收投资现金_万元": 2079.0,
        "取得借款现金_万元": 195157.02433,
        "收到其他筹资活动现金_万元": 95.225105,
        "筹资活动现金流入_万元": 197331.249435,
        "偿还债务现金_万元": 129679.221108,
        "分配股利现金_万元": 25267.348541,
        "支付其他筹资活动现金_万元": 66575.117341,
        "筹资活动现金流出_万元": 221521.68699,
        "融资现金流净额_万元": -24190.437555,
        "汇率变动影响_万元": -0.240455,
        "现金及等价物净增加额_万元": 26497.09742,
        "净现金流_元": null,
        "净现金流同比增长_百分比": null,
        "期初现金及等价物_万元": 69233.315789,
        "期末现金及等价物_万元": 95730.413209,
        "经营现金流占比_百分比": null,
        "投资现金流占比_百分比": null,
        "融资现金流占比_百分比": null
    }
}