{
    "报告信息": {
        "序号": null,
        "股票代码": "603858",
        "股票简称": "步长制药",
        "报告年份": "2023",
        "报告期": "Q3",
        "总股本_股": null,
        "流通股本_股": null,
        "报告日期": null,
        "审计意见": "未经审计",
        "会计师事务所": null
    },
    "核心业绩指标": {
        "每股收益_元": 0.1618,
        "稀释每股收益_元": 0.1618,
        "营业总收入_万元": 302554.504121,
        "营业总收入_亿元": null,
        "营收同比增长_百分比": -28.08,
        "营收环比增长_百分比": null,
        "净利润_万元": null,
        "净利润_亿元": null,
        "净利润同比增长_百分比": null,
        "净利润环比增长_百分比": null,
        "归母净利润_万元": 17900.538496,
        "少数股东损益_万元": null,
        "每股净资产_元": null,
        "净资产收益率_百分比": null,
        "扣非净资产收益率_百分比": null,
        "每股经营现金流_元": null,
        "扣非净利润_万元": 19142.492401,
        "扣非净利润同比增长_百分比": -55.95,
        "销售毛利率_百分比": null,
        "销售净利率_百分比": null,
        "加权平均净资产收益率_百分比": 1.48,
        "扣非加权净资产收益率_百分比": null,
        "总资产收益率_百分比": null,
        "主营业务收入_万元": null,
        "主营业务成本_万元": null,
        "主营业务利润_万元": null
    },
    "资产负债表": {
        "货币资金_万元": 55883.730244,
        "应收账款_万元": 125382.574703,
        "应收票据_万元": null,
        "应收款项融资_万元": 11007.002365,
        "预付款项_万元": 20054.429643,
        "其他应收款_万元": 26780.780946,
        "存货_万元": 465094.420059,
        "合同资产_万元": null,
        "一年内到期的非流动资产_万元": null,
        "其他流动资产_万元": 13156.364376,
        "流动资产合计_万元": 754886.351529,
        "交易性金融资产_万元": 37527.049193,
        "债权投资_万元": null,
        "其他债权投资_万元": null,
        "长期应收款_万元": 1135.913883,
        "长期股权投资_万元": 110981.452286,
        "其他权益工具投资_万元": 38060.857171,
        "投资性房地产_万元": 6398.906294,
        "固定资产_万元": 480412.008314,
        "在建工程_万元": 131969.685188,
        "生产性生物资产_万元": null,
        "油气资产_万元": null,
        "使用权资产_万元": 3204.094727,
        "无形资产_万元": 99032.47083,
        "开发支出_万元": 125425.792127,
        "商誉_万元": 207110.8541,
        "长期待摊费用_万元": 1747.686961,
        "递延所得税资产_万元": 30457.500278,
        "其他非流动资产_万元": 71071.190768,
        "非流动资产合计_万元": 1307008.412927,
        "总资产_万元": 2061894.764456,
        "总资产同比增长_百分比": -6.07,
        "短期借款_万元": 39630.467068,
        "交易性金融负债_万元": null,
        "应付票据_万元": 15900.0,
        "应付账款_万元": 174385.472021,
        "预收款项_万元": null,
        "合同负债_万元": 17323.700941,
        "应付职工薪酬_万元": 9459.934765,
        "应交税费_万元": 17135.855297,
        "其他应付款_万元": 246813.43498,
        "一年内到期的非流动负债_万元": 50566.539632,
        "其他流动负债_万元": 2212.310979,
        "流动负债合计_万元": 573427.715683,
        "长期借款_万元": 225018.051789,
        "应付债券_万元": null,
        "租赁负债_万元": 1756.024731,
        "长期应付款_万元": 15800.0,
        "预计负债_万元": null,
        "递延收益_万元": 30510.778478,
        "递延所得税负债_万元": 9159.06955,
        "其他非流动负债_万元": null,
        "非流动负债合计_万元": 282243.924548,
        "总负债_万元": 855671.640231,
        "总负债同比增长_百分比": null,
        "资产负债率_百分比": null,
        "实收资本_万元": 110604.2645,
        "资本公积_万元": 249390.296613,
        "盈余公积_万元": 57079.0305,
        "未分配利润_万元": 804310.039754,
        "其他综合收益_万元": 1159.865265,
        "专项储备_万元": null,
        "归属于母公司所有者权益合计_万元": 1222543.496632,
        "少数股东权益_万元": -16320.372407,
        "股东权益合计_万元": 1206223.124225
    },
    "利润表": {
        "营业总收入_万元": 998322.240698,
        "营业收入_万元": 998322.240698,
        "营业总收入同比增长_百分比": -11.69,
        "营业成本_万元": 312871.493205,
        "税金及附加_万元": 16154.117334,
        "销售费用_万元": 484020.248041,
        "管理费用_万元": 73772.694186,
        "研发费用_万元": 15100.989322,
        "财务费用_万元": 6481.488289,
        "其中利息费用_万元": 8486.578174,
        "其中利息收入_万元": 2210.630356,
        "其他收益_万元": 19235.43392,
        "投资收益_万元": 1784.856447,
        "其中对联营企业投资收益_万元": 424.820576,
        "公允价值变动收益_万元": -117.805807,
        "信用减值损失_万元": 1346.420334,
        "资产减值损失_万元": -174.139204,
        "资产处置收益_万元": 63.650699,
        "营业总支出_万元": null,
        "营业利润_万元": 112059.62671,
        "营业外收入_万元": 256.85985,
        "营业外支出_万元": 4236.224092,
        "利润总额_万元": 108080.262468,
        "所得税费用_万元": 24956.90406,
        "净利润_万元": 83123.358408,
        "归母净利润_万元": 92514.363485,
        "少数股东损益_万元": -9391.005077,
        "持续经营净利润_万元": 83123.358408,
        "终止经营净利润_万元": null,
        "其他综合收益_万元": -53.590573,
        "综合收益总额_万元": null,
        "归母综合收益总额_万元": null
    },
    "现金流量表": {
        "销售商品收到现金_万元": 1009188.961209,
        "收到的税费返还_万元": 1020.892169,
        "收到其他经营活动现金_万元": 19818.580669,
        "经营活动现金流入_万元": 1030028.434047,
        "购买商品支付现金_万元": 302826.967361,
        "支付职工现金_万元": 82143.923426,
        "支付税费_万元": 150938.052385,
        "支付其他经营活动现金_万元": 535299.59485,
        "经营活动现金流出_万元": 1071208.538022,
        "经营现金流净额_万元": -41180.103975,
        "经营现金流净额同比增长_百分比": -118.08,
        "收回投资现金_万元": 38000.0,
        "取得投资收益现金_万元": 1271.312669,
        "处置资产收回现金_万元": 180.031261,
        "收到其他投资活动现金_万元": 1894.663317,
        "投资活动现金流入_万元": 41346.007247,
        "投资支付现金_万元": 6750.0,
        "购建资产支付现金_万元": 38605.826839,
        "支付其他投资活动现金_万元": 20.014943,
        "投资活动现金流出_万元": 45375.841782,
        "投资现金流净额_万元": -4029.834535,
        "吸收投资现金_万元": 152.0,
        "取得借款现金_万元": 134337.0,
        "收到其他筹资活动现金_万元": 185.640309,
        "筹资活动现金流入_万元": 134674.640309,
        "偿还债务现金_万元": 126567.126446,
        "分配股利现金_万元": null,
        "支付其他筹资活动现金_万元": 9549.365686,
        "筹资活动现金流出_万元": 254216.595946,
        "融资现金流净额_万元": -119541.955637,
        "汇率变动影响_万元": 1.828927,
        "现金及等价物净增加额_万元": -164750.06522,
        "净现金流_元": null,
        "净现金流同比增长_百分比": null,
        "期初现金及等价物_万元": 212131.654786,
        "期末现金及等价物_万元": 47381.589566,
        "经营现金流占比_百分比": null,
        "投资现金流占比_百分比": null,
        "融资现金流占比_百分比": null
    }
}