{
    "报告信息": {
        "序号": null,
        "股票代码": "603896",
        "股票简称": "寿仙谷",
        "报告年份": "2023",
        "报告期": "FY",
        "总股本_股": 197203347,
        "流通股本_股": null,
        "报告日期": "2023年4月19日",
        "审计意见": "标准无保留意见",
        "会计师事务所": "立信会计师事务所（特殊普通合伙）"
    },
    "核心业绩指标": {
        "每股收益_元": 1.43,
        "稀释每股收益_元": 1.43,
        "营业总收入_万元": 82907.16,
        "营业总收入_亿元": 82.90716,
        "营收同比增长_百分比": 8.07,
        "营收环比增长_百分比": null,
        "净利润_万元": 27778.3,
        "净利润_亿元": 27.7783,
        "净利润同比增长_百分比": 38.32,
        "净利润环比增长_百分比": null,
        "归母净利润_万元": 27778.3,
        "少数股东损益_万元": null,
        "每股净资产_元": 9.66,
        "净资产收益率_百分比": 16.07,
        "扣非净资产收益率_百分比": 14.65,
        "每股经营现金流_元": null,
        "扣非净利润_万元": 25318.4,
        "扣非净利润同比增长_百分比": 27.39,
        "销售毛利率_百分比": null,
        "销售净利率_百分比": null,
        "加权平均净资产收益率_百分比": 16.07,
        "扣非加权净资产收益率_百分比": 14.65,
        "总资产收益率_百分比": null,
        "主营业务收入_万元": 81767.25,
        "主营业务成本_万元": 11603.37,
        "主营业务利润_万元": null
    },
    "资产负债表": {
        "货币资金_万元": 152471.24,
        "应收账款_万元": 11366.0,
        "应收票据_万元": 2398.67095,
        "应收款项融资_万元": 3.2374,
        "预付款项_万元": 1396.524153,
        "其他应收款_万元": 250.971694,
        "存货_万元": 14775.633374,
        "合同资产_万元": null,
        "一年内到期的非流动资产_万元": null,
        "其他流动资产_万元": 538.858337,
        "流动资产合计_万元": 186201.135739,
        "交易性金融资产_万元": 3000.0,
        "债权投资_万元": null,
        "其他债权投资_万元": null,
        "长期应收款_万元": null,
        "长期股权投资_万元": 592.769209,
        "其他权益工具投资_万元": 5637.409434,
        "投资性房地产_万元": 19438.079435,
        "固定资产_万元": 37695.126124,
        "在建工程_万元": 16963.007742,
        "生产性生物资产_万元": 3017.432359,
        "油气资产_万元": null,
        "使用权资产_万元": 2438.472359,
        "无形资产_万元": 7815.773117,
        "开发支出_万元": null,
        "商誉_万元": null,
        "长期待摊费用_万元": 5313.496055,
        "递延所得税资产_万元": 58.530105,
        "其他非流动资产_万元": 356.254393,
        "非流动资产合计_万元": 99417.820227,
        "总资产_万元": 285618.955966,
        "总资产同比增长_百分比": 45.54,
        "短期借款_万元": 27297.244285,
        "交易性金融负债_万元": null,
        "应付票据_万元": null,
        "应付账款_万元": 14395.519531,
        "预收款项_万元": 75.168066,
        "合同负债_万元": 828.271381,
        "应付职工薪酬_万元": 3207.799264,
        "应交税费_万元": 821.531997,
        "其他应付款_万元": 572.665109,
        "一年内到期的非流动负债_万元": 487.31512,
        "其他流动负债_万元": 91.00041,
        "流动负债合计_万元": 47776.515163,
        "长期借款_万元": null,
        "应付债券_万元": 41258.918571,
        "租赁负债_万元": 1597.132441,
        "长期应付款_万元": null,
        "预计负债_万元": null,
        "递延收益_万元": 4129.760425,
        "递延所得税负债_万元": 304.397896,
        "其他非流动负债_万元": null,
        "非流动负债合计_万元": 47290.209333,
        "总负债_万元": 95066.724496,
        "总负债同比增长_百分比": null,
        "资产负债率_百分比": 33.28,
        "实收资本_万元": 19720.3347,
        "资本公积_万元": 85624.660985,
        "盈余公积_万元": 9268.420251,
        "未分配利润_万元": 81576.784908,
        "其他综合收益_万元": 2006.506221,
        "专项储备_万元": null,
        "归属于母公司所有者权益合计_万元": 190552.23147,
        "少数股东权益_万元": null,
        "股东权益合计_万元": null
    },
    "利润表": {
        "营业总收入_万元": 82907.16,
        "营业收入_万元": 82907.16,
        "营业总收入同比增长_百分比": 8.07,
        "营业成本_万元": 12920.739943,
        "税金及附加_万元": 718.06724,
        "销售费用_万元": 31937.477554,
        "管理费用_万元": 8579.938463,
        "研发费用_万元": 4782.393099,
        "财务费用_万元": -1204.706106,
        "其中利息费用_万元": 1302.810261,
        "其中利息收入_万元": 2544.607083,
        "其他收益_万元": 2767.364035,
        "投资收益_万元": 454.096053,
        "其中对联营企业投资收益_万元": -25.742975,
        "公允价值变动收益_万元": -126.0,
        "信用减值损失_万元": -188.116004,
        "资产减值损失_万元": null,
        "资产处置收益_万元": 7.240065,
        "营业总支出_万元": null,
        "营业利润_万元": 28087.83394,
        "营业外收入_万元": 42.821063,
        "营业外支出_万元": 334.101227,
        "利润总额_万元": 27796.553776,
        "所得税费用_万元": 18.253776,
        "净利润_万元": 27778.3,
        "归母净利润_万元": 27778.303642,
        "少数股东损益_万元": -27.006693,
        "持续经营净利润_万元": null,
        "终止经营净利润_万元": null,
        "其他综合收益_万元": -203.305224,
        "综合收益总额_万元": 27547.991725,
        "归母综合收益总额_万元": 27574.998418
    },
    "现金流量表": {
        "销售商品收到现金_万元": 86586.485069,
        "收到的税费返还_万元": null,
        "收到其他经营活动现金_万元": 7796.726239,
        "经营活动现金流入_万元": 94383.211308,
        "购买商品支付现金_万元": 10668.405718,
        "支付职工现金_万元": 12779.365547,
        "支付税费_万元": 5143.108798,
        "支付其他经营活动现金_万元": 31663.98942,
        "经营活动现金流出_万元": 60254.869483,
        "经营现金流净额_万元": 34128.341825,
        "经营现金流净额同比增长_百分比": 15.03,
        "收回投资现金_万元": 25377.340359,
        "取得投资收益现金_万元": 247.45058,
        "处置资产收回现金_万元": 23.582343,
        "收到其他投资活动现金_万元": null,
        "投资活动现金流入_万元": 25648.373282,
        "投资支付现金_万元": 15822.5,
        "购建资产支付现金_万元": 18260.053701,
        "支付其他投资活动现金_万元": 105.243978,
        "投资活动现金流出_万元": 34187.797679,
        "投资现金流净额_万元": -8539.424397,
        "吸收投资现金_万元": 0.0,
        "取得借款现金_万元": 66194.223435,
        "收到其他筹资活动现金_万元": null,
        "筹资活动现金流入_万元": 66194.223435,
        "偿还债务现金_万元": 0.0,
        "分配股利现金_万元": 6111.934376,
        "支付其他筹资活动现金_万元": 26498.348968,
        "筹资活动现金流出_万元": 32610.283344,
        "融资现金流净额_万元": 33583.940091,
        "汇率变动影响_万元": null,
        "现金及等价物净增加额_万元": 59172.857519,
        "净现金流_元": null,
        "净现金流同比增长_百分比": null,
        "期初现金及等价物_万元": 67798.381535,
        "期末现金及等价物_万元": 126971.239054,
        "经营现金流占比_百分比": null,
        "投资现金流占比_百分比": null,
        "融资现金流占比_百分比": null
    }
}