{
    "报告信息": {
        "序号": null,
        "股票代码": "603858",
        "股票简称": "步长制药",
        "报告年份": "2023",
        "报告期": "HY",
        "总股本_股": 1106042645,
        "流通股本_股": null,
        "报告日期": null,
        "审计意见": "未经审计",
        "会计师事务所": null
    },
    "核心业绩指标": {
        "每股收益_元": 0.6746,
        "稀释每股收益_元": 0.6746,
        "营业总收入_万元": 695767.736577,
        "营业总收入_亿元": 69.5767736577,
        "营收同比增长_百分比": -1.98,
        "营收环比增长_百分比": null,
        "净利润_万元": 68358.101615,
        "净利润_亿元": 6.8358101615,
        "净利润同比增长_百分比": null,
        "净利润环比增长_百分比": null,
        "归母净利润_万元": 74613.824989,
        "少数股东损益_万元": -6255.723375,
        "每股净资产_元": null,
        "净资产收益率_百分比": null,
        "扣非净资产收益率_百分比": null,
        "每股经营现金流_元": null,
        "扣非净利润_万元": 60901.68982,
        "扣非净利润同比增长_百分比": -5.4,
        "销售毛利率_百分比": null,
        "销售净利率_百分比": null,
        "加权平均净资产收益率_百分比": 5.86,
        "扣非加权净资产收益率_百分比": 4.78,
        "总资产收益率_百分比": null,
        "主营业务收入_万元": 695767.736577,
        "主营业务成本_万元": 217872.5257,
        "主营业务利润_万元": null
    },
    "资产负债表": {
        "货币资金_万元": 256894.576553,
        "应收账款_万元": 138069.553264,
        "应收票据_万元": null,
        "应收款项融资_万元": 50676.138971,
        "预付款项_万元": 14125.247013,
        "其他应收款_万元": 29756.179451,
        "存货_万元": 395315.320404,
        "合同资产_万元": null,
        "一年内到期的非流动资产_万元": null,
        "其他流动资产_万元": 18271.517598,
        "流动资产合计_万元": 948871.194062,
        "交易性金融资产_万元": 45762.660808,
        "债权投资_万元": null,
        "其他债权投资_万元": null,
        "长期应收款_万元": 1262.560237,
        "长期股权投资_万元": 111376.707237,
        "其他权益工具投资_万元": 34310.857171,
        "投资性房地产_万元": 6442.841022,
        "固定资产_万元": 488438.3997,
        "在建工程_万元": 128756.649223,
        "生产性生物资产_万元": null,
        "油气资产_万元": null,
        "使用权资产_万元": 3655.077388,
        "无形资产_万元": 103434.845904,
        "开发支出_万元": 119932.178512,
        "商誉_万元": 207110.8541,
        "长期待摊费用_万元": 1729.37149,
        "递延所得税资产_万元": 29593.812375,
        "其他非流动资产_万元": 69636.460906,
        "非流动资产合计_万元": 1305680.615265,
        "总资产_万元": 2254551.809327,
        "总资产同比增长_百分比": 2.7,
        "短期借款_万元": 49930.605956,
        "交易性金融负债_万元": null,
        "应付票据_万元": 29500.0,
        "应付账款_万元": 212868.463321,
        "预收款项_万元": null,
        "合同负债_万元": 32499.135982,
        "应付职工薪酬_万元": null,
        "应交税费_万元": 18543.177732,
        "其他应付款_万元": 364536.582018,
        "一年内到期的非流动负债_万元": 54779.234489,
        "其他流动负债_万元": null,
        "流动负债合计_万元": 779244.960814,
        "长期借款_万元": 222245.900913,
        "应付债券_万元": null,
        "租赁负债_万元": 2145.345545,
        "长期应付款_万元": 16600.0,
        "预计负债_万元": null,
        "递延收益_万元": 31366.526112,
        "递延所得税负债_万元": 9800.699746,
        "其他非流动负债_万元": null,
        "非流动负债合计_万元": 282158.472316,
        "总负债_万元": 1061403.43313,
        "总负债同比增长_百分比": null,
        "资产负债率_百分比": null,
        "实收资本_万元": 110604.2645,
        "资本公积_万元": 249390.296613,
        "盈余公积_万元": 57079.0305,
        "未分配利润_万元": 786409.501258,
        "其他综合收益_万元": 1154.123758,
        "专项储备_万元": null,
        "归属于母公司所有者权益合计_万元": 1204637.216629,
        "少数股东权益_万元": -11488.840432,
        "股东权益合计_万元": 1193148.376198
    },
    "利润表": {
        "营业总收入_万元": 695767.736577,
        "营业收入_万元": 695767.736577,
        "营业总收入同比增长_百分比": -1.98,
        "营业成本_万元": 217872.5257,
        "税金及附加_万元": 11186.375296,
        "销售费用_万元": 337886.788466,
        "管理费用_万元": 47456.486318,
        "研发费用_万元": 10030.317979,
        "财务费用_万元": 3637.717813,
        "其中利息费用_万元": 5254.739112,
        "其中利息收入_万元": 1744.796106,
        "其他收益_万元": 18182.26019,
        "投资收益_万元": 1937.33384,
        "其中对联营企业投资收益_万元": 817.213087,
        "公允价值变动收益_万元": 117.805808,
        "信用减值损失_万元": 748.431506,
        "资产减值损失_万元": -945.718704,
        "资产处置收益_万元": 1.616881,
        "营业总支出_万元": null,
        "营业利润_万元": 87739.254526,
        "营业外收入_万元": 126.500197,
        "营业外支出_万元": 1437.132051,
        "利润总额_万元": 86428.622672,
        "所得税费用_万元": 18070.521058,
        "净利润_万元": 68358.101615,
        "归母净利润_万元": 74613.824989,
        "少数股东损益_万元": -6255.723375,
        "持续经营净利润_万元": 68358.101615,
        "终止经营净利润_万元": null,
        "其他综合收益_万元": -59.33208,
        "综合收益总额_万元": 68298.769535,
        "归母综合收益总额_万元": 74554.492909
    },
    "现金流量表": {
        "销售商品收到现金_万元": 691854.486445,
        "收到的税费返还_万元": 109.255565,
        "收到其他经营活动现金_万元": 18979.160414,
        "经营活动现金流入_万元": 710942.902424,
        "购买商品支付现金_万元": 144110.554967,
        "支付职工现金_万元": 53000.81377,
        "支付税费_万元": 114403.996748,
        "支付其他经营活动现金_万元": 372641.213975,
        "经营活动现金流出_万元": 684156.57946,
        "经营现金流净额_万元": 26786.322964,
        "经营现金流净额同比增长_百分比": -81.21,
        "收回投资现金_万元": null,
        "取得投资收益现金_万元": 932.401547,
        "处置资产收回现金_万元": 22.955461,
        "收到其他投资活动现金_万元": 31293.722284,
        "投资活动现金流入_万元": 32249.079292,
        "投资支付现金_万元": 3000.0,
        "购建资产支付现金_万元": 24927.571715,
        "支付其他投资活动现金_万元": 0.02014943,
        "投资活动现金流出_万元": 27947.586658,
        "投资现金流净额_万元": 4301.492634,
        "吸收投资现金_万元": 20.0,
        "取得借款现金_万元": 102180.0,
        "收到其他筹资活动现金_万元": 1696.988826,
        "筹资活动现金流入_万元": 103896.988826,
        "偿还债务现金_万元": 82764.586446,
        "分配股利现金_万元": 5653.986468,
        "支付其他筹资活动现金_万元": 11060.972134,
        "筹资活动现金流出_万元": 99479.545048,
        "融资现金流净额_万元": 4417.443778,
        "汇率变动影响_万元": 2.059911,
        "现金及等价物净增加额_万元": 35507.319286,
        "净现金流_元": null,
        "净现金流同比增长_百分比": null,
        "期初现金及等价物_万元": 212131.654786,
        "期末现金及等价物_万元": 247638.974072,
        "经营现金流占比_百分比": null,
        "投资现金流占比_百分比": null,
        "融资现金流占比_百分比": null
    }
}