{
    "报告信息": {
        "序号": null,
        "股票代码": "603896",
        "股票简称": "寿仙谷",
        "报告年份": "2023",
        "报告期": "Q1",
        "总股本_股": 197205516,
        "流通股本_股": null,
        "报告日期": "2023年4月28日",
        "审计意见": "未经审计",
        "会计师事务所": null
    },
    "核心业绩指标": {
        "每股收益_元": 0.32,
        "稀释每股收益_元": 0.32,
        "营业总收入_万元": 20615.600483,
        "营业总收入_亿元": 0.20615600483,
        "营收同比增长_百分比": 1.2,
        "营收环比增长_百分比": null,
        "净利润_万元": 6261.049008,
        "净利润_亿元": 0.06261049008,
        "净利润同比增长_百分比": 6.13,
        "净利润环比增长_百分比": null,
        "归母净利润_万元": 6261.049008,
        "少数股东损益_万元": 0,
        "每股净资产_元": 10.01,
        "净资产收益率_百分比": 3.23,
        "扣非净资产收益率_百分比": null,
        "每股经营现金流_元": 0.4,
        "扣非净利润_万元": 5571.659879,
        "扣非净利润同比增长_百分比": 4.61,
        "销售毛利率_百分比": 83.49,
        "销售净利率_百分比": 30.39,
        "加权平均净资产收益率_百分比": 3.23,
        "扣非加权净资产收益率_百分比": null,
        "总资产收益率_百分比": 2.1,
        "主营业务收入_万元": 20615.600483,
        "主营业务成本_万元": 3395.044698,
        "主营业务利润_万元": 6040.084543
    },
    "资产负债表": {
        "货币资金_万元": 162431.054131,
        "应收账款_万元": 8864.865243,
        "应收票据_万元": 3826.825763,
        "应收款项融资_万元": 30.908154,
        "预付款项_万元": 1519.325207,
        "其他应收款_万元": 357.064524,
        "存货_万元": 16485.474462,
        "合同资产_万元": null,
        "一年内到期的非流动资产_万元": null,
        "其他流动资产_万元": 375.847551,
        "流动资产合计_万元": 196891.365035,
        "交易性金融资产_万元": 3000,
        "债权投资_万元": null,
        "其他债权投资_万元": null,
        "长期应收款_万元": null,
        "长期股权投资_万元": 598.827017,
        "其他权益工具投资_万元": 6310.591506,
        "投资性房地产_万元": 23304.991323,
        "固定资产_万元": 32407.538076,
        "在建工程_万元": 17583.384407,
        "生产性生物资产_万元": 3554.745136,
        "油气资产_万元": null,
        "使用权资产_万元": 2411.297604,
        "无形资产_万元": 9575.806222,
        "开发支出_万元": null,
        "商誉_万元": null,
        "长期待摊费用_万元": 5025.952703,
        "递延所得税资产_万元": null,
        "其他非流动资产_万元": 670.656186,
        "非流动资产合计_万元": 101593.79018,
        "总资产_万元": 298485.155215,
        "总资产同比增长_百分比": 4.5,
        "短期借款_万元": 34227.226492,
        "交易性金融负债_万元": null,
        "应付票据_万元": null,
        "应付账款_万元": 14592.374834,
        "预收款项_万元": 163.261653,
        "合同负债_万元": 877.721197,
        "应付职工薪酬_万元": 1920.153797,
        "应交税费_万元": 471.456269,
        "其他应付款_万元": 257.349241,
        "一年内到期的非流动负债_万元": 546.888774,
        "其他流动负债_万元": 98.657997,
        "流动负债合计_万元": 53155.090254,
        "长期借款_万元": null,
        "应付债券_万元": 41967.324373,
        "租赁负债_万元": 1469.356923,
        "长期应付款_万元": null,
        "预计负债_万元": null,
        "递延收益_万元": 4089.177063,
        "递延所得税负债_万元": 413.752558,
        "其他非流动负债_万元": null,
        "非流动负债合计_万元": 47939.610917,
        "总负债_万元": 101094.701171,
        "总负债同比增长_百分比": 6.33,
        "资产负债率_百分比": 33.9,
        "实收资本_万元": 19720.5516,
        "资本公积_万元": 85630.187563,
        "盈余公积_万元": 9268.420251,
        "未分配利润_万元": 87837.833916,
        "其他综合收益_万元": 2578.820419,
        "专项储备_万元": null,
        "归属于母公司所有者权益合计_万元": 197390.454044,
        "少数股东权益_万元": 0,
        "股东权益合计_万元": 197390.454044
    },
    "利润表": {
        "营业总收入_万元": 20615.600483,
        "营业收入_万元": 20615.600483,
        "营业总收入同比增长_百分比": 1.2,
        "营业成本_万元": 3395.044698,
        "税金及附加_万元": 205.572696,
        "销售费用_万元": 8875.296174,
        "管理费用_万元": 2003.722759,
        "研发费用_万元": 1142.936594,
        "财务费用_万元": -445.82272,
        "其中利息费用_万元": 944.28998,
        "其中利息收入_万元": 1400.032164,
        "其他收益_万元": 413.053571,
        "投资收益_万元": 60.225138,
        "其中对联营企业投资收益_万元": -14.108911,
        "公允价值变动收益_万元": null,
        "信用减值损失_万元": 127.955552,
        "资产减值损失_万元": null,
        "资产处置收益_万元": 0,
        "营业总支出_万元": 15176.750201,
        "营业利润_万元": 6040.084543,
        "营业外收入_万元": 247.995877,
        "营业外支出_万元": 18.544624,
        "利润总额_万元": 6269.535796,
        "所得税费用_万元": 8.486788,
        "净利润_万元": 6261.049008,
        "归母净利润_万元": 6261.049008,
        "少数股东损益_万元": 0,
        "持续经营净利润_万元": 6261.049008,
        "终止经营净利润_万元": null,
        "其他综合收益_万元": 572.314198,
        "综合收益总额_万元": 6833.363206,
        "归母综合收益总额_万元": 6833.363206
    },
    "现金流量表": {
        "销售商品收到现金_万元": 21954.081296,
        "收到的税费返还_万元": 0,
        "收到其他经营活动现金_万元": 2330.360649,
        "经营活动现金流入_万元": 24284.441945,
        "购买商品支付现金_万元": 2275.897494,
        "支付职工现金_万元": 4601.28365,
        "支付税费_万元": 1636.175887,
        "支付其他经营活动现金_万元": 7894.040146,
        "经营活动现金流出_万元": 16407.397177,
        "经营现金流净额_万元": 7877.044768,
        "经营现金流净额同比增长_百分比": -3.13,
        "收回投资现金_万元": 3000,
        "取得投资收益现金_万元": 57.156164,
        "处置资产收回现金_万元": 0,
        "收到其他投资活动现金_万元": null,
        "投资活动现金流入_万元": 3057.156164,
        "投资支付现金_万元": 3000,
        "购建资产支付现金_万元": 4924.614153,
        "支付其他投资活动现金_万元": null,
        "投资活动现金流出_万元": 7924.614153,
        "投资现金流净额_万元": -4867.457989,
        "吸收投资现金_万元": 0,
        "取得借款现金_万元": 18792.576,
        "收到其他筹资活动现金_万元": 11500,
        "筹资活动现金流入_万元": 30292.576,
        "偿还债务现金_万元": 11500,
        "分配股利现金_万元": 0,
        "支付其他筹资活动现金_万元": 19342.347702,
        "筹资活动现金流出_万元": 30842.347702,
        "融资现金流净额_万元": -549.771702,
        "汇率变动影响_万元": 0,
        "现金及等价物净增加额_万元": 2459.815077,
        "净现金流_元": 24598150.77,
        "净现金流同比增长_百分比": -11.1,
        "期初现金及等价物_万元": 126971.239054,
        "期末现金及等价物_万元": 129431.054131,
        "经营现金流占比_百分比": null,
        "投资现金流占比_百分比": null,
        "融资现金流占比_百分比": null
    }
}