{
    "报告信息": {
        "序号": null,
        "股票代码": "603858",
        "股票简称": "步长制药",
        "报告年份": "2025",
        "报告期": "第三季度",
        "总股本_股": null,
        "流通股本_股": null,
        "报告日期": "2025-10-29",
        "审计意见": "未经审计",
        "会计师事务所": null,
        "期": "Q3"
    },
    "核心业绩指标": {
        "每股收益_元": 0.2282,
        "稀释每股收益_元": 0.2282,
        "营业总收入_万元": 846858.131922,
        "营业总收入_亿元": 84.6858131922,
        "营收同比增长_百分比": -0.54,
        "营收环比增长_百分比": null,
        "净利润_万元": 79112.84189,
        "净利润_亿元": 7.911284189,
        "净利润同比增长_百分比": 177.54,
        "净利润环比增长_百分比": null,
        "归母净利润_万元": 86832.371842,
        "少数股东损益_万元": -7719.529952,
        "每股净资产_元": null,
        "净资产收益率_百分比": null,
        "扣非净资产收益率_百分比": null,
        "每股经营现金流_元": null,
        "扣非净利润_万元": 85510.566135,
        "扣非净利润同比增长_百分比": 138.26,
        "销售毛利率_百分比": null,
        "销售净利率_百分比": null,
        "加权平均净资产收益率_百分比": 8.23,
        "扣非加权净资产收益率_百分比": null,
        "总资产收益率_百分比": null,
        "主营业务收入_万元": 846858.131922,
        "主营业务成本_万元": 319219.322723,
        "主营业务利润_万元": null
    },
    "资产负债表": {
        "货币资金_万元": 88559.380234,
        "应收账款_万元": 44224.497897,
        "应收票据_万元": null,
        "应收款项融资_万元": 96910.121346,
        "预付款项_万元": 13001.15851,
        "其他应收款_万元": 9037.962637,
        "存货_万元": 451681.031761,
        "合同资产_万元": null,
        "一年内到期的非流动资产_万元": null,
        "其他流动资产_万元": 21532.529932,
        "流动资产合计_万元": 792874.368018,
        "交易性金融资产_万元": 67927.685701,
        "债权投资_万元": null,
        "其他债权投资_万元": null,
        "长期应收款_万元": null,
        "长期股权投资_万元": 113481.168057,
        "其他权益工具投资_万元": 41935.857171,
        "投资性房地产_万元": 94840.177242,
        "固定资产_万元": 399212.992943,
        "在建工程_万元": 92291.644287,
        "生产性生物资产_万元": null,
        "油气资产_万元": null,
        "使用权资产_万元": 1319.934146,
        "无形资产_万元": 85044.763884,
        "开发支出_万元": 178057.50393,
        "商誉_万元": 62004.284487,
        "长期待摊费用_万元": 2070.995794,
        "递延所得税资产_万元": 32763.682991,
        "其他非流动资产_万元": 61133.175299,
        "非流动资产合计_万元": 1164156.180231,
        "总资产_万元": 1957030.548249,
        "总资产同比增长_百分比": 1.25,
        "短期借款_万元": 34356.19262,
        "交易性金融负债_万元": null,
        "应付票据_万元": 9000.0,
        "应付账款_万元": 237855.248754,
        "预收款项_万元": null,
        "合同负债_万元": 43473.857263,
        "应付职工薪酬_万元": 9524.240948,
        "应交税费_万元": 14350.709633,
        "其他应付款_万元": 213759.411986,
        "一年内到期的非流动负债_万元": 124375.870722,
        "其他流动负债_万元": 5494.524153,
        "流动负债合计_万元": 692190.056079,
        "长期借款_万元": 204685.0,
        "应付债券_万元": null,
        "租赁负债_万元": 601.022062,
        "长期应付款_万元": 19500.0,
        "预计负债_万元": 270.856191,
        "递延收益_万元": 25365.502859,
        "递延所得税负债_万元": 7210.115826,
        "其他非流动负债_万元": null,
        "非流动负债合计_万元": 257632.496938,
        "总负债_万元": 949822.553017,
        "总负债同比增长_百分比": null,
        "资产负债率_百分比": null,
        "实收资本_万元": null,
        "资本公积_万元": null,
        "盈余公积_万元": 57079.0305,
        "未分配利润_万元": 720455.866214,
        "其他综合收益_万元": null,
        "专项储备_万元": null,
        "归属于母公司所有者权益合计_万元": 1057298.944373,
        "少数股东权益_万元": -50090.949141,
        "股东权益合计_万元": 1007207.995232
    },
    "利润表": {
        "营业总收入_万元": 846858.131922,
        "营业收入_万元": 846858.131922,
        "营业总收入同比增长_百分比": -0.54,
        "营业成本_万元": 319219.322723,
        "税金及附加_万元": 12570.979124,
        "销售费用_万元": 334125.478863,
        "管理费用_万元": 63358.214013,
        "研发费用_万元": 15362.797911,
        "财务费用_万元": 8523.469209,
        "其中利息费用_万元": 8858.677748,
        "其中利息收入_万元": 419.024296,
        "其他收益_万元": 6932.263529,
        "投资收益_万元": 534.253648,
        "其中对联营企业投资收益_万元": 461.483573,
        "公允价值变动收益_万元": 1370.654891,
        "信用减值损失_万元": 3195.487019,
        "资产减值损失_万元": -835.587439,
        "资产处置收益_万元": 15.244102,
        "营业总支出_万元": 753160.261843,
        "营业利润_万元": 104910.185829,
        "营业外收入_万元": 321.496497,
        "营业外支出_万元": 3173.77797,
        "利润总额_万元": 102057.904356,
        "所得税费用_万元": 22945.062466,
        "净利润_万元": 79112.84189,
        "归母净利润_万元": 86832.371842,
        "少数股东损益_万元": -7719.529952,
        "持续经营净利润_万元": 79112.84189,
        "终止经营净利润_万元": null,
        "其他综合收益_万元": -5.099871,
        "综合收益总额_万元": 79107.742019,
        "归母综合收益总额_万元": 86827.271971
    },
    "现金流量表": {
        "销售商品收到现金_万元": 810093.94082,
        "收到的税费返还_万元": 0.0,
        "收到其他经营活动现金_万元": 17764.198997,
        "经营活动现金流入_万元": 827858.139817,
        "购买商品支付现金_万元": 206341.025946,
        "支付职工现金_万元": 74704.519746,
        "支付税费_万元": 95572.1908,
        "支付其他经营活动现金_万元": 369731.212054,
        "经营活动现金流出_万元": 746348.948546,
        "经营现金流净额_万元": 81509.191271,
        "经营现金流净额同比增长_百分比": 16.2,
        "收回投资现金_万元": 880.0,
        "取得投资收益现金_万元": 541.494038,
        "处置资产收回现金_万元": 21.171,
        "收到其他投资活动现金_万元": 423.624991,
        "投资活动现金流入_万元": 1866.290029,
        "投资支付现金_万元": 28692.427,
        "购建资产支付现金_万元": 8569.721654,
        "支付其他投资活动现金_万元": null,
        "投资活动现金流出_万元": 37262.148654,
        "投资现金流净额_万元": -35395.858625,
        "吸收投资现金_万元": 306.25,
        "取得借款现金_万元": 141880.0079,
        "收到其他筹资活动现金_万元": 8125.412292,
        "筹资活动现金流入_万元": 150311.670192,
        "偿还债务现金_万元": 125450.482654,
        "分配股利现金_万元": 51291.305468,
        "支付其他筹资活动现金_万元": 14812.330803,
        "筹资活动现金流出_万元": 191554.118925,
        "融资现金流净额_万元": -41242.448733,
        "汇率变动影响_万元": -0.830228,
        "现金及等价物净增加额_万元": 4870.053685,
        "净现金流_元": null,
        "净现金流同比增长_百分比": null,
        "期初现金及等价物_万元": 81753.297376,
        "期末现金及等价物_万元": 86623.351061,
        "经营现金流占比_百分比": null,
        "投资现金流占比_百分比": null,
        "融资现金流占比_百分比": null
    }
}