{
    "报告信息": {
        "序号": null,
        "股票代码": "603998",
        "股票简称": "方盛制药",
        "报告年份": "2025",
        "报告期": "第三季度",
        "总股本_股": 439081360,
        "流通股本_股": null,
        "报告日期": "2025-10-22",
        "审计意见": "未经审计",
        "会计师事务所": null,
        "期": "Q3"
    },
    "核心业绩指标": {
        "每股收益_元": 0.61,
        "稀释每股收益_元": 0.61,
        "营业总收入_万元": 125331.530211,
        "营业总收入_亿元": 1.25331530211,
        "营收同比增长_百分比": -7.02,
        "营收环比增长_百分比": null,
        "净利润_万元": 26535.195055,
        "净利润_亿元": 0.26535195055,
        "净利润同比增长_百分比": 17.6,
        "净利润环比增长_百分比": null,
        "归母净利润_万元": 26828.328789,
        "少数股东损益_万元": -293.133734,
        "每股净资产_元": 3.81,
        "净资产收益率_百分比": 15.71,
        "扣非净资产收益率_百分比": null,
        "每股经营现金流_元": 0.51,
        "扣非净利润_万元": 21267.531625,
        "扣非净利润同比增长_百分比": 30.54,
        "销售毛利率_百分比": 71.3,
        "销售净利率_百分比": 21.2,
        "加权平均净资产收益率_百分比": 15.71,
        "扣非加权净资产收益率_百分比": null,
        "总资产收益率_百分比": 8.75,
        "主营业务收入_万元": 125331.530211,
        "主营业务成本_万元": 36000.992499,
        "主营业务利润_万元": 89330.537712
    },
    "资产负债表": {
        "货币资金_万元": 18009.309947,
        "应收账款_万元": 27794.447284,
        "应收票据_万元": null,
        "应收款项融资_万元": 1032.774758,
        "预付款项_万元": 4906.319382,
        "其他应收款_万元": 3122.621852,
        "存货_万元": 35827.591628,
        "合同资产_万元": null,
        "一年内到期的非流动资产_万元": 2171.945701,
        "其他流动资产_万元": 1899.959001,
        "流动资产合计_万元": 98764.969553,
        "交易性金融资产_万元": 4000.0,
        "债权投资_万元": null,
        "其他债权投资_万元": null,
        "长期应收款_万元": 3367.283688,
        "长期股权投资_万元": 16283.844242,
        "其他权益工具投资_万元": 294.507316,
        "投资性房地产_万元": 6871.227097,
        "固定资产_万元": 90411.639887,
        "在建工程_万元": 19602.905427,
        "生产性生物资产_万元": null,
        "油气资产_万元": null,
        "使用权资产_万元": 2544.427102,
        "无形资产_万元": 25353.892267,
        "开发支出_万元": null,
        "商誉_万元": 26902.502336,
        "长期待摊费用_万元": 1091.193469,
        "递延所得税资产_万元": 1145.632076,
        "其他非流动资产_万元": 10516.25923,
        "非流动资产合计_万元": 204385.314137,
        "总资产_万元": 303150.28369,
        "总资产同比增长_百分比": -7.2,
        "短期借款_万元": 41346.842222,
        "交易性金融负债_万元": null,
        "应付票据_万元": 5608.777273,
        "应付账款_万元": 10745.703754,
        "预收款项_万元": 697.398784,
        "合同负债_万元": 2901.131885,
        "应付职工薪酬_万元": 3373.328094,
        "应交税费_万元": 4422.366181,
        "其他应付款_万元": 38966.552812,
        "一年内到期的非流动负债_万元": 6549.369793,
        "其他流动负债_万元": 334.391238,
        "流动负债合计_万元": 114954.862036,
        "长期借款_万元": 2987.072917,
        "应付债券_万元": null,
        "租赁负债_万元": 2417.081863,
        "长期应付款_万元": null,
        "预计负债_万元": null,
        "递延收益_万元": 4185.622032,
        "递延所得税负债_万元": 3386.919945,
        "其他非流动负债_万元": null,
        "非流动负债合计_万元": 12976.696757,
        "总负债_万元": 127931.558793,
        "总负债同比增长_百分比": null,
        "资产负债率_百分比": 42.2,
        "实收资本_万元": 43908.136,
        "资本公积_万元": 14947.836531,
        "盈余公积_万元": 15792.227399,
        "未分配利润_万元": 92566.976237,
        "其他综合收益_万元": -13.494257,
        "专项储备_万元": null,
        "归属于母公司所有者权益合计_万元": 167201.68191,
        "少数股东权益_万元": 8017.042987,
        "股东权益合计_万元": 175218.724897
    },
    "利润表": {
        "营业总收入_万元": 125331.530211,
        "营业收入_万元": 125331.530211,
        "营业总收入同比增长_百分比": -7.02,
        "营业成本_万元": 36000.992499,
        "税金及附加_万元": 2481.044467,
        "销售费用_万元": 42025.624142,
        "管理费用_万元": 10020.531056,
        "研发费用_万元": 10808.033317,
        "财务费用_万元": 878.847187,
        "其中利息费用_万元": 1168.335473,
        "其中利息收入_万元": 321.232853,
        "其他收益_万元": 1171.491547,
        "投资收益_万元": 224.175408,
        "其中对联营企业投资收益_万元": 177.235797,
        "公允价值变动收益_万元": null,
        "信用减值损失_万元": 338.320091,
        "资产减值损失_万元": -7.327491,
        "资产处置收益_万元": 5139.758985,
        "营业总支出_万元": null,
        "营业利润_万元": 29982.876083,
        "营业外收入_万元": 46.859416,
        "营业外支出_万元": 113.485807,
        "利润总额_万元": 29916.249692,
        "所得税费用_万元": 3381.054637,
        "净利润_万元": 26535.195055,
        "归母净利润_万元": 26828.328789,
        "少数股东损益_万元": -293.133734,
        "持续经营净利润_万元": 26535.195055,
        "终止经营净利润_万元": null,
        "其他综合收益_万元": -6.07303,
        "综合收益总额_万元": 26528.673133,
        "归母综合收益总额_万元": 26822.321486
    },
    "现金流量表": {
        "销售商品收到现金_万元": 123553.394785,
        "收到的税费返还_万元": 82.440567,
        "收到其他经营活动现金_万元": 6644.923219,
        "经营活动现金流入_万元": 130280.758571,
        "购买商品支付现金_万元": 25296.822786,
        "支付职工现金_万元": 20654.503899,
        "支付税费_万元": 14327.02083,
        "支付其他经营活动现金_万元": 47514.786482,
        "经营活动现金流出_万元": 107793.133997,
        "经营现金流净额_万元": 22487.624574,
        "经营现金流净额同比增长_百分比": 92.22,
        "收回投资现金_万元": 55964.54276,
        "取得投资收益现金_万元": 44.353459,
        "处置资产收回现金_万元": 192.302,
        "收到其他投资活动现金_万元": 5372.9,
        "投资活动现金流入_万元": 64013.968845,
        "投资支付现金_万元": 52500.0,
        "购建资产支付现金_万元": 6350.967901,
        "支付其他投资活动现金_万元": null,
        "投资活动现金流出_万元": 58850.967901,
        "投资现金流净额_万元": 5163.000944,
        "吸收投资现金_万元": 908.0,
        "取得借款现金_万元": 33340.0,
        "收到其他筹资活动现金_万元": null,
        "筹资活动现金流入_万元": 34248.0,
        "偿还债务现金_万元": 50875.0,
        "分配股利现金_万元": 19737.55852,
        "支付其他筹资活动现金_万元": 3948.300547,
        "筹资活动现金流出_万元": 74560.859067,
        "融资现金流净额_万元": -40312.859067,
        "汇率变动影响_万元": -1.67759,
        "现金及等价物净增加额_万元": -12663.911139,
        "净现金流_元": -126639111.39,
        "净现金流同比增长_百分比": null,
        "期初现金及等价物_万元": 29602.884851,
        "期末现金及等价物_万元": 16938.973712,
        "经营现金流占比_百分比": null,
        "投资现金流占比_百分比": null,
        "融资现金流占比_百分比": null
    }
}