{
    "报告信息": {
        "序号": null,
        "股票代码": "603998",
        "股票简称": "方盛制药",
        "报告年份": "2024",
        "报告期": "FY",
        "总股本_股": 439733620,
        "流通股本_股": null,
        "报告日期": "2024-04-20",
        "审计意见": "标准无保留意见",
        "会计师事务所": "上会会计师事务所（特殊普通合伙）"
    },
    "核心业绩指标": {
        "每股收益_元": 0.43,
        "稀释每股收益_元": 0.42,
        "营业总收入_万元": 162854.225204,
        "营业总收入_亿元": 16.2854225204,
        "营收同比增长_百分比": -9.12,
        "营收环比增长_百分比": null,
        "净利润_万元": 18682.336194,
        "净利润_亿元": 1.8682336194,
        "净利润同比增长_百分比": -34.64,
        "净利润环比增长_百分比": null,
        "归母净利润_万元": 18682.336194,
        "少数股东损益_万元": -719.945948,
        "每股净资产_元": null,
        "净资产收益率_百分比": 12.58,
        "扣非净资产收益率_百分比": 8.99,
        "每股经营现金流_元": null,
        "扣非净利润_万元": 13352.749983,
        "扣非净利润同比增长_百分比": 25.35,
        "销售毛利率_百分比": null,
        "销售净利率_百分比": null,
        "加权平均净资产收益率_百分比": 12.58,
        "扣非加权净资产收益率_百分比": 8.99,
        "总资产收益率_百分比": null,
        "主营业务收入_万元": 156944.937781,
        "主营业务成本_万元": 48503.25843,
        "主营业务利润_万元": null
    },
    "资产负债表": {
        "货币资金_万元": 20897.737863,
        "应收账款_万元": 20964.295621,
        "应收票据_万元": null,
        "应收款项融资_万元": 2144.610475,
        "预付款项_万元": 10480.376971,
        "其他应收款_万元": 1349.95005,
        "存货_万元": 32828.407631,
        "合同资产_万元": null,
        "一年内到期的非流动资产_万元": null,
        "其他流动资产_万元": 1368.934978,
        "流动资产合计_万元": 92066.933189,
        "交易性金融资产_万元": 2032.6196,
        "债权投资_万元": null,
        "其他债权投资_万元": null,
        "长期应收款_万元": 14922.921263,
        "长期股权投资_万元": 25752.364372,
        "其他权益工具投资_万元": null,
        "投资性房地产_万元": 1043.677121,
        "固定资产_万元": 81268.896748,
        "在建工程_万元": 21752.997954,
        "生产性生物资产_万元": null,
        "油气资产_万元": null,
        "使用权资产_万元": 2108.913015,
        "无形资产_万元": 26767.758769,
        "开发支出_万元": null,
        "商誉_万元": 27440.546336,
        "长期待摊费用_万元": 1813.261277,
        "递延所得税资产_万元": 1560.453251,
        "其他非流动资产_万元": 11599.843541,
        "非流动资产合计_万元": 216031.633747,
        "总资产_万元": 308098.566936,
        "总资产同比增长_百分比": 5.43,
        "短期借款_万元": 30919.440362,
        "交易性金融负债_万元": null,
        "应付票据_万元": 13219.238796,
        "应付账款_万元": 11362.408603,
        "预收款项_万元": 280.53918,
        "合同负债_万元": 3617.632496,
        "应付职工薪酬_万元": 3216.432991,
        "应交税费_万元": 2085.237616,
        "其他应付款_万元": 40032.702045,
        "一年内到期的非流动负债_万元": 19650.211032,
        "其他流动负债_万元": 425.076831,
        "流动负债合计_万元": 124808.919952,
        "长期借款_万元": 15269.676252,
        "应付债券_万元": null,
        "租赁负债_万元": 2130.824916,
        "长期应付款_万元": 241.566356,
        "预计负债_万元": 38.0,
        "递延收益_万元": 3286.03895,
        "递延所得税负债_万元": 3450.942044,
        "其他非流动负债_万元": null,
        "非流动负债合计_万元": 24417.048518,
        "总负债_万元": 149225.96847,
        "总负债同比增长_百分比": null,
        "资产负债率_百分比": 48.44,
        "实收资本_万元": 43973.362,
        "资本公积_万元": 18582.242074,
        "盈余公积_万元": 13373.097713,
        "未分配利润_万元": 71588.207785,
        "其他综合收益_万元": -7.486954,
        "专项储备_万元": null,
        "归属于母公司所有者权益合计_万元": 145809.367618,
        "少数股东权益_万元": 13063.230848,
        "股东权益合计_万元": 158872.598466
    },
    "利润表": {
        "营业总收入_万元": 162854.225204,
        "营业收入_万元": 162854.225204,
        "营业总收入同比增长_百分比": -9.12,
        "营业成本_万元": 51953.81435,
        "税金及附加_万元": 2926.953475,
        "销售费用_万元": 65753.135908,
        "管理费用_万元": 14930.823041,
        "研发费用_万元": 10792.571187,
        "财务费用_万元": 1081.842096,
        "其中利息费用_万元": 2080.792859,
        "其中利息收入_万元": 1064.231078,
        "其他收益_万元": 3946.149671,
        "投资收益_万元": -385.121635,
        "其中对联营企业投资收益_万元": -417.88061,
        "公允价值变动收益_万元": 4.910085,
        "信用减值损失_万元": -255.750422,
        "资产减值损失_万元": -233.443293,
        "资产处置收益_万元": 1152.731565,
        "营业总支出_万元": null,
        "营业利润_万元": 19644.561118,
        "营业外收入_万元": 855.32416,
        "营业外支出_万元": 166.055567,
        "利润总额_万元": 20333.829711,
        "所得税费用_万元": 2371.439465,
        "净利润_万元": 18682.336194,
        "归母净利润_万元": 18682.336194,
        "少数股东损益_万元": -719.945948,
        "持续经营净利润_万元": 17962.390246,
        "终止经营净利润_万元": null,
        "其他综合收益_万元": null,
        "综合收益总额_万元": 17962.390246,
        "归母综合收益总额_万元": 18682.336194
    },
    "现金流量表": {
        "销售商品收到现金_万元": 163114.550442,
        "收到的税费返还_万元": 3586.635458,
        "收到其他经营活动现金_万元": 7417.927388,
        "经营活动现金流入_万元": 174119.113288,
        "购买商品支付现金_万元": 52295.600629,
        "支付职工现金_万元": 27753.774648,
        "支付税费_万元": 22610.543401,
        "支付其他经营活动现金_万元": 62705.40033,
        "经营活动现金流出_万元": 165365.319008,
        "经营现金流净额_万元": 8753.79428,
        "经营现金流净额同比增长_百分比": -70.98,
        "收回投资现金_万元": 15800.0,
        "取得投资收益现金_万元": 125.125305,
        "处置资产收回现金_万元": 920.700546,
        "收到其他投资活动现金_万元": 532.865079,
        "投资活动现金流入_万元": 17378.69093,
        "投资支付现金_万元": 15241.309688,
        "购建资产支付现金_万元": 21877.628184,
        "支付其他投资活动现金_万元": null,
        "投资活动现金流出_万元": 37118.937872,
        "投资现金流净额_万元": -19740.246942,
        "吸收投资现金_万元": 2298.195,
        "取得借款现金_万元": 49890.0,
        "收到其他筹资活动现金_万元": null,
        "筹资活动现金流入_万元": 52188.195,
        "偿还债务现金_万元": 38141.0364,
        "分配股利现金_万元": 17978.236835,
        "支付其他筹资活动现金_万元": 5223.653604,
        "筹资活动现金流出_万元": 61342.926839,
        "融资现金流净额_万元": -9154.731839,
        "汇率变动影响_万元": 0.000188,
        "现金及等价物净增加额_万元": -20141.184313,
        "净现金流_元": null,
        "净现金流同比增长_百分比": null,
        "期初现金及等价物_万元": 38344.289316,
        "期末现金及等价物_万元": 18203.105003,
        "经营现金流占比_百分比": null,
        "投资现金流占比_百分比": null,
        "融资现金流占比_百分比": null
    }
}