{
    "报告信息": {
        "序号": null,
        "股票代码": "603998",
        "股票简称": "方盛制药",
        "报告年份": "2025",
        "报告期": "FY",
        "总股本_股": 439124060,
        "流通股本_股": null,
        "报告日期": null,
        "审计意见": "标准无保留意见",
        "会计师事务所": "上会会计师事务所（特殊普通合伙）"
    },
    "核心业绩指标": {
        "每股收益_元": 0.59,
        "稀释每股收益_元": 0.58,
        "营业总收入_万元": 131530.507181,
        "营业总收入_亿元": 13.1530507181,
        "营收同比增长_百分比": 9.15,
        "营收环比增长_百分比": null,
        "净利润_万元": 25521.620809,
        "净利润_亿元": 2.5521620809,
        "净利润同比增长_百分比": 36.61,
        "净利润环比增长_百分比": null,
        "归母净利润_万元": 25521.620809,
        "少数股东损益_万元": null,
        "每股净资产_元": null,
        "净资产收益率_百分比": 16.6,
        "扣非净资产收益率_百分比": null,
        "每股经营现金流_元": null,
        "扣非净利润_万元": 19308.941189,
        "扣非净利润同比增长_百分比": 44.61,
        "销售毛利率_百分比": null,
        "销售净利率_百分比": null,
        "加权平均净资产收益率_百分比": 16.6,
        "扣非加权净资产收益率_百分比": 12.56,
        "总资产收益率_百分比": null,
        "主营业务收入_万元": 126270.398012,
        "主营业务成本_万元": 30641.893108,
        "主营业务利润_万元": 95630.504904
    },
    "资产负债表": {
        "货币资金_万元": 30845.961906,
        "应收账款_万元": 16619.481878,
        "应收票据_万元": null,
        "应收款项融资_万元": 3507.793055,
        "预付款项_万元": 6307.717567,
        "其他应收款_万元": 82706.691502,
        "存货_万元": 37615.151676,
        "合同资产_万元": null,
        "一年内到期的非流动资产_万元": 5339.366515,
        "其他流动资产_万元": 1326.536725,
        "流动资产合计_万元": 113753.913224,
        "交易性金融资产_万元": 0,
        "债权投资_万元": null,
        "其他债权投资_万元": null,
        "长期应收款_万元": 4753.006655,
        "长期股权投资_万元": 91621.196332,
        "其他权益工具投资_万元": null,
        "投资性房地产_万元": 6959.255513,
        "固定资产_万元": 82930.033739,
        "在建工程_万元": 26236.463713,
        "生产性生物资产_万元": null,
        "油气资产_万元": null,
        "使用权资产_万元": 1789.786317,
        "无形资产_万元": 28159.138616,
        "开发支出_万元": null,
        "商誉_万元": 26902.502336,
        "长期待摊费用_万元": 1377.277555,
        "递延所得税资产_万元": 1014.71218,
        "其他非流动资产_万元": 8871.312896,
        "非流动资产合计_万元": 212903.433235,
        "总资产_万元": 326657.346459,
        "总资产同比增长_百分比": 6.02,
        "短期借款_万元": 53148.59018,
        "交易性金融负债_万元": null,
        "应付票据_万元": 6259.020642,
        "应付账款_万元": 18167.21958,
        "预收款项_万元": 856.570158,
        "合同负债_万元": 2765.697639,
        "应付职工薪酬_万元": 4460.593545,
        "应交税费_万元": 1933.335999,
        "其他应付款_万元": 41622.644115,
        "一年内到期的非流动负债_万元": 321.663542,
        "其他流动负债_万元": 317.609416,
        "流动负债合计_万元": 129852.944816,
        "长期借款_万元": 14650.341539,
        "应付债券_万元": null,
        "租赁负债_万元": 1904.201899,
        "长期应付款_万元": 0,
        "预计负债_万元": 0,
        "递延收益_万元": 3405.607062,
        "递延所得税负债_万元": 3357.421278,
        "其他非流动负债_万元": null,
        "非流动负债合计_万元": 23317.571778,
        "总负债_万元": 153170.516594,
        "总负债同比增长_百分比": null,
        "资产负债率_百分比": null,
        "实收资本_万元": 43908.506,
        "资本公积_万元": 18962.804526,
        "盈余公积_万元": 15792.227399,
        "未分配利润_万元": 83740.761208,
        "其他综合收益_万元": -7.486954,
        "专项储备_万元": null,
        "归属于母公司所有者权益合计_万元": 162296.541679,
        "少数股东权益_万元": 11190.288186,
        "股东权益合计_万元": 173486.829865
    },
    "利润表": {
        "营业总收入_万元": 131530.507181,
        "营业收入_万元": 131530.507181,
        "营业总收入同比增长_百分比": 9.15,
        "营业成本_万元": 32598.827771,
        "税金及附加_万元": 3098.176879,
        "销售费用_万元": 70291.401848,
        "管理费用_万元": 14584.944813,
        "研发费用_万元": 13921.423043,
        "财务费用_万元": 1245.709557,
        "其中利息费用_万元": 2178.526986,
        "其中利息收入_万元": 966.02422,
        "其他收益_万元": 2615.647126,
        "投资收益_万元": 1835.625329,
        "其中对联营企业投资收益_万元": -487.725361,
        "公允价值变动收益_万元": -2.118207,
        "信用减值损失_万元": -518.477558,
        "资产减值损失_万元": -2061.944654,
        "资产处置收益_万元": 74.635163,
        "营业总支出_万元": null,
        "营业利润_万元": 28534.428491,
        "营业外收入_万元": 127.874998,
        "营业外支出_万元": 63.54932,
        "利润总额_万元": 28598.754169,
        "所得税费用_万元": 3613.867525,
        "净利润_万元": 25521.620809,
        "归母净利润_万元": 25521.620809,
        "少数股东损益_万元": null,
        "持续经营净利润_万元": null,
        "终止经营净利润_万元": null,
        "其他综合收益_万元": null,
        "综合收益总额_万元": null,
        "归母综合收益总额_万元": null
    },
    "现金流量表": {
        "销售商品收到现金_万元": 176310.601741,
        "收到的税费返还_万元": 678.740897,
        "收到其他经营活动现金_万元": 5308.718893,
        "经营活动现金流入_万元": 182298.061531,
        "购买商品支付现金_万元": 44206.051205,
        "支付职工现金_万元": 27772.193818,
        "支付税费_万元": 20662.124964,
        "支付其他经营活动现金_万元": 70162.947688,
        "经营活动现金流出_万元": 162803.317675,
        "经营现金流净额_万元": 19494.743856,
        "经营现金流净额同比增长_百分比": 122.7,
        "收回投资现金_万元": 9851.55619,
        "取得投资收益现金_万元": 33.937895,
        "处置资产收回现金_万元": 2895.437324,
        "收到其他投资活动现金_万元": 6280.0,
        "投资活动现金流入_万元": 21350.17163,
        "投资支付现金_万元": 7766.853203,
        "购建资产支付现金_万元": 9478.959567,
        "支付其他投资活动现金_万元": null,
        "投资活动现金流出_万元": 17245.81277,
        "投资现金流净额_万元": 4104.35886,
        "吸收投资现金_万元": 393.0,
        "取得借款现金_万元": 90666.458333,
        "收到其他筹资活动现金_万元": null,
        "筹资活动现金流入_万元": 91059.458333,
        "偿还债务现金_万元": 88388.6215,
        "分配股利现金_万元": 13650.713185,
        "支付其他筹资活动现金_万元": 1220.128159,
        "筹资活动现金流出_万元": 103259.462844,
        "融资现金流净额_万元": -12200.004511,
        "汇率变动影响_万元": 6.7e-05,
        "现金及等价物净增加额_万元": 11399.098272,
        "净现金流_元": null,
        "净现金流同比增长_百分比": null,
        "期初现金及等价物_万元": 18203.105003,
        "期末现金及等价物_万元": 29602.203275,
        "经营现金流占比_百分比": null,
        "投资现金流占比_百分比": null,
        "融资现金流占比_百分比": null
    }
}