{
    "报告信息": {
        "序号": null,
        "股票代码": "002082",
        "股票简称": "万邦德",
        "报告年份": "2023",
        "报告期": "第一季度",
        "总股本_股": 618222829,
        "流通股本_股": null,
        "报告日期": null,
        "审计意见": "未经审计",
        "会计师事务所": null,
        "期": "Q1"
    },
    "核心业绩指标": {
        "每股收益_元": 0.0442,
        "稀释每股收益_元": 0.0442,
        "营业总收入_万元": 38522.893174,
        "营业总收入_亿元": 3.8522893174,
        "营收同比增长_百分比": 15.81,
        "营收环比增长_百分比": null,
        "净利润_万元": 2362.033343,
        "净利润_亿元": 0.2362033343,
        "净利润同比增长_百分比": null,
        "净利润环比增长_百分比": null,
        "归母净利润_万元": 2733.695781,
        "少数股东损益_万元": -371.662438,
        "每股净资产_元": null,
        "净资产收益率_百分比": null,
        "扣非净资产收益率_百分比": null,
        "每股经营现金流_元": null,
        "扣非净利润_万元": 2481.359056,
        "扣非净利润同比增长_百分比": 17.4,
        "销售毛利率_百分比": null,
        "销售净利率_百分比": null,
        "加权平均净资产收益率_百分比": 1.01,
        "扣非加权净资产收益率_百分比": null,
        "总资产收益率_百分比": null,
        "主营业务收入_万元": 38522.893174,
        "主营业务成本_万元": 21834.057597,
        "主营业务利润_万元": null
    },
    "资产负债表": {
        "货币资金_万元": 44735.859335,
        "应收账款_万元": 109568.820341,
        "应收票据_万元": 18647.002495,
        "应收款项融资_万元": 966.876006,
        "预付款项_万元": 28839.607311,
        "其他应收款_万元": 4460.78494,
        "存货_万元": 27812.374278,
        "合同资产_万元": null,
        "一年内到期的非流动资产_万元": 242.732978,
        "其他流动资产_万元": 2268.389082,
        "流动资产合计_万元": 237542.446766,
        "交易性金融资产_万元": null,
        "债权投资_万元": null,
        "其他债权投资_万元": null,
        "长期应收款_万元": 852.778871,
        "长期股权投资_万元": null,
        "其他权益工具投资_万元": null,
        "投资性房地产_万元": null,
        "固定资产_万元": 77016.687684,
        "在建工程_万元": 52387.786805,
        "生产性生物资产_万元": null,
        "油气资产_万元": null,
        "使用权资产_万元": 1789.273167,
        "无形资产_万元": 42494.683506,
        "开发支出_万元": 2611.152901,
        "商誉_万元": 12576.761114,
        "长期待摊费用_万元": 581.027815,
        "递延所得税资产_万元": 9567.210878,
        "其他非流动资产_万元": 5304.599953,
        "非流动资产合计_万元": 205916.974805,
        "总资产_万元": 443459.421571,
        "总资产同比增长_百分比": 5.19,
        "短期借款_万元": 79343.26152,
        "交易性金融负债_万元": null,
        "应付票据_万元": 3815.793327,
        "应付账款_万元": 25691.895299,
        "预收款项_万元": null,
        "合同负债_万元": 2813.232787,
        "应付职工薪酬_万元": 1519.715725,
        "应交税费_万元": 1999.409632,
        "其他应付款_万元": 4273.389958,
        "一年内到期的非流动负债_万元": 3764.681804,
        "其他流动负债_万元": 10836.492577,
        "流动负债合计_万元": 134057.872629,
        "长期借款_万元": 13500.0,
        "应付债券_万元": null,
        "租赁负债_万元": 1371.179739,
        "长期应付款_万元": null,
        "预计负债_万元": 974.053261,
        "递延收益_万元": 6685.114176,
        "递延所得税负债_万元": 3672.336726,
        "其他非流动负债_万元": null,
        "非流动负债合计_万元": 26202.683902,
        "总负债_万元": 160260.556531,
        "总负债同比增长_百分比": null,
        "资产负债率_百分比": null,
        "实收资本_万元": 61822.2829,
        "资本公积_万元": 30579.170749,
        "盈余公积_万元": 15976.252246,
        "未分配利润_万元": 171263.620639,
        "其他综合收益_万元": -2750.268287,
        "专项储备_万元": null,
        "归属于母公司所有者权益合计_万元": 270892.209748,
        "少数股东权益_万元": 12306.6552,
        "股东权益合计_万元": null
    },
    "利润表": {
        "营业总收入_万元": 38522.893174,
        "营业收入_万元": 38522.893174,
        "营业总收入同比增长_百分比": 15.81,
        "营业成本_万元": 21834.057597,
        "税金及附加_万元": 390.025182,
        "销售费用_万元": 6138.429995,
        "管理费用_万元": 5371.375239,
        "研发费用_万元": 1427.438667,
        "财务费用_万元": 982.910451,
        "其中利息费用_万元": null,
        "其中利息收入_万元": null,
        "其他收益_万元": 148.59753,
        "投资收益_万元": 254.913051,
        "其中对联营企业投资收益_万元": null,
        "公允价值变动收益_万元": null,
        "信用减值损失_万元": -283.276698,
        "资产减值损失_万元": -80.348699,
        "资产处置收益_万元": null,
        "营业总支出_万元": null,
        "营业利润_万元": 2418.541227,
        "营业外收入_万元": 31.502328,
        "营业外支出_万元": 96.078976,
        "利润总额_万元": 2353.964579,
        "所得税费用_万元": -8.068764,
        "净利润_万元": 2362.033343,
        "归母净利润_万元": 2733.695781,
        "少数股东损益_万元": -371.662438,
        "持续经营净利润_万元": null,
        "终止经营净利润_万元": 2362.033343,
        "其他综合收益_万元": -1073.406272,
        "综合收益总额_万元": 1288.627071,
        "归母综合收益总额_万元": 2083.615797
    },
    "现金流量表": {
        "销售商品收到现金_万元": 34841.868724,
        "收到的税费返还_万元": 288.238262,
        "收到其他经营活动现金_万元": 16933.545533,
        "经营活动现金流入_万元": 52063.652519,
        "购买商品支付现金_万元": 18611.976046,
        "支付职工现金_万元": 6209.383355,
        "支付税费_万元": 7438.300426,
        "支付其他经营活动现金_万元": 30775.197476,
        "经营活动现金流出_万元": 63034.857303,
        "经营现金流净额_万元": -10971.204784,
        "经营现金流净额同比增长_百分比": -26.23,
        "收回投资现金_万元": null,
        "取得投资收益现金_万元": 1088.904936,
        "处置资产收回现金_万元": 196.48101,
        "收到其他投资活动现金_万元": null,
        "投资活动现金流入_万元": 1335.658591,
        "投资支付现金_万元": null,
        "购建资产支付现金_万元": 3679.866481,
        "支付其他投资活动现金_万元": null,
        "投资活动现金流出_万元": 3679.866481,
        "投资现金流净额_万元": -2344.20789,
        "吸收投资现金_万元": 20.742599,
        "取得借款现金_万元": 70222.90078,
        "收到其他筹资活动现金_万元": 1610.000892,
        "筹资活动现金流入_万元": 71853.644271,
        "偿还债务现金_万元": 60021.512272,
        "分配股利现金_万元": 949.210268,
        "支付其他筹资活动现金_万元": 364.84272,
        "筹资活动现金流出_万元": 61335.56526,
        "融资现金流净额_万元": 10518.079011,
        "汇率变动影响_万元": -59.902827,
        "现金及等价物净增加额_万元": -2857.23649,
        "净现金流_元": null,
        "净现金流同比增长_百分比": null,
        "期初现金及等价物_万元": 46306.74596,
        "期末现金及等价物_万元": 43449.50947,
        "经营现金流占比_百分比": null,
        "投资现金流占比_百分比": null,
        "融资现金流占比_百分比": null
    }
}