{
    "报告信息": {
        "序号": null,
        "股票代码": "002082",
        "股票简称": "万邦德",
        "报告年份": "2024",
        "报告期": "年报",
        "总股本_股": 616689055,
        "流通股本_股": 558251922,
        "报告日期": "2025-04-29",
        "审计意见": "标准的无保留意见",
        "会计师事务所": "北京德皓国际会计师事务所(特殊普通合伙)",
        "期": "FY"
    },
    "核心业绩指标": {
        "每股收益_元": 0.09,
        "稀释每股收益_元": 0.09,
        "营业总收入_万元": 144336.52231,
        "营业总收入_亿元": 14.433652231,
        "营收同比增长_百分比": -6.39,
        "营收环比增长_百分比": null,
        "净利润_万元": 4524.824059,
        "净利润_亿元": 0.4524824059,
        "净利润同比增长_百分比": 71.89,
        "净利润环比增长_百分比": null,
        "归母净利润_万元": 5544.097144,
        "少数股东损益_万元": -1019.273085,
        "每股净资产_元": 4.32,
        "净资产收益率_百分比": 2.08,
        "扣非净资产收益率_百分比": null,
        "每股经营现金流_元": 0.19,
        "扣非净利润_万元": 1385.740144,
        "扣非净利润同比增长_百分比": -58.3,
        "销售毛利率_百分比": 41.84,
        "销售净利率_百分比": 3.13,
        "加权平均净资产收益率_百分比": 2.08,
        "扣非加权净资产收益率_百分比": null,
        "总资产收益率_百分比": 1.05,
        "主营业务收入_万元": 144336.52231,
        "主营业务成本_万元": 83961.905291,
        "主营业务利润_万元": 60374.617019
    },
    "资产负债表": {
        "货币资金_万元": 15872.67288,
        "应收账款_万元": 68190.350191,
        "应收票据_万元": 30270.409602,
        "应收款项融资_万元": 4805.067966,
        "预付款项_万元": 33532.764224,
        "其他应收款_万元": 1856.712932,
        "存货_万元": 21385.870573,
        "合同资产_万元": 0.0,
        "一年内到期的非流动资产_万元": 496.673037,
        "其他流动资产_万元": 3921.516666,
        "流动资产合计_万元": 180332.038071,
        "交易性金融资产_万元": 0.0,
        "债权投资_万元": null,
        "其他债权投资_万元": null,
        "长期应收款_万元": 1406.311516,
        "长期股权投资_万元": 0.0,
        "其他权益工具投资_万元": null,
        "投资性房地产_万元": 0.0,
        "固定资产_万元": 103907.655018,
        "在建工程_万元": 51084.568856,
        "生产性生物资产_万元": null,
        "油气资产_万元": null,
        "使用权资产_万元": 1415.063664,
        "无形资产_万元": 46179.369226,
        "开发支出_万元": 5335.244595,
        "商誉_万元": 12567.064715,
        "长期待摊费用_万元": 969.109013,
        "递延所得税资产_万元": 13444.444698,
        "其他非流动资产_万元": 4890.535283,
        "非流动资产合计_万元": 252407.669982,
        "总资产_万元": 432739.708053,
        "总资产同比增长_百分比": 0.72,
        "短期借款_万元": 85396.943011,
        "交易性金融负债_万元": null,
        "应付票据_万元": 1045.0,
        "应付账款_万元": 23691.165695,
        "预收款项_万元": null,
        "合同负债_万元": 1682.46038,
        "应付职工薪酬_万元": 2977.645612,
        "应交税费_万元": 5189.613887,
        "其他应付款_万元": 3616.539144,
        "一年内到期的非流动负债_万元": 5742.931868,
        "其他流动负债_万元": 2284.996068,
        "流动负债合计_万元": 131627.295665,
        "长期借款_万元": 10400.0,
        "应付债券_万元": null,
        "租赁负债_万元": 1161.308314,
        "长期应付款_万元": null,
        "预计负债_万元": 268.180104,
        "递延收益_万元": 9217.542915,
        "递延所得税负债_万元": 4421.108965,
        "其他非流动负债_万元": null,
        "非流动负债合计_万元": 25468.140298,
        "总负债_万元": 157095.435963,
        "总负债同比增长_百分比": 2.18,
        "资产负债率_百分比": 36.3,
        "实收资本_万元": 61668.9055,
        "资本公积_万元": 31177.77329,
        "盈余公积_万元": 17075.252152,
        "未分配利润_万元": 165591.704736,
        "其他综合收益_万元": -2834.352531,
        "专项储备_万元": null,
        "归属于母公司所有者权益合计_万元": 266680.434648,
        "少数股东权益_万元": 8963.837442,
        "股东权益合计_万元": 275644.27209
    },
    "利润表": {
        "营业总收入_万元": 144336.52231,
        "营业收入_万元": 144336.52231,
        "营业总收入同比增长_百分比": -6.39,
        "营业成本_万元": 83961.905291,
        "税金及附加_万元": 1994.493186,
        "销售费用_万元": 27940.474121,
        "管理费用_万元": 16576.045831,
        "研发费用_万元": 5987.409658,
        "财务费用_万元": 3871.165449,
        "其中利息费用_万元": 3850.088032,
        "其中利息收入_万元": 167.512757,
        "其他收益_万元": 1035.72282,
        "投资收益_万元": 1729.054796,
        "其中对联营企业投资收益_万元": null,
        "公允价值变动收益_万元": 293.603038,
        "信用减值损失_万元": 89.788226,
        "资产减值损失_万元": -2713.924665,
        "资产处置收益_万元": 1574.414756,
        "营业总支出_万元": 140331.493536,
        "营业利润_万元": 6013.687745,
        "营业外收入_万元": 445.465615,
        "营业外支出_万元": 563.802563,
        "利润总额_万元": 5895.350797,
        "所得税费用_万元": 1370.526738,
        "净利润_万元": 4524.824059,
        "归母净利润_万元": 5544.097144,
        "少数股东损益_万元": -1019.273085,
        "持续经营净利润_万元": 4524.824059,
        "终止经营净利润_万元": null,
        "其他综合收益_万元": 112.501487,
        "综合收益总额_万元": 4637.325546,
        "归母综合收益总额_万元": 5801.504348
    },
    "现金流量表": {
        "销售商品收到现金_万元": 138346.243364,
        "收到的税费返还_万元": 0.125175,
        "收到其他经营活动现金_万元": 5576.157554,
        "经营活动现金流入_万元": 143922.526093,
        "购买商品支付现金_万元": 59371.001718,
        "支付职工现金_万元": 22774.623932,
        "支付税费_万元": 11995.530646,
        "支付其他经营活动现金_万元": 37759.173648,
        "经营活动现金流出_万元": 131900.329944,
        "经营现金流净额_万元": 12022.196149,
        "经营现金流净额同比增长_百分比": 264.98,
        "收回投资现金_万元": 137.2,
        "取得投资收益现金_万元": 50.204995,
        "处置资产收回现金_万元": 4944.928188,
        "收到其他投资活动现金_万元": 4014.473804,
        "投资活动现金流入_万元": 9146.806987,
        "投资支付现金_万元": 11066.59125,
        "购建资产支付现金_万元": 8842.988116,
        "支付其他投资活动现金_万元": 3432.023085,
        "投资活动现金流出_万元": 24395.738717,
        "投资现金流净额_万元": -15248.93173,
        "吸收投资现金_万元": null,
        "取得借款现金_万元": 108295.313056,
        "收到其他筹资活动现金_万元": 186.561045,
        "筹资活动现金流入_万元": 108481.874101,
        "偿还债务现金_万元": 103105.471357,
        "分配股利现金_万元": 9084.229924,
        "支付其他筹资活动现金_万元": 525.348555,
        "筹资活动现金流出_万元": 112715.049836,
        "融资现金流净额_万元": -4233.275735,
        "汇率变动影响_万元": null,
        "现金及等价物净增加额_万元": -7476.271905,
        "净现金流_元": null,
        "净现金流同比增长_百分比": 66.15,
        "期初现金及等价物_万元": 22660.82467,
        "期末现金及等价物_万元": 15184.552765,
        "经营现金流占比_百分比": -160.85,
        "投资现金流占比_百分比": 203.99,
        "融资现金流占比_百分比": 56.62
    }
}