{
    "报告信息": {
        "序号": null,
        "股票代码": "002082",
        "股票简称": "万邦德",
        "报告年份": "2023",
        "报告期": "年度",
        "总股本_股": 616689055,
        "流通股本_股": 616689055,
        "报告日期": "2024-04-26",
        "审计意见": "标准的无保留意见",
        "会计师事务所": "北京大华国际会计师事务所（特殊普通合伙）",
        "期": "FY"
    },
    "核心业绩指标": {
        "每股收益_元": 0.08,
        "稀释每股收益_元": 0.08,
        "营业总收入_万元": 154193.858452,
        "营业总收入_亿元": 15.4193858452,
        "营收同比增长_百分比": -13.69,
        "营收环比增长_百分比": null,
        "净利润_万元": 4920.888346,
        "净利润_亿元": 0.4920888346,
        "净利润同比增长_百分比": -47.23,
        "净利润环比增长_百分比": null,
        "归母净利润_万元": 4920.888346,
        "少数股东损益_万元": -2288.189436,
        "每股净资产_元": null,
        "净资产收益率_百分比": 1.84,
        "扣非净资产收益率_百分比": 1.24,
        "每股经营现金流_元": -0.118,
        "扣非净利润_万元": 3323.108474,
        "扣非净利润同比增长_百分比": -70.19,
        "销售毛利率_百分比": null,
        "销售净利率_百分比": null,
        "加权平均净资产收益率_百分比": 1.84,
        "扣非加权净资产收益率_百分比": 1.24,
        "总资产收益率_百分比": null,
        "主营业务收入_万元": 154193.858452,
        "主营业务成本_万元": 90726.499684,
        "主营业务利润_万元": null
    },
    "资产负债表": {
        "货币资金_万元": 22660.82467,
        "应收账款_万元": 96198.489813,
        "应收票据_万元": 13432.603695,
        "应收款项融资_万元": 5782.447602,
        "预付款项_万元": 19619.051335,
        "其他应收款_万元": 5867.258074,
        "存货_万元": 25590.702124,
        "合同资产_万元": null,
        "一年内到期的非流动资产_万元": 300.370513,
        "其他流动资产_万元": 2874.943759,
        "流动资产合计_万元": 192326.691585,
        "交易性金融资产_万元": null,
        "债权投资_万元": null,
        "其他债权投资_万元": null,
        "长期应收款_万元": 1279.274394,
        "长期股权投资_万元": null,
        "其他权益工具投资_万元": null,
        "投资性房地产_万元": null,
        "固定资产_万元": 86713.414354,
        "在建工程_万元": 61133.255466,
        "生产性生物资产_万元": null,
        "油气资产_万元": null,
        "使用权资产_万元": 1658.023615,
        "无形资产_万元": 41846.107077,
        "开发支出_万元": 4615.152481,
        "商誉_万元": 12546.254041,
        "长期待摊费用_万元": 1235.267959,
        "递延所得税资产_万元": 11361.762887,
        "其他非流动资产_万元": 13868.694275,
        "非流动资产合计_万元": 237309.106909,
        "总资产_万元": 429635.798494,
        "总资产同比增长_百分比": 1.85,
        "短期借款_万元": 82431.157765,
        "交易性金融负债_万元": null,
        "应付票据_万元": 2417.781714,
        "应付账款_万元": 27837.562283,
        "预收款项_万元": null,
        "合同负债_万元": 1430.90142,
        "应付职工薪酬_万元": 3270.71394,
        "应交税费_万元": 5715.039803,
        "其他应付款_万元": 2261.434408,
        "一年内到期的非流动负债_万元": 5691.503848,
        "其他流动负债_万元": 1605.008727,
        "流动负债合计_万元": 132661.103908,
        "长期借款_万元": 8150.54602,
        "应付债券_万元": 13519.996069,
        "租赁负债_万元": 1198.865358,
        "长期应付款_万元": 1342.922078,
        "预计负债_万元": 591.066129,
        "递延收益_万元": 7053.961006,
        "递延所得税负债_万元": 4082.971301,
        "其他非流动负债_万元": null,
        "非流动负债合计_万元": 21077.409814,
        "总负债_万元": 153738.513722,
        "总负债同比增长_百分比": null,
        "资产负债率_百分比": null,
        "实收资本_万元": 61668.9055,
        "资本公积_万元": 31177.77329,
        "盈余公积_万元": 16939.27502,
        "未分配利润_万元": 165073.922952,
        "其他综合收益_万元": 3091.759735,
        "专项储备_万元": null,
        "归属于母公司所有者权益合计_万元": 265769.268528,
        "少数股东权益_万元": 10128.016244,
        "股东权益合计_万元": 275897.284772
    },
    "利润表": {
        "营业总收入_万元": 154193.858452,
        "营业收入_万元": 154193.858452,
        "营业总收入同比增长_百分比": -13.69,
        "营业成本_万元": 90726.499684,
        "税金及附加_万元": 2092.642548,
        "销售费用_万元": 28058.950872,
        "管理费用_万元": 18019.352438,
        "研发费用_万元": 5398.375848,
        "财务费用_万元": 4972.657104,
        "其中利息费用_万元": 4648.359968,
        "其中利息收入_万元": 269.758514,
        "其他收益_万元": 1142.069852,
        "投资收益_万元": 249.19,
        "其中对联营企业投资收益_万元": null,
        "公允价值变动收益_万元": -183.111751,
        "信用减值损失_万元": -2355.935297,
        "资产减值损失_万元": -1089.930424,
        "资产处置收益_万元": 12.167236,
        "营业总支出_万元": 149268.478494,
        "营业利润_万元": 2699.829574,
        "营业外收入_万元": 1122.127128,
        "营业外支出_万元": 828.777558,
        "利润总额_万元": 2993.179144,
        "所得税费用_万元": 360.480234,
        "净利润_万元": 4920.888346,
        "归母净利润_万元": 4920.888346,
        "少数股东损益_万元": -2288.189436,
        "持续经营净利润_万元": 4920.888346,
        "终止经营净利润_万元": null,
        "其他综合收益_万元": 1671.019001,
        "综合收益总额_万元": 961.679909,
        "归母综合收益总额_万元": 3929.316914
    },
    "现金流量表": {
        "销售商品收到现金_万元": 136966.320636,
        "收到的税费返还_万元": 3.561947,
        "收到其他经营活动现金_万元": 4685.308889,
        "经营活动现金流入_万元": 141655.191472,
        "购买商品支付现金_万元": 76415.742264,
        "支付职工现金_万元": 22080.951004,
        "支付税费_万元": 13315.803743,
        "支付其他经营活动现金_万元": 37129.673417,
        "经营活动现金流出_万元": 148942.170428,
        "经营现金流净额_万元": -7286.978956,
        "经营现金流净额同比增长_百分比": 69.59,
        "收回投资现金_万元": 500.0,
        "取得投资收益现金_万元": 249.19,
        "处置资产收回现金_万元": 20.06,
        "收到其他投资活动现金_万元": 1421.359302,
        "投资活动现金流入_万元": 2190.609302,
        "投资支付现金_万元": 500.0,
        "购建资产支付现金_万元": 12872.380172,
        "支付其他投资活动现金_万元": 4421.507054,
        "投资活动现金流出_万元": 17793.887226,
        "投资现金流净额_万元": -15603.277924,
        "吸收投资现金_万元": 207.0,
        "取得借款现金_万元": 87592.341876,
        "收到其他筹资活动现金_万元": 2102.690771,
        "筹资活动现金流入_万元": 89695.032647,
        "偿还债务现金_万元": 76294.13728,
        "分配股利现金_万元": 12202.770881,
        "支付其他筹资活动现金_万元": 272.483675,
        "筹资活动现金流出_万元": 88769.391836,
        "融资现金流净额_万元": 925.640811,
        "汇率变动影响_万元": -124.846819,
        "现金及等价物净增加额_万元": -22089.462888,
        "净现金流_元": -220894628.88,
        "净现金流同比增长_百分比": 52.81,
        "期初现金及等价物_万元": 46761.883318,
        "期末现金及等价物_万元": 22660.82467,
        "经营现金流占比_百分比": null,
        "投资现金流占比_百分比": null,
        "融资现金流占比_百分比": null
    }
}