{
    "报告信息": {
        "序号": null,
        "股票代码": "002082",
        "股票简称": "万邦德",
        "报告年份": "2024",
        "报告期": "HY",
        "总股本_股": 616689055,
        "流通股本_股": null,
        "报告日期": "2024-08-29",
        "审计意见": "未审计",
        "会计师事务所": null
    },
    "核心业绩指标": {
        "每股收益_元": 0.0611,
        "稀释每股收益_元": 0.0611,
        "营业总收入_万元": 75279.794741,
        "营业总收入_亿元": 7.5279794741,
        "营收同比增长_百分比": 1.93,
        "营收环比增长_百分比": null,
        "净利润_万元": 3004.518105,
        "净利润_亿元": 0.3004518105,
        "净利润同比增长_百分比": 1.29,
        "净利润环比增长_百分比": null,
        "归母净利润_万元": 3770.411717,
        "少数股东损益_万元": -765.893612,
        "每股净资产_元": null,
        "净资产收益率_百分比": null,
        "扣非净资产收益率_百分比": null,
        "每股经营现金流_元": null,
        "扣非净利润_万元": 1807.288119,
        "扣非净利润同比增长_百分比": -4.53,
        "销售毛利率_百分比": null,
        "销售净利率_百分比": null,
        "加权平均净资产收益率_百分比": 1.41,
        "扣非加权净资产收益率_百分比": null,
        "总资产收益率_百分比": null,
        "主营业务收入_万元": 74731.723,
        "主营业务成本_万元": 46878.857162,
        "主营业务利润_万元": null
    },
    "资产负债表": {
        "货币资金_万元": 15350.193488,
        "应收账款_万元": 85967.635861,
        "应收票据_万元": 15821.397057,
        "应收款项融资_万元": 806.806752,
        "预付款项_万元": 30102.744749,
        "其他应收款_万元": 7684.162365,
        "存货_万元": 26847.112211,
        "合同资产_万元": 0,
        "一年内到期的非流动资产_万元": 304.286975,
        "其他流动资产_万元": 2503.475682,
        "流动资产合计_万元": 185387.81514,
        "交易性金融资产_万元": 0,
        "债权投资_万元": 0,
        "其他债权投资_万元": 0,
        "长期应收款_万元": 1295.954557,
        "长期股权投资_万元": 0,
        "其他权益工具投资_万元": 0,
        "投资性房地产_万元": 0,
        "固定资产_万元": 82990.767803,
        "在建工程_万元": 68257.664493,
        "生产性生物资产_万元": 0,
        "油气资产_万元": 0,
        "使用权资产_万元": 1582.760329,
        "无形资产_万元": 41354.846486,
        "开发支出_万元": 4967.822631,
        "商誉_万元": 12649.402664,
        "长期待摊费用_万元": 1106.929179,
        "递延所得税资产_万元": 12820.360612,
        "其他非流动资产_万元": 8651.147036,
        "非流动资产合计_万元": 246782.983675,
        "总资产_万元": 432170.798815,
        "总资产同比增长_百分比": 0.59,
        "短期借款_万元": 81903.14,
        "交易性金融负债_万元": 0,
        "应付票据_万元": 3255.300166,
        "应付账款_万元": 23581.748735,
        "预收款项_万元": 0,
        "合同负债_万元": 1128.140866,
        "应付职工薪酬_万元": 2083.165685,
        "应交税费_万元": 1439.746426,
        "其他应付款_万元": 2833.133619,
        "一年内到期的非流动负债_万元": 5824.565793,
        "其他流动负债_万元": 12512.558452,
        "流动负债合计_万元": 134561.499742,
        "长期借款_万元": 5533.651067,
        "应付债券_万元": 0,
        "租赁负债_万元": 1249.092267,
        "长期应付款_万元": 0,
        "预计负债_万元": 595.964932,
        "递延收益_万元": 6874.739004,
        "递延所得税负债_万元": 4184.704807,
        "其他非流动负债_万元": 0,
        "非流动负债合计_万元": 18438.152077,
        "总负债_万元": 152999.651819,
        "总负债同比增长_百分比": null,
        "资产负债率_百分比": null,
        "实收资本_万元": 61668.9055,
        "资本公积_万元": 31177.77329,
        "盈余公积_万元": 16939.27502,
        "未分配利润_万元": 168844.334669,
        "其他综合收益_万元": -3043.428108,
        "专项储备_万元": 0,
        "归属于母公司所有者权益合计_万元": 269588.011872,
        "少数股东权益_万元": 9583.135124,
        "股东权益合计_万元": 279171.146996
    },
    "利润表": {
        "营业总收入_万元": 75279.794741,
        "营业收入_万元": 75279.794741,
        "营业总收入同比增长_百分比": 1.93,
        "营业成本_万元": 47178.357807,
        "税金及附加_万元": 747.501619,
        "销售费用_万元": 13363.598752,
        "管理费用_万元": 8363.277959,
        "研发费用_万元": 2744.186774,
        "财务费用_万元": 1382.473158,
        "其中利息费用_万元": 1661.419116,
        "其中利息收入_万元": 325.156879,
        "其他收益_万元": 2041.34498,
        "投资收益_万元": 22.858898,
        "其中对联营企业投资收益_万元": 0,
        "公允价值变动收益_万元": 190.627525,
        "信用减值损失_万元": -1381.791642,
        "资产减值损失_万元": 64.43518,
        "资产处置收益_万元": 0,
        "营业总支出_万元": null,
        "营业利润_万元": 2437.873613,
        "营业外收入_万元": 62.984736,
        "营业外支出_万元": 213.768758,
        "利润总额_万元": 2287.089591,
        "所得税费用_万元": -717.428514,
        "净利润_万元": 3004.518105,
        "归母净利润_万元": 3770.411717,
        "少数股东损益_万元": -765.893612,
        "持续经营净利润_万元": 3004.518105,
        "终止经营净利润_万元": 0,
        "其他综合收益_万元": 269.344119,
        "综合收益总额_万元": 3273.862224,
        "归母综合收益总额_万元": 3818.743344
    },
    "现金流量表": {
        "销售商品收到现金_万元": 81783.151621,
        "收到的税费返还_万元": 65.788659,
        "收到其他经营活动现金_万元": 1590.236016,
        "经营活动现金流入_万元": 83439.176296,
        "购买商品支付现金_万元": 28316.448412,
        "支付职工现金_万元": 11912.049176,
        "支付税费_万元": 10320.514581,
        "支付其他经营活动现金_万元": 21265.652801,
        "经营活动现金流出_万元": 71814.66497,
        "经营现金流净额_万元": 11624.511326,
        "经营现金流净额同比增长_百分比": 178.31,
        "收回投资现金_万元": 0,
        "取得投资收益现金_万元": 573.690625,
        "处置资产收回现金_万元": 63.942837,
        "收到其他投资活动现金_万元": 137.2,
        "投资活动现金流入_万元": 774.833462,
        "投资支付现金_万元": 0,
        "购建资产支付现金_万元": 4536.274577,
        "支付其他投资活动现金_万元": 11069.02,
        "投资活动现金流出_万元": 15605.294577,
        "投资现金流净额_万元": -14830.461115,
        "吸收投资现金_万元": -34.4565,
        "取得借款现金_万元": 65226.689632,
        "收到其他筹资活动现金_万元": 0,
        "筹资活动现金流入_万元": 65192.233132,
        "偿还债务现金_万元": 68129.35965,
        "分配股利现金_万元": 1988.156506,
        "支付其他筹资活动现金_万元": 145.373183,
        "筹资活动现金流出_万元": 70262.889339,
        "融资现金流净额_万元": -5070.656207,
        "汇率变动影响_万元": 4.466297,
        "现金及等价物净增加额_万元": -8272.139699,
        "净现金流_元": null,
        "净现金流同比增长_百分比": -43.83,
        "期初现金及等价物_万元": 21815.105507,
        "期末现金及等价物_万元": 13542.965808,
        "经营现金流占比_百分比": null,
        "投资现金流占比_百分比": null,
        "融资现金流占比_百分比": null
    }
}