{
    "报告信息": {
        "序号": null,
        "股票代码": "002082",
        "股票简称": "万邦德",
        "报告年份": "2025",
        "报告期": "HY",
        "总股本_股": 611689055,
        "流通股本_股": 553252922,
        "报告日期": "2025-08-29",
        "审计意见": null,
        "会计师事务所": null
    },
    "核心业绩指标": {
        "每股收益_元": 0.02,
        "稀释每股收益_元": 0.02,
        "营业总收入_万元": 57855.204429,
        "营业总收入_亿元": 5.7855204429,
        "营收同比增长_百分比": -23.15,
        "营收环比增长_百分比": null,
        "净利润_万元": 878.59419,
        "净利润_亿元": 0.087859419,
        "净利润同比增长_百分比": -70.77,
        "净利润环比增长_百分比": null,
        "归母净利润_万元": 1346.345525,
        "少数股东损益_万元": -467.751335,
        "每股净资产_元": null,
        "净资产收益率_百分比": 0.51,
        "扣非净资产收益率_百分比": null,
        "每股经营现金流_元": null,
        "扣非净利润_万元": -2411.431057,
        "扣非净利润同比增长_百分比": -233.43,
        "销售毛利率_百分比": null,
        "销售净利率_百分比": null,
        "加权平均净资产收益率_百分比": 0.51,
        "扣非加权净资产收益率_百分比": null,
        "总资产收益率_百分比": null,
        "主营业务收入_万元": null,
        "主营业务成本_万元": null,
        "主营业务利润_万元": null
    },
    "资产负债表": {
        "货币资金_万元": 19548.640401,
        "应收账款_万元": 68115.45545,
        "应收票据_万元": 17763.735341,
        "应收款项融资_万元": 532.012721,
        "预付款项_万元": 37949.962034,
        "其他应收款_万元": 6727.95115,
        "存货_万元": 22781.52283,
        "合同资产_万元": null,
        "一年内到期的非流动资产_万元": 520.838972,
        "其他流动资产_万元": 2431.620759,
        "流动资产合计_万元": 176371.739658,
        "交易性金融资产_万元": null,
        "债权投资_万元": null,
        "其他债权投资_万元": null,
        "长期应收款_万元": 1474.736477,
        "长期股权投资_万元": null,
        "其他权益工具投资_万元": null,
        "投资性房地产_万元": null,
        "固定资产_万元": 99702.842616,
        "在建工程_万元": 52649.785618,
        "生产性生物资产_万元": null,
        "油气资产_万元": null,
        "使用权资产_万元": 1257.222956,
        "无形资产_万元": 46028.481926,
        "开发支出_万元": 5093.805152,
        "商誉_万元": 12723.939042,
        "长期待摊费用_万元": 855.166447,
        "递延所得税资产_万元": 14236.705038,
        "其他非流动资产_万元": 21147.371659,
        "非流动资产合计_万元": 266431.977881,
        "总资产_万元": 442803.717539,
        "总资产同比增长_百分比": 2.33,
        "短期借款_万元": 70288.688791,
        "交易性金融负债_万元": null,
        "应付票据_万元": 3708.322586,
        "应付账款_万元": 20440.189984,
        "预收款项_万元": null,
        "合同负债_万元": 784.28526,
        "应付职工薪酬_万元": 1791.08425,
        "应交税费_万元": 3101.554477,
        "其他应付款_万元": 2901.7724,
        "一年内到期的非流动负债_万元": 5603.754896,
        "其他流动负债_万元": 2623.505725,
        "流动负债合计_万元": 111243.158369,
        "长期借款_万元": 15324.757151,
        "应付债券_万元": null,
        "租赁负债_万元": 1331.329204,
        "长期应付款_万元": 23876.965804,
        "预计负债_万元": 214.278013,
        "递延收益_万元": 8964.701812,
        "递延所得税负债_万元": 4488.900457,
        "其他非流动负债_万元": null,
        "非流动负债合计_万元": 54200.932441,
        "总负债_万元": 165444.09081,
        "总负债同比增长_百分比": null,
        "资产负债率_百分比": null,
        "实收资本_万元": 61168.9055,
        "资本公积_万元": 25678.924791,
        "盈余公积_万元": 17075.252152,
        "未分配利润_万元": 166938.050261,
        "其他综合收益_万元": -2449.130166,
        "专项储备_万元": 34.83879,
        "归属于母公司所有者权益合计_万元": 268446.841328,
        "少数股东权益_万元": 8912.785401,
        "股东权益合计_万元": 277359.626729
    },
    "利润表": {
        "营业总收入_万元": 57855.204429,
        "营业收入_万元": 57855.204429,
        "营业总收入同比增长_百分比": -23.15,
        "营业成本_万元": 39029.734375,
        "税金及附加_万元": 870.071702,
        "销售费用_万元": 9393.528567,
        "管理费用_万元": 7808.500974,
        "研发费用_万元": 3141.447035,
        "财务费用_万元": 1429.400818,
        "其中利息费用_万元": 1919.318462,
        "其中利息收入_万元": 546.924731,
        "其他收益_万元": 4631.74098,
        "投资收益_万元": 22.858898,
        "其中对联营企业投资收益_万元": null,
        "公允价值变动收益_万元": 53.617547,
        "信用减值损失_万元": 269.443889,
        "资产减值损失_万元": -109.271568,
        "资产处置收益_万元": 29.790267,
        "营业总支出_万元": null,
        "营业利润_万元": 1085.142073,
        "营业外收入_万元": 32.052419,
        "营业外支出_万元": 148.739678,
        "利润总额_万元": 968.454814,
        "所得税费用_万元": 89.860624,
        "净利润_万元": 878.59419,
        "归母净利润_万元": 1346.345525,
        "少数股东损益_万元": -467.751335,
        "持续经营净利润_万元": 878.59419,
        "终止经营净利润_万元": null,
        "其他综合收益_万元": 801.921659,
        "综合收益总额_万元": 1680.515849,
        "归母综合收益总额_万元": 1731.56789
    },
    "现金流量表": {
        "销售商品收到现金_万元": 60267.539915,
        "收到的税费返还_万元": 364.117398,
        "收到其他经营活动现金_万元": 1322.503057,
        "经营活动现金流入_万元": 61954.16037,
        "购买商品支付现金_万元": 20051.781616,
        "支付职工现金_万元": 11171.594154,
        "支付税费_万元": 7879.624862,
        "支付其他经营活动现金_万元": 18446.723055,
        "经营活动现金流出_万元": 57549.723687,
        "经营现金流净额_万元": 4404.436683,
        "经营现金流净额同比增长_百分比": -62.11,
        "收回投资现金_万元": null,
        "取得投资收益现金_万元": 938.293286,
        "处置资产收回现金_万元": 1062.361036,
        "收到其他投资活动现金_万元": null,
        "投资活动现金流入_万元": 2000.654322,
        "投资支付现金_万元": 9.766841,
        "购建资产支付现金_万元": 17835.949229,
        "支付其他投资活动现金_万元": null,
        "投资活动现金流出_万元": 17845.71607,
        "投资现金流净额_万元": -15845.061748,
        "吸收投资现金_万元": null,
        "取得借款现金_万元": 73955.961045,
        "收到其他筹资活动现金_万元": 27499.073,
        "筹资活动现金流入_万元": 101455.034045,
        "偿还债务现金_万元": 81649.382757,
        "分配股利现金_万元": 1802.122895,
        "支付其他筹资活动现金_万元": 2805.133692,
        "筹资活动现金流出_万元": 86256.639344,
        "融资现金流净额_万元": 15198.394701,
        "汇率变动影响_万元": 8.995271,
        "现金及等价物净增加额_万元": 3766.764907,
        "净现金流_元": null,
        "净现金流同比增长_百分比": 145.54,
        "期初现金及等价物_万元": 14338.833602,
        "期末现金及等价物_万元": 18105.598509,
        "经营现金流占比_百分比": null,
        "投资现金流占比_百分比": null,
        "融资现金流占比_百分比": null
    }
}