{
    "报告信息": {
        "序号": null,
        "股票代码": "000423",
        "股票简称": "东阿阿胶",
        "报告年份": "2023",
        "报告期": "HY",
        "总股本_股": 643976824,
        "流通股本_股": 643976824,
        "报告日期": "2023-08",
        "审计意见": "未经审计",
        "会计师事务所": null
    },
    "核心业绩指标": {
        "每股收益_元": 0.8247,
        "稀释每股收益_元": 0.8247,
        "营业总收入_万元": 216713.902314,
        "营业总收入_亿元": 21.6713902314,
        "营收同比增长_百分比": 18.69,
        "营收环比增长_百分比": null,
        "净利润_万元": 53187.815494,
        "净利润_亿元": 5.3187815494,
        "净利润同比增长_百分比": 72.29,
        "净利润环比增长_百分比": null,
        "归母净利润_万元": 53111.356,
        "少数股东损益_万元": 76.459494,
        "每股净资产_元": null,
        "净资产收益率_百分比": 5.07,
        "扣非净资产收益率_百分比": null,
        "每股经营现金流_元": null,
        "扣非净利润_万元": 48994.426346,
        "扣非净利润同比增长_百分比": 83.58,
        "销售毛利率_百分比": null,
        "销售净利率_百分比": null,
        "加权平均净资产收益率_百分比": 5.07,
        "扣非加权净资产收益率_百分比": null,
        "总资产收益率_百分比": null,
        "主营业务收入_万元": 216329.331697,
        "主营业务成本_万元": 63964.380099,
        "主营业务利润_万元": null
    },
    "资产负债表": {
        "货币资金_万元": 563195.135259,
        "应收账款_万元": 52537.773613,
        "应收票据_万元": 6674.663986,
        "应收款项融资_万元": 32714.344663,
        "预付款项_万元": 2080.629459,
        "其他应收款_万元": 4334.200423,
        "存货_万元": 122289.630363,
        "合同资产_万元": 0.0,
        "一年内到期的非流动资产_万元": 5.79748,
        "其他流动资产_万元": 1363.083167,
        "流动资产合计_万元": 951647.262578,
        "交易性金融资产_万元": 161898.242078,
        "债权投资_万元": 0.0,
        "其他债权投资_万元": 0.0,
        "长期应收款_万元": 0.0,
        "长期股权投资_万元": 8339.933617,
        "其他权益工具投资_万元": 0.0,
        "投资性房地产_万元": 6785.540621,
        "固定资产_万元": 192295.461384,
        "在建工程_万元": 521.905586,
        "生产性生物资产_万元": 1613.197417,
        "油气资产_万元": 0.0,
        "使用权资产_万元": 4405.700623,
        "无形资产_万元": 32500.228185,
        "开发支出_万元": 0.0,
        "商誉_万元": 91.499198,
        "长期待摊费用_万元": 896.598777,
        "递延所得税资产_万元": 24726.977074,
        "其他非流动资产_万元": 1507.769426,
        "非流动资产合计_万元": 274852.379297,
        "总资产_万元": 1226499.641875,
        "总资产同比增长_百分比": -2.9,
        "短期借款_万元": 0.0,
        "交易性金融负债_万元": 0.0,
        "应付票据_万元": 0.0,
        "应付账款_万元": 19719.297842,
        "预收款项_万元": 61.077691,
        "合同负债_万元": 51013.254225,
        "应付职工薪酬_万元": 23112.119171,
        "应交税费_万元": 14749.025333,
        "其他应付款_万元": 86133.918025,
        "一年内到期的非流动负债_万元": 1493.656325,
        "其他流动负债_万元": 1777.609841,
        "流动负债合计_万元": 198059.958453,
        "长期借款_万元": 0.0,
        "应付债券_万元": 0.0,
        "租赁负债_万元": 3148.434106,
        "长期应付款_万元": 0.0,
        "预计负债_万元": 0.0,
        "递延收益_万元": 6829.594824,
        "递延所得税负债_万元": 362.861194,
        "其他非流动负债_万元": 0.0,
        "非流动负债合计_万元": 16136.290124,
        "总负债_万元": 214196.248577,
        "总负债同比增长_百分比": null,
        "资产负债率_百分比": null,
        "实收资本_万元": 64397.6824,
        "资本公积_万元": 40185.029204,
        "盈余公积_万元": 46615.687134,
        "未分配利润_万元": 858880.10091,
        "其他综合收益_万元": 90.718836,
        "专项储备_万元": 0.0,
        "归属于母公司所有者权益合计_万元": 1010169.218484,
        "少数股东权益_万元": 2134.174814,
        "股东权益合计_万元": 1012303.393298
    },
    "利润表": {
        "营业总收入_万元": 216713.902314,
        "营业收入_万元": 216713.902314,
        "营业总收入同比增长_百分比": 18.69,
        "营业成本_万元": 64275.673783,
        "税金及附加_万元": 3170.980139,
        "销售费用_万元": 75331.777444,
        "管理费用_万元": 13310.624247,
        "研发费用_万元": 5515.715461,
        "财务费用_万元": -5024.085399,
        "其中利息费用_万元": 113.471572,
        "其中利息收入_万元": 5150.38489,
        "其他收益_万元": 1428.37222,
        "投资收益_万元": 1831.115407,
        "其中对联营企业投资收益_万元": -525.351916,
        "公允价值变动收益_万元": 49.690561,
        "信用减值损失_万元": 182.937014,
        "资产减值损失_万元": 287.904494,
        "资产处置收益_万元": 876.301279,
        "营业总支出_万元": null,
        "营业利润_万元": 64789.537614,
        "营业外收入_万元": 164.617239,
        "营业外支出_万元": 152.94901,
        "利润总额_万元": 64801.205843,
        "所得税费用_万元": 11613.390349,
        "净利润_万元": 53187.815494,
        "归母净利润_万元": 53111.356,
        "少数股东损益_万元": 76.459494,
        "持续经营净利润_万元": 53187.815494,
        "终止经营净利润_万元": 0.0,
        "其他综合收益_万元": 0.0,
        "综合收益总额_万元": 53187.815494,
        "归母综合收益总额_万元": 53111.356
    },
    "现金流量表": {
        "销售商品收到现金_万元": 237727.732109,
        "收到的税费返还_万元": 0.0,
        "收到其他经营活动现金_万元": 9016.521462,
        "经营活动现金流入_万元": 246744.253571,
        "购买商品支付现金_万元": 49218.626621,
        "支付职工现金_万元": 30434.56383,
        "支付税费_万元": 33801.341902,
        "支付其他经营活动现金_万元": 58059.375573,
        "经营活动现金流出_万元": 171513.907926,
        "经营现金流净额_万元": 75230.345645,
        "经营现金流净额同比增长_百分比": 6.17,
        "收回投资现金_万元": 167667.468235,
        "取得投资收益现金_万元": 2216.067128,
        "处置资产收回现金_万元": 765.053758,
        "收到其他投资活动现金_万元": 82.911111,
        "投资活动现金流入_万元": 170731.500232,
        "投资支付现金_万元": 140771.055628,
        "购建资产支付现金_万元": 2768.019532,
        "支付其他投资活动现金_万元": 0.0,
        "投资活动现金流出_万元": 143539.07516,
        "投资现金流净额_万元": 27192.425072,
        "吸收投资现金_万元": 0.0,
        "取得借款现金_万元": 0.0,
        "收到其他筹资活动现金_万元": 0.0,
        "筹资活动现金流入_万元": 0.0,
        "偿还债务现金_万元": 0.0,
        "分配股利现金_万元": 75866.462156,
        "支付其他筹资活动现金_万元": 277.479865,
        "筹资活动现金流出_万元": 76143.942021,
        "融资现金流净额_万元": -76143.942021,
        "汇率变动影响_万元": 0.0,
        "现金及等价物净增加额_万元": 26278.828696,
        "净现金流_元": null,
        "净现金流同比增长_百分比": -71.91,
        "期初现金及等价物_万元": 534083.468833,
        "期末现金及等价物_万元": 560362.297529,
        "经营现金流占比_百分比": null,
        "投资现金流占比_百分比": null,
        "融资现金流占比_百分比": null
    }
}