{
    "报告信息": {
        "序号": null,
        "股票代码": "000423",
        "股票简称": "东阿阿胶",
        "报告年份": "2025",
        "报告期": "第一季度",
        "总股本_股": null,
        "流通股本_股": null,
        "报告日期": null,
        "审计意见": "未经审计",
        "会计师事务所": null,
        "期": "Q1"
    },
    "核心业绩指标": {
        "每股收益_元": 0.6615,
        "稀释每股收益_元": 0.6615,
        "营业总收入_万元": 171852.447925,
        "营业总收入_亿元": 17.1852447925,
        "营收同比增长_百分比": 18.24,
        "营收环比增长_百分比": null,
        "净利润_万元": 42502.140621,
        "净利润_亿元": 4.2502140621,
        "净利润同比增长_百分比": 20.25,
        "净利润环比增长_百分比": null,
        "归母净利润_万元": 42497.659742,
        "少数股东损益_万元": 0.448079,
        "每股净资产_元": null,
        "净资产收益率_百分比": null,
        "扣非净资产收益率_百分比": null,
        "每股经营现金流_元": null,
        "扣非净利润_万元": 41636.247757,
        "扣非净利润同比增长_百分比": 26.69,
        "销售毛利率_百分比": null,
        "销售净利率_百分比": null,
        "加权平均净资产收益率_百分比": 4.04,
        "扣非加权净资产收益率_百分比": null,
        "总资产收益率_百分比": null,
        "主营业务收入_万元": null,
        "主营业务成本_万元": null,
        "主营业务利润_万元": null
    },
    "资产负债表": {
        "货币资金_万元": 543160.820379,
        "应收账款_万元": 54117.832185,
        "应收票据_万元": 15440.781247,
        "应收款项融资_万元": 55467.963085,
        "预付款项_万元": 970.605748,
        "其他应收款_万元": 7144.385786,
        "存货_万元": 96230.314177,
        "合同资产_万元": null,
        "一年内到期的非流动资产_万元": null,
        "其他流动资产_万元": 1480.690311,
        "流动资产合计_万元": 1054338.926293,
        "交易性金融资产_万元": 280325.533375,
        "债权投资_万元": null,
        "其他债权投资_万元": null,
        "长期应收款_万元": null,
        "长期股权投资_万元": 6822.100318,
        "其他权益工具投资_万元": null,
        "投资性房地产_万元": 6060.763473,
        "固定资产_万元": 177676.158301,
        "在建工程_万元": 1127.314583,
        "生产性生物资产_万元": 1349.998388,
        "油气资产_万元": 0.0,
        "使用权资产_万元": 3091.520051,
        "无形资产_万元": 30708.750348,
        "开发支出_万元": null,
        "商誉_万元": 91.499198,
        "长期待摊费用_万元": 2854.141778,
        "递延所得税资产_万元": 31727.647538,
        "其他非流动资产_万元": 13772.290069,
        "非流动资产合计_万元": 276491.375746,
        "总资产_万元": 1330830.302039,
        "总资产同比增长_百分比": 1.69,
        "短期借款_万元": null,
        "交易性金融负债_万元": null,
        "应付票据_万元": null,
        "应付账款_万元": 26302.103202,
        "预收款项_万元": 84.075383,
        "合同负债_万元": 58868.227446,
        "应付职工薪酬_万元": 29332.963667,
        "应交税费_万元": 19925.347822,
        "其他应付款_万元": 102234.518872,
        "一年内到期的非流动负债_万元": 1538.284142,
        "其他流动负债_万元": 2584.954413,
        "流动负债合计_万元": 240870.474948,
        "长期借款_万元": null,
        "应付债券_万元": null,
        "租赁负债_万元": 2127.940768,
        "长期应付款_万元": null,
        "预计负债_万元": null,
        "递延收益_万元": 5748.012768,
        "递延所得税负债_万元": null,
        "其他非流动负债_万元": null,
        "非流动负债合计_万元": 14268.453536,
        "总负债_万元": 255138.928483,
        "总负债同比增长_百分比": null,
        "资产负债率_百分比": null,
        "实收资本_万元": null,
        "资本公积_万元": 40185.029205,
        "盈余公积_万元": 46615.687133,
        "未分配利润_万元": 930755.581907,
        "其他综合收益_万元": -851.7,
        "专项储备_万元": null,
        "归属于母公司所有者权益合计_万元": 1073515.036145,
        "少数股东权益_万元": 2176.337411,
        "股东权益合计_万元": 1075691.373556
    },
    "利润表": {
        "营业总收入_万元": 171852.447925,
        "营业收入_万元": 171852.447925,
        "营业总收入同比增长_百分比": 18.24,
        "营业成本_万元": 45339.652884,
        "税金及附加_万元": 2211.890119,
        "销售费用_万元": 62307.119022,
        "管理费用_万元": 8659.561156,
        "研发费用_万元": 3872.887537,
        "财务费用_万元": -1687.882213,
        "其中利息费用_万元": 40.906112,
        "其中利息收入_万元": 1733.887599,
        "其他收益_万元": 682.046998,
        "投资收益_万元": 1974.892032,
        "其中对联营企业投资收益_万元": -462.156038,
        "公允价值变动收益_万元": -1595.754246,
        "信用减值损失_万元": -1573.585383,
        "资产减值损失_万元": 150.166306,
        "资产处置收益_万元": 32.50546,
        "营业总支出_万元": null,
        "营业利润_万元": 50819.490587,
        "营业外收入_万元": 49.831937,
        "营业外支出_万元": 13.386979,
        "利润总额_万元": 50855.935545,
        "所得税费用_万元": 8353.794924,
        "净利润_万元": 42502.140621,
        "归母净利润_万元": 42497.659742,
        "少数股东损益_万元": 0.448079,
        "持续经营净利润_万元": 42502.140621,
        "终止经营净利润_万元": null,
        "其他综合收益_万元": 0.0,
        "综合收益总额_万元": 42502.140621,
        "归母综合收益总额_万元": 42497.659742
    },
    "现金流量表": {
        "销售商品收到现金_万元": 103143.652328,
        "收到的税费返还_万元": 0.002113,
        "收到其他经营活动现金_万元": 2806.322606,
        "经营活动现金流入_万元": 105949.977047,
        "购买商品支付现金_万元": 35662.633934,
        "支付职工现金_万元": 25702.568001,
        "支付税费_万元": 22559.156828,
        "支付其他经营活动现金_万元": 52438.38596,
        "经营活动现金流出_万元": 136362.744723,
        "经营现金流净额_万元": -30412.767676,
        "经营现金流净额同比增长_百分比": -147.63,
        "收回投资现金_万元": 397000.0,
        "取得投资收益现金_万元": 2470.773064,
        "处置资产收回现金_万元": 0.035,
        "收到其他投资活动现金_万元": 1334.083333,
        "投资活动现金流入_万元": 400804.891397,
        "投资支付现金_万元": 330280.0,
        "购建资产支付现金_万元": 1168.860617,
        "支付其他投资活动现金_万元": null,
        "投资活动现金流出_万元": 331448.860617,
        "投资现金流净额_万元": 69356.03078,
        "吸收投资现金_万元": null,
        "取得借款现金_万元": null,
        "收到其他筹资活动现金_万元": null,
        "筹资活动现金流入_万元": null,
        "偿还债务现金_万元": null,
        "分配股利现金_万元": null,
        "支付其他筹资活动现金_万元": 174.86583,
        "筹资活动现金流出_万元": 174.86583,
        "融资现金流净额_万元": -174.86583,
        "汇率变动影响_万元": null,
        "现金及等价物净增加额_万元": 38768.397274,
        "净现金流_元": null,
        "净现金流同比增长_百分比": null,
        "期初现金及等价物_万元": 272301.340804,
        "期末现金及等价物_万元": 311069.738078,
        "经营现金流占比_百分比": null,
        "投资现金流占比_百分比": null,
        "融资现金流占比_百分比": null
    }
}