{
    "报告信息": {
        "序号": null,
        "股票代码": "000423",
        "股票简称": "东阿阿胶",
        "报告年份": "2025",
        "报告期": "HY",
        "总股本_股": 643976824,
        "流通股本_股": 643976824,
        "报告日期": null,
        "审计意见": "未经审计",
        "会计师事务所": null
    },
    "核心业绩指标": {
        "每股收益_元": 1.2698,
        "稀释每股收益_元": 1.2698,
        "营业总收入_万元": 305071.729169,
        "营业总收入_亿元": 30.5071729169,
        "营收同比增长_百分比": 11.02,
        "营收环比增长_百分比": null,
        "净利润_万元": 81772.944664,
        "净利润_亿元": 8.1772944664,
        "净利润同比增长_百分比": 10.74,
        "净利润环比增长_百分比": null,
        "归母净利润_万元": 81771.736538,
        "少数股东损益_万元": 1.208126,
        "每股净资产_元": null,
        "净资产收益率_百分比": null,
        "扣非净资产收益率_百分比": null,
        "每股经营现金流_元": null,
        "扣非净利润_万元": 78756.16684,
        "扣非净利润同比增长_百分比": 12.58,
        "销售毛利率_百分比": null,
        "销售净利率_百分比": null,
        "加权平均净资产收益率_百分比": 7.73,
        "扣非加权净资产收益率_百分比": null,
        "总资产收益率_百分比": null,
        "主营业务收入_万元": 303365.529399,
        "主营业务成本_万元": 81077.402349,
        "主营业务利润_万元": null
    },
    "资产负债表": {
        "货币资金_万元": 662857.5237,
        "应收账款_万元": 18478.086262,
        "应收票据_万元": 1520.717791,
        "应收款项融资_万元": 6139.168197,
        "预付款项_万元": 1653.529248,
        "其他应收款_万元": 7497.75604,
        "存货_万元": 91979.036336,
        "合同资产_万元": null,
        "一年内到期的非流动资产_万元": null,
        "其他流动资产_万元": 2851.664117,
        "流动资产合计_万元": 1004002.499779,
        "交易性金融资产_万元": 211025.018088,
        "债权投资_万元": null,
        "其他债权投资_万元": null,
        "长期应收款_万元": null,
        "长期股权投资_万元": 6798.683808,
        "其他权益工具投资_万元": null,
        "投资性房地产_万元": 8590.222714,
        "固定资产_万元": 175123.984466,
        "在建工程_万元": 376.130954,
        "生产性生物资产_万元": 1381.638134,
        "油气资产_万元": null,
        "使用权资产_万元": 2757.79526,
        "无形资产_万元": 30524.974308,
        "开发支出_万元": null,
        "商誉_万元": 91.499198,
        "长期待摊费用_万元": 2855.690108,
        "递延所得税资产_万元": 30988.329599,
        "其他非流动资产_万元": 13578.040284,
        "非流动资产合计_万元": 274231.180534,
        "总资产_万元": 1278233.680313,
        "总资产同比增长_百分比": -2.33,
        "短期借款_万元": null,
        "交易性金融负债_万元": null,
        "应付票据_万元": null,
        "应付账款_万元": 21141.535674,
        "预收款项_万元": 107.596173,
        "合同负债_万元": 51715.318869,
        "应付职工薪酬_万元": 29193.034502,
        "应交税费_万元": 17370.343125,
        "其他应付款_万元": 108488.313826,
        "一年内到期的非流动负债_万元": 149.738444,
        "其他流动负债_万元": 1442.29993,
        "流动负债合计_万元": 230955.826542,
        "长期借款_万元": null,
        "应付债券_万元": null,
        "租赁负债_万元": 2072.121048,
        "长期应付款_万元": 639.25,
        "预计负债_万元": null,
        "递延收益_万元": 5615.587572,
        "递延所得税负债_万元": null,
        "其他非流动负债_万元": null,
        "非流动负债合计_万元": 14080.20862,
        "总负债_万元": 245036.035162,
        "总负债同比增长_百分比": null,
        "资产负债率_百分比": 19.17,
        "实收资本_万元": 64397.6824,
        "资本公积_万元": 38842.646351,
        "盈余公积_万元": 46615.687134,
        "未分配利润_万元": 888244.648548,
        "其他综合收益_万元": -851.7,
        "专项储备_万元": null,
        "归属于母公司所有者权益合计_万元": 1031024.580491,
        "少数股东权益_万元": 2173.06466,
        "股东权益合计_万元": 1033197.645151
    },
    "利润表": {
        "营业总收入_万元": 305071.729169,
        "营业收入_万元": 305071.729169,
        "营业总收入同比增长_百分比": 11.02,
        "营业成本_万元": 81987.480304,
        "税金及附加_万元": 3899.734918,
        "销售费用_万元": 103077.813113,
        "管理费用_万元": 18493.198063,
        "研发费用_万元": 7992.261668,
        "财务费用_万元": -3071.870801,
        "其中利息费用_万元": 77.800166,
        "其中利息收入_万元": 3158.852982,
        "其他收益_万元": 1526.165457,
        "投资收益_万元": 3712.693322,
        "其中对联营企业投资收益_万元": -485.572548,
        "公允价值变动收益_万元": -896.269533,
        "信用减值损失_万元": 438.44765,
        "资产减值损失_万元": 333.485267,
        "资产处置收益_万元": 83.688446,
        "营业总支出_万元": 212378.617265,
        "营业利润_万元": 97891.322513,
        "营业外收入_万元": 120.077351,
        "营业外支出_万元": 165.756947,
        "利润总额_万元": 97845.642917,
        "所得税费用_万元": 16072.698253,
        "净利润_万元": 81772.944664,
        "归母净利润_万元": 81771.736538,
        "少数股东损益_万元": 1.208126,
        "持续经营净利润_万元": 81772.944664,
        "终止经营净利润_万元": null,
        "其他综合收益_万元": null,
        "综合收益总额_万元": 81772.944664,
        "归母综合收益总额_万元": 81771.736538
    },
    "现金流量表": {
        "销售商品收到现金_万元": 325808.884312,
        "收到的税费返还_万元": 0.002113,
        "收到其他经营活动现金_万元": 4961.970369,
        "经营活动现金流入_万元": 330770.856794,
        "购买商品支付现金_万元": 57706.57363,
        "支付职工现金_万元": 46008.166281,
        "支付税费_万元": 44006.307619,
        "支付其他经营活动现金_万元": 86506.287784,
        "经营活动现金流出_万元": 234227.335314,
        "经营现金流净额_万元": 96543.52148,
        "经营现金流净额同比增长_百分比": 4.7,
        "收回投资现金_万元": 717000.0,
        "取得投资收益现金_万元": 4259.358556,
        "处置资产收回现金_万元": 58.76305,
        "收到其他投资活动现金_万元": 1853.766666,
        "投资活动现金流入_万元": 723171.888272,
        "投资支付现金_万元": 610280.0,
        "购建资产支付现金_万元": 2208.321567,
        "支付其他投资活动现金_万元": null,
        "投资活动现金流出_万元": 612488.321567,
        "投资现金流净额_万元": 110683.566705,
        "吸收投资现金_万元": null,
        "取得借款现金_万元": null,
        "收到其他筹资活动现金_万元": 344.6666705,
        "筹资活动现金流入_万元": 34.46666705,
        "偿还债务现金_万元": null,
        "分配股利现金_万元": 81785.010154,
        "支付其他筹资活动现金_万元": 806.414407,
        "筹资活动现金流出_万元": 82591.424561,
        "融资现金流净额_万元": -79144.757856,
        "汇率变动影响_万元": null,
        "现金及等价物净增加额_万元": 128082.330329,
        "净现金流_元": null,
        "净现金流同比增长_百分比": 311.64,
        "期初现金及等价物_万元": 272301.340804,
        "期末现金及等价物_万元": 400383.671133,
        "经营现金流占比_百分比": null,
        "投资现金流占比_百分比": null,
        "融资现金流占比_百分比": null
    }
}