{
    "报告信息": {
        "序号": null,
        "股票代码": "000423",
        "股票简称": "东阿阿胶",
        "报告年份": "2022",
        "报告期": "FY",
        "总股本_股": 654021537,
        "流通股本_股": 654021537,
        "报告日期": "2023年3月",
        "审计意见": "标准的无保留意见",
        "会计师事务所": "安永华明会计师事务所（特殊普通合伙）"
    },
    "核心业绩指标": {
        "每股收益_元": 1.21,
        "稀释每股收益_元": 1.21,
        "营业总收入_万元": 404181.834754,
        "营业总收入_亿元": 40.4181834754,
        "营收同比增长_百分比": 5.01,
        "营收环比增长_百分比": null,
        "净利润_万元": 77922.318463,
        "净利润_亿元": 7.7922318463,
        "净利润同比增长_百分比": 77.1,
        "净利润环比增长_百分比": null,
        "归母净利润_万元": 77999.81161,
        "少数股东损益_万元": -77.493147,
        "每股净资产_元": null,
        "净资产收益率_百分比": 7.68,
        "扣非净资产收益率_百分比": 6.89,
        "每股经营现金流_元": null,
        "扣非净利润_万元": 69982.993805,
        "扣非净利润同比增长_百分比": 98.6,
        "销售毛利率_百分比": null,
        "销售净利率_百分比": null,
        "加权平均净资产收益率_百分比": 7.68,
        "扣非加权净资产收益率_百分比": null,
        "总资产收益率_百分比": null,
        "主营业务收入_万元": 404181.834754,
        "主营业务成本_万元": 128121.515624,
        "主营业务利润_万元": null
    },
    "资产负债表": {
        "货币资金_万元": 537003.436227,
        "应收账款_万元": 38388.154126,
        "应收票据_万元": 16720.738192,
        "应收款项融资_万元": 64918.64582,
        "预付款项_万元": 1031.338117,
        "其他应收款_万元": 4207.874928,
        "存货_万元": 123859.218411,
        "合同资产_万元": null,
        "一年内到期的非流动资产_万元": 4.474694,
        "其他流动资产_万元": 1608.222297,
        "流动资产合计_万元": 978373.360788,
        "交易性金融资产_万元": 186077.495889,
        "债权投资_万元": null,
        "其他债权投资_万元": null,
        "长期应收款_万元": 1.188752,
        "长期股权投资_万元": 11361.718708,
        "其他权益工具投资_万元": null,
        "投资性房地产_万元": 6947.864024,
        "固定资产_万元": 196282.392035,
        "在建工程_万元": 237.483417,
        "生产性生物资产_万元": 1412.472744,
        "油气资产_万元": null,
        "使用权资产_万元": 5670.776592,
        "无形资产_万元": 33205.458405,
        "开发支出_万元": null,
        "商誉_万元": 91.499198,
        "长期待摊费用_万元": 1351.479511,
        "递延所得税资产_万元": 26694.801734,
        "其他非流动资产_万元": 334.782813,
        "非流动资产合计_万元": 284764.875146,
        "总资产_万元": 1263138.235934,
        "总资产同比增长_百分比": 8.63,
        "短期借款_万元": null,
        "交易性金融负债_万元": null,
        "应付票据_万元": null,
        "应付账款_万元": 23811.279269,
        "预收款项_万元": 37.021579,
        "合同负债_万元": 59543.864246,
        "应付职工薪酬_万元": 26006.490029,
        "应交税费_万元": 16812.132221,
        "其他应付款_万元": 79427.523591,
        "一年内到期的非流动负债_万元": 2402.922887,
        "其他流动负债_万元": 2031.452343,
        "流动负债合计_万元": 210072.686165,
        "长期借款_万元": null,
        "应付债券_万元": null,
        "租赁负债_万元": 4244.448489,
        "长期应付款_万元": null,
        "预计负债_万元": null,
        "递延收益_万元": 7583.795755,
        "递延所得税负债_万元": 362.861194,
        "其他非流动负债_万元": null,
        "非流动负债合计_万元": 17986.505438,
        "总负债_万元": 228059.191603,
        "总负债同比增长_百分比": null,
        "资产负债率_百分比": null,
        "实收资本_万元": 65402.1537,
        "资本公积_万元": 74190.884384,
        "盈余公积_万元": 46615.687134,
        "未分配利润_万元": 881635.207066,
        "其他综合收益_万元": 90.718836,
        "专项储备_万元": null,
        "归属于母公司所有者权益合计_万元": 1032924.324641,
        "少数股东权益_万元": 2154.71969,
        "股东权益合计_万元": 1035079.044331
    },
    "利润表": {
        "营业总收入_万元": 404181.834754,
        "营业收入_万元": 404181.834754,
        "营业总收入同比增长_百分比": 5.01,
        "营业成本_万元": 128121.515624,
        "税金及附加_万元": 6814.489536,
        "销售费用_万元": 131767.252103,
        "管理费用_万元": 38715.213871,
        "研发费用_万元": 13770.581317,
        "财务费用_万元": -6728.35916,
        "其中利息费用_万元": 517.673561,
        "其中利息收入_万元": 7263.704353,
        "其他收益_万元": 1851.754015,
        "投资收益_万元": 3511.518229,
        "其中对联营企业投资收益_万元": -3692.856783,
        "公允价值变动收益_万元": -505.004893,
        "信用减值损失_万元": 2396.649472,
        "资产减值损失_万元": -7816.390938,
        "资产处置收益_万元": 332.383054,
        "营业总支出_万元": 312460.693291,
        "营业利润_万元": 91492.050402,
        "营业外收入_万元": 599.486873,
        "营业外支出_万元": 890.443574,
        "利润总额_万元": 91201.093701,
        "所得税费用_万元": 13278.775238,
        "净利润_万元": 77922.318463,
        "归母净利润_万元": 77999.81161,
        "少数股东损益_万元": -77.493147,
        "持续经营净利润_万元": 77922.318463,
        "终止经营净利润_万元": null,
        "其他综合收益_万元": 130.978209,
        "综合收益总额_万元": 78053.296672,
        "归母综合收益总额_万元": 78130.789819
    },
    "现金流量表": {
        "销售商品收到现金_万元": 453591.554157,
        "收到的税费返还_万元": 4.237492,
        "收到其他经营活动现金_万元": 33245.557112,
        "经营活动现金流入_万元": 486841.348761,
        "购买商品支付现金_万元": 72646.156483,
        "支付职工现金_万元": 56570.95249,
        "支付税费_万元": 70067.715625,
        "支付其他经营活动现金_万元": 73068.705624,
        "经营活动现金流出_万元": 272353.530222,
        "经营现金流净额_万元": 214487.818539,
        "经营现金流净额同比增长_百分比": -23.42,
        "收回投资现金_万元": 524461.99654,
        "取得投资收益现金_万元": 7532.681156,
        "处置资产收回现金_万元": 6.837882,
        "收到其他投资活动现金_万元": 306.730934,
        "投资活动现金流入_万元": 532308.246512,
        "投资支付现金_万元": 468800,
        "购建资产支付现金_万元": 4557.446697,
        "支付其他投资活动现金_万元": null,
        "投资活动现金流出_万元": 473357.446697,
        "投资现金流净额_万元": 58950.799815,
        "吸收投资现金_万元": null,
        "取得借款现金_万元": null,
        "收到其他筹资活动现金_万元": null,
        "筹资活动现金流入_万元": null,
        "偿还债务现金_万元": null,
        "分配股利现金_万元": 41938.220489,
        "支付其他筹资活动现金_万元": 1836.730989,
        "筹资活动现金流出_万元": 43774.951478,
        "融资现金流净额_万元": -43774.951478,
        "汇率变动影响_万元": null,
        "现金及等价物净增加额_万元": 229663.666876,
        "净现金流_元": null,
        "净现金流同比增长_百分比": null,
        "期初现金及等价物_万元": 304419.801957,
        "期末现金及等价物_万元": 534083.468833,
        "经营现金流占比_百分比": null,
        "投资现金流占比_百分比": null,
        "融资现金流占比_百分比": null
    }
}