{
    "报告信息": {
        "序号": null,
        "股票代码": "000423",
        "股票简称": "东阿阿胶",
        "报告年份": "2024",
        "报告期": null,
        "总股本_股": 643976824,
        "流通股本_股": 643976824,
        "报告日期": null,
        "审计意见": null,
        "会计师事务所": null,
        "期": "HY"
    },
    "核心业绩指标": {
        "每股收益_元": 1.1489,
        "稀释每股收益_元": 1.1489,
        "营业总收入_万元": 274795.787826,
        "营业总收入_亿元": 27.4795787826,
        "营收同比增长_百分比": 26.8,
        "营收环比增长_百分比": null,
        "净利润_万元": 73867.925249,
        "净利润_亿元": 7.3867925249,
        "净利润同比增长_百分比": 39.03,
        "净利润环比增长_百分比": null,
        "归母净利润_万元": 73841.913816,
        "少数股东损益_万元": 26.011433,
        "每股净资产_元": null,
        "净资产收益率_百分比": 6.7,
        "扣非净资产收益率_百分比": null,
        "每股经营现金流_元": null,
        "扣非净利润_万元": 69957.786777,
        "扣非净利润同比增长_百分比": 42.79,
        "销售毛利率_百分比": null,
        "销售净利率_百分比": null,
        "加权平均净资产收益率_百分比": 6.7,
        "扣非加权净资产收益率_百分比": null,
        "总资产收益率_百分比": null,
        "主营业务收入_万元": 274274.895559,
        "主营业务成本_万元": 72333.056909,
        "主营业务利润_万元": null
    },
    "资产负债表": {
        "货币资金_万元": 522032.48109,
        "应收账款_万元": 33348.990158,
        "应收票据_万元": 9922.953535,
        "应收款项融资_万元": 20460.414168,
        "预付款项_万元": 708.228715,
        "其他应收款_万元": 7782.127402,
        "存货_万元": 96080.716363,
        "合同资产_万元": null,
        "一年内到期的非流动资产_万元": null,
        "其他流动资产_万元": 2320.51708,
        "流动资产合计_万元": 973389.625538,
        "交易性金融资产_万元": 280733.197027,
        "债权投资_万元": null,
        "其他债权投资_万元": null,
        "长期应收款_万元": null,
        "长期股权投资_万元": 7232.072587,
        "其他权益工具投资_万元": null,
        "投资性房地产_万元": 6434.530658,
        "固定资产_万元": 182116.225857,
        "在建工程_万元": 1220.667234,
        "生产性生物资产_万元": 1388.943639,
        "油气资产_万元": null,
        "使用权资产_万元": 3420.430873,
        "无形资产_万元": 31619.897063,
        "开发支出_万元": null,
        "商誉_万元": 91.499198,
        "长期待摊费用_万元": 1372.122416,
        "递延所得税资产_万元": 29148.04486,
        "其他非流动资产_万元": 11441.261092,
        "非流动资产合计_万元": 276649.887178,
        "总资产_万元": 1250039.512716,
        "总资产同比增长_百分比": -6.06,
        "短期借款_万元": null,
        "交易性金融负债_万元": null,
        "应付票据_万元": null,
        "应付账款_万元": 24327.732436,
        "预收款项_万元": 107.096411,
        "合同负债_万元": 45478.621993,
        "应付职工薪酬_万元": 26680.441712,
        "应交税费_万元": 17468.902129,
        "其他应付款_万元": 91993.704394,
        "一年内到期的非流动负债_万元": 1579.840669,
        "其他流动负债_万元": 1703.009173,
        "流动负债合计_万元": 209339.348917,
        "长期借款_万元": null,
        "应付债券_万元": null,
        "租赁负债_万元": 2597.687532,
        "长期应付款_万元": null,
        "预计负债_万元": null,
        "递延收益_万元": 6257.499589,
        "递延所得税负债_万元": 428.002711,
        "其他非流动负债_万元": null,
        "非流动负债合计_万元": 15017.889832,
        "总负债_万元": 224357.238749,
        "总负债同比增长_百分比": null,
        "资产负债率_百分比": null,
        "实收资本_万元": 64397.6824,
        "资本公积_万元": 40185.029205,
        "盈余公积_万元": 46615.687134,
        "未分配利润_万元": 880070.668372,
        "其他综合收益_万元": -180.288316,
        "专项储备_万元": null,
        "归属于母公司所有者权益合计_万元": 1023501.534295,
        "少数股东权益_万元": 2180.739672,
        "股东权益合计_万元": 1025682.273967
    },
    "利润表": {
        "营业总收入_万元": 274795.787826,
        "营业收入_万元": 274795.787826,
        "营业总收入同比增长_百分比": 26.8,
        "营业成本_万元": 72714.281545,
        "税金及附加_万元": 3613.757612,
        "销售费用_万元": 99984.459563,
        "管理费用_万元": 13428.08043,
        "研发费用_万元": 6482.394245,
        "财务费用_万元": -5497.731385,
        "其中利息费用_万元": 93.643478,
        "其中利息收入_万元": 5603.27204,
        "其他收益_万元": 1387.470712,
        "投资收益_万元": 3422.187684,
        "其中对联营企业投资收益_万元": -170.018485,
        "公允价值变动收益_万元": -393.215745,
        "信用减值损失_万元": -512.706912,
        "资产减值损失_万元": -86.781247,
        "资产处置收益_万元": -21.10228,
        "营业总支出_万元": null,
        "营业利润_万元": 87866.398028,
        "营业外收入_万元": 466.375456,
        "营业外支出_万元": 55.706877,
        "利润总额_万元": 88277.066607,
        "所得税费用_万元": 14409.141358,
        "净利润_万元": 73867.925249,
        "归母净利润_万元": 73841.913816,
        "少数股东损益_万元": 26.011433,
        "持续经营净利润_万元": 73867.925249,
        "终止经营净利润_万元": null,
        "其他综合收益_万元": -26.752981,
        "综合收益总额_万元": 73841.172268,
        "归母综合收益总额_万元": 73815.160834
    },
    "现金流量表": {
        "销售商品收到现金_万元": 273639.601277,
        "收到的税费返还_万元": 0.11243,
        "收到其他经营活动现金_万元": 6952.924696,
        "经营活动现金流入_万元": 280592.638403,
        "购买商品支付现金_万元": 46102.28321,
        "支付职工现金_万元": 35917.866196,
        "支付税费_万元": 36556.956002,
        "支付其他经营活动现金_万元": 69808.592832,
        "经营活动现金流出_万元": 188385.69824,
        "经营现金流净额_万元": 92206.940163,
        "经营现金流净额同比增长_百分比": 22.57,
        "收回投资现金_万元": 290003.375688,
        "取得投资收益现金_万元": 3624.832931,
        "处置资产收回现金_万元": null,
        "收到其他投资活动现金_万元": 997.774566,
        "投资活动现金流入_万元": 294625.983185,
        "投资支付现金_万元": 320000.0,
        "购建资产支付现金_万元": 4227.970723,
        "支付其他投资活动现金_万元": null,
        "投资活动现金流出_万元": 324227.970723,
        "投资现金流净额_万元": -29601.987538,
        "吸收投资现金_万元": null,
        "取得借款现金_万元": null,
        "收到其他筹资活动现金_万元": null,
        "筹资活动现金流入_万元": null,
        "偿还债务现金_万元": null,
        "分配股利现金_万元": 114627.845399,
        "支付其他筹资活动现金_万元": 8495.359364,
        "筹资活动现金流出_万元": 123123.204763,
        "融资现金流净额_万元": -123123.204763,
        "汇率变动影响_万元": null,
        "现金及等价物净增加额_万元": -60518.252138,
        "净现金流_元": null,
        "净现金流同比增长_百分比": -330.29,
        "期初现金及等价物_万元": 582550.733228,
        "期末现金及等价物_万元": null,
        "经营现金流占比_百分比": null,
        "投资现金流占比_百分比": null,
        "融资现金流占比_百分比": null
    }
}