{
    "报告信息": {
        "序号": null,
        "股票代码": "000423",
        "股票简称": "东阿阿胶",
        "报告年份": "2025",
        "报告期": "Q3",
        "总股本_股": 643976824,
        "流通股本_股": null,
        "报告日期": "2025-09-30",
        "审计意见": "未经审计",
        "会计师事务所": null
    },
    "核心业绩指标": {
        "每股收益_元": 0.7083,
        "稀释每股收益_元": 0.7083,
        "营业总收入_万元": 171565.335183,
        "营业总收入_亿元": 17.156533,
        "营收同比增长_百分比": 8.5,
        "营收环比增长_百分比": null,
        "净利润_万元": 45610.273006,
        "净利润_亿元": 4.561027,
        "净利润同比增长_百分比": 10.27,
        "净利润环比增长_百分比": null,
        "归母净利润_万元": 45610.273006,
        "少数股东损益_万元": 294.810383,
        "每股净资产_元": 15.45,
        "净资产收益率_百分比": 4.41,
        "扣非净资产收益率_百分比": null,
        "每股经营现金流_元": 2.03,
        "扣非净利润_万元": 36762.210951,
        "扣非净利润同比增长_百分比": 0.06,
        "销售毛利率_百分比": 73.68,
        "销售净利率_百分比": 26.57,
        "加权平均净资产收益率_百分比": 4.41,
        "扣非加权净资产收益率_百分比": null,
        "总资产收益率_百分比": null,
        "主营业务收入_万元": 171565.335183,
        "主营业务成本_万元": null,
        "主营业务利润_万元": null
    },
    "资产负债表": {
        "货币资金_万元": 556227.410312,
        "应收账款_万元": 52498.903248,
        "应收票据_万元": 2709.932395,
        "应收款项融资_万元": 10795.538541,
        "预付款项_万元": 2040.538475,
        "其他应收款_万元": 13066.709665,
        "存货_万元": 82228.126324,
        "合同资产_万元": null,
        "一年内到期的非流动资产_万元": null,
        "其他流动资产_万元": 2124.368051,
        "流动资产合计_万元": 982311.31347,
        "交易性金融资产_万元": 260619.786459,
        "债权投资_万元": null,
        "其他债权投资_万元": null,
        "长期应收款_万元": null,
        "长期股权投资_万元": 7490.021275,
        "其他权益工具投资_万元": null,
        "投资性房地产_万元": 7707.747465,
        "固定资产_万元": 172034.758217,
        "在建工程_万元": 750.782369,
        "生产性生物资产_万元": 2039.65355,
        "油气资产_万元": null,
        "使用权资产_万元": 5984.447224,
        "无形资产_万元": 30323.661566,
        "开发支出_万元": null,
        "商誉_万元": 91.499198,
        "长期待摊费用_万元": 2822.589295,
        "递延所得税资产_万元": 34886.101648,
        "其他非流动资产_万元": 27252.643125,
        "非流动资产合计_万元": 292548.096633,
        "总资产_万元": 1274859.410103,
        "总资产同比增长_百分比": -2.65,
        "短期借款_万元": null,
        "交易性金融负债_万元": null,
        "应付票据_万元": 3455.484826,
        "应付账款_万元": 20100.511277,
        "预收款项_万元": 70.693932,
        "合同负债_万元": 52244.317845,
        "应付职工薪酬_万元": 27500.945047,
        "应交税费_万元": 30721.420184,
        "其他应付款_万元": 123256.726927,
        "一年内到期的非流动负债_万元": 2333.2138,
        "其他流动负债_万元": 1707.286838,
        "流动负债合计_万元": 261390.600676,
        "长期借款_万元": null,
        "应付债券_万元": null,
        "租赁负债_万元": 4341.441148,
        "长期应付款_万元": null,
        "预计负债_万元": null,
        "递延收益_万元": 5425.00577,
        "递延所得税负债_万元": null,
        "其他非流动负债_万元": null,
        "非流动负债合计_万元": 16158.946918,
        "总负债_万元": 277549.547594,
        "总负债同比增长_百分比": null,
        "资产负债率_百分比": null,
        "实收资本_万元": null,
        "资本公积_万元": 38777.73753,
        "盈余公积_万元": 46615.687133,
        "未分配利润_万元": null,
        "其他综合收益_万元": -4179.143923,
        "专项储备_万元": null,
        "归属于母公司所有者权益合计_万元": 994790.914908,
        "少数股东权益_万元": 2518.947601,
        "股东权益合计_万元": 997309.862509
    },
    "利润表": {
        "营业总收入_万元": 476637.064352,
        "营业收入_万元": 476637.064352,
        "营业总收入同比增长_百分比": 4.41,
        "营业成本_万元": 125425.730566,
        "税金及附加_万元": 6363.289847,
        "销售费用_万元": 167611.569522,
        "管理费用_万元": 28896.951262,
        "研发费用_万元": 14519.599172,
        "财务费用_万元": -4386.449194,
        "其中利息费用_万元": 217.535938,
        "其中利息收入_万元": 4629.517114,
        "其他收益_万元": 1743.67973,
        "投资收益_万元": 4570.91926,
        "其中对联营企业投资收益_万元": -574.235081,
        "公允价值变动收益_万元": -1301.501162,
        "信用减值损失_万元": 2524.83772,
        "资产减值损失_万元": -449.117135,
        "资产处置收益_万元": 5284.408591,
        "营业总支出_万元": null,
        "营业利润_万元": 150579.600181,
        "营业外收入_万元": 187.045329,
        "营业外支出_万元": 469.436393,
        "利润总额_万元": 150297.209117,
        "所得税费用_万元": 22620.38919,
        "净利润_万元": 127676.819927,
        "归母净利润_万元": 127382.009544,
        "少数股东损益_万元": 294.810383,
        "持续经营净利润_万元": 127676.819927,
        "终止经营净利润_万元": null,
        "其他综合收益_万元": -6.150486,
        "综合收益总额_万元": 127670.669441,
        "归母综合收益总额_万元": 127375.859058
    },
    "现金流量表": {
        "销售商品收到现金_万元": 465969.514419,
        "收到的税费返还_万元": 0.002113,
        "收到其他经营活动现金_万元": 6832.361415,
        "经营活动现金流入_万元": 472801.877947,
        "购买商品支付现金_万元": 76623.951543,
        "支付职工现金_万元": 68003.219884,
        "支付税费_万元": 60969.087474,
        "支付其他经营活动现金_万元": 136231.751486,
        "经营活动现金流出_万元": 341828.010387,
        "经营现金流净额_万元": 130973.86756,
        "经营现金流净额同比增长_百分比": -8.37,
        "收回投资现金_万元": 1008811.5,
        "取得投资收益现金_万元": 5215.79717,
        "处置资产收回现金_万元": 1816.057898,
        "收到其他投资活动现金_万元": 3049.936666,
        "投资活动现金流入_万元": 1018893.291734,
        "投资支付现金_万元": 923036.1,
        "购建资产支付现金_万元": 4395.836577,
        "支付其他投资活动现金_万元": null,
        "投资活动现金流出_万元": 937581.257828,
        "投资现金流净额_万元": 81312.033906,
        "吸收投资现金_万元": null,
        "取得借款现金_万元": null,
        "收到其他筹资活动现金_万元": 3443.162407,
        "筹资活动现金流入_万元": 3443.162407,
        "偿还债务现金_万元": null,
        "分配股利现金_万元": 163567.14721,
        "支付其他筹资活动现金_万元": 1136.059389,
        "筹资活动现金流出_万元": 164703.206599,
        "融资现金流净额_万元": -161260.044192,
        "汇率变动影响_万元": -4.950891,
        "现金及等价物净增加额_万元": 51020.906383,
        "净现金流_元": null,
        "净现金流同比增长_百分比": null,
        "期初现金及等价物_万元": 272779.905976,
        "期末现金及等价物_万元": 323800.812359,
        "经营现金流占比_百分比": null,
        "投资现金流占比_百分比": null,
        "融资现金流占比_百分比": null
    }
}