{
    "报告信息": {
        "序号": null,
        "股票代码": "000423",
        "股票简称": "东阿阿胶",
        "报告年份": "2023",
        "报告期": "Q1",
        "总股本_股": 654021537,
        "流通股本_股": null,
        "报告日期": "2023-03-31",
        "审计意见": "未经审计",
        "会计师事务所": null
    },
    "核心业绩指标": {
        "每股收益_元": 0.3577,
        "稀释每股收益_元": 0.3577,
        "营业总收入_万元": 106904.283905,
        "营业总收入_亿元": 10.6904283905,
        "营收同比增长_百分比": 20.06,
        "营收环比增长_百分比": null,
        "净利润_万元": 23050.531853,
        "净利润_亿元": 2.3050531853,
        "净利润同比增长_百分比": 100.94,
        "净利润环比增长_百分比": null,
        "归母净利润_万元": 23033.54747,
        "少数股东损益_万元": 16.984383,
        "每股净资产_元": 16.17,
        "净资产收益率_百分比": 2.21,
        "扣非净资产收益率_百分比": null,
        "每股经营现金流_元": 1.037,
        "扣非净利润_万元": 21230.436591,
        "扣非净利润同比增长_百分比": 131.99,
        "销售毛利率_百分比": 70.77,
        "销售净利率_百分比": 21.55,
        "加权平均净资产收益率_百分比": 2.21,
        "扣非加权净资产收益率_百分比": null,
        "总资产收益率_百分比": 1.78,
        "主营业务收入_万元": 106904.283905,
        "主营业务成本_万元": 31234.645762,
        "主营业务利润_万元": 27897.840683
    },
    "资产负债表": {
        "货币资金_万元": 602168.141807,
        "应收账款_万元": 41565.894082,
        "应收票据_万元": 3898.342963,
        "应收款项融资_万元": 42051.242388,
        "预付款项_万元": 942.139977,
        "其他应收款_万元": 3668.306392,
        "存货_万元": 126405.174969,
        "合同资产_万元": null,
        "一年内到期的非流动资产_万元": 4.541711,
        "其他流动资产_万元": 1391.730002,
        "流动资产合计_万元": 1018156.438763,
        "交易性金融资产_万元": 191507.162385,
        "债权投资_万元": null,
        "其他债权投资_万元": null,
        "长期应收款_万元": 1.188752,
        "长期股权投资_万元": 8550.068614,
        "其他权益工具投资_万元": null,
        "投资性房地产_万元": 6869.977321,
        "固定资产_万元": 193813.859858,
        "在建工程_万元": 388.313692,
        "生产性生物资产_万元": 1810.471655,
        "油气资产_万元": null,
        "使用权资产_万元": 4937.995773,
        "无形资产_万元": 32908.400393,
        "开发支出_万元": null,
        "商誉_万元": 91.499198,
        "长期待摊费用_万元": 1309.538735,
        "递延所得税资产_万元": 27309.718536,
        "其他非流动资产_万元": 458.805747,
        "非流动资产合计_万元": 279617.405663,
        "总资产_万元": 1297773.844426,
        "总资产同比增长_百分比": 2.74,
        "短期借款_万元": null,
        "交易性金融负债_万元": null,
        "应付票据_万元": null,
        "应付账款_万元": 31172.980921,
        "预收款项_万元": 53.225744,
        "合同负债_万元": 59131.483879,
        "应付职工薪酬_万元": 23490.692812,
        "应交税费_万元": 18306.694017,
        "其他应付款_万元": 86720.872082,
        "一年内到期的非流动负债_万元": 2028.529564,
        "其他流动负债_万元": 1520.524452,
        "流动负债合计_万元": 222425.003471,
        "长期借款_万元": null,
        "应付债券_万元": null,
        "租赁负债_万元": 3700.973142,
        "长期应付款_万元": null,
        "预计负债_万元": null,
        "递延收益_万元": 7360.030436,
        "递延所得税负债_万元": 362.861194,
        "其他非流动负债_万元": null,
        "非流动负债合计_万元": 17219.264772,
        "总负债_万元": 239644.268243,
        "总负债同比增长_百分比": 5.08,
        "资产负债率_百分比": 18.46,
        "实收资本_万元": 65402.1537,
        "资本公积_万元": null,
        "盈余公积_万元": 46615.687134,
        "未分配利润_万元": 904668.754535,
        "其他综合收益_万元": 90.718836,
        "专项储备_万元": null,
        "归属于母公司所有者权益合计_万元": 1055957.87211,
        "少数股东权益_万元": 2171.704073,
        "股东权益合计_万元": 1058129.576183
    },
    "利润表": {
        "营业总收入_万元": 106904.283905,
        "营业收入_万元": 106904.283905,
        "营业总收入同比增长_百分比": 20.06,
        "营业成本_万元": 31234.645762,
        "税金及附加_万元": 1732.797763,
        "销售费用_万元": 42578.600139,
        "管理费用_万元": 6247.0384,
        "研发费用_万元": 2205.093658,
        "财务费用_万元": -2626.140204,
        "其中利息费用_万元": 64.626327,
        "其中利息收入_万元": 2698.666462,
        "其他收益_万元": 419.290582,
        "投资收益_万元": 435.174621,
        "其中对联营企业投资收益_万元": -315.216919,
        "公允价值变动收益_万元": 429.666496,
        "信用减值损失_万元": 626.106673,
        "资产减值损失_万元": 257.833566,
        "资产处置收益_万元": 197.520358,
        "营业总支出_万元": 81372.035518,
        "营业利润_万元": 27897.840683,
        "营业外收入_万元": 53.98628,
        "营业外支出_万元": 72.4049,
        "利润总额_万元": 27879.422063,
        "所得税费用_万元": 4828.89021,
        "净利润_万元": 23050.531853,
        "归母净利润_万元": 23033.54747,
        "少数股东损益_万元": 16.984383,
        "持续经营净利润_万元": 23050.531853,
        "终止经营净利润_万元": null,
        "其他综合收益_万元": null,
        "综合收益总额_万元": 23050.531853,
        "归母综合收益总额_万元": 23033.54747
    },
    "现金流量表": {
        "销售商品收到现金_万元": 141537.273062,
        "收到的税费返还_万元": null,
        "收到其他经营活动现金_万元": 4312.894245,
        "经营活动现金流入_万元": 145850.167307,
        "购买商品支付现金_万元": 17373.694653,
        "支付职工现金_万元": 15920.971611,
        "支付税费_万元": 16280.642905,
        "支付其他经营活动现金_万元": 28435.098105,
        "经营活动现金流出_万元": 78010.407274,
        "经营现金流净额_万元": 67839.760033,
        "经营现金流净额同比增长_百分比": 51.64,
        "收回投资现金_万元": 57571.034143,
        "取得投资收益现金_万元": 681.180396,
        "处置资产收回现金_万元": 12.31574,
        "收到其他投资活动现金_万元": 41.0,
        "投资活动现金流入_万元": 58305.530279,
        "投资支付现金_万元": 60000.0,
        "购建资产支付现金_万元": 932.452732,
        "支付其他投资活动现金_万元": null,
        "投资活动现金流出_万元": 60932.452732,
        "投资现金流净额_万元": -2626.922453,
        "吸收投资现金_万元": null,
        "取得借款现金_万元": null,
        "收到其他筹资活动现金_万元": null,
        "筹资活动现金流入_万元": null,
        "偿还债务现金_万元": null,
        "分配股利现金_万元": null,
        "支付其他筹资活动现金_万元": 48.132,
        "筹资活动现金流出_万元": 48.132,
        "融资现金流净额_万元": -48.132,
        "汇率变动影响_万元": null,
        "现金及等价物净增加额_万元": 65164.70558,
        "净现金流_元": 651647055.8,
        "净现金流同比增长_百分比": null,
        "期初现金及等价物_万元": 534083.468833,
        "期末现金及等价物_万元": 599248.174413,
        "经营现金流占比_百分比": null,
        "投资现金流占比_百分比": null,
        "融资现金流占比_百分比": null
    }
}