{
    "报告信息": {
        "序号": "2024-012",
        "股票代码": "000989",
        "股票简称": "九芝堂",
        "报告年份": "2023",
        "报告期": "FY",
        "总股本_股": 855942012,
        "流通股本_股": 689874478,
        "报告日期": "2024-04-25",
        "审计意见": "标准的无保留意见",
        "会计师事务所": "容诚会计师事务所（特殊普通合伙）"
    },
    "核心业绩指标": {
        "每股收益_元": 0.3475,
        "稀释每股收益_元": 0.3475,
        "营业总收入_万元": 296101.77,
        "营业总收入_亿元": 29.61,
        "营收同比增长_百分比": -2.38,
        "营收环比增长_百分比": null,
        "净利润_万元": 29741.11,
        "净利润_亿元": 2.97,
        "净利润同比增长_百分比": -16.92,
        "净利润环比增长_百分比": null,
        "归母净利润_万元": 29741.107545,
        "少数股东损益_万元": -160.548062,
        "每股净资产_元": null,
        "净资产收益率_百分比": null,
        "扣非净资产收益率_百分比": null,
        "每股经营现金流_元": null,
        "扣非净利润_万元": 27152.624536,
        "扣非净利润同比增长_百分比": 132.09,
        "销售毛利率_百分比": null,
        "销售净利率_百分比": null,
        "加权平均净资产收益率_百分比": 7.55,
        "扣非加权净资产收益率_百分比": null,
        "总资产收益率_百分比": null,
        "主营业务收入_万元": 293715.956679,
        "主营业务成本_万元": null,
        "主营业务利润_万元": null
    },
    "资产负债表": {
        "货币资金_万元": 67271.393953,
        "应收账款_万元": 44175.084014,
        "应收票据_万元": 38019.546677,
        "应收款项融资_万元": 15712.432782,
        "预付款项_万元": 2945.019957,
        "其他应收款_万元": 4156.099896,
        "存货_万元": 96192.339506,
        "合同资产_万元": null,
        "一年内到期的非流动资产_万元": null,
        "其他流动资产_万元": 342.657615,
        "流动资产合计_万元": 291934.811541,
        "交易性金融资产_万元": 23120.237141,
        "债权投资_万元": null,
        "其他债权投资_万元": null,
        "长期应收款_万元": null,
        "长期股权投资_万元": 45221.129447,
        "其他权益工具投资_万元": 19930.54,
        "投资性房地产_万元": 3518.929146,
        "固定资产_万元": 114185.896295,
        "在建工程_万元": 1154.839802,
        "生产性生物资产_万元": null,
        "油气资产_万元": null,
        "使用权资产_万元": 1547.11747,
        "无形资产_万元": 26858.907049,
        "开发支出_万元": null,
        "商誉_万元": 13527.33319,
        "长期待摊费用_万元": 831.912386,
        "递延所得税资产_万元": 12299.067169,
        "其他非流动资产_万元": 1969.414256,
        "非流动资产合计_万元": 241045.08621,
        "总资产_万元": 532979.897751,
        "总资产同比增长_百分比": 0.87,
        "短期借款_万元": 11485.240007,
        "交易性金融负债_万元": null,
        "应付票据_万元": null,
        "应付账款_万元": 9376.192572,
        "预收款项_万元": null,
        "合同负债_万元": 4132.86178,
        "应付职工薪酬_万元": 7798.390981,
        "应交税费_万元": 4396.790231,
        "其他应付款_万元": 84979.206337,
        "一年内到期的非流动负债_万元": 601.002844,
        "其他流动负债_万元": 6123.875951,
        "流动负债合计_万元": 128893.560703,
        "长期借款_万元": null,
        "应付债券_万元": null,
        "租赁负债_万元": 899.199468,
        "长期应付款_万元": null,
        "预计负债_万元": 274.762425,
        "递延收益_万元": 4031.369048,
        "递延所得税负债_万元": 4149.339547,
        "其他非流动负债_万元": null,
        "非流动负债合计_万元": 9354.670488,
        "总负债_万元": 138248.231191,
        "总负债同比增长_百分比": 5.99,
        "资产负债率_百分比": 25.94,
        "实收资本_万元": 8559.42012,
        "资本公积_万元": 15488.9558767,
        "盈余公积_万元": 4481.5052151,
        "未分配利润_万元": 10992.8427841,
        "其他综合收益_万元": -135.6092537,
        "专项储备_万元": null,
        "归属于母公司所有者权益合计_万元": 395227.239959,
        "少数股东权益_万元": -495.573399,
        "股东权益合计_万元": 394731.66566
    },
    "利润表": {
        "营业总收入_万元": 296101.765273,
        "营业收入_万元": 296101.765273,
        "营业总收入同比增长_百分比": -2.38,
        "营业成本_万元": 116825.91558,
        "税金及附加_万元": 4168.502469,
        "销售费用_万元": 111040.831589,
        "管理费用_万元": 20976.7075,
        "研发费用_万元": 14526.032971,
        "财务费用_万元": -629.369344,
        "其中利息费用_万元": 361.187124,
        "其中利息收入_万元": 1028.958816,
        "其他收益_万元": 3182.392023,
        "投资收益_万元": 3238.701335,
        "其中对联营企业投资收益_万元": 2403.476368,
        "公允价值变动收益_万元": 120.237141,
        "信用减值损失_万元": -675.749798,
        "资产减值损失_万元": -11.074669,
        "资产处置收益_万元": -65.772853,
        "营业总支出_万元": 266908.620765,
        "营业利润_万元": 34981.877687,
        "营业外收入_万元": 138.322954,
        "营业外支出_万元": 60.891405,
        "利润总额_万元": 35059.309236,
        "所得税费用_万元": 5478.749753,
        "净利润_万元": 29741.107545,
        "归母净利润_万元": 29741.107545,
        "少数股东损益_万元": -160.548062,
        "持续经营净利润_万元": 29741.107545,
        "终止经营净利润_万元": null,
        "其他综合收益_万元": 1373.889027,
        "综合收益总额_万元": 30954.44851,
        "归母综合收益总额_万元": 31097.200082
    },
    "现金流量表": {
        "销售商品收到现金_万元": 269897.624214,
        "收到的税费返还_万元": 33.498896,
        "收到其他经营活动现金_万元": 11328.185065,
        "经营活动现金流入_万元": 281259.308175,
        "购买商品支付现金_万元": 99176.131502,
        "支付职工现金_万元": 46424.184332,
        "支付税费_万元": 33000.872963,
        "支付其他经营活动现金_万元": 91794.302809,
        "经营活动现金流出_万元": 270395.491606,
        "经营现金流净额_万元": 10863.816569,
        "经营现金流净额同比增长_百分比": -78.23,
        "收回投资现金_万元": 238900.0,
        "取得投资收益现金_万元": 1275.963998,
        "处置资产收回现金_万元": 100.176968,
        "收到其他投资活动现金_万元": 18428.078146,
        "投资活动现金流入_万元": 240276.140966,
        "投资活动现金流出_万元": 269184.380102,
        "投资现金流净额_万元": -28908.239136,
        "吸收投资现金_万元": 3.0,
        "取得借款现金_万元": 10000.0,
        "收到其他筹资活动现金_万元": 11485.240007,
        "筹资活动现金流入_万元": 21485.240007,
        "偿还债务现金_万元": 10000.0,
        "分配股利现金_万元": 34256.625552,
        "支付其他筹资活动现金_万元": 863.496615,
        "筹资活动现金流出_万元": 45120.122167,
        "融资现金流净额_万元": -23634.88216,
        "汇率变动影响_万元": 16.154222,
        "现金及等价物净增加额_万元": -41663.150505,
        "净现金流_元": null,
        "净现金流同比增长_百分比": -248.13,
        "期初现金及等价物_万元": 108934.544458,
        "期末现金及等价物_万元": 67271.393953,
        "经营现金流占比_百分比": null,
        "投资现金流占比_百分比": null,
        "融资现金流占比_百分比": null
    }
}