{
    "报告信息": {
        "序号": null,
        "股票代码": "000989",
        "股票简称": "九芝堂",
        "报告年份": "2023",
        "报告期": "三季度",
        "总股本_股": null,
        "流通股本_股": null,
        "报告日期": "2023-10-26",
        "审计意见": "未经审计",
        "会计师事务所": null,
        "期": "Q3"
    },
    "核心业绩指标": {
        "每股收益_元": 0.3373,
        "稀释每股收益_元": 0.3373,
        "营业总收入_万元": 237023.182402,
        "营业总收入_亿元": 23.7023182402,
        "营收同比增长_百分比": -3.78,
        "营收环比增长_百分比": null,
        "净利润_万元": 28751.514759,
        "净利润_亿元": 2.8751514759,
        "净利润同比增长_百分比": -26.05,
        "净利润环比增长_百分比": null,
        "归母净利润_万元": 28873.576229,
        "少数股东损益_万元": -122.06147,
        "每股净资产_元": null,
        "净资产收益率_百分比": 7.25,
        "扣非净资产收益率_百分比": null,
        "每股经营现金流_元": null,
        "扣非净利润_万元": 27031.56367,
        "扣非净利润同比增长_百分比": 79.77,
        "销售毛利率_百分比": null,
        "销售净利率_百分比": null,
        "加权平均净资产收益率_百分比": 7.25,
        "扣非加权净资产收益率_百分比": null,
        "总资产收益率_百分比": null,
        "主营业务收入_万元": 237023.182402,
        "主营业务成本_万元": 92345.804468,
        "主营业务利润_万元": null
    },
    "资产负债表": {
        "货币资金_万元": 39393.440007,
        "应收账款_万元": 64930.822242,
        "应收票据_万元": 44660.77109,
        "应收款项融资_万元": 3182.462943,
        "预付款项_万元": 7965.760433,
        "其他应收款_万元": 473.252884,
        "存货_万元": 78828.739963,
        "合同资产_万元": null,
        "一年内到期的非流动资产_万元": null,
        "其他流动资产_万元": 490.722558,
        "流动资产合计_万元": 297210.161161,
        "交易性金融资产_万元": 57284.189041,
        "债权投资_万元": null,
        "其他债权投资_万元": null,
        "长期应收款_万元": null,
        "长期股权投资_万元": 44372.967617,
        "其他权益工具投资_万元": 19930.54,
        "投资性房地产_万元": 3550.141985,
        "固定资产_万元": 115884.404145,
        "在建工程_万元": 724.822601,
        "生产性生物资产_万元": null,
        "油气资产_万元": null,
        "使用权资产_万元": 1754.386633,
        "无形资产_万元": 27332.126845,
        "开发支出_万元": 10.613207,
        "商誉_万元": 13527.33319,
        "长期待摊费用_万元": 885.087912,
        "递延所得税资产_万元": 11593.310907,
        "其他非流动资产_万元": 3067.511769,
        "非流动资产合计_万元": 242633.246811,
        "总资产_万元": 539843.407972,
        "总资产同比增长_百分比": 3.05,
        "短期借款_万元": 21398.399653,
        "交易性金融负债_万元": null,
        "应付票据_万元": null,
        "应付账款_万元": 9138.478575,
        "预收款项_万元": null,
        "合同负债_万元": 4994.188861,
        "应付职工薪酬_万元": 3643.270125,
        "应交税费_万元": 4809.522732,
        "其他应付款_万元": 84854.959258,
        "一年内到期的非流动负债_万元": 1493.898708,
        "其他流动负债_万元": 6329.652602,
        "流动负债合计_万元": 136662.370514,
        "长期借款_万元": null,
        "应付债券_万元": null,
        "租赁负债_万元": 727.126113,
        "长期应付款_万元": null,
        "预计负债_万元": 618.906245,
        "递延收益_万元": 3596.576775,
        "递延所得税负债_万元": 4164.431489,
        "其他非流动负债_万元": null,
        "非流动负债合计_万元": null,
        "总负债_万元": null,
        "总负债同比增长_百分比": null,
        "资产负债率_百分比": null,
        "实收资本_万元": null,
        "资本公积_万元": 154889.558768,
        "盈余公积_万元": 44815.052151,
        "未分配利润_万元": 109232.271525,
        "其他综合收益_万元": 0.0,
        "专项储备_万元": null,
        "归属于母公司所有者权益合计_万元": 394531.083644,
        "少数股东权益_万元": -457.086808,
        "股东权益合计_万元": 394073.996836
    },
    "利润表": {
        "营业总收入_万元": 237023.182402,
        "营业收入_万元": 237023.182402,
        "营业总收入同比增长_百分比": -3.78,
        "营业成本_万元": 92345.804468,
        "税金及附加_万元": 3446.021193,
        "销售费用_万元": 86924.16366,
        "管理费用_万元": 15063.638971,
        "研发费用_万元": 9124.116416,
        "财务费用_万元": -289.354154,
        "其中利息费用_万元": 84.310786,
        "其中利息收入_万元": 705.604792,
        "其他收益_万元": 2134.893154,
        "投资收益_万元": 2104.90574,
        "其中对联营企业投资收益_万元": 1581.504423,
        "公允价值变动收益_万元": 284.189041,
        "信用减值损失_万元": -326.232626,
        "资产减值损失_万元": 40.088026,
        "资产处置收益_万元": -11.884467,
        "营业总支出_万元": null,
        "营业利润_万元": 34634.750716,
        "营业外收入_万元": 91.414002,
        "营业外支出_万元": 32.126476,
        "利润总额_万元": 34694.038242,
        "所得税费用_万元": 5942.523483,
        "净利润_万元": 28751.514759,
        "归母净利润_万元": 28873.576229,
        "少数股东损益_万元": -122.06147,
        "持续经营净利润_万元": 28751.514759,
        "终止经营净利润_万元": null,
        "其他综合收益_万元": 1373.889027,
        "综合收益总额_万元": 30125.403786,
        "归母综合收益总额_万元": 30229.668766
    },
    "现金流量表": {
        "销售商品收到现金_万元": 206886.297015,
        "收到的税费返还_万元": 33.535719,
        "收到其他经营活动现金_万元": 2502.067869,
        "经营活动现金流入_万元": 209421.900603,
        "购买商品支付现金_万元": 67463.345765,
        "支付职工现金_万元": 36423.587702,
        "支付税费_万元": 28492.939633,
        "支付其他经营活动现金_万元": 72475.181323,
        "经营活动现金流出_万元": 204855.054423,
        "经营现金流净额_万元": 4566.84618,
        "经营现金流净额同比增长_百分比": -87.94,
        "收回投资现金_万元": 176900.0,
        "取得投资收益现金_万元": 814.656244,
        "处置资产收回现金_万元": 40.223577,
        "收到其他投资活动现金_万元": null,
        "投资活动现金流入_万元": 177754.879821,
        "投资支付现金_万元": 233900.0,
        "购建资产支付现金_万元": 5096.740498,
        "支付其他投资活动现金_万元": null,
        "投资活动现金流出_万元": 238996.740498,
        "投资现金流净额_万元": -61241.860677,
        "吸收投资现金_万元": 0.0,
        "取得借款现金_万元": 10000.0,
        "收到其他筹资活动现金_万元": 21398.399653,
        "筹资活动现金流入_万元": 31398.399653,
        "偿还债务现金_万元": 10000.0,
        "分配股利现金_万元": 34243.763813,
        "支付其他筹资活动现金_万元": 20.725794,
        "筹资活动现金流出_万元": 44264.489607,
        "融资现金流净额_万元": -12866.089954,
        "汇率变动影响_万元": null,
        "现金及等价物净增加额_万元": -69541.104451,
        "净现金流_元": null,
        "净现金流同比增长_百分比": null,
        "期初现金及等价物_万元": 108934.544458,
        "期末现金及等价物_万元": 39393.440007,
        "经营现金流占比_百分比": null,
        "投资现金流占比_百分比": null,
        "融资现金流占比_百分比": null
    }
}