{
    "报告信息": {
        "序号": null,
        "股票代码": "000538",
        "股票简称": "云南白药",
        "报告年份": "2025",
        "报告期": "半年报",
        "总股本_股": 1784262603,
        "流通股本_股": 1772794114,
        "报告日期": "2025-08-28",
        "审计意见": null,
        "会计师事务所": null,
        "期": "HY"
    },
    "核心业绩指标": {
        "每股收益_元": 2.04,
        "稀释每股收益_元": 2.04,
        "营业总收入_万元": 2125710.289602,
        "营业总收入_亿元": 212.57,
        "营收同比增长_百分比": 3.92,
        "营收环比增长_百分比": null,
        "净利润_万元": 364459.996794,
        "净利润_亿元": 36.45,
        "净利润同比增长_百分比": null,
        "净利润环比增长_百分比": null,
        "归母净利润_万元": 363291.130312,
        "少数股东损益_万元": 1168.866482,
        "每股净资产_元": null,
        "净资产收益率_百分比": null,
        "扣非净资产收益率_百分比": null,
        "每股经营现金流_元": null,
        "扣非净利润_万元": 346091.544948,
        "扣非净利润同比增长_百分比": 10.4,
        "销售毛利率_百分比": null,
        "销售净利率_百分比": null,
        "加权平均净资产收益率_百分比": 9.09,
        "扣非加权净资产收益率_百分比": null,
        "总资产收益率_百分比": null,
        "主营业务收入_万元": null,
        "主营业务成本_万元": null,
        "主营业务利润_万元": null
    },
    "资产负债表": {
        "货币资金_万元": 1129382.936087,
        "应收账款_万元": 1051389.870836,
        "应收票据_万元": 76324.382902,
        "应收款项融资_万元": 117043.578156,
        "预付款项_万元": 24204.110108,
        "其他应收款_万元": 35357.565507,
        "存货_万元": 583541.953607,
        "合同资产_万元": null,
        "一年内到期的非流动资产_万元": 336.342387,
        "其他流动资产_万元": 129028.738095,
        "流动资产合计_万元": 3507471.478014,
        "交易性金融资产_万元": 312101.891996,
        "债权投资_万元": null,
        "其他债权投资_万元": null,
        "长期应收款_万元": null,
        "长期股权投资_万元": 1315745.651401,
        "其他权益工具投资_万元": 7174.5,
        "投资性房地产_万元": 5030.820799,
        "固定资产_万元": 301271.174568,
        "在建工程_万元": 75252.038049,
        "生产性生物资产_万元": 73.057479,
        "油气资产_万元": null,
        "使用权资产_万元": 28936.788381,
        "无形资产_万元": 55190.308108,
        "开发支出_万元": 3984.322873,
        "商誉_万元": 9696.324117,
        "长期待摊费用_万元": 10602.250119,
        "递延所得税资产_万元": 96104.459803,
        "其他非流动资产_万元": 16348.860352,
        "非流动资产合计_万元": 1946077.592393,
        "总资产_万元": 5453549.070407,
        "总资产同比增长_百分比": 3.06,
        "短期借款_万元": 1016.966864,
        "交易性金融负债_万元": null,
        "应付票据_万元": 189271.804048,
        "应付账款_万元": 523165.608719,
        "预收款项_万元": 96.463177,
        "合同负债_万元": 160772.204264,
        "应付职工薪酬_万元": 107856.212467,
        "应交税费_万元": 69367.258184,
        "其他应付款_万元": 156229.198877,
        "一年内到期的非流动负债_万元": 10097.033144,
        "其他流动负债_万元": 63501.834815,
        "流动负债合计_万元": 1281374.584559,
        "长期借款_万元": 210,
        "应付债券_万元": null,
        "租赁负债_万元": 18725.220506,
        "长期应付款_万元": 57705.031774,
        "预计负债_万元": 1983.737422,
        "递延收益_万元": 30312.449776,
        "递延所得税负债_万元": 12820.95117,
        "其他非流动负债_万元": 193.155436,
        "非流动负债合计_万元": 122077.122261,
        "总负债_万元": 1403451.70682,
        "总负债同比增长_百分比": null,
        "资产负债率_百分比": 25.91,
        "实收资本_万元": 178426.2603,
        "资本公积_万元": 1768998.488302,
        "盈余公积_万元": 253045.896858,
        "未分配利润_万元": 1849989.950432,
        "其他综合收益_万元": -9800.490477,
        "专项储备_万元": null,
        "归属于母公司所有者权益合计_万元": 4040660.105415,
        "少数股东权益_万元": 9437.258172,
        "股东权益合计_万元": 4050097.363587
    },
    "利润表": {
        "营业总收入_万元": 2125710.289602,
        "营业收入_万元": 2125710.289602,
        "营业总收入同比增长_百分比": 3.92,
        "营业成本_万元": 1469786.806929,
        "税金及附加_万元": 12577.365315,
        "销售费用_万元": 251637.185704,
        "管理费用_万元": 36347.904345,
        "研发费用_万元": 15590.013957,
        "财务费用_万元": -2310.660743,
        "其中利息费用_万元": 1073.950171,
        "其中利息收入_万元": 4958.126478,
        "其他收益_万元": 2740.639849,
        "投资收益_万元": 83962.871665,
        "其中对联营企业投资收益_万元": 78353.034539,
        "公允价值变动收益_万元": 7003.749676,
        "信用减值损失_万元": -9838.264261,
        "资产减值损失_万元": -4174.318435,
        "资产处置收益_万元": 255.272983,
        "营业总支出_万元": null,
        "营业利润_万元": 422031.625572,
        "营业外收入_万元": 1752.544099,
        "营业外支出_万元": 596.985492,
        "利润总额_万元": 423187.184179,
        "所得税费用_万元": 58727.187385,
        "净利润_万元": 364459.996794,
        "归母净利润_万元": 363291.130312,
        "少数股东损益_万元": 1168.866482,
        "持续经营净利润_万元": 364459.996794,
        "终止经营净利润_万元": null,
        "其他综合收益_万元": 461.310215,
        "综合收益总额_万元": 364921.307009,
        "归母综合收益总额_万元": 363616.975466
    },
    "现金流量表": {
        "销售商品收到现金_万元": 2361860.4701,
        "收到的税费返还_万元": 337.524941,
        "收到其他经营活动现金_万元": 38059.206379,
        "经营活动现金流入_万元": 2400257.20142,
        "购买商品支付现金_万元": 1518861.407394,
        "支付职工现金_万元": 153116.617138,
        "支付税费_万元": 147902.410167,
        "支付其他经营活动现金_万元": 184258.046444,
        "经营活动现金流出_万元": 2004138.481143,
        "经营现金流净额_万元": 396118.720277,
        "经营现金流净额同比增长_百分比": 21.45,
        "收回投资现金_万元": 234562.899648,
        "取得投资收益现金_万元": 3801.15394,
        "处置资产收回现金_万元": 98.297451,
        "收到其他投资活动现金_万元": 14511.67,
        "投资活动现金流入_万元": 253142.021039,
        "投资支付现金_万元": 280004,
        "购建资产支付现金_万元": 20404.662753,
        "支付其他投资活动现金_万元": 48262.09,
        "投资活动现金流出_万元": 348670.752753,
        "投资现金流净额_万元": -95528.731714,
        "吸收投资现金_万元": 8448.332335,
        "取得借款现金_万元": 1016.966864,
        "收到其他筹资活动现金_万元": 3906.208004,
        "筹资活动现金流入_万元": 13371.507203,
        "偿还债务现金_万元": 42174.969551,
        "分配股利现金_万元": 220331.485178,
        "支付其他筹资活动现金_万元": 9249.240317,
        "筹资活动现金流出_万元": 271755.695046,
        "融资现金流净额_万元": -258384.187843,
        "汇率变动影响_万元": -508.861922,
        "现金及等价物净增加额_万元": 41696.938798,
        "净现金流_元": null,
        "净现金流同比增长_百分比": 565.74,
        "期初现金及等价物_万元": 1027552.957534,
        "期末现金及等价物_万元": 1069249.896332,
        "经营现金流占比_百分比": null,
        "投资现金流占比_百分比": null,
        "融资现金流占比_百分比": null
    }
}