{
    "报告信息": {
        "序号": null,
        "股票代码": "000538",
        "股票简称": "云南白药",
        "报告年份": "2024",
        "报告期": "Q1",
        "总股本_股": 1784262603,
        "流通股本_股": null,
        "报告日期": null,
        "审计意见": null,
        "会计师事务所": null
    },
    "核心业绩指标": {
        "每股收益_元": 0.95,
        "稀释每股收益_元": 0.95,
        "营业总收入_万元": 1077429.092149,
        "营业总收入_亿元": 107.7429092149,
        "营收同比增长_百分比": 2.49,
        "营收环比增长_百分比": null,
        "净利润_万元": 169904.6405,
        "净利润_亿元": 16.99046405,
        "净利润同比增长_百分比": 12.1,
        "净利润环比增长_百分比": null,
        "归母净利润_万元": 170193.1446,
        "少数股东损益_万元": -288.5041,
        "每股净资产_元": null,
        "净资产收益率_百分比": null,
        "扣非净资产收益率_百分比": null,
        "每股经营现金流_元": 0.295,
        "扣非净利润_万元": 169041.160112,
        "扣非净利润同比增长_百分比": 20.51,
        "销售毛利率_百分比": null,
        "销售净利率_百分比": null,
        "加权平均净资产收益率_百分比": 4.18,
        "扣非加权净资产收益率_百分比": null,
        "总资产收益率_百分比": null,
        "主营业务收入_万元": 1077429.092149,
        "主营业务成本_万元": 754446.722729,
        "主营业务利润_万元": null
    },
    "资产负债表": {
        "货币资金_万元": 1679481.873797,
        "应收账款_万元": 1158008.112972,
        "应收票据_万元": 32687.074268,
        "应收款项融资_万元": 179619.211012,
        "预付款项_万元": 29500.493372,
        "其他应收款_万元": 9212.371022,
        "存货_万元": 613163.545271,
        "合同资产_万元": null,
        "一年内到期的非流动资产_万元": 22327.0,
        "其他流动资产_万元": 170027.303645,
        "流动资产合计_万元": 3907438.231712,
        "交易性金融资产_万元": 13411.246353,
        "债权投资_万元": null,
        "其他债权投资_万元": null,
        "长期应收款_万元": null,
        "长期股权投资_万元": 1179430.496675,
        "其他权益工具投资_万元": 7174.5,
        "投资性房地产_万元": 4615.086517,
        "固定资产_万元": 261503.329965,
        "在建工程_万元": 59045.723039,
        "生产性生物资产_万元": 94.544982,
        "油气资产_万元": null,
        "使用权资产_万元": 25006.675507,
        "无形资产_万元": 57747.601688,
        "开发支出_万元": 1684.612506,
        "商誉_万元": 10412.177167,
        "长期待摊费用_万元": 10292.040929,
        "递延所得税资产_万元": 77805.670463,
        "其他非流动资产_万元": 54719.478834,
        "非流动资产合计_万元": 1779996.877807,
        "总资产_万元": 5687435.109519,
        "总资产同比增长_百分比": 5.75,
        "短期借款_万元": 172091.801299,
        "交易性金融负债_万元": null,
        "应付票据_万元": 166216.404324,
        "应付账款_万元": 460807.856012,
        "预收款项_万元": 165.63507,
        "合同负债_万元": 174464.511054,
        "应付职工薪酬_万元": 82827.527316,
        "应交税费_万元": 54105.470528,
        "其他应付款_万元": 126787.075246,
        "一年内到期的非流动负债_万元": 7694.972739,
        "其他流动负债_万元": 167588.867302,
        "流动负债合计_万元": 1412750.12089,
        "长期借款_万元": 210.0,
        "应付债券_万元": null,
        "租赁负债_万元": 16640.036503,
        "长期应付款_万元": 62318.747485,
        "预计负债_万元": null,
        "递延收益_万元": 25629.736534,
        "递延所得税负债_万元": 7800.341594,
        "其他非流动负债_万元": 1327.658877,
        "非流动负债合计_万元": 114333.273178,
        "总负债_万元": 1527083.394068,
        "总负债同比增长_百分比": null,
        "资产负债率_百分比": null,
        "实收资本_万元": 179686.2549,
        "资本公积_万元": 1824669.304124,
        "盈余公积_万元": 253045.896858,
        "未分配利润_万元": 198040.7928212,
        "其他综合收益_万元": -9054.750369,
        "专项储备_万元": null,
        "归属于母公司所有者权益合计_万元": 4158011.74451,
        "少数股东权益_万元": 2339.970941,
        "股东权益合计_万元": 416035.1715451
    },
    "利润表": {
        "营业总收入_万元": 1077429.092149,
        "营业收入_万元": 1077429.092149,
        "营业总收入同比增长_百分比": 2.49,
        "营业成本_万元": 754446.722729,
        "税金及附加_万元": 5509.311134,
        "销售费用_万元": 123336.228258,
        "管理费用_万元": 16143.728924,
        "研发费用_万元": 5728.21325,
        "财务费用_万元": -6722.145,
        "其中利息费用_万元": 1139.968671,
        "其中利息收入_万元": 8236.131819,
        "其他收益_万元": 3741.486531,
        "投资收益_万元": 24422.608631,
        "其中对联营企业投资收益_万元": 26635.054624,
        "公允价值变动收益_万元": -1952.328753,
        "信用减值损失_万元": -13730.37646,
        "资产减值损失_万元": 399.755,
        "资产处置收益_万元": -66.189999,
        "营业总支出_万元": 898442.059295,
        "营业利润_万元": 191801.987804,
        "营业外收入_万元": 233.199288,
        "营业外支出_万元": 65.758022,
        "利润总额_万元": 191969.42907,
        "所得税费用_万元": 22064.78857,
        "净利润_万元": 169904.6405,
        "归母净利润_万元": 170193.1446,
        "少数股东损益_万元": -288.5041,
        "持续经营净利润_万元": 169904.6405,
        "终止经营净利润_万元": null,
        "其他综合收益_万元": -96.293186,
        "综合收益总额_万元": 169808.347314,
        "归母综合收益总额_万元": 170092.211444
    },
    "现金流量表": {
        "销售商品收到现金_万元": 984850.930448,
        "收到的税费返还_万元": 518.254129,
        "收到其他经营活动现金_万元": 17991.128063,
        "经营活动现金流入_万元": 1003360.31264,
        "购买商品支付现金_万元": 750761.0875,
        "支付职工现金_万元": 88333.573983,
        "支付税费_万元": 48305.913606,
        "支付其他经营活动现金_万元": 63253.757053,
        "经营活动现金流出_万元": 950654.332142,
        "经营现金流净额_万元": 52705.980498,
        "经营现金流净额同比增长_百分比": -28.17,
        "收回投资现金_万元": 331.846015,
        "取得投资收益现金_万元": 2257.299711,
        "处置资产收回现金_万元": 8.5392,
        "收到其他投资活动现金_万元": 244214.05,
        "投资活动现金流入_万元": 246811.734926,
        "投资支付现金_万元": null,
        "购建资产支付现金_万元": 9660.25479,
        "支付其他投资活动现金_万元": 110688.3616,
        "投资活动现金流出_万元": 120348.63639,
        "投资现金流净额_万元": 126463.098536,
        "吸收投资现金_万元": null,
        "取得借款现金_万元": 132650.704368,
        "收到其他筹资活动现金_万元": null,
        "筹资活动现金流入_万元": 132650.704368,
        "偿还债务现金_万元": 50559.173895,
        "分配股利现金_万元": 1149.413132,
        "支付其他筹资活动现金_万元": 1937.662529,
        "筹资活动现金流出_万元": 53646.249556,
        "融资现金流净额_万元": 79004.454812,
        "汇率变动影响_万元": -96.901235,
        "现金及等价物净增加额_万元": 258076.632611,
        "净现金流_元": null,
        "净现金流同比增长_百分比": null,
        "期初现金及等价物_万元": 1415176.546849,
        "期末现金及等价物_万元": 1673253.17946,
        "经营现金流占比_百分比": null,
        "投资现金流占比_百分比": null,
        "融资现金流占比_百分比": null
    }
}