{
    "报告信息": {
        "序号": null,
        "股票代码": "000538",
        "股票简称": "云南白药",
        "报告年份": "2024",
        "报告期": "年度",
        "总股本_股": 1784262603,
        "流通股本_股": null,
        "报告日期": "2025年03月",
        "审计意见": "标准无保留意见",
        "会计师事务所": "中审众环会计师事务所（特殊普通合伙）",
        "期": "FY"
    },
    "核心业绩指标": {
        "每股收益_元": 2.66,
        "稀释每股收益_元": 2.66,
        "营业总收入_万元": 4003330.081472,
        "营业总收入_亿元": 400.33,
        "营收同比增长_百分比": 2.36,
        "营收环比增长_百分比": null,
        "净利润_万元": 476707.236028,
        "净利润_亿元": 47.67,
        "净利润同比增长_百分比": 16.02,
        "净利润环比增长_百分比": null,
        "归母净利润_万元": 474941.549955,
        "少数股东损益_万元": null,
        "每股净资产_元": 21.76,
        "净资产收益率_百分比": 11.99,
        "扣非净资产收益率_百分比": null,
        "每股经营现金流_元": null,
        "扣非净利润_万元": 452305.753823,
        "扣非净利润同比增长_百分比": 20.18,
        "销售毛利率_百分比": null,
        "销售净利率_百分比": null,
        "加权平均净资产收益率_百分比": 11.99,
        "扣非加权净资产收益率_百分比": null,
        "总资产收益率_百分比": null,
        "主营业务收入_万元": null,
        "主营业务成本_万元": null,
        "主营业务利润_万元": null
    },
    "资产负债表": {
        "货币资金_万元": 1088798.31613,
        "应收账款_万元": 992336.110439,
        "应收票据_万元": 92965.191137,
        "应收款项融资_万元": 188778.978016,
        "预付款项_万元": 30356.384407,
        "其他应收款_万元": 10842.719833,
        "存货_万元": 629436.83163,
        "合同资产_万元": null,
        "一年内到期的非流动资产_万元": 48029.572222,
        "其他流动资产_万元": 78810.857954,
        "流动资产合计_万元": 3415066.314108,
        "交易性金融资产_万元": 254711.35234,
        "债权投资_万元": null,
        "其他债权投资_万元": null,
        "长期应收款_万元": null,
        "长期股权投资_万元": 1256127.608135,
        "其他权益工具投资_万元": 7174.5,
        "投资性房地产_万元": 4988.401215,
        "固定资产_万元": 301287.882809,
        "在建工程_万元": 70343.911224,
        "生产性生物资产_万元": 81.652485,
        "油气资产_万元": null,
        "使用权资产_万元": 29117.702152,
        "无形资产_万元": 56179.578778,
        "开发支出_万元": 2542.246113,
        "商誉_万元": 9696.324117,
        "长期待摊费用_万元": 12708.181191,
        "递延所得税资产_万元": 75697.501674,
        "其他非流动资产_万元": 11637.439593,
        "非流动资产合计_万元": 1876351.819197,
        "总资产_万元": 5291418.133305,
        "总资产同比增长_百分比": -1.62,
        "短期借款_万元": 42338.027264,
        "交易性金融负债_万元": null,
        "应付票据_万元": 191370.268441,
        "应付账款_万元": 475835.240387,
        "预收款项_万元": 44.667378,
        "合同负债_万元": 191612.338716,
        "应付职工薪酬_万元": 128395.082882,
        "应交税费_万元": 46660.376714,
        "其他应付款_万元": 138663.267675,
        "一年内到期的非流动负债_万元": 8844.360757,
        "其他流动负债_万元": 62086.262493,
        "流动负债合计_万元": 1285849.139524,
        "长期借款_万元": 210.0,
        "应付债券_万元": null,
        "租赁负债_万元": 19065.699023,
        "长期应付款_万元": 59153.328857,
        "预计负债_万元": 1272.628009,
        "递延收益_万元": 29549.356532,
        "递延所得税负债_万元": 9386.733153,
        "其他非流动负债_万元": 193.155436,
        "非流动负债合计_万元": 118960.537554,
        "总负债_万元": 1404809.677078,
        "总负债同比增长_百分比": null,
        "资产负债率_百分比": 26.55,
        "实收资本_万元": 178426.2603,
        "资本公积_万元": 1763714.882348,
        "盈余公积_万元": 253045.896858,
        "未分配利润_万元": 1698133.938576,
        "其他综合收益_万元": -10126.335631,
        "专项储备_万元": null,
        "归属于母公司所有者权益合计_万元": 3883194.642451,
        "少数股东权益_万元": 3413.813776,
        "股东权益合计_万元": 3886608.456227
    },
    "利润表": {
        "营业总收入_万元": 4003330.081472,
        "营业收入_万元": 4003330.081472,
        "营业总收入同比增长_百分比": 2.36,
        "营业成本_万元": 2886476.62051,
        "税金及附加_万元": 24311.736944,
        "销售费用_万元": 487950.203691,
        "管理费用_万元": 103755.348387,
        "研发费用_万元": 33741.330103,
        "财务费用_万元": -15555.510985,
        "其中利息费用_万元": 6317.700107,
        "其中利息收入_万元": 22121.025984,
        "其他收益_万元": 10200.977365,
        "投资收益_万元": 77693.749506,
        "其中对联营企业投资收益_万元": 77427.953569,
        "公允价值变动收益_万元": 13683.700994,
        "信用减值损失_万元": -3992.592662,
        "资产减值损失_万元": -9123.070962,
        "资产处置收益_万元": 49.065165,
        "营业总支出_万元": null,
        "营业利润_万元": 571162.182228,
        "营业外收入_万元": 1548.333873,
        "营业外支出_万元": 4238.549702,
        "利润总额_万元": 568471.966399,
        "所得税费用_万元": 91764.730371,
        "净利润_万元": 476707.236028,
        "归母净利润_万元": 474941.549955,
        "少数股东损益_万元": 17.65686073,
        "持续经营净利润_万元": 474941.549955,
        "终止经营净利润_万元": null,
        "其他综合收益_万元": -1172.518418,
        "综合收益总额_万元": 475363.103094,
        "归母综合收益总额_万元": 473769.031537
    },
    "现金流量表": {
        "销售商品收到现金_万元": 432544.3648653,
        "收到的税费返还_万元": 1346.50008,
        "收到其他经营活动现金_万元": 61210.534204,
        "经营活动现金流入_万元": 4388000.682937,
        "购买商品支付现金_万元": 313210.5229237,
        "支付职工现金_万元": 278710.242247,
        "支付税费_万元": 249027.992872,
        "支付其他经营活动现金_万元": 298456.904354,
        "经营活动现金流出_万元": 3958300.36871,
        "经营现金流净额_万元": 429700.314227,
        "经营现金流净额同比增长_百分比": 22.68,
        "收回投资现金_万元": 55314.598851,
        "取得投资收益现金_万元": 42022.798466,
        "处置资产收回现金_万元": 283.2967,
        "收到其他投资活动现金_万元": 704300.65,
        "投资活动现金流入_万元": 801921.344017,
        "投资活动现金流出_万元": 921821.448664,
        "投资现金流净额_万元": -119900.104647,
        "吸收投资现金_万元": null,
        "取得借款现金_万元": 188677.995102,
        "收到其他筹资活动现金_万元": 7529.251043,
        "筹资活动现金流入_万元": 196207.246145,
        "偿还债务现金_万元": 283340.977247,
        "分配股利现金_万元": 595156.008874,
        "支付其他筹资活动现金_万元": 15483.776412,
        "筹资活动现金流出_万元": 893980.762533,
        "融资现金流净额_万元": -697773.516388,
        "汇率变动影响_万元": 349.717493,
        "现金及等价物净增加额_万元": -387623.589315,
        "净现金流_元": null,
        "净现金流同比增长_百分比": null,
        "期初现金及等价物_万元": 1415176.546849,
        "期末现金及等价物_万元": 1027552.957534,
        "经营现金流占比_百分比": null,
        "投资现金流占比_百分比": null,
        "融资现金流占比_百分比": null
    }
}