{
    "报告信息": {
        "序号": null,
        "股票代码": "000538",
        "股票简称": "云南白药",
        "报告年份": "2023",
        "报告期": "FY",
        "总股本_股": 1796862549,
        "流通股本_股": null,
        "报告日期": null,
        "审计意见": "标准的无保留意见",
        "会计师事务所": "中审众环会计师事务所（特殊普通合伙）"
    },
    "核心业绩指标": {
        "每股收益_元": 2.29,
        "稀释每股收益_元": 2.29,
        "营业总收入_万元": 3911129.2156,
        "营业总收入_亿元": 391.11292156,
        "营收同比增长_百分比": 7.19,
        "营收环比增长_百分比": null,
        "净利润_万元": 412256.109649,
        "净利润_亿元": 41.2256109649,
        "净利润同比增长_百分比": null,
        "净利润环比增长_百分比": null,
        "归母净利润_万元": 409378.207402,
        "少数股东损益_万元": 2877.902247,
        "每股净资产_元": null,
        "净资产收益率_百分比": null,
        "扣非净资产收益率_百分比": null,
        "每股经营现金流_元": null,
        "扣非净利润_万元": 376360.536107,
        "扣非净利润同比增长_百分比": 16.45,
        "销售毛利率_百分比": null,
        "销售净利率_百分比": null,
        "加权平均净资产收益率_百分比": 10.51,
        "扣非加权净资产收益率_百分比": 9.66,
        "总资产收益率_百分比": null,
        "主营业务收入_万元": 3906242.006947,
        "主营业务成本_万元": 2870497.812336,
        "主营业务利润_万元": null
    },
    "资产负债表": {
        "货币资金_万元": 1421834.307667,
        "应收账款_万元": 996617.044721,
        "应收票据_万元": 22754.257256,
        "应收款项融资_万元": 159074.981074,
        "预付款项_万元": 31229.872701,
        "其他应收款_万元": 10405.070953,
        "存货_万元": 644219.482367,
        "合同资产_万元": null,
        "一年内到期的非流动资产_万元": 44277.277778,
        "其他流动资产_万元": 286207.62172,
        "流动资产合计_万元": 3631556.584993,
        "交易性金融资产_万元": 14936.668756,
        "债权投资_万元": null,
        "其他债权投资_万元": null,
        "长期应收款_万元": null,
        "长期股权投资_万元": 1153664.655956,
        "其他权益工具投资_万元": 7174.5,
        "投资性房地产_万元": 4410.414597,
        "固定资产_万元": 266290.001403,
        "在建工程_万元": 52970.855358,
        "生产性生物资产_万元": 98.842485,
        "油气资产_万元": null,
        "使用权资产_万元": 25831.948558,
        "无形资产_万元": 58337.200059,
        "开发支出_万元": 1445.247457,
        "商誉_万元": 10412.177167,
        "长期待摊费用_万元": 10533.555031,
        "递延所得税资产_万元": 69086.920912,
        "其他非流动资产_万元": 54147.533117,
        "非流动资产合计_万元": 1746872.7334,
        "总资产_万元": 5378429.318393,
        "总资产同比增长_百分比": 0.87,
        "短期借款_万元": 174730.370034,
        "交易性金融负债_万元": null,
        "应付票据_万元": 185086.331378,
        "应付账款_万元": 435963.26422,
        "预收款项_万元": 48.661212,
        "合同负债_万元": 173986.522875,
        "应付职工薪酬_万元": 106719.066508,
        "应交税费_万元": 33967.085002,
        "其他应付款_万元": 102508.587954,
        "一年内到期的非流动负债_万元": 7473.610258,
        "其他流动负债_万元": 53294.39044,
        "流动负债合计_万元": 1273777.889881,
        "长期借款_万元": 210.0,
        "应付债券_万元": null,
        "租赁负债_万元": 17234.730972,
        "长期应付款_万元": 63173.590804,
        "预计负债_万元": null,
        "递延收益_万元": 23881.111104,
        "递延所得税负债_万元": 7477.20717,
        "其他非流动负债_万元": 1729.681441,
        "非流动负债合计_万元": 114115.39029,
        "总负债_万元": 1387893.280171,
        "总负债同比增长_百分比": null,
        "资产负债率_百分比": 25.8,
        "实收资本_万元": null,
        "资本公积_万元": 1824661.974209,
        "盈余公积_万元": 253045.896858,
        "未分配利润_万元": 1810214.783612,
        "其他综合收益_万元": -8953.817213,
        "专项储备_万元": null,
        "归属于母公司所有者权益合计_万元": 3987912.203151,
        "少数股东权益_万元": 2623.835071,
        "股东权益合计_万元": 3990536.038222
    },
    "利润表": {
        "营业总收入_万元": 3911129.2156,
        "营业收入_万元": 3911129.2156,
        "营业总收入同比增长_百分比": 7.19,
        "营业成本_万元": 2874451.764029,
        "税金及附加_万元": 21080.147872,
        "销售费用_万元": 499215.759111,
        "管理费用_万元": 105850.35239,
        "研发费用_万元": 33601.343483,
        "财务费用_万元": -25924.374488,
        "其中利息费用_万元": 4960.125293,
        "其中利息收入_万元": 31575.881217,
        "其他收益_万元": 8331.514732,
        "投资收益_万元": 77901.072882,
        "其中对联营企业投资收益_万元": 62853.152435,
        "公允价值变动收益_万元": 12356.633046,
        "信用减值损失_万元": -13645.520436,
        "资产减值损失_万元": -5812.756223,
        "资产处置收益_万元": 1065.443838,
        "营业总支出_万元": null,
        "营业利润_万元": 483050.611042,
        "营业外收入_万元": 1223.404926,
        "营业外支出_万元": 2472.840302,
        "利润总额_万元": 481801.175666,
        "所得税费用_万元": 69545.066017,
        "净利润_万元": 412256.109649,
        "归母净利润_万元": 409378.207402,
        "少数股东损益_万元": 2877.902247,
        "持续经营净利润_万元": 412256.109649,
        "终止经营净利润_万元": null,
        "其他综合收益_万元": -2184.782178,
        "综合收益总额_万元": 410071.327471,
        "归母综合收益总额_万元": 407233.155284
    },
    "现金流量表": {
        "销售商品收到现金_万元": 4063862.701849,
        "收到的税费返还_万元": 485.842621,
        "收到其他经营活动现金_万元": 68912.150754,
        "经营活动现金流入_万元": 4133260.695224,
        "购买商品支付现金_万元": 2979749.254565,
        "支付职工现金_万元": 258593.767863,
        "支付税费_万元": 246531.263554,
        "支付其他经营活动现金_万元": 298112.17444,
        "经营活动现金流出_万元": 3782986.460422,
        "经营现金流净额_万元": 350274.234802,
        "经营现金流净额同比增长_百分比": 9.14,
        "收回投资现金_万元": 255848.79345,
        "取得投资收益现金_万元": 43615.049391,
        "处置资产收回现金_万元": 28.217075,
        "收到其他投资活动现金_万元": 197817.65231,
        "投资活动现金流入_万元": 497309.712226,
        "投资支付现金_万元": 7370.0,
        "购建资产支付现金_万元": 57550.71379,
        "支付其他投资活动现金_万元": 380530.932172,
        "投资活动现金流出_万元": 445451.645962,
        "投资现金流净额_万元": 51858.066264,
        "吸收投资现金_万元": 267.0,
        "取得借款现金_万元": 137618.827349,
        "收到其他筹资活动现金_万元": null,
        "筹资活动现金流入_万元": 137885.827349,
        "偿还债务现金_万元": 142423.326777,
        "分配股利现金_万元": 276748.336905,
        "支付其他筹资活动现金_万元": 10518.387626,
        "筹资活动现金流出_万元": 429690.051308,
        "融资现金流净额_万元": -291804.223959,
        "汇率变动影响_万元": 232.468495,
        "现金及等价物净增加额_万元": 110560.545602,
        "净现金流_元": null,
        "净现金流同比增长_百分比": 118.98,
        "期初现金及等价物_万元": 1304616.001247,
        "期末现金及等价物_万元": 1415176.546849,
        "经营现金流占比_百分比": null,
        "投资现金流占比_百分比": null,
        "融资现金流占比_百分比": null
    }
}