{
    "报告信息": {
        "序号": null,
        "股票代码": "000538",
        "股票简称": "云南白药",
        "报告年份": "2024",
        "报告期": "Q3",
        "总股本_股": 1784262603,
        "流通股本_股": null,
        "报告日期": "2024-10-29",
        "审计意见": "未经审计",
        "会计师事务所": "中审众环会计师事务所（特殊普通合伙）"
    },
    "核心业绩指标": {
        "每股收益_元": 2.42,
        "稀释每股收益_元": 2.42,
        "营业总收入_万元": 2991515.506984,
        "营业总收入_亿元": 299.1515506984,
        "营收同比增长_百分比": 0.76,
        "营收环比增长_百分比": null,
        "净利润_万元": 4326728.06805,
        "净利润_亿元": 43.2672806805,
        "净利润同比增长_百分比": 4.93,
        "净利润环比增长_百分比": null,
        "归母净利润_万元": 4326728.06805,
        "少数股东损益_万元": 297.242198,
        "每股净资产_元": 22.7,
        "净资产收益率_百分比": 10.82,
        "扣非净资产收益率_百分比": null,
        "每股经营现金流_元": 2.28,
        "扣非净利润_万元": 4264874.34638,
        "扣非净利润同比增长_百分比": 10.68,
        "销售毛利率_百分比": 28.16,
        "销售净利率_百分比": 14.46,
        "加权平均净资产收益率_百分比": 10.82,
        "扣非加权净资产收益率_百分比": null,
        "总资产收益率_百分比": 7.78,
        "主营业务收入_万元": 2991515.506984,
        "主营业务成本_万元": 2141884.689848,
        "主营业务利润_万元": 5010889.05501
    },
    "资产负债表": {
        "货币资金_万元": 1402265.875899,
        "应收账款_万元": 1031921.296583,
        "应收票据_万元": 27014.187567,
        "应收款项融资_万元": 237006.225689,
        "预付款项_万元": 23975.491298,
        "其他应收款_万元": 10380.229583,
        "存货_万元": 613752.194112,
        "合同资产_万元": null,
        "一年内到期的非流动资产_万元": null,
        "其他流动资产_万元": 240239.138546,
        "流动资产合计_万元": 3740001.518752,
        "交易性金融资产_万元": 153446.879475,
        "债权投资_万元": null,
        "其他债权投资_万元": null,
        "长期应收款_万元": null,
        "长期股权投资_万元": 1192757.302011,
        "其他权益工具投资_万元": 7174.5,
        "投资性房地产_万元": 5070.789754,
        "固定资产_万元": 255761.709864,
        "在建工程_万元": 88201.201107,
        "生产性生物资产_万元": 85.949976,
        "油气资产_万元": null,
        "使用权资产_万元": 27093.05974,
        "无形资产_万元": 56156.592117,
        "开发支出_万元": 2399.906165,
        "商誉_万元": 10412.177167,
        "长期待摊费用_万元": 8635.02693,
        "递延所得税资产_万元": 79538.021319,
        "其他非流动资产_万元": 57276.199669,
        "非流动资产合计_万元": 1821250.394266,
        "总资产_万元": 5561251.913018,
        "总资产同比增长_百分比": 3.4,
        "短期借款_万元": 55825.560547,
        "交易性金融负债_万元": null,
        "应付票据_万元": 175809.143446,
        "应付账款_万元": 459908.263893,
        "预收款项_万元": 106.778652,
        "合同负债_万元": 249078.280585,
        "应付职工薪酬_万元": 86276.66851,
        "应交税费_万元": 49296.591456,
        "其他应付款_万元": 132718.498398,
        "一年内到期的非流动负债_万元": 8445.402862,
        "其他流动负债_万元": 172923.629427,
        "流动负债合计_万元": 1390388.817776,
        "长期借款_万元": 210.0,
        "应付债券_万元": null,
        "租赁负债_万元": 18321.613446,
        "长期应付款_万元": 60600.288187,
        "预计负债_万元": 1376.010402,
        "递延收益_万元": 27979.621006,
        "递延所得税负债_万元": 7441.63272,
        "其他非流动负债_万元": 193.155436,
        "非流动负债合计_万元": 116524.440155,
        "总负债_万元": 1506913.257931,
        "总负债同比增长_百分比": 8.57,
        "资产负债率_百分比": 27.07,
        "实收资本_万元": 178426.2603,
        "资本公积_万元": 1757915.016189,
        "盈余公积_万元": 253045.896858,
        "未分配利润_万元": 1872296.247774,
        "其他综合收益_万元": -9445.412844,
        "专项储备_万元": null,
        "归属于母公司所有者权益合计_万元": 4052238.008277,
        "少数股东权益_万元": 2100.64681,
        "股东权益合计_万元": 4054338.655087
    },
    "利润表": {
        "营业总收入_万元": 2991515.506984,
        "营业收入_万元": 2991515.506984,
        "营业总收入同比增长_百分比": 0.76,
        "营业成本_万元": 2141884.689848,
        "税金及附加_万元": 16805.448816,
        "销售费用_万元": 330647.603821,
        "管理费用_万元": 49957.614313,
        "研发费用_万元": 21618.263647,
        "财务费用_万元": -12838.237367,
        "其中利息费用_万元": 4359.072486,
        "其中利息收入_万元": 18853.409224,
        "其他收益_万元": 5617.12056,
        "投资收益_万元": 68514.320278,
        "其中对联营企业投资收益_万元": 70090.784707,
        "公允价值变动收益_万元": -1877.413135,
        "信用减值损失_万元": -13056.01621,
        "资产减值损失_万元": -1400.782442,
        "资产处置收益_万元": -148.447456,
        "营业总支出_万元": 2548075.383078,
        "营业利润_万元": 5010889.05501,
        "营业外收入_万元": 1169.932227,
        "营业外支出_万元": 933.710667,
        "利润总额_万元": 501325.127061,
        "所得税费用_万元": 68355.078058,
        "净利润_万元": 432970.049003,
        "归母净利润_万元": 4326728.06805,
        "少数股东损益_万元": 297.242198,
        "持续经营净利润_万元": 432970.049003,
        "终止经营净利润_万元": null,
        "其他综合收益_万元": -507.933238,
        "综合收益总额_万元": 432462.115765,
        "归母综合收益总额_万元": 432181.211174
    },
    "现金流量表": {
        "销售商品收到现金_万元": 3237199.304539,
        "收到的税费返还_万元": 817.768073,
        "收到其他经营活动现金_万元": 49224.137325,
        "经营活动现金流入_万元": 3287241.209937,
        "购买商品支付现金_万元": 2238082.88763,
        "支付职工现金_万元": 210669.816892,
        "支付税费_万元": 183565.433961,
        "支付其他经营活动现金_万元": 201883.795787,
        "经营活动现金流出_万元": 2879927.335403,
        "经营现金流净额_万元": 407313.874534,
        "经营现金流净额同比增长_百分比": 57.29,
        "收回投资现金_万元": 314.598851,
        "取得投资收益现金_万元": 40690.110686,
        "处置资产收回现金_万元": 281.2871,
        "收到其他投资活动现金_万元": 471300.65,
        "投资活动现金流入_万元": 512586.646637,
        "投资支付现金_万元": 140000.0,
        "购建资产支付现金_万元": 44640.137538,
        "支付其他投资活动现金_万元": 443725.97042,
        "投资活动现金流出_万元": 628366.107958,
        "投资现金流净额_万元": -115779.461321,
        "吸收投资现金_万元": null,
        "取得借款现金_万元": 148677.995102,
        "收到其他筹资活动现金_万元": 5156.526373,
        "筹资活动现金流入_万元": 153834.521475,
        "偿还债务现金_万元": 134096.584221,
        "分配股利现金_万元": 374400.828496,
        "支付其他筹资活动现金_万元": 11506.656509,
        "筹资活动现金流出_万元": 520004.069226,
        "融资现金流净额_万元": -366169.547751,
        "汇率变动影响_万元": -260.686509,
        "现金及等价物净增加额_万元": -74895.821047,
        "净现金流_元": -748958210.47,
        "净现金流同比增长_百分比": null,
        "期初现金及等价物_万元": 1415176.546849,
        "期末现金及等价物_万元": 1340280.725802,
        "经营现金流占比_百分比": null,
        "投资现金流占比_百分比": null,
        "融资现金流占比_百分比": null
    }
}