{
    "报告信息": {
        "序号": null,
        "股票代码": "000538",
        "股票简称": "云南白药",
        "报告年份": "2023",
        "报告期": "HY",
        "总股本_股": 1796862549,
        "流通股本_股": null,
        "报告日期": "2023年08月",
        "审计意见": null,
        "会计师事务所": null
    },
    "核心业绩指标": {
        "每股收益_元": 1.58,
        "稀释每股收益_元": 1.58,
        "营业总收入_万元": 2030937.285007,
        "营业总收入_亿元": 203.0937285007,
        "营收同比增长_百分比": 12.73,
        "营收环比增长_百分比": null,
        "净利润_万元": 282625.882144,
        "净利润_亿元": 28.2625882144,
        "净利润同比增长_百分比": null,
        "净利润环比增长_百分比": null,
        "归母净利润_万元": 282801.16153,
        "少数股东损益_万元": -236.486668,
        "每股净资产_元": null,
        "净资产收益率_百分比": null,
        "扣非净资产收益率_百分比": null,
        "每股经营现金流_元": null,
        "扣非净利润_万元": 273705.57859,
        "扣非净利润同比增长_百分比": 65.43,
        "销售毛利率_百分比": null,
        "销售净利率_百分比": null,
        "加权平均净资产收益率_百分比": 7.17,
        "扣非加权净资产收益率_百分比": null,
        "总资产收益率_百分比": null,
        "主营业务收入_万元": null,
        "主营业务成本_万元": null,
        "主营业务利润_万元": null
    },
    "资产负债表": {
        "货币资金_万元": 1254569.475039,
        "应收账款_万元": 966320.860527,
        "应收票据_万元": 74109.716268,
        "应收款项融资_万元": 63415.88214,
        "预付款项_万元": 41064.316996,
        "其他应收款_万元": 53314.642308,
        "存货_万元": 697039.568501,
        "合同资产_万元": null,
        "一年内到期的非流动资产_万元": null,
        "其他流动资产_万元": 123020.981911,
        "流动资产合计_万元": 3426957.869308,
        "交易性金融资产_万元": 154102.425618,
        "债权投资_万元": null,
        "其他债权投资_万元": null,
        "长期应收款_万元": null,
        "长期股权投资_万元": 1133432.287256,
        "其他权益工具投资_万元": 7174.5,
        "投资性房地产_万元": 5482.574903,
        "固定资产_万元": 263996.662479,
        "在建工程_万元": 38490.502244,
        "生产性生物资产_万元": 107.437479,
        "油气资产_万元": null,
        "使用权资产_万元": 27100.794003,
        "无形资产_万元": 59285.143755,
        "开发支出_万元": 904.898702,
        "商誉_万元": 12988.209489,
        "长期待摊费用_万元": 10175.020568,
        "递延所得税资产_万元": 67712.36355,
        "其他非流动资产_万元": 99691.897401,
        "非流动资产合计_万元": 1765686.998226,
        "总资产_万元": 5192644.867534,
        "总资产同比增长_百分比": -2.62,
        "短期借款_万元": 152443.290376,
        "交易性金融负债_万元": null,
        "应付票据_万元": 188958.246457,
        "应付账款_万元": 452129.391032,
        "预收款项_万元": 32.0039426,
        "合同负债_万元": 155305.700725,
        "应付职工薪酬_万元": 37096.91814,
        "应交税费_万元": 47454.943558,
        "其他应付款_万元": 134076.683405,
        "一年内到期的非流动负债_万元": 7913.023645,
        "其他流动负债_万元": 46801.116068,
        "流动负债合计_万元": 1222499.352832,
        "长期借款_万元": 210,
        "应付债券_万元": null,
        "租赁负债_万元": 18394.63671,
        "长期应付款_万元": 63718.317629,
        "预计负债_万元": null,
        "递延收益_万元": 18634.275132,
        "递延所得税负债_万元": 6976.639557,
        "其他非流动负债_万元": 2153.598223,
        "非流动负债合计_万元": 110502.072855,
        "总负债_万元": 1333001.425687,
        "总负债同比增长_百分比": null,
        "资产负债率_百分比": 25.69,
        "实收资本_万元": null,
        "资本公积_万元": null,
        "盈余公积_万元": null,
        "未分配利润_万元": null,
        "其他综合收益_万元": null,
        "专项储备_万元": null,
        "归属于母公司所有者权益合计_万元": 3859791.017918,
        "少数股东权益_万元": -147.576071,
        "股东权益合计_万元": 3859643.441847
    },
    "利润表": {
        "营业总收入_万元": 2030937.285007,
        "营业收入_万元": 2030937.285007,
        "营业总收入同比增长_百分比": 12.73,
        "营业成本_万元": 1471323.22674,
        "税金及附加_万元": 10837.283001,
        "销售费用_万元": 225768.854969,
        "管理费用_万元": 34444.38104,
        "研发费用_万元": 14481.993366,
        "财务费用_万元": -10599.057067,
        "其中利息费用_万元": 1879.889605,
        "其中利息收入_万元": 11477.679646,
        "其他收益_万元": 4217.745466,
        "投资收益_万元": 42154.216556,
        "其中对联营企业投资收益_万元": 44704.888155,
        "公允价值变动收益_万元": 5308.892807,
        "信用减值损失_万元": -7468.058229,
        "资产减值损失_万元": 1900.83349,
        "资产处置收益_万元": 540.307851,
        "营业总支出_万元": 1761444.835081,
        "营业利润_万元": 331334.540899,
        "营业外收入_万元": 200.272429,
        "营业外支出_万元": 1206.847423,
        "利润总额_万元": 330327.965905,
        "所得税费用_万元": 47702.083761,
        "净利润_万元": 282625.882144,
        "归母净利润_万元": 282801.16153,
        "少数股东损益_万元": -236.486668,
        "持续经营净利润_万元": 282625.882144,
        "终止经营净利润_万元": null,
        "其他综合收益_万元": -2753.736256,
        "综合收益总额_万元": 279750.938606
    },
    "现金流量表": {
        "销售商品收到现金_万元": 2070203.300745,
        "收到的税费返还_万元": 407.514525,
        "收到其他经营活动现金_万元": 24319.384525,
        "经营活动现金流入_万元": 2094930.199795,
        "购买商品支付现金_万元": 1486238.849513,
        "支付职工现金_万元": 124772.992792,
        "支付税费_万元": 131537.165924,
        "支付其他经营活动现金_万元": 127191.054556,
        "经营活动现金流出_万元": 1869735.062785,
        "经营现金流净额_万元": 225195.13701,
        "经营现金流净额同比增长_百分比": 91.18,
        "收回投资现金_万元": 96870.489105,
        "取得投资收益现金_万元": 1654.52316,
        "处置资产收回现金_万元": 17.244,
        "收到其他投资活动现金_万元": 36300,
        "投资活动现金流入_万元": 134842.256265,
        "投资支付现金_万元": 6870,
        "购建资产支付现金_万元": 27531.499516,
        "支付其他投资活动现金_万元": 69731.88,
        "投资活动现金流出_万元": 104133.379516,
        "投资现金流净额_万元": 30708.876749,
        "吸收投资现金_万元": null,
        "取得借款现金_万元": 59224.879191,
        "收到其他筹资活动现金_万元": null,
        "筹资活动现金流入_万元": 59224.879191,
        "偿还债务现金_万元": 91733.404733,
        "分配股利现金_万元": 274124.039943,
        "支付其他筹资活动现金_万元": 4137.53089,
        "筹资活动现金流出_万元": 369994.975566,
        "融资现金流净额_万元": -310770.096375,
        "汇率变动影响_万元": 523.916408,
        "现金及等价物净增加额_万元": -54342.166208,
        "净现金流_元": -543421662.08,
        "净现金流同比增长_百分比": null,
        "期初现金及等价物_万元": 1304616.001247,
        "期末现金及等价物_万元": 1250273.835039,
        "经营现金流占比_百分比": -414.46,
        "投资现金流占比_百分比": -56.59,
        "融资现金流占比_百分比": 572.26
    }
}