{
    "报告信息": {
        "序号": null,
        "股票代码": "000538",
        "股票简称": "云南白药",
        "报告年份": "2023",
        "报告期": "第一季度",
        "总股本_股": 1796862549,
        "流通股本_股": null,
        "报告日期": "2023-04-25",
        "审计意见": null,
        "会计师事务所": null,
        "期": "Q1"
    },
    "核心业绩指标": {
        "每股收益_元": 0.85,
        "稀释每股收益_元": 0.85,
        "营业总收入_万元": 1051275.099614,
        "营业总收入_亿元": 105.1275099614,
        "营收同比增长_百分比": 11.49,
        "营收环比增长_百分比": null,
        "净利润_万元": 151572.347189,
        "净利润_亿元": 15.1572347189,
        "净利润同比增长_百分比": 66.01,
        "净利润环比增长_百分比": null,
        "归母净利润_万元": 151798.835656,
        "少数股东损益_万元": -226.488467,
        "每股净资产_元": null,
        "净资产收益率_百分比": 3.87,
        "扣非净资产收益率_百分比": null,
        "每股经营现金流_元": null,
        "扣非净利润_万元": 140268.041831,
        "扣非净利润同比增长_百分比": 6.29,
        "销售毛利率_百分比": null,
        "销售净利率_百分比": null,
        "加权平均净资产收益率_百分比": 3.87,
        "扣非加权净资产收益率_百分比": null,
        "总资产收益率_百分比": null,
        "主营业务收入_万元": 1051275.099614,
        "主营业务成本_万元": 763014.260946,
        "主营业务利润_万元": null
    },
    "资产负债表": {
        "货币资金_万元": 1363474.528113,
        "应收账款_万元": 982513.191436,
        "应收票据_万元": 103531.807247,
        "应收款项融资_万元": 103752.872752,
        "预付款项_万元": 62195.790318,
        "其他应收款_万元": 14955.45231,
        "存货_万元": 694315.808859,
        "合同资产_万元": null,
        "一年内到期的非流动资产_万元": 20019.444444,
        "其他流动资产_万元": 124297.464392,
        "流动资产合计_万元": 3681645.556736,
        "交易性金融资产_万元": 212589.196865,
        "债权投资_万元": null,
        "其他债权投资_万元": null,
        "长期应收款_万元": null,
        "长期股权投资_万元": 1157743.476693,
        "其他权益工具投资_万元": 7174.5,
        "投资性房地产_万元": 5532.472784,
        "固定资产_万元": 268730.671533,
        "在建工程_万元": 28272.673277,
        "生产性生物资产_万元": 111.734982,
        "油气资产_万元": null,
        "使用权资产_万元": 36878.74278,
        "无形资产_万元": 58864.664778,
        "开发支出_万元": 602.444812,
        "商誉_万元": 12988.209489,
        "长期待摊费用_万元": 10149.970072,
        "递延所得税资产_万元": 71835.010038,
        "其他非流动资产_万元": 94340.335251,
        "非流动资产合计_万元": 1791634.12071,
        "总资产_万元": 5473279.677446,
        "总资产同比增长_百分比": 2.65,
        "短期借款_万元": 185858.587921,
        "交易性金融负债_万元": null,
        "应付票据_万元": 179741.610783,
        "应付账款_万元": null,
        "预收款项_万元": 20.147614,
        "合同负债_万元": null,
        "应付职工薪酬_万元": 30103.218313,
        "应交税费_万元": null,
        "其他应付款_万元": 136272.37847,
        "一年内到期的非流动负债_万元": 10059.233023,
        "其他流动负债_万元": 50996.426161,
        "流动负债合计_万元": 1347856.498374,
        "长期借款_万元": 210.0,
        "应付债券_万元": null,
        "租赁负债_万元": 26467.136055,
        "长期应付款_万元": 64576.536511,
        "预计负债_万元": null,
        "递延收益_万元": 18267.929511,
        "递延所得税负债_万元": 8154.645142,
        "其他非流动负债_万元": 2110.2122,
        "非流动负债合计_万元": 120212.284874,
        "总负债_万元": 1468068.783248,
        "总负债同比增长_百分比": null,
        "资产负债率_百分比": null,
        "实收资本_万元": 179686.2549,
        "资本公积_万元": 1823425.045172,
        "盈余公积_万元": 253045.896858,
        "未分配利润_万元": 1823843.327522,
        "其他综合收益_万元": -6330.187249,
        "专项储备_万元": null,
        "归属于母公司所有者权益合计_万元": 4002927.447988,
        "少数股东权益_万元": 2283.44621,
        "股东权益合计_万元": 4005210.894198
    },
    "利润表": {
        "营业总收入_万元": 1051275.099614,
        "营业收入_万元": 1051275.099614,
        "营业总收入同比增长_百分比": 11.49,
        "营业成本_万元": 763014.260946,
        "税金及附加_万元": 4790.576836,
        "销售费用_万元": 120076.167198,
        "管理费用_万元": 16447.503095,
        "研发费用_万元": 6408.594658,
        "财务费用_万元": -2776.869661,
        "其中利息费用_万元": 1037.09076,
        "其中利息收入_万元": 5149.371234,
        "其他收益_万元": 2183.574777,
        "投资收益_万元": 24239.900829,
        "其中对联营企业投资收益_万元": 26721.065834,
        "公允价值变动收益_万元": 10315.213015,
        "信用减值损失_万元": -7408.110314,
        "资产减值损失_万元": 506.831553,
        "资产处置收益_万元": -134.203847,
        "营业总支出_万元": 907960.233072,
        "营业利润_万元": 173018.072555,
        "营业外收入_万元": 263.656095,
        "营业外支出_万元": 566.41804,
        "利润总额_万元": 172715.31061,
        "所得税费用_万元": 21142.963421,
        "净利润_万元": 151572.347189,
        "归母净利润_万元": 151798.835656,
        "少数股东损益_万元": -226.488467,
        "持续经营净利润_万元": 151572.347189,
        "终止经营净利润_万元": null,
        "其他综合收益_万元": 656.15953,
        "综合收益总额_万元": 152228.506719,
        "归母综合收益总额_万元": 152277.413502
    },
    "现金流量表": {
        "销售商品收到现金_万元": 966007.567388,
        "收到的税费返还_万元": 359.758932,
        "收到其他经营活动现金_万元": 11496.0122,
        "经营活动现金流入_万元": 977863.33852,
        "购买商品支付现金_万元": 719267.462382,
        "支付职工现金_万元": 65130.099876,
        "支付税费_万元": 51735.781532,
        "支付其他经营活动现金_万元": 68355.574484,
        "经营活动现金流出_万元": 904488.918274,
        "经营现金流净额_万元": 73374.420246,
        "经营现金流净额同比增长_百分比": 530.84,
        "收回投资现金_万元": 54932.718664,
        "取得投资收益现金_万元": 513.766834,
        "处置资产收回现金_万元": 1.0,
        "收到其他投资活动现金_万元": 300.0,
        "投资活动现金流入_万元": 55747.485498,
        "投资支付现金_万元": 63980.209467,
        "购建资产支付现金_万元": 13598.761823,
        "支付其他投资活动现金_万元": 9731.88,
        "投资活动现金流出_万元": 87310.85129,
        "投资现金流净额_万元": -31563.365792,
        "吸收投资现金_万元": null,
        "取得借款现金_万元": 23559.042642,
        "收到其他筹资活动现金_万元": null,
        "筹资活动现金流入_万元": 23559.042642,
        "偿还债务现金_万元": 8203.232117,
        "分配股利现金_万元": 936.415978,
        "支付其他筹资活动现金_万元": 1291.695556,
        "筹资活动现金流出_万元": 10431.343651,
        "融资现金流净额_万元": 13127.698991,
        "汇率变动影响_万元": -525.596579,
        "现金及等价物净增加额_万元": 54413.156866,
        "净现金流_元": null,
        "净现金流同比增长_百分比": null,
        "期初现金及等价物_万元": 1304616.001247,
        "期末现金及等价物_万元": 1359029.158113,
        "经营现金流占比_百分比": null,
        "投资现金流占比_百分比": null,
        "融资现金流占比_百分比": null
    }
}