{
    "报告信息": {
        "序号": null,
        "股票代码": "000538",
        "股票简称": "云南白药",
        "报告年份": "2024",
        "报告期": "HY",
        "总股本_股": 1784262603,
        "流通股本_股": null,
        "报告日期": "2024-08",
        "审计意见": null,
        "会计师事务所": null
    },
    "核心业绩指标": {
        "每股收益_元": 1.79,
        "稀释每股收益_元": 1.79,
        "营业总收入_万元": 2045528.628752,
        "营业总收入_亿元": 204.5528628752,
        "营收同比增长_百分比": 0.72,
        "营收环比增长_百分比": null,
        "净利润_万元": 318996.285096,
        "净利润_亿元": 31.8996285096,
        "净利润同比增长_百分比": 12.87,
        "净利润环比增长_百分比": null,
        "归母净利润_万元": 318882.99031,
        "少数股东损益_万元": 113.294786,
        "每股净资产_元": null,
        "净资产收益率_百分比": null,
        "扣非净资产收益率_百分比": null,
        "每股经营现金流_元": null,
        "扣非净利润_万元": 313501.534093,
        "扣非净利润同比增长_百分比": 14.54,
        "销售毛利率_百分比": null,
        "销售净利率_百分比": null,
        "加权平均净资产收益率_百分比": 7.93,
        "扣非加权净资产收益率_百分比": null,
        "总资产收益率_百分比": null,
        "主营业务收入_万元": 2041759.659908,
        "主营业务成本_万元": 1445014.679438,
        "主营业务利润_万元": 596745.98047
    },
    "资产负债表": {
        "货币资金_万元": 1471956.353135,
        "应收账款_万元": 1010545.747063,
        "应收票据_万元": 34607.242486,
        "应收款项融资_万元": 172380.771555,
        "预付款项_万元": 30922.268506,
        "其他应收款_万元": 36496.197239,
        "存货_万元": 598805.93902,
        "合同资产_万元": null,
        "一年内到期的非流动资产_万元": null,
        "其他流动资产_万元": 183016.150646,
        "流动资产合计_万元": 3643412.174184,
        "交易性金融资产_万元": 104681.504534,
        "债权投资_万元": null,
        "其他债权投资_万元": null,
        "长期应收款_万元": null,
        "长期股权投资_万元": 1177038.403403,
        "其他权益工具投资_万元": 7174.5,
        "投资性房地产_万元": 4702.910786,
        "固定资产_万元": 260106.293415,
        "在建工程_万元": 71359.669291,
        "生产性生物资产_万元": 90.247479,
        "油气资产_万元": null,
        "使用权资产_万元": 27025.824213,
        "无形资产_万元": 57097.69822,
        "开发支出_万元": 2248.85837,
        "商誉_万元": 10412.177167,
        "长期待摊费用_万元": 8831.339834,
        "递延所得税资产_万元": 79819.19321,
        "其他非流动资产_万元": 56189.299448,
        "非流动资产合计_万元": 1793342.34904,
        "总资产_万元": 5436754.523224,
        "总资产同比增长_百分比": 1.08,
        "短期借款_万元": 114444.766932,
        "交易性金融负债_万元": null,
        "应付票据_万元": 185183.454005,
        "应付账款_万元": 451142.812733,
        "预收款项_万元": 204.521268,
        "合同负债_万元": 176247.030612,
        "应付职工薪酬_万元": 86310.15275,
        "应交税费_万元": 51522.79505,
        "其他应付款_万元": 138036.585397,
        "一年内到期的非流动负债_万元": 6873.91382,
        "其他流动负债_万元": 169831.111099,
        "流动负债合计_万元": 1379797.143666,
        "长期借款_万元": 210.0,
        "应付债券_万元": null,
        "租赁负债_万元": 19345.685184,
        "长期应付款_万元": 61222.019812,
        "预计负债_万元": 1605.000549,
        "递延收益_万元": 25829.571144,
        "递延所得税负债_万元": 9130.733806,
        "其他非流动负债_万元": 193.155436,
        "非流动负债合计_万元": 117940.601503,
        "总负债_万元": 1497737.745169,
        "总负债同比增长_百分比": 7.92,
        "资产负债率_百分比": 27.55,
        "实收资本_万元": 178426.2603,
        "资本公积_万元": 1756739.835839,
        "盈余公积_万元": 253045.896858,
        "未分配利润_万元": 1758506.431279,
        "其他综合收益_万元": -9790.603773,
        "专项储备_万元": null,
        "归属于母公司所有者权益合计_万元": 3936927.820503,
        "少数股东权益_万元": 2088.957552,
        "股东权益合计_万元": 3939016.778055
    },
    "利润表": {
        "营业总收入_万元": 2045528.628752,
        "营业收入_万元": 2045528.628752,
        "营业总收入同比增长_百分比": 0.72,
        "营业成本_万元": 1446280.995085,
        "税金及附加_万元": 11955.181949,
        "销售费用_万元": 229682.149059,
        "管理费用_万元": 32741.002048,
        "研发费用_万元": 14804.301934,
        "财务费用_万元": -12961.927835,
        "其中利息费用_万元": 2764.890791,
        "其中利息收入_万元": 16271.163516,
        "其他收益_万元": 4792.087174,
        "投资收益_万元": 47749.831449,
        "其中对联营企业投资收益_万元": 50663.397031,
        "公允价值变动收益_万元": 459.687681,
        "信用减值损失_万元": -8276.233512,
        "资产减值损失_万元": -357.859453,
        "资产处置收益_万元": -159.213463,
        "营业总支出_万元": null,
        "营业利润_万元": 367235.226388,
        "营业外收入_万元": 443.170171,
        "营业外支出_万元": 475.562476,
        "利润总额_万元": 367202.834083,
        "所得税费用_万元": 48206.548987,
        "净利润_万元": 318996.285096,
        "归母净利润_万元": 318882.99031,
        "少数股东损益_万元": 113.294786,
        "持续经营净利润_万元": 318996.285096,
        "终止经营净利润_万元": null,
        "其他综合收益_万元": -802.044018,
        "综合收益总额_万元": 318194.241078,
        "归母综合收益总额_万元": 318046.20375
    },
    "现金流量表": {
        "销售商品收到现金_万元": 2209137.446395,
        "收到的税费返还_万元": 518.254129,
        "收到其他经营活动现金_万元": 35539.760471,
        "经营活动现金流入_万元": 2245195.460995,
        "购买商品支付现金_万元": 1521110.831176,
        "支付职工现金_万元": 145059.98447,
        "支付税费_万元": 121705.651147,
        "支付其他经营活动现金_万元": 131157.255003,
        "经营活动现金流出_万元": 1919033.721796,
        "经营现金流净额_万元": 326161.739199,
        "经营现金流净额同比增长_百分比": 44.84,
        "收回投资现金_万元": 314.598851,
        "取得投资收益现金_万元": 6919.763637,
        "处置资产收回现金_万元": 26.256539,
        "收到其他投资活动现金_万元": 380704.05,
        "投资活动现金流入_万元": 387964.669027,
        "投资支付现金_万元": 90000.0,
        "购建资产支付现金_万元": 24833.437859,
        "支付其他投资活动现金_万元": 293689.5,
        "投资活动现金流出_万元": 408522.937859,
        "投资现金流净额_万元": -20558.268832,
        "吸收投资现金_万元": null,
        "取得借款现金_万元": 148677.995102,
        "收到其他筹资活动现金_万元": 4052.560323,
        "筹资活动现金流入_万元": 152730.555425,
        "偿还债务现金_万元": 86928.367487,
        "分配股利现金_万元": 373151.865597,
        "支付其他筹资活动现金_万元": 7201.815238,
        "筹资活动现金流出_万元": 467282.048322,
        "融资现金流净额_万元": -314551.492897,
        "汇率变动影响_万元": -4.857776,
        "现金及等价物净增加额_万元": -8952.880306,
        "净现金流_元": null,
        "净现金流同比增长_百分比": null,
        "期初现金及等价物_万元": 1415176.546849,
        "期末现金及等价物_万元": 1406223.666543,
        "经营现金流占比_百分比": null,
        "投资现金流占比_百分比": null,
        "融资现金流占比_百分比": null
    }
}