{
    "报告信息": {
        "序号": null,
        "股票代码": "000538",
        "股票简称": "云南白药",
        "报告年份": "2025",
        "报告期": "Q1",
        "总股本_股": 1784262603,
        "流通股本_股": null,
        "报告日期": "2025-04-28",
        "审计意见": "未经审计",
        "会计师事务所": null
    },
    "核心业绩指标": {
        "每股收益_元": 1.08,
        "稀释每股收益_元": 1.08,
        "营业总收入_万元": 1084123.772129,
        "营业总收入_亿元": 108.4123772129,
        "营收同比增长_百分比": 0.62,
        "营收环比增长_百分比": null,
        "净利润_万元": 192751.120349,
        "净利润_亿元": 19.2751120349,
        "净利润同比增长_百分比": null,
        "净利润环比增长_百分比": null,
        "归母净利润_万元": 193463.95846,
        "少数股东损益_万元": -712.838111,
        "每股净资产_元": null,
        "净资产收益率_百分比": null,
        "扣非净资产收益率_百分比": null,
        "每股经营现金流_元": null,
        "扣非净利润_万元": 188740.684546,
        "扣非净利润同比增长_百分比": 11.65,
        "销售毛利率_百分比": null,
        "销售净利率_百分比": null,
        "加权平均净资产收益率_百分比": 4.86,
        "扣非加权净资产收益率_百分比": null,
        "总资产收益率_百分比": null,
        "主营业务收入_万元": null,
        "主营业务成本_万元": null,
        "主营业务利润_万元": null
    },
    "资产负债表": {
        "货币资金_万元": 1106168.709694,
        "应收账款_万元": 1092365.68617,
        "应收票据_万元": 118723.746632,
        "应收款项融资_万元": 197554.482579,
        "预付款项_万元": 23651.257225,
        "其他应收款_万元": 13321.672068,
        "存货_万元": 597043.502583,
        "合同资产_万元": null,
        "一年内到期的非流动资产_万元": 48392.822222,
        "其他流动资产_万元": 94045.269453,
        "流动资产合计_万元": 3543660.40605,
        "交易性金融资产_万元": 230247.756706,
        "债权投资_万元": null,
        "其他债权投资_万元": null,
        "长期应收款_万元": null,
        "长期股权投资_万元": 1278819.404512,
        "其他权益工具投资_万元": 7174.5,
        "投资性房地产_万元": 4589.846972,
        "固定资产_万元": 297994.718295,
        "在建工程_万元": 77336.637838,
        "生产性生物资产_万元": 77.354982,
        "油气资产_万元": null,
        "使用权资产_万元": 27608.485521,
        "无形资产_万元": 55541.421753,
        "开发支出_万元": 2558.019611,
        "商誉_万元": 9696.324117,
        "长期待摊费用_万元": 11776.669648,
        "递延所得税资产_万元": 75224.04094,
        "其他非流动资产_万元": 13384.958667,
        "非流动资产合计_万元": 1881642.225714,
        "总资产_万元": 5425302.631764,
        "总资产同比增长_百分比": 2.53,
        "短期借款_万元": 4874.740586,
        "交易性金融负债_万元": null,
        "应付票据_万元": 177268.238004,
        "应付账款_万元": 487663.247184,
        "预收款项_万元": 124.769851,
        "合同负债_万元": 173292.605511,
        "应付职工薪酬_万元": 94568.201344,
        "应交税费_万元": 76225.269231,
        "其他应付款_万元": 136174.656386,
        "一年内到期的非流动负债_万元": 7979.1496,
        "其他流动负债_万元": 65863.371721,
        "流动负债合计_万元": 1224034.249418,
        "长期借款_万元": 210.0,
        "应付债券_万元": null,
        "租赁负债_万元": 18734.848036,
        "长期应付款_万元": 58263.735355,
        "预计负债_万元": 3358.893013,
        "递延收益_万元": 29934.342336,
        "递延所得税负债_万元": 10937.616674,
        "其他非流动负债_万元": 193.155436,
        "非流动负债合计_万元": 121771.465753,
        "总负债_万元": 1345805.715171,
        "总负债同比增长_百分比": null,
        "资产负债率_百分比": null,
        "实收资本_万元": 178426.2603,
        "资本公积_万元": 1763864.476235,
        "盈余公积_万元": 253045.896858,
        "未分配利润_万元": 1891597.897036,
        "其他综合收益_万元": -10123.488642,
        "专项储备_万元": null,
        "归属于母公司所有者权益合计_万元": 4076811.041787,
        "少数股东权益_万元": 2685.874806,
        "股东权益合计_万元": 4079496.916593
    },
    "利润表": {
        "营业总收入_万元": 1084123.772129,
        "营业收入_万元": 1084123.772129,
        "营业总收入同比增长_百分比": 0.62,
        "营业成本_万元": 742033.53092,
        "税金及附加_万元": 5338.529589,
        "销售费用_万元": 107013.243421,
        "管理费用_万元": 15640.105822,
        "研发费用_万元": 6012.22219,
        "财务费用_万元": -920.444316,
        "其中利息费用_万元": 618.641299,
        "其中利息收入_万元": 2020.74653,
        "其他收益_万元": 1533.176207,
        "投资收益_万元": 22255.630638,
        "其中对联营企业投资收益_万元": 23324.811165,
        "公允价值变动收益_万元": 4096.463595,
        "信用减值损失_万元": -9058.713908,
        "资产减值损失_万元": -2310.774576,
        "资产处置收益_万元": 8.178584,
        "营业总支出_万元": null,
        "营业利润_万元": 225530.545043,
        "营业外收入_万元": 503.839096,
        "营业外支出_万元": 436.244639,
        "利润总额_万元": 225598.1395,
        "所得税费用_万元": 32847.019151,
        "净利润_万元": 192751.120349,
        "归母净利润_万元": 193463.95846,
        "少数股东损益_万元": -712.838111,
        "持续经营净利润_万元": 192751.120349,
        "终止经营净利润_万元": null,
        "其他综合收益_万元": -12.25387,
        "综合收益总额_万元": 192738.866479,
        "归母综合收益总额_万元": 193466.805449
    },
    "现金流量表": {
        "销售商品收到现金_万元": 1059312.315534,
        "收到的税费返还_万元": 204.481044,
        "收到其他经营活动现金_万元": 23559.481838,
        "经营活动现金流入_万元": 1083076.278416,
        "购买商品支付现金_万元": 784552.15797,
        "支付职工现金_万元": 91219.140603,
        "支付税费_万元": 44018.122418,
        "支付其他经营活动现金_万元": 91927.10146,
        "经营活动现金流出_万元": 1011716.522451,
        "经营现金流净额_万元": 71359.755965,
        "经营现金流净额同比增长_百分比": 35.39,
        "收回投资现金_万元": 90000.0,
        "取得投资收益现金_万元": 752.747206,
        "处置资产收回现金_万元": 59.042,
        "收到其他投资活动现金_万元": 3691.72,
        "投资活动现金流入_万元": 94612.743407,
        "投资支付现金_万元": 65004.0,
        "购建资产支付现金_万元": 12586.294189,
        "支付其他投资活动现金_万元": 23686.28,
        "投资活动现金流出_万元": 101276.574189,
        "投资现金流净额_万元": -6663.830782,
        "吸收投资现金_万元": null,
        "取得借款现金_万元": null,
        "收到其他筹资活动现金_万元": 1600.043939,
        "筹资活动现金流入_万元": 1600.043939,
        "偿还债务现金_万元": 43518.51376,
        "分配股利现金_万元": null,
        "支付其他筹资活动现金_万元": 4624.652967,
        "筹资活动现金流出_万元": 48720.976046,
        "融资现金流净额_万元": -47120.932107,
        "汇率变动影响_万元": 103.249926,
        "现金及等价物净增加额_万元": 17678.243002,
        "净现金流_元": null,
        "净现金流同比增长_百分比": null,
        "期初现金及等价物_万元": 1027552.957534,
        "期末现金及等价物_万元": 1045231.200536,
        "经营现金流占比_百分比": null,
        "投资现金流占比_百分比": null,
        "融资现金流占比_百分比": null
    }
}