{
    "报告信息": {
        "序号": null,
        "股票代码": "000650",
        "股票简称": "仁和药业",
        "报告年份": "2024",
        "报告期": "Q3",
        "总股本_股": 1399938234,
        "流通股本_股": null,
        "报告日期": "2024-10-28",
        "审计意见": "未经审计",
        "会计师事务所": null
    },
    "核心业绩指标": {
        "每股收益_元": 0.2969,
        "稀释每股收益_元": 0.2969,
        "营业总收入_万元": 315063.767936,
        "营业总收入_亿元": 31.5063767936,
        "营收同比增长_百分比": -17.49,
        "营收环比增长_百分比": null,
        "净利润_万元": 51490.272331,
        "净利润_亿元": 5.1490272331,
        "净利润同比增长_百分比": null,
        "净利润环比增长_百分比": null,
        "归母净利润_万元": 41567.763565,
        "少数股东损益_万元": 9922.508766,
        "每股净资产_元": null,
        "净资产收益率_百分比": null,
        "扣非净资产收益率_百分比": null,
        "每股经营现金流_元": null,
        "扣非净利润_万元": 30296.532887,
        "扣非净利润同比增长_百分比": -35.13,
        "销售毛利率_百分比": null,
        "销售净利率_百分比": null,
        "加权平均净资产收益率_百分比": 6.79,
        "扣非加权净资产收益率_百分比": null,
        "总资产收益率_百分比": null,
        "主营业务收入_万元": 315063.767936,
        "主营业务成本_万元": 196450.672522,
        "主营业务利润_万元": null
    },
    "资产负债表": {
        "货币资金_万元": 47864.251,
        "应收账款_万元": 74033.645643,
        "应收票据_万元": 2140.33487,
        "应收款项融资_万元": 3684.151263,
        "预付款项_万元": 6720.398345,
        "其他应收款_万元": 1535.632068,
        "存货_万元": 37578.415487,
        "合同资产_万元": null,
        "一年内到期的非流动资产_万元": 0.0,
        "其他流动资产_万元": 3550.297558,
        "流动资产合计_万元": 464635.078289,
        "交易性金融资产_万元": 287527.952055,
        "债权投资_万元": null,
        "其他债权投资_万元": null,
        "长期应收款_万元": null,
        "长期股权投资_万元": 3395.132347,
        "其他权益工具投资_万元": null,
        "投资性房地产_万元": 2169.56897,
        "固定资产_万元": 84832.71852,
        "在建工程_万元": 56245.920992,
        "生产性生物资产_万元": null,
        "油气资产_万元": null,
        "使用权资产_万元": 56.715627,
        "无形资产_万元": 40155.510646,
        "开发支出_万元": 660.797751,
        "商誉_万元": 54691.036319,
        "长期待摊费用_万元": 1128.852831,
        "递延所得税资产_万元": 2489.264015,
        "其他非流动资产_万元": 1730.346176,
        "非流动资产合计_万元": 298903.378213,
        "总资产_万元": 763538.456502,
        "总资产同比增长_百分比": 2.56,
        "短期借款_万元": null,
        "交易性金融负债_万元": null,
        "应付票据_万元": 12900.0,
        "应付账款_万元": 13682.071225,
        "预收款项_万元": 15.750799,
        "合同负债_万元": 6551.821941,
        "应付职工薪酬_万元": 1149.673607,
        "应交税费_万元": 10314.430324,
        "其他应付款_万元": 28477.070486,
        "一年内到期的非流动负债_万元": 58.723831,
        "其他流动负债_万元": 1808.848689,
        "流动负债合计_万元": 74958.390902,
        "长期借款_万元": null,
        "应付债券_万元": null,
        "租赁负债_万元": null,
        "长期应付款_万元": 18.2,
        "预计负债_万元": null,
        "递延收益_万元": 3665.275958,
        "递延所得税负债_万元": 183.51325,
        "其他非流动负债_万元": null,
        "非流动负债合计_万元": 3866.989208,
        "总负债_万元": 78825.38011,
        "总负债同比增长_百分比": null,
        "资产负债率_百分比": null,
        "实收资本_万元": 139993.8234,
        "资本公积_万元": 78973.080284,
        "盈余公积_万元": 45078.352105,
        "未分配利润_万元": 352727.709472,
        "其他综合收益_万元": null,
        "专项储备_万元": null,
        "归属于母公司所有者权益合计_万元": 609766.965261,
        "少数股东权益_万元": 74946.111131,
        "股东权益合计_万元": 684713.076392
    },
    "利润表": {
        "营业总收入_万元": 315063.767936,
        "营业收入_万元": 315063.767936,
        "营业总收入同比增长_百分比": -17.49,
        "营业成本_万元": 196450.672522,
        "税金及附加_万元": 3318.583777,
        "销售费用_万元": 35976.705772,
        "管理费用_万元": 22231.09154,
        "研发费用_万元": 2320.154461,
        "财务费用_万元": -981.645073,
        "其中利息费用_万元": 9.556556,
        "其中利息收入_万元": 1167.982365,
        "其他收益_万元": 11255.101414,
        "投资收益_万元": 2152.331336,
        "其中对联营企业投资收益_万元": -328.146227,
        "公允价值变动收益_万元": -72.097,
        "信用减值损失_万元": -456.262258,
        "资产减值损失_万元": -18.501548,
        "资产处置收益_万元": -18.740507,
        "营业总支出_万元": null,
        "营业利润_万元": 68590.036374,
        "营业外收入_万元": 275.23018,
        "营业外支出_万元": 528.615517,
        "利润总额_万元": 68336.651037,
        "所得税费用_万元": 16846.378706,
        "净利润_万元": 51490.272331,
        "归母净利润_万元": 41567.763565,
        "少数股东损益_万元": 9922.508766,
        "持续经营净利润_万元": 51490.272331,
        "终止经营净利润_万元": null,
        "其他综合收益_万元": null,
        "综合收益总额_万元": 51490.272331,
        "归母综合收益总额_万元": 41567.763565
    },
    "现金流量表": {
        "销售商品收到现金_万元": 337561.748106,
        "收到的税费返还_万元": 73.544484,
        "收到其他经营活动现金_万元": 17470.757053,
        "经营活动现金流入_万元": 355106.049643,
        "购买商品支付现金_万元": 203029.458364,
        "支付职工现金_万元": 34959.168394,
        "支付税费_万元": 51787.689148,
        "支付其他经营活动现金_万元": 325269.655473,
        "经营活动现金流出_万元": null,
        "经营现金流净额_万元": 29836.39417,
        "经营现金流净额同比增长_百分比": 41.48,
        "收回投资现金_万元": 492311.310406,
        "取得投资收益现金_万元": 3584.667454,
        "处置资产收回现金_万元": 856.741058,
        "收到其他投资活动现金_万元": null,
        "投资活动现金流入_万元": 496752.718918,
        "投资支付现金_万元": 690200.600361,
        "购建资产支付现金_万元": 23764.282706,
        "支付其他投资活动现金_万元": null,
        "投资活动现金流出_万元": null,
        "投资现金流净额_万元": -217212.164149,
        "吸收投资现金_万元": 230.0,
        "取得借款现金_万元": 7236.0,
        "收到其他筹资活动现金_万元": null,
        "筹资活动现金流入_万元": 7466.0,
        "偿还债务现金_万元": 75.0,
        "分配股利现金_万元": 27998.76468,
        "支付其他筹资活动现金_万元": null,
        "筹资活动现金流出_万元": 34738.033138,
        "融资现金流净额_万元": -27279.237646,
        "汇率变动影响_万元": null,
        "现金及等价物净增加额_万元": -214877.803117,
        "净现金流_元": null,
        "净现金流同比增长_百分比": null,
        "期初现金及等价物_万元": 261452.888312,
        "期末现金及等价物_万元": 121771.399293,
        "经营现金流占比_百分比": null,
        "投资现金流占比_百分比": null,
        "融资现金流占比_百分比": null
    }
}