{
    "报告信息": {
        "序号": null,
        "股票代码": "000650",
        "股票简称": "仁和药业",
        "报告年份": "2025",
        "报告期": "Q3",
        "总股本_股": 1399938234,
        "流通股本_股": null,
        "报告日期": null,
        "审计意见": "未经审计",
        "会计师事务所": null
    },
    "核心业绩指标": {
        "每股收益_元": 0.2708,
        "稀释每股收益_元": 0.2708,
        "营业总收入_万元": 283345.176031,
        "营业总收入_亿元": 2.83345176031,
        "营收同比增长_百分比": -10.07,
        "营收环比增长_百分比": null,
        "净利润_万元": 46911.014921,
        "净利润_亿元": 4.6911014921,
        "净利润同比增长_百分比": -8.91,
        "净利润环比增长_百分比": null,
        "归母净利润_万元": 37913.517706,
        "少数股东损益_万元": 8997.497215,
        "每股净资产_元": 4.54,
        "净资产收益率_百分比": 6.02,
        "扣非净资产收益率_百分比": null,
        "每股经营现金流_元": 0.6,
        "扣非净利润_万元": 27693.785051,
        "扣非净利润同比增长_百分比": -8.59,
        "销售毛利率_百分比": 36.4,
        "销售净利率_百分比": 16.5,
        "加权平均净资产收益率_百分比": 6.02,
        "扣非加权净资产收益率_百分比": null,
        "总资产收益率_百分比": 5.8,
        "主营业务收入_万元": 283345.176031,
        "主营业务成本_万元": 180134.019169,
        "主营业务利润_万元": 103211.156862
    },
    "资产负债表": {
        "货币资金_万元": 109516.583475,
        "应收账款_万元": 59323.941484,
        "应收票据_万元": 1728.682479,
        "应收款项融资_万元": 4009.964474,
        "预付款项_万元": 6743.585027,
        "其他应收款_万元": 1186.18231,
        "存货_万元": 39972.137954,
        "合同资产_万元": null,
        "一年内到期的非流动资产_万元": 5251.821918,
        "其他流动资产_万元": 2997.559334,
        "流动资产合计_万元": 522227.796293,
        "交易性金融资产_万元": 291497.337838,
        "债权投资_万元": null,
        "其他债权投资_万元": null,
        "长期应收款_万元": null,
        "长期股权投资_万元": 3146.344998,
        "其他权益工具投资_万元": null,
        "投资性房地产_万元": 2587.87338,
        "固定资产_万元": 112779.091839,
        "在建工程_万元": 26801.147336,
        "生产性生物资产_万元": null,
        "油气资产_万元": null,
        "使用权资产_万元": 175.566229,
        "无形资产_万元": 30388.299362,
        "开发支出_万元": 707.628221,
        "商誉_万元": 50190.611482,
        "长期待摊费用_万元": 661.251647,
        "递延所得税资产_万元": 2924.750458,
        "其他非流动资产_万元": 1405.075584,
        "非流动资产合计_万元": 288152.241542,
        "总资产_万元": 810380.037835,
        "总资产同比增长_百分比": 8.3,
        "短期借款_万元": null,
        "交易性金融负债_万元": null,
        "应付票据_万元": 37000.0,
        "应付账款_万元": 15425.556806,
        "预收款项_万元": 278.408518,
        "合同负债_万元": 6063.491259,
        "应付职工薪酬_万元": 3228.685169,
        "应交税费_万元": 12183.504463,
        "其他应付款_万元": 26784.842884,
        "一年内到期的非流动负债_万元": 55.072885,
        "其他流动负债_万元": 1459.731045,
        "流动负债合计_万元": 102479.293029,
        "长期借款_万元": null,
        "应付债券_万元": null,
        "租赁负债_万元": 147.309899,
        "长期应付款_万元": 18.2,
        "预计负债_万元": null,
        "递延收益_万元": 3362.751272,
        "递延所得税负债_万元": 18.72703,
        "其他非流动负债_万元": null,
        "非流动负债合计_万元": 3546.988201,
        "总负债_万元": 106026.28123,
        "总负债同比增长_百分比": null,
        "资产负债率_百分比": 13.1,
        "实收资本_万元": 139993.8234,
        "资本公积_万元": 80307.170672,
        "盈余公积_万元": 50051.43869,
        "未分配利润_万元": 371292.471354,
        "其他综合收益_万元": null,
        "专项储备_万元": null,
        "归属于母公司所有者权益合计_万元": 635181.404116,
        "少数股东权益_万元": 69172.352489,
        "股东权益合计_万元": 704353.756605
    },
    "利润表": {
        "营业总收入_万元": 283345.176031,
        "营业收入_万元": 283345.176031,
        "营业总收入同比增长_百分比": -10.07,
        "营业成本_万元": 180134.019169,
        "税金及附加_万元": 2663.354897,
        "销售费用_万元": 26338.766372,
        "管理费用_万元": 21938.042896,
        "研发费用_万元": 2640.303209,
        "财务费用_万元": 73.616482,
        "其中利息费用_万元": 6.314093,
        "其中利息收入_万元": 207.390085,
        "其他收益_万元": 9040.677528,
        "投资收益_万元": 3832.988206,
        "其中对联营企业投资收益_万元": -293.879207,
        "公允价值变动收益_万元": -82.7369,
        "信用减值损失_万元": -865.620679,
        "资产减值损失_万元": 10.749134,
        "资产处置收益_万元": 205.069858,
        "营业总支出_万元": 233788.103025,
        "营业利润_万元": 61698.200153,
        "营业外收入_万元": 197.843293,
        "营业外支出_万元": 290.809051,
        "利润总额_万元": 61605.234395,
        "所得税费用_万元": 14694.219474,
        "净利润_万元": 46911.014921,
        "归母净利润_万元": 37913.517706,
        "少数股东损益_万元": 8997.497215,
        "持续经营净利润_万元": 46911.014921,
        "终止经营净利润_万元": null,
        "其他综合收益_万元": null,
        "综合收益总额_万元": 46911.014921,
        "归母综合收益总额_万元": 37913.517706
    },
    "现金流量表": {
        "销售商品收到现金_万元": 318389.996358,
        "收到的税费返还_万元": 0.956687,
        "收到其他经营活动现金_万元": 15249.396937,
        "经营活动现金流入_万元": 333640.349982,
        "购买商品支付现金_万元": 164199.093159,
        "支付职工现金_万元": 37342.348614,
        "支付税费_万元": 23694.211838,
        "支付其他经营活动现金_万元": 24356.270058,
        "经营活动现金流出_万元": 249591.923669,
        "经营现金流净额_万元": 84048.426313,
        "经营现金流净额同比增长_百分比": 181.7,
        "收回投资现金_万元": 650159.622745,
        "取得投资收益现金_万元": 5932.609003,
        "处置资产收回现金_万元": 22.007185,
        "收到其他投资活动现金_万元": null,
        "投资活动现金流入_万元": 656114.238933,
        "投资支付现金_万元": 835774.324623,
        "购建资产支付现金_万元": 5612.450312,
        "支付其他投资活动现金_万元": null,
        "投资活动现金流出_万元": 841396.321125,
        "投资现金流净额_万元": -185282.082192,
        "吸收投资现金_万元": 8.0,
        "取得借款现金_万元": null,
        "收到其他筹资活动现金_万元": 0.0,
        "筹资活动现金流入_万元": 8.0,
        "偿还债务现金_万元": null,
        "分配股利现金_万元": 23834.22792,
        "支付其他筹资活动现金_万元": 0.0,
        "筹资活动现金流出_万元": 23834.22792,
        "融资现金流净额_万元": -23826.22792,
        "汇率变动影响_万元": null,
        "现金及等价物净增加额_万元": -125059.883799,
        "净现金流_元": -1250598837.99,
        "净现金流同比增长_百分比": null,
        "期初现金及等价物_万元": 232556.467274,
        "期末现金及等价物_万元": 107496.583475,
        "经营现金流占比_百分比": null,
        "投资现金流占比_百分比": null,
        "融资现金流占比_百分比": null
    }
}