{
    "报告信息": {
        "序号": "2025-035",
        "股票代码": "000650",
        "股票简称": "仁和药业",
        "报告年份": "2025",
        "报告期": "半年度",
        "总股本_股": 1399938234,
        "流通股本_股": 1331385834,
        "报告日期": "2025-08-22",
        "审计意见": null,
        "会计师事务所": null,
        "期": "HY"
    },
    "核心业绩指标": {
        "每股收益_元": 0.2075,
        "稀释每股收益_元": 0.2075,
        "营业总收入_万元": 197509.147641,
        "营业总收入_亿元": 19.7509147641,
        "营收同比增长_百分比": -16.46,
        "营收环比增长_百分比": null,
        "净利润_万元": 35524.085689,
        "净利润_亿元": 3.5524085689,
        "净利润同比增长_百分比": -13.87,
        "净利润环比增长_百分比": null,
        "归母净利润_万元": 29042.624989,
        "少数股东损益_万元": 6481.4607,
        "每股净资产_元": null,
        "净资产收益率_百分比": 4.59,
        "扣非净资产收益率_百分比": null,
        "每股经营现金流_元": null,
        "扣非净利润_万元": 20679.041023,
        "扣非净利润同比增长_百分比": -17.88,
        "销售毛利率_百分比": null,
        "销售净利率_百分比": null,
        "加权平均净资产收益率_百分比": 4.59,
        "扣非加权净资产收益率_百分比": 3.27,
        "总资产收益率_百分比": null,
        "主营业务收入_万元": null,
        "主营业务成本_万元": null,
        "主营业务利润_万元": null
    },
    "资产负债表": {
        "货币资金_万元": 95294.524918,
        "应收账款_万元": 49889.2559,
        "应收票据_万元": 1906.822282,
        "应收款项融资_万元": 4547.43652,
        "预付款项_万元": 6654.560399,
        "其他应收款_万元": 1243.124252,
        "存货_万元": 36424.276095,
        "合同资产_万元": null,
        "一年内到期的非流动资产_万元": 12487.253424,
        "其他流动资产_万元": 3408.880489,
        "流动资产合计_万元": 494796.301167,
        "交易性金融资产_万元": 282940.166888,
        "债权投资_万元": null,
        "其他债权投资_万元": null,
        "长期应收款_万元": null,
        "长期股权投资_万元": 181820.790984,
        "其他权益工具投资_万元": null,
        "投资性房地产_万元": 2491.698483,
        "固定资产_万元": 114891.751787,
        "在建工程_万元": 25796.237281,
        "生产性生物资产_万元": null,
        "油气资产_万元": null,
        "使用权资产_万元": 188.106676,
        "无形资产_万元": 30618.578555,
        "开发支出_万元": 798.430179,
        "商誉_万元": 50190.611482,
        "长期待摊费用_万元": 748.6984,
        "递延所得税资产_万元": 3034.689438,
        "其他非流动资产_万元": 1828.494202,
        "非流动资产合计_万元": 291886.515075,
        "总资产_万元": 786682.816242,
        "总资产同比增长_百分比": 5.14,
        "短期借款_万元": null,
        "交易性金融负债_万元": null,
        "应付票据_万元": 25000.0,
        "应付账款_万元": 15782.945656,
        "预收款项_万元": 44.886917,
        "合同负债_万元": 6435.208898,
        "应付职工薪酬_万元": 927.660758,
        "应交税费_万元": 10359.896156,
        "其他应付款_万元": 26848.194631,
        "一年内到期的非流动负债_万元": 100.822391,
        "其他流动负债_万元": 1721.493432,
        "流动负债合计_万元": 87221.108839,
        "长期借款_万元": null,
        "应付债券_万元": null,
        "租赁负债_万元": 161.277213,
        "长期应付款_万元": 18.2,
        "预计负债_万元": null,
        "递延收益_万元": 3485.284503,
        "递延所得税负债_万元": 19.754864,
        "其他非流动负债_万元": null,
        "非流动负债合计_万元": 3684.51658,
        "总负债_万元": 90905.625419,
        "总负债同比增长_百分比": null,
        "资产负债率_百分比": null,
        "实收资本_万元": null,
        "资本公积_万元": 80452.038614,
        "盈余公积_万元": 50051.43869,
        "未分配利润_万元": 362421.578637,
        "其他综合收益_万元": null,
        "专项储备_万元": null,
        "归属于母公司所有者权益合计_万元": 626455.379341,
        "少数股东权益_万元": 69321.811482,
        "股东权益合计_万元": 695777.190823
    },
    "利润表": {
        "营业总收入_万元": 197509.147641,
        "营业收入_万元": 197509.147641,
        "营业总收入同比增长_百分比": -16.46,
        "营业成本_万元": 125235.286052,
        "税金及附加_万元": 1784.421023,
        "销售费用_万元": 16690.87958,
        "管理费用_万元": 15119.494243,
        "研发费用_万元": 2062.932554,
        "财务费用_万元": 16.981893,
        "其中利息费用_万元": 4.329313,
        "其中利息收入_万元": 107.798398,
        "其他收益_万元": 7543.287035,
        "投资收益_万元": 1585.622528,
        "其中对联营企业投资收益_万元": -177.428537,
        "公允价值变动收益_万元": 3.930394,
        "信用减值损失_万元": -865.596625,
        "资产减值损失_万元": 9.965105,
        "资产处置收益_万元": 200.05114,
        "营业总支出_万元": null,
        "营业利润_万元": 46163.69865,
        "营业外收入_万元": 89.058795,
        "营业外支出_万元": 137.721467,
        "利润总额_万元": 46115.035978,
        "所得税费用_万元": 10590.950289,
        "净利润_万元": 35524.085689,
        "归母净利润_万元": 29042.624989,
        "少数股东损益_万元": 6481.4607,
        "持续经营净利润_万元": 35524.085689,
        "终止经营净利润_万元": null,
        "其他综合收益_万元": null,
        "综合收益总额_万元": 35524.085689,
        "归母综合收益总额_万元": 29042.624989
    },
    "现金流量表": {
        "销售商品收到现金_万元": 223932.488379,
        "收到的税费返还_万元": 0.956687,
        "收到其他经营活动现金_万元": 11361.411234,
        "经营活动现金流入_万元": 235294.8563,
        "购买商品支付现金_万元": 108563.151573,
        "支付职工现金_万元": 27468.752518,
        "支付税费_万元": 17451.173247,
        "支付其他经营活动现金_万元": 14667.789616,
        "经营活动现金流出_万元": 168150.866954,
        "经营现金流净额_万元": 67143.989346,
        "经营现金流净额同比增长_百分比": 86.14,
        "收回投资现金_万元": 460056.097911,
        "取得投资收益现金_万元": 4014.051214,
        "处置资产收回现金_万元": 3.223479,
        "收到其他投资活动现金_万元": null,
        "投资活动现金流入_万元": 464073.372604,
        "投资支付现金_万元": 645176.979885,
        "购建资产支付现金_万元": 4241.163549,
        "支付其他投资活动现金_万元": null,
        "投资活动现金流出_万元": 649420.460405,
        "投资现金流净额_万元": -185347.087801,
        "吸收投资现金_万元": 8.0,
        "取得借款现金_万元": null,
        "收到其他筹资活动现金_万元": null,
        "筹资活动现金流入_万元": 8.0,
        "偿还债务现金_万元": null,
        "分配股利现金_万元": 21181.864033,
        "支付其他筹资活动现金_万元": null,
        "筹资活动现金流出_万元": 21181.864033,
        "融资现金流净额_万元": -21173.864033,
        "汇率变动影响_万元": null,
        "现金及等价物净增加额_万元": -139376.962488,
        "净现金流_元": null,
        "净现金流同比增长_百分比": 15.42,
        "期初现金及等价物_万元": 232556.467274,
        "期末现金及等价物_万元": 93179.504786,
        "经营现金流占比_百分比": null,
        "投资现金流占比_百分比": null,
        "融资现金流占比_百分比": null
    }
}