{
    "报告信息": {
        "序号": null,
        "股票代码": "000650",
        "股票简称": "仁和药业",
        "报告年份": "2023",
        "报告期": "Q1",
        "总股本_股": null,
        "流通股本_股": null,
        "报告日期": null,
        "审计意见": "未经审计",
        "会计师事务所": null
    },
    "核心业绩指标": {
        "每股收益_元": 0.1302,
        "稀释每股收益_元": 0.1302,
        "营业总收入_万元": 135580.016383,
        "营业总收入_亿元": 13.5580016383,
        "营收同比增长_百分比": 3.39,
        "营收环比增长_百分比": null,
        "净利润_万元": 21929.411825,
        "净利润_亿元": 2.1929411825,
        "净利润同比增长_百分比": null,
        "净利润环比增长_百分比": null,
        "归母净利润_万元": 18229.921554,
        "少数股东损益_万元": 3699.490271,
        "每股净资产_元": null,
        "净资产收益率_百分比": null,
        "扣非净资产收益率_百分比": null,
        "每股经营现金流_元": -0.1041,
        "扣非净利润_万元": 17517.426985,
        "扣非净利润同比增长_百分比": 23.34,
        "销售毛利率_百分比": null,
        "销售净利率_百分比": null,
        "加权平均净资产收益率_百分比": 3.13,
        "扣非加权净资产收益率_百分比": null,
        "总资产收益率_百分比": null,
        "主营业务收入_万元": 135580.016383,
        "主营业务成本_万元": 82151.706599,
        "主营业务利润_万元": null
    },
    "资产负债表": {
        "货币资金_万元": 102798.42049,
        "应收账款_万元": 59535.041536,
        "应收票据_万元": 6611.2263,
        "应收款项融资_万元": 4938.527417,
        "预付款项_万元": 9000.41164,
        "其他应收款_万元": 1745.422294,
        "存货_万元": 44372.45496,
        "合同资产_万元": null,
        "一年内到期的非流动资产_万元": 49003.369866,
        "其他流动资产_万元": 782.343046,
        "流动资产合计_万元": 450367.268549,
        "交易性金融资产_万元": 171580.051,
        "债权投资_万元": null,
        "其他债权投资_万元": null,
        "长期应收款_万元": null,
        "长期股权投资_万元": null,
        "其他权益工具投资_万元": null,
        "投资性房地产_万元": 1895.595714,
        "固定资产_万元": 89007.482942,
        "在建工程_万元": 35882.811081,
        "生产性生物资产_万元": null,
        "油气资产_万元": null,
        "使用权资产_万元": 1077.596895,
        "无形资产_万元": 60770.514842,
        "开发支出_万元": 2234.668406,
        "商誉_万元": 57823.654605,
        "长期待摊费用_万元": 276.703287,
        "递延所得税资产_万元": 1762.336775,
        "其他非流动资产_万元": 4252.42956,
        "非流动资产合计_万元": 317116.177987,
        "总资产_万元": 767483.446536,
        "总资产同比增长_百分比": 0.57,
        "短期借款_万元": null,
        "交易性金融负债_万元": null,
        "应付票据_万元": null,
        "应付账款_万元": 25815.636827,
        "预收款项_万元": null,
        "合同负债_万元": 19372.29827,
        "应付职工薪酬_万元": 1124.454488,
        "应交税费_万元": 23985.729532,
        "其他应付款_万元": 23635.809579,
        "一年内到期的非流动负债_万元": 506.529343,
        "其他流动负债_万元": 4416.932064,
        "流动负债合计_万元": 98857.390103,
        "长期借款_万元": null,
        "应付债券_万元": null,
        "租赁负债_万元": 579.289325,
        "长期应付款_万元": 18.2,
        "预计负债_万元": null,
        "递延收益_万元": 3867.563458,
        "递延所得税负债_万元": 52.773271,
        "其他非流动负债_万元": null,
        "非流动负债合计_万元": 4517.826054,
        "总负债_万元": 103375.216157,
        "总负债同比增长_百分比": null,
        "资产负债率_百分比": null,
        "实收资本_万元": null,
        "资本公积_万元": 78575.771408,
        "盈余公积_万元": 41313.339361,
        "未分配利润_万元": 332425.886798,
        "其他综合收益_万元": null,
        "专项储备_万元": null,
        "归属于母公司所有者权益合计_万元": 592308.820967,
        "少数股东权益_万元": 71799.409412,
        "股东权益合计_万元": 664108.230379
    },
    "利润表": {
        "营业总收入_万元": 135580.016383,
        "营业收入_万元": 135580.016383,
        "营业总收入同比增长_百分比": null,
        "营业成本_万元": 82151.706599,
        "税金及附加_万元": 1353.86595,
        "销售费用_万元": 14616.360741,
        "管理费用_万元": 9178.32408,
        "研发费用_万元": 768.47613,
        "财务费用_万元": -690.966888,
        "其中利息费用_万元": 10.917669,
        "其中利息收入_万元": 707.874804,
        "其他收益_万元": 487.875719,
        "投资收益_万元": 832.488174,
        "其中对联营企业投资收益_万元": null,
        "公允价值变动收益_万元": 65.475769,
        "信用减值损失_万元": 7.925614,
        "资产减值损失_万元": 9.169049,
        "资产处置收益_万元": null,
        "营业总支出_万元": null,
        "营业利润_万元": 29605.184096,
        "营业外收入_万元": 79.945011,
        "营业外支出_万元": 170.937157,
        "利润总额_万元": 29514.19195,
        "所得税费用_万元": 7584.780125,
        "净利润_万元": 21929.411825,
        "归母净利润_万元": 18229.921554,
        "少数股东损益_万元": 3699.490271,
        "持续经营净利润_万元": 21929.411825,
        "终止经营净利润_万元": null,
        "其他综合收益_万元": null,
        "综合收益总额_万元": 21929.411825,
        "归母综合收益总额_万元": 18229.921554
    },
    "现金流量表": {
        "销售商品收到现金_万元": 110286.118652,
        "收到的税费返还_万元": 50.257272,
        "收到其他经营活动现金_万元": 2624.802495,
        "经营活动现金流入_万元": 112961.178419,
        "购买商品支付现金_万元": 76737.913439,
        "支付职工现金_万元": 18117.637178,
        "支付税费_万元": 20817.066461,
        "支付其他经营活动现金_万元": 11867.171662,
        "经营活动现金流出_万元": 127539.78874,
        "经营现金流净额_万元": -14578.610321,
        "经营现金流净额同比增长_百分比": -48.06,
        "收回投资现金_万元": 126157.513079,
        "取得投资收益现金_万元": 1160.983619,
        "处置资产收回现金_万元": 5.550659,
        "收到其他投资活动现金_万元": null,
        "投资活动现金流入_万元": 127324.047357,
        "投资支付现金_万元": 284818.24831,
        "购建资产支付现金_万元": 7676.437795,
        "支付其他投资活动现金_万元": null,
        "投资活动现金流出_万元": 292494.686105,
        "投资现金流净额_万元": -165170.638748,
        "吸收投资现金_万元": null,
        "取得借款现金_万元": null,
        "收到其他筹资活动现金_万元": null,
        "筹资活动现金流入_万元": null,
        "偿还债务现金_万元": null,
        "分配股利现金_万元": null,
        "支付其他筹资活动现金_万元": null,
        "筹资活动现金流出_万元": null,
        "融资现金流净额_万元": null,
        "汇率变动影响_万元": null,
        "现金及等价物净增加额_万元": -179749.249069,
        "净现金流_元": -1797492490.69,
        "净现金流同比增长_百分比": null,
        "期初现金及等价物_万元": 282547.669559,
        "期末现金及等价物_万元": 102798.42049,
        "经营现金流占比_百分比": null,
        "投资现金流占比_百分比": null,
        "融资现金流占比_百分比": null
    }
}