{
    "报告信息": {
        "序号": null,
        "股票代码": "000650",
        "股票简称": "仁和药业",
        "报告年份": "2023",
        "报告期": "半年度",
        "总股本_股": 1399938234,
        "流通股本_股": null,
        "报告日期": "2023-08-23",
        "审计意见": "未经审计",
        "会计师事务所": null,
        "期": "HY"
    },
    "核心业绩指标": {
        "每股收益_元": 0.2547,
        "稀释每股收益_元": 0.2547,
        "营业总收入_万元": 268191.812726,
        "营业总收入_亿元": 26.8191812726,
        "营收同比增长_百分比": 4.72,
        "营收环比增长_百分比": null,
        "净利润_万元": 42826.185141,
        "净利润_亿元": 4.2826185141,
        "净利润同比增长_百分比": null,
        "净利润环比增长_百分比": null,
        "归母净利润_万元": 35654.892517,
        "少数股东损益_万元": 7171.292624,
        "每股净资产_元": null,
        "净资产收益率_百分比": 6.02,
        "扣非净资产收益率_百分比": null,
        "每股经营现金流_元": null,
        "扣非净利润_万元": 31201.047271,
        "扣非净利润同比增长_百分比": 12.84,
        "销售毛利率_百分比": null,
        "销售净利率_百分比": null,
        "加权平均净资产收益率_百分比": 6.02,
        "扣非加权净资产收益率_百分比": null,
        "总资产收益率_百分比": null,
        "主营业务收入_万元": 267289.092684,
        "主营业务成本_万元": 165473.926504,
        "主营业务利润_万元": 101815.16618
    },
    "资产负债表": {
        "货币资金_万元": 131000.707819,
        "应收账款_万元": 65907.039605,
        "应收票据_万元": 4263.895276,
        "应收款项融资_万元": 3453.375581,
        "预付款项_万元": 7488.194896,
        "其他应收款_万元": 1297.004884,
        "存货_万元": 44160.91624,
        "合同资产_万元": null,
        "一年内到期的非流动资产_万元": 41503.369866,
        "其他流动资产_万元": 719.701467,
        "流动资产合计_万元": 461870.041634,
        "交易性金融资产_万元": 162075.836,
        "债权投资_万元": null,
        "其他债权投资_万元": null,
        "长期应收款_万元": null,
        "长期股权投资_万元": null,
        "其他权益工具投资_万元": null,
        "投资性房地产_万元": 1867.307007,
        "固定资产_万元": 87550.636671,
        "在建工程_万元": 36847.311361,
        "生产性生物资产_万元": null,
        "油气资产_万元": null,
        "使用权资产_万元": 907.450017,
        "无形资产_万元": 59822.006989,
        "开发支出_万元": 2242.618579,
        "商誉_万元": 57823.654605,
        "长期待摊费用_万元": 438.911,
        "递延所得税资产_万元": 1894.161972,
        "其他非流动资产_万元": 3635.663709,
        "非流动资产合计_万元": 300029.10579,
        "总资产_万元": 761899.147424,
        "总资产同比增长_百分比": -0.17,
        "短期借款_万元": null,
        "交易性金融负债_万元": null,
        "应付票据_万元": 19160.0,
        "应付账款_万元": 21238.962299,
        "预收款项_万元": 1.355505,
        "合同负债_万元": 12803.921677,
        "应付职工薪酬_万元": 2923.002694,
        "应交税费_万元": 14774.225816,
        "其他应付款_万元": 25563.366014,
        "一年内到期的非流动负债_万元": 339.222227,
        "其他流动负债_万元": 3587.653643,
        "流动负债合计_万元": 100391.709875,
        "长期借款_万元": null,
        "应付债券_万元": null,
        "租赁负债_万元": 579.289325,
        "长期应付款_万元": 18.2,
        "预计负债_万元": null,
        "递延收益_万元": 3852.33211,
        "递延所得税负债_万元": 51.377099,
        "其他非流动负债_万元": null,
        "非流动负债合计_万元": 4501.198534,
        "总负债_万元": 104892.908409,
        "总负债同比增长_百分比": null,
        "资产负债率_百分比": null,
        "实收资本_万元": 139993.8234,
        "资本公积_万元": 78575.771408,
        "盈余公积_万元": 41313.339361,
        "未分配利润_万元": 321852.093081,
        "其他综合收益_万元": null,
        "专项储备_万元": null,
        "归属于母公司所有者权益合计_万元": 581735.02725,
        "少数股东权益_万元": 75271.211765,
        "股东权益合计_万元": 657006.239015
    },
    "利润表": {
        "营业总收入_万元": 268191.812726,
        "营业收入_万元": 268191.812726,
        "营业总收入同比增长_百分比": 4.72,
        "营业成本_万元": 166567.33725,
        "税金及附加_万元": 2499.056789,
        "销售费用_万元": 30839.912265,
        "管理费用_万元": 16536.131044,
        "研发费用_万元": 2185.798363,
        "财务费用_万元": -1185.6595,
        "其中利息费用_万元": 20.317903,
        "其中利息收入_万元": 1435.440094,
        "其他收益_万元": 4114.499675,
        "投资收益_万元": 1350.00839,
        "其中对联营企业投资收益_万元": null,
        "公允价值变动收益_万元": 171.369479,
        "信用减值损失_万元": -164.731425,
        "资产减值损失_万元": 0.0,
        "资产处置收益_万元": 1.104528,
        "营业总支出_万元": null,
        "营业利润_万元": 56221.487162,
        "营业外收入_万元": 129.931855,
        "营业外支出_万元": 237.606702,
        "利润总额_万元": 56113.812315,
        "所得税费用_万元": 13287.627174,
        "净利润_万元": 42826.185141,
        "归母净利润_万元": 35654.892517,
        "少数股东损益_万元": 7171.292624,
        "持续经营净利润_万元": 42826.185141,
        "终止经营净利润_万元": null,
        "其他综合收益_万元": null,
        "综合收益总额_万元": 42826.185141,
        "归母综合收益总额_万元": 35654.892517
    },
    "现金流量表": {
        "销售商品收到现金_万元": 265284.301757,
        "收到的税费返还_万元": 50.257272,
        "收到其他经营活动现金_万元": 8290.091379,
        "经营活动现金流入_万元": 273624.650408,
        "购买商品支付现金_万元": 164980.767805,
        "支付职工现金_万元": 32364.960698,
        "支付税费_万元": 42754.450745,
        "支付其他经营活动现金_万元": 22514.250932,
        "经营活动现金流出_万元": 262614.43018,
        "经营现金流净额_万元": 11010.220228,
        "经营现金流净额同比增长_百分比": -37.53,
        "收回投资现金_万元": 207357.776789,
        "取得投资收益现金_万元": 1337.337464,
        "处置资产收回现金_万元": 8.891031,
        "收到其他投资活动现金_万元": null,
        "投资活动现金流入_万元": 208704.005284,
        "投资支付现金_万元": 334247.221308,
        "购建资产支付现金_万元": 9973.201264,
        "支付其他投资活动现金_万元": null,
        "投资活动现金流出_万元": 344220.422572,
        "投资现金流净额_万元": -135516.417288,
        "吸收投资现金_万元": 0.0,
        "取得借款现金_万元": null,
        "收到其他筹资活动现金_万元": null,
        "筹资活动现金流入_万元": 0.0,
        "偿还债务现金_万元": null,
        "分配股利现金_万元": 27998.76468,
        "支付其他筹资活动现金_万元": null,
        "筹资活动现金流出_万元": 27998.76468,
        "融资现金流净额_万元": -27998.76468,
        "汇率变动影响_万元": null,
        "现金及等价物净增加额_万元": -152504.96174,
        "净现金流_元": null,
        "净现金流同比增长_百分比": null,
        "期初现金及等价物_万元": 282515.851659,
        "期末现金及等价物_万元": 130010.889919,
        "经营现金流占比_百分比": null,
        "投资现金流占比_百分比": null,
        "融资现金流占比_百分比": null
    }
}