{
    "报告信息": {
        "序号": null,
        "股票代码": "000650",
        "股票简称": "仁和药业",
        "报告年份": "2024",
        "报告期": "第一季度",
        "总股本_股": 1399938234,
        "流通股本_股": null,
        "报告日期": "2024-04-29",
        "审计意见": null,
        "会计师事务所": null,
        "期": "Q1"
    },
    "核心业绩指标": {
        "每股收益_元": 0.1266,
        "稀释每股收益_元": 0.1266,
        "营业总收入_万元": 123763.849359,
        "营业总收入_亿元": 12.3763849359,
        "营收同比增长_百分比": -8.72,
        "营收环比增长_百分比": null,
        "净利润_万元": 20979.717022,
        "净利润_亿元": 2.0979717022,
        "净利润同比增长_百分比": null,
        "净利润环比增长_百分比": null,
        "归母净利润_万元": 17729.653593,
        "少数股东损益_万元": 3250.063429,
        "每股净资产_元": null,
        "净资产收益率_百分比": null,
        "扣非净资产收益率_百分比": null,
        "每股经营现金流_元": null,
        "扣非净利润_万元": 10110.645709,
        "扣非净利润同比增长_百分比": -42.28,
        "销售毛利率_百分比": null,
        "销售净利率_百分比": null,
        "加权平均净资产收益率_百分比": 2.92,
        "扣非加权净资产收益率_百分比": null,
        "总资产收益率_百分比": null,
        "主营业务收入_万元": null,
        "主营业务成本_万元": null,
        "主营业务利润_万元": null
    },
    "资产负债表": {
        "货币资金_万元": 108217.900912,
        "应收账款_万元": 73017.797389,
        "应收票据_万元": 5694.084056,
        "应收款项融资_万元": 5072.796635,
        "预付款项_万元": 10886.219845,
        "其他应收款_万元": 1746.030126,
        "存货_万元": 34749.359947,
        "合同资产_万元": null,
        "一年内到期的非流动资产_万元": 70.851323,
        "其他流动资产_万元": 1150.016424,
        "流动资产合计_万元": 486383.054441,
        "交易性金融资产_万元": 245777.997784,
        "债权投资_万元": null,
        "其他债权投资_万元": null,
        "长期应收款_万元": null,
        "长期股权投资_万元": 3047.579973,
        "其他权益工具投资_万元": null,
        "投资性房地产_万元": 1423.94425,
        "固定资产_万元": 88224.723028,
        "在建工程_万元": 40658.528547,
        "生产性生物资产_万元": null,
        "油气资产_万元": null,
        "使用权资产_万元": 397.009383,
        "无形资产_万元": 40673.58038,
        "开发支出_万元": 848.911746,
        "商誉_万元": 54691.036319,
        "长期待摊费用_万元": 818.27821,
        "递延所得税资产_万元": 2464.211333,
        "其他非流动资产_万元": 4071.863718,
        "非流动资产合计_万元": 288167.180906,
        "总资产_万元": 774550.235347,
        "总资产同比增长_百分比": 4.04,
        "短期借款_万元": null,
        "交易性金融负债_万元": null,
        "应付票据_万元": 13500.0,
        "应付账款_万元": 17634.800667,
        "预收款项_万元": 30.963303,
        "合同负债_万元": 9860.197892,
        "应付职工薪酬_万元": 2611.908368,
        "应交税费_万元": 16348.770649,
        "其他应付款_万元": 23687.538243,
        "一年内到期的非流动负债_万元": 407.346055,
        "其他流动负债_万元": 4101.769667,
        "流动负债合计_万元": 88183.294844,
        "长期借款_万元": null,
        "应付债券_万元": null,
        "租赁负债_万元": null,
        "长期应付款_万元": 18.2,
        "预计负债_万元": null,
        "递延收益_万元": 3695.738654,
        "递延所得税负债_万元": 186.305594,
        "其他非流动负债_万元": null,
        "非流动负债合计_万元": 3900.244248,
        "总负债_万元": 92083.539092,
        "总负债同比增长_百分比": null,
        "资产负债率_百分比": null,
        "实收资本_万元": 139993.8234,
        "资本公积_万元": 81080.58626,
        "盈余公积_万元": 45078.352105,
        "未分配利润_万元": 356888.36418,
        "其他综合收益_万元": null,
        "专项储备_万元": null,
        "归属于母公司所有者权益合计_万元": 613040.244969,
        "少数股东权益_万元": 69426.451286,
        "股东权益合计_万元": 682466.696255
    },
    "利润表": {
        "营业总收入_万元": 123763.849359,
        "营业收入_万元": 123763.849359,
        "营业总收入同比增长_百分比": -8.72,
        "营业成本_万元": 78389.635751,
        "税金及附加_万元": 1161.672891,
        "销售费用_万元": 17426.523613,
        "管理费用_万元": 8756.48153,
        "研发费用_万元": 646.871589,
        "财务费用_万元": -677.049905,
        "其中利息费用_万元": 4.76408,
        "其中利息收入_万元": 808.464766,
        "其他收益_万元": 7833.822077,
        "投资收益_万元": 693.427711,
        "其中对联营企业投资收益_万元": null,
        "公允价值变动收益_万元": -84.9825,
        "信用减值损失_万元": 3.978994,
        "资产减值损失_万元": 0.0,
        "资产处置收益_万元": -20.162147,
        "营业总支出_万元": null,
        "营业利润_万元": 26485.798025,
        "营业外收入_万元": 77.978115,
        "营业外支出_万元": 124.052583,
        "利润总额_万元": 26439.723557,
        "所得税费用_万元": 5460.006535,
        "净利润_万元": 20979.717022,
        "归母净利润_万元": 17729.653593,
        "少数股东损益_万元": 3250.063429,
        "持续经营净利润_万元": 20979.717022,
        "终止经营净利润_万元": null,
        "其他综合收益_万元": null,
        "综合收益总额_万元": 20979.717022,
        "归母综合收益总额_万元": 17729.653593
    },
    "现金流量表": {
        "销售商品收到现金_万元": 112380.618063,
        "收到的税费返还_万元": 49.663055,
        "收到其他经营活动现金_万元": 10321.126926,
        "经营活动现金流入_万元": 122751.408044,
        "购买商品支付现金_万元": 63920.186658,
        "支付职工现金_万元": 17607.709693,
        "支付税费_万元": 18468.09882,
        "支付其他经营活动现金_万元": 11484.971977,
        "经营活动现金流出_万元": 111480.967148,
        "经营现金流净额_万元": 11270.440896,
        "经营现金流净额同比增长_百分比": 177.31,
        "收回投资现金_万元": 192264.443763,
        "取得投资收益现金_万元": 1623.628992,
        "处置资产收回现金_万元": 848.08914,
        "收到其他投资活动现金_万元": null,
        "投资活动现金流入_万元": 194736.161895,
        "投资支付现金_万元": 347062.245144,
        "购建资产支付现金_万元": 7497.940371,
        "支付其他投资活动现金_万元": null,
        "投资活动现金流出_万元": 354560.185515,
        "投资现金流净额_万元": -159824.02362,
        "吸收投资现金_万元": 30.0,
        "取得借款现金_万元": null,
        "收到其他筹资活动现金_万元": null,
        "筹资活动现金流入_万元": 30.0,
        "偿还债务现金_万元": null,
        "分配股利现金_万元": null,
        "支付其他筹资活动现金_万元": 3993.09923,
        "筹资活动现金流出_万元": 5711.404676,
        "融资现金流净额_万元": -5681.404676,
        "汇率变动影响_万元": null,
        "现金及等价物净增加额_万元": null,
        "净现金流_元": null,
        "净现金流同比增长_百分比": null,
        "期初现金及等价物_万元": 261452.888312,
        "期末现金及等价物_万元": 108217.900912,
        "经营现金流占比_百分比": null,
        "投资现金流占比_百分比": null,
        "融资现金流占比_百分比": null
    }
}