{
    "报告信息": {
        "序号": null,
        "股票代码": "000650",
        "股票简称": "仁和药业",
        "报告年份": "2025",
        "报告期": "Q1",
        "总股本_股": 1399938234,
        "流通股本_股": null,
        "报告日期": "2025-04-28",
        "审计意见": "未经审计",
        "会计师事务所": null
    },
    "核心业绩指标": {
        "每股收益_元": 0.1174,
        "稀释每股收益_元": 0.1174,
        "营业总收入_万元": 98564.507541,
        "营业总收入_亿元": 9.8564507541,
        "营收同比增长_百分比": -20.36,
        "营收环比增长_百分比": null,
        "净利润_万元": 19673.564541,
        "净利润_亿元": 1.9673564541,
        "净利润同比增长_百分比": -6.22,
        "净利润环比增长_百分比": null,
        "归母净利润_万元": 16430.756231,
        "少数股东损益_万元": 3242.80831,
        "每股净资产_元": null,
        "净资产收益率_百分比": null,
        "扣非净资产收益率_百分比": null,
        "每股经营现金流_元": null,
        "扣非净利润_万元": 10197.628099,
        "扣非净利润同比增长_百分比": 0.86,
        "销售毛利率_百分比": null,
        "销售净利率_百分比": null,
        "加权平均净资产收益率_百分比": 2.63,
        "扣非加权净资产收益率_百分比": null,
        "总资产收益率_百分比": null,
        "主营业务收入_万元": null,
        "主营业务成本_万元": 62244.557616,
        "主营业务利润_万元": null
    },
    "资产负债表": {
        "货币资金_万元": 52292.460184,
        "应收账款_万元": 55636.36832,
        "应收票据_万元": 2978.683144,
        "应收款项融资_万元": 5231.099469,
        "预付款项_万元": 6953.851275,
        "其他应收款_万元": 1720.274039,
        "存货_万元": 39550.701262,
        "合同资产_万元": null,
        "一年内到期的非流动资产_万元": 33184.815068,
        "其他流动资产_万元": 3778.544467,
        "流动资产合计_万元": 499626.981476,
        "交易性金融资产_万元": 298300.184248,
        "债权投资_万元": null,
        "其他债权投资_万元": null,
        "长期应收款_万元": null,
        "长期股权投资_万元": 3143.714306,
        "其他权益工具投资_万元": null,
        "投资性房地产_万元": 2570.089389,
        "固定资产_万元": 116996.498268,
        "在建工程_万元": 25248.789323,
        "生产性生物资产_万元": null,
        "油气资产_万元": null,
        "使用权资产_万元": 200.647123,
        "无形资产_万元": 30981.069773,
        "开发支出_万元": 620.501955,
        "商誉_万元": 50190.611482,
        "长期待摊费用_万元": 945.320708,
        "递延所得税资产_万元": 2912.256751,
        "其他非流动资产_万元": 1819.011978,
        "非流动资产合计_万元": 265518.846308,
        "总资产_万元": 765145.827784,
        "总资产同比增长_百分比": 2.26,
        "短期借款_万元": null,
        "交易性金融负债_万元": null,
        "应付票据_万元": null,
        "应付账款_万元": 15561.610446,
        "预收款项_万元": 31.498554,
        "合同负债_万元": 6489.981176,
        "应付职工薪酬_万元": 917.967593,
        "应交税费_万元": 9450.685749,
        "其他应付款_万元": 26148.022669,
        "一年内到期的非流动负债_万元": 68.957908,
        "其他流动负债_万元": 1919.000924,
        "流动负债合计_万元": 60587.725019,
        "长期借款_万元": null,
        "应付债券_万元": null,
        "租赁负债_万元": 191.028376,
        "长期应付款_万元": 18.2,
        "预计负债_万元": null,
        "递延收益_万元": 3637.720476,
        "递延所得税负债_万元": 32.624268,
        "其他非流动负债_万元": null,
        "非流动负债合计_万元": 3879.57312,
        "总负债_万元": 64467.298139,
        "总负债同比增长_百分比": -4.7,
        "资产负债率_百分比": 8.425,
        "实收资本_万元": 139993.8234,
        "资本公积_万元": 80045.325074,
        "盈余公积_万元": 50051.43869,
        "未分配利润_万元": 370808.783389,
        "其他综合收益_万元": null,
        "专项储备_万元": null,
        "归属于母公司所有者权益合计_万元": 634203.370553,
        "少数股东权益_万元": 66475.159092,
        "股东权益合计_万元": 700678.529645
    },
    "利润表": {
        "营业总收入_万元": 98564.507541,
        "营业收入_万元": 98564.507541,
        "营业总收入同比增长_百分比": -20.36,
        "营业成本_万元": 62244.557616,
        "税金及附加_万元": 761.383994,
        "销售费用_万元": 9304.761652,
        "管理费用_万元": 8632.316456,
        "研发费用_万元": 812.920647,
        "财务费用_万元": -94.227597,
        "其中利息费用_万元": 2.215993,
        "其中利息收入_万元": 120.861471,
        "其他收益_万元": 6497.319197,
        "投资收益_万元": 1474.506849,
        "其中对联营企业投资收益_万元": -96.509899,
        "公允价值变动收益_万元": -1.668962,
        "信用减值损失_万元": 6.0,
        "资产减值损失_万元": 5.45576,
        "资产处置收益_万元": 0.05114,
        "营业总支出_万元": null,
        "营业利润_万元": 24884.458757,
        "营业外收入_万元": 63.301694,
        "营业外支出_万元": 110.039931,
        "利润总额_万元": 24837.72052,
        "所得税费用_万元": 5164.155979,
        "净利润_万元": 19673.564541,
        "归母净利润_万元": 16430.756231,
        "少数股东损益_万元": 3242.80831,
        "持续经营净利润_万元": 19673.564541,
        "终止经营净利润_万元": null,
        "其他综合收益_万元": null,
        "综合收益总额_万元": 19673.564541,
        "归母综合收益总额_万元": 16430.756231
    },
    "现金流量表": {
        "销售商品收到现金_万元": 85346.197241,
        "收到的税费返还_万元": 0.956687,
        "收到其他经营活动现金_万元": 8751.2304,
        "经营活动现金流入_万元": 94098.384328,
        "购买商品支付现金_万元": 51228.429312,
        "支付职工现金_万元": 16701.208493,
        "支付税费_万元": 6824.431079,
        "支付其他经营活动现金_万元": 7515.781988,
        "经营活动现金流出_万元": 82269.850872,
        "经营现金流净额_万元": 11828.533456,
        "经营现金流净额同比增长_百分比": 4.95,
        "收回投资现金_万元": 219780.0884,
        "取得投资收益现金_万元": 2586.044794,
        "处置资产收回现金_万元": 1.848,
        "收到其他投资活动现金_万元": null,
        "投资活动现金流入_万元": 222367.981194,
        "投资支付现金_万元": 412062.908613,
        "购建资产支付现金_万元": 3220.701513,
        "支付其他投资活动现金_万元": null,
        "投资活动现金流出_万元": 415283.610126,
        "投资现金流净额_万元": -192915.628932,
        "吸收投资现金_万元": 0.0,
        "取得借款现金_万元": null,
        "收到其他筹资活动现金_万元": null,
        "筹资活动现金流入_万元": 30.0,
        "偿还债务现金_万元": null,
        "分配股利现金_万元": 216.077419,
        "支付其他筹资活动现金_万元": 0.0,
        "筹资活动现金流出_万元": 216.077419,
        "融资现金流净额_万元": -216.077419,
        "汇率变动影响_万元": null,
        "现金及等价物净增加额_万元": -181303.172895,
        "净现金流_元": null,
        "净现金流同比增长_百分比": null,
        "期初现金及等价物_万元": 232556.467274,
        "期末现金及等价物_万元": 51253.294379,
        "经营现金流占比_百分比": null,
        "投资现金流占比_百分比": null,
        "融资现金流占比_百分比": null
    }
}