{
    "报告信息": {
        "序号": null,
        "股票代码": "002603",
        "股票简称": "以岭药业",
        "报告年份": "2024",
        "报告期": "第三季度",
        "总股本_股": 1670705376,
        "流通股本_股": null,
        "报告日期": "2024-10-29",
        "审计意见": "未经审计",
        "会计师事务所": null,
        "期": "Q3"
    },
    "核心业绩指标": {
        "每股收益_元": 0.3321,
        "稀释每股收益_元": 0.3321,
        "营业总收入_万元": 636544.100117,
        "营业总收入_亿元": 63.6544100117,
        "营收同比增长_百分比": -25.76,
        "营收环比增长_百分比": null,
        "净利润_万元": 54908.685274,
        "净利润_亿元": 5.4908685274,
        "净利润同比增长_百分比": -68.46,
        "净利润环比增长_百分比": null,
        "归母净利润_万元": 55477.684341,
        "少数股东损益_万元": -568.999067,
        "每股净资产_元": null,
        "净资产收益率_百分比": null,
        "扣非净资产收益率_百分比": null,
        "每股经营现金流_元": null,
        "扣非净利润_万元": 50725.313069,
        "扣非净利润同比增长_百分比": -69.07,
        "销售毛利率_百分比": null,
        "销售净利率_百分比": null,
        "加权平均净资产收益率_百分比": 4.8,
        "扣非加权净资产收益率_百分比": null,
        "总资产收益率_百分比": null,
        "主营业务收入_万元": null,
        "主营业务成本_万元": null,
        "主营业务利润_万元": null
    },
    "资产负债表": {
        "货币资金_万元": 90730.878174,
        "应收账款_万元": 277834.277344,
        "应收票据_万元": 0.0,
        "应收款项融资_万元": 30927.555581,
        "预付款项_万元": 14834.91865,
        "其他应收款_万元": 2614.700782,
        "存货_万元": 194090.592251,
        "合同资产_万元": null,
        "一年内到期的非流动资产_万元": null,
        "其他流动资产_万元": 6424.543529,
        "流动资产合计_万元": 618357.466311,
        "交易性金融资产_万元": 900.0,
        "债权投资_万元": null,
        "其他债权投资_万元": null,
        "长期应收款_万元": null,
        "长期股权投资_万元": 247.366945,
        "其他权益工具投资_万元": null,
        "投资性房地产_万元": 2336.218068,
        "固定资产_万元": 594372.887487,
        "在建工程_万元": 136071.010269,
        "生产性生物资产_万元": 467.843331,
        "油气资产_万元": null,
        "使用权资产_万元": 2378.336063,
        "无形资产_万元": 72123.434111,
        "开发支出_万元": 21674.161494,
        "商誉_万元": 11107.162541,
        "长期待摊费用_万元": 470.976366,
        "递延所得税资产_万元": 14751.790093,
        "其他非流动资产_万元": 21627.412464,
        "非流动资产合计_万元": 1043051.004787,
        "总资产_万元": 1661408.470998,
        "总资产同比增长_百分比": -2.15,
        "短期借款_万元": 60028.525,
        "交易性金融负债_万元": null,
        "应付票据_万元": 59256.204678,
        "应付账款_万元": 195549.414345,
        "预收款项_万元": null,
        "合同负债_万元": 17351.400627,
        "应付职工薪酬_万元": 20607.938546,
        "应交税费_万元": 9012.607155,
        "其他应付款_万元": 30633.341148,
        "一年内到期的非流动负债_万元": 301.670475,
        "其他流动负债_万元": 1034.229256,
        "流动负债合计_万元": null,
        "长期借款_万元": 66710.258196,
        "应付债券_万元": null,
        "租赁负债_万元": 2069.405094,
        "长期应付款_万元": null,
        "预计负债_万元": null,
        "递延收益_万元": 37559.106228,
        "递延所得税负债_万元": 12730.137982,
        "其他非流动负债_万元": null,
        "非流动负债合计_万元": 119068.9075,
        "总负债_万元": 512844.23873,
        "总负债同比增长_百分比": null,
        "资产负债率_百分比": null,
        "实收资本_万元": 167070.5376,
        "资本公积_万元": 234278.089614,
        "盈余公积_万元": 93676.24037,
        "未分配利润_万元": 655965.206816,
        "其他综合收益_万元": -606.131313,
        "专项储备_万元": null,
        "归属于母公司所有者权益合计_万元": 1150383.943087,
        "少数股东权益_万元": -1819.710719,
        "股东权益合计_万元": 1148564.232368
    },
    "利润表": {
        "营业总收入_万元": 636544.100117,
        "营业收入_万元": 636544.100117,
        "营业总收入同比增长_百分比": -25.76,
        "营业成本_万元": 296668.992787,
        "税金及附加_万元": 9254.314009,
        "销售费用_万元": 167200.979312,
        "管理费用_万元": 39504.642177,
        "研发费用_万元": 57191.283578,
        "财务费用_万元": 2565.713342,
        "其中利息费用_万元": 2846.520658,
        "其中利息收入_万元": 560.775008,
        "其他收益_万元": 4626.937855,
        "投资收益_万元": 50.114691,
        "其中对联营企业投资收益_万元": -0.828028,
        "公允价值变动收益_万元": 3886.327779,
        "信用减值损失_万元": -1764.119758,
        "资产减值损失_万元": -467.754602,
        "资产处置收益_万元": -176.304554,
        "营业总支出_万元": null,
        "营业利润_万元": 70313.376323,
        "营业外收入_万元": 249.945721,
        "营业外支出_万元": 3352.482983,
        "利润总额_万元": 67210.839061,
        "所得税费用_万元": 12302.153787,
        "净利润_万元": 54908.685274,
        "归母净利润_万元": 55477.684341,
        "少数股东损益_万元": -568.999067,
        "持续经营净利润_万元": 54908.685274,
        "终止经营净利润_万元": null,
        "其他综合收益_万元": 55.188375,
        "综合收益总额_万元": 54963.873649,
        "归母综合收益总额_万元": 55532.872716
    },
    "现金流量表": {
        "销售商品收到现金_万元": 543588.461479,
        "收到的税费返还_万元": 3966.322737,
        "收到其他经营活动现金_万元": 12481.334515,
        "经营活动现金流入_万元": 560036.118731,
        "购买商品支付现金_万元": 186615.648551,
        "支付职工现金_万元": 151295.900278,
        "支付税费_万元": 60895.70179,
        "支付其他经营活动现金_万元": 128965.885004,
        "经营活动现金流出_万元": 527773.135623,
        "经营现金流净额_万元": 32262.983108,
        "经营现金流净额同比增长_百分比": 123.08,
        "收回投资现金_万元": 213300.0,
        "取得投资收益现金_万元": 1333.617344,
        "处置资产收回现金_万元": 1.806262,
        "收到其他投资活动现金_万元": null,
        "投资活动现金流入_万元": 214635.423606,
        "投资支付现金_万元": 191240.0,
        "购建资产支付现金_万元": 23406.991038,
        "支付其他投资活动现金_万元": null,
        "投资活动现金流出_万元": 214646.991038,
        "投资现金流净额_万元": -11.567432,
        "吸收投资现金_万元": null,
        "取得借款现金_万元": 77000.0,
        "收到其他筹资活动现金_万元": 27771.673333,
        "筹资活动现金流入_万元": 104771.673333,
        "偿还债务现金_万元": 90296.9,
        "分配股利现金_万元": 24978.948771,
        "支付其他筹资活动现金_万元": 20284.727565,
        "筹资活动现金流出_万元": 135560.576336,
        "融资现金流净额_万元": -30788.903003,
        "汇率变动影响_万元": -1.981301,
        "现金及等价物净增加额_万元": 1460.531372,
        "净现金流_元": null,
        "净现金流同比增长_百分比": null,
        "期初现金及等价物_万元": 84663.412948,
        "期末现金及等价物_万元": 86123.94432,
        "经营现金流占比_百分比": null,
        "投资现金流占比_百分比": null,
        "融资现金流占比_百分比": null
    }
}