{
    "报告信息": {
        "序号": null,
        "股票代码": "002603",
        "股票简称": "以岭药业",
        "报告年份": "2023",
        "报告期": "半年度",
        "总股本_股": 1670705376,
        "流通股本_股": 1376251728,
        "报告日期": "2023年8月29日",
        "审计意见": "未经审计",
        "会计师事务所": "中勤万信会计师事务所（特殊普通合伙）",
        "期": "HY"
    },
    "核心业绩指标": {
        "每股收益_元": 0.9613,
        "稀释每股收益_元": 0.9613,
        "营业总收入_万元": 679056.155322,
        "营业总收入_亿元": 67.9056155322,
        "营收同比增长_百分比": 21.99,
        "营收环比增长_百分比": null,
        "净利润_万元": 160602.101698,
        "净利润_亿元": 16.0602101698,
        "净利润同比增长_百分比": 53.16,
        "净利润环比增长_百分比": null,
        "归母净利润_万元": 160602.101698,
        "少数股东损益_万元": -297.066705,
        "每股净资产_元": 7.0,
        "净资产收益率_百分比": 13.85,
        "扣非净资产收益率_百分比": null,
        "每股经营现金流_元": 0.407,
        "扣非净利润_万元": 154060.804088,
        "扣非净利润同比增长_百分比": 46.67,
        "销售毛利率_百分比": 61.73,
        "销售净利率_百分比": 23.64,
        "加权平均净资产收益率_百分比": 13.85,
        "扣非加权净资产收益率_百分比": null,
        "总资产收益率_百分比": 8.84,
        "主营业务收入_万元": 679056.155322,
        "主营业务成本_万元": 259836.379223,
        "主营业务利润_万元": 193835.97801
    },
    "资产负债表": {
        "货币资金_万元": 175517.531837,
        "应收账款_万元": 225096.371606,
        "应收票据_万元": null,
        "应收款项融资_万元": 18806.745774,
        "预付款项_万元": 21262.314935,
        "其他应收款_万元": 633.653597,
        "存货_万元": 251235.804353,
        "合同资产_万元": null,
        "一年内到期的非流动资产_万元": null,
        "其他流动资产_万元": 12687.790684,
        "流动资产合计_万元": 745707.443341,
        "交易性金融资产_万元": 40467.230555,
        "债权投资_万元": null,
        "其他债权投资_万元": null,
        "长期应收款_万元": null,
        "长期股权投资_万元": 248.716552,
        "其他权益工具投资_万元": null,
        "投资性房地产_万元": 2253.89594,
        "固定资产_万元": 542000.823124,
        "在建工程_万元": 156826.24149,
        "生产性生物资产_万元": 736.1027,
        "油气资产_万元": null,
        "使用权资产_万元": 1997.244962,
        "无形资产_万元": 75854.400811,
        "开发支出_万元": 12139.586637,
        "商誉_万元": 11423.74134,
        "长期待摊费用_万元": 281.162424,
        "递延所得税资产_万元": 16606.062052,
        "其他非流动资产_万元": 44421.652416,
        "非流动资产合计_万元": 1069652.410833,
        "总资产_万元": 1815359.854174,
        "总资产同比增长_百分比": 11.13,
        "短期借款_万元": 100057.2,
        "交易性金融负债_万元": null,
        "应付票据_万元": 56412.263183,
        "应付账款_万元": 229615.138841,
        "预收款项_万元": null,
        "合同负债_万元": 42103.042759,
        "应付职工薪酬_万元": 26590.033167,
        "应交税费_万元": 15328.631572,
        "其他应付款_万元": 92059.544242,
        "一年内到期的非流动负债_万元": 530.166984,
        "其他流动负债_万元": 1241.941521,
        "流动负债合计_万元": 563937.962269,
        "长期借款_万元": 30016.416667,
        "应付债券_万元": null,
        "租赁负债_万元": 1327.356413,
        "长期应付款_万元": null,
        "预计负债_万元": null,
        "递延收益_万元": 37878.046424,
        "递延所得税负债_万元": 12474.248734,
        "其他非流动负债_万元": null,
        "非流动负债合计_万元": 81696.068238,
        "总负债_万元": 645634.030507,
        "总负债同比增长_百分比": 19.35,
        "资产负债率_百分比": 35.57,
        "实收资本_万元": 167070.5376,
        "资本公积_万元": 234278.089614,
        "盈余公积_万元": 93677.049527,
        "未分配利润_万元": 675984.671847,
        "其他综合收益_万元": -622.40327,
        "专项储备_万元": null,
        "归属于母公司所有者权益合计_万元": 1170387.945318,
        "少数股东权益_万元": -662.121651,
        "股东权益合计_万元": 1169725.823667
    },
    "利润表": {
        "营业总收入_万元": 679056.155322,
        "营业收入_万元": 679056.155322,
        "营业总收入同比增长_百分比": 21.99,
        "营业成本_万元": 259836.379223,
        "税金及附加_万元": 7869.036567,
        "销售费用_万元": 152465.287284,
        "管理费用_万元": 29488.541089,
        "研发费用_万元": 40260.866084,
        "财务费用_万元": 473.298761,
        "其中利息费用_万元": 1579.808128,
        "其中利息收入_万元": 1173.029785,
        "其他收益_万元": 4107.462432,
        "投资收益_万元": 256.218057,
        "其中对联营企业投资收益_万元": -0.984783,
        "公允价值变动收益_万元": 2770.009722,
        "信用减值损失_万元": -273.735008,
        "资产减值损失_万元": -1591.554026,
        "资产处置收益_万元": -95.169481,
        "营业总支出_万元": 490393.409008,
        "营业利润_万元": 193835.97801,
        "营业外收入_万元": 275.883407,
        "营业外支出_万元": 772.709988,
        "利润总额_万元": 193339.151429,
        "所得税费用_万元": 33034.116436,
        "净利润_万元": 160305.034993,
        "归母净利润_万元": 160602.101698,
        "少数股东损益_万元": -297.066705,
        "持续经营净利润_万元": 160305.034993,
        "终止经营净利润_万元": null,
        "其他综合收益_万元": 99.375827,
        "综合收益总额_万元": 160404.41082,
        "归母综合收益总额_万元": 160701.477525
    },
    "现金流量表": {
        "销售商品收到现金_万元": 600208.886543,
        "收到的税费返还_万元": 7330.116197,
        "收到其他经营活动现金_万元": 12719.960845,
        "经营活动现金流入_万元": 620258.963585,
        "购买商品支付现金_万元": 183508.85749,
        "支付职工现金_万元": 129856.933104,
        "支付税费_万元": 111157.655801,
        "支付其他经营活动现金_万元": 127681.732368,
        "经营活动现金流出_万元": 552205.178763,
        "经营现金流净额_万元": 68053.784822,
        "经营现金流净额同比增长_百分比": -52.52,
        "收回投资现金_万元": 216100.0,
        "取得投资收益现金_万元": 2133.227761,
        "处置资产收回现金_万元": 27.8497,
        "收到其他投资活动现金_万元": null,
        "投资活动现金流入_万元": 218261.077461,
        "投资支付现金_万元": 272680.233333,
        "购建资产支付现金_万元": 12241.60782,
        "支付其他投资活动现金_万元": 47896.621588,
        "投资活动现金流出_万元": 334890.291869,
        "投资现金流净额_万元": -116629.214408,
        "吸收投资现金_万元": 84990.2,
        "取得借款现金_万元": 60000.0,
        "收到其他筹资活动现金_万元": 10000.0,
        "筹资活动现金流入_万元": 70000.0,
        "偿还债务现金_万元": 140000.0,
        "分配股利现金_万元": 1630.68208,
        "支付其他筹资活动现金_万元": 902.821557,
        "筹资活动现金流出_万元": 37222.146175,
        "融资现金流净额_万元": 32777.853825,
        "汇率变动影响_万元": 54.14316,
        "现金及等价物净增加额_万元": -15743.432601,
        "净现金流_元": -157434326.01,
        "净现金流同比增长_百分比": -123.03,
        "期初现金及等价物_万元": 95348.053374,
        "期末现金及等价物_万元": 163703.140303,
        "经营现金流占比_百分比": null,
        "投资现金流占比_百分比": null,
        "融资现金流占比_百分比": null
    }
}