{
    "报告信息": {
        "序号": null,
        "股票代码": "002603",
        "股票简称": "以岭药业",
        "报告年份": "2024",
        "报告期": "年度报告",
        "总股本_股": 1670705376,
        "流通股本_股": null,
        "报告日期": "2025-04-29",
        "审计意见": "标准的无保留意见",
        "会计师事务所": "中勤万信会计师事务所（特殊普通合伙）",
        "期": "FY"
    },
    "核心业绩指标": {
        "每股收益_元": -0.4337,
        "稀释每股收益_元": -0.4337,
        "营业总收入_万元": 333178.030905,
        "营业总收入_亿元": 33.3178030905,
        "营收同比增长_百分比": -36.88,
        "营收环比增长_百分比": null,
        "净利润_万元": -73418.353226,
        "净利润_亿元": -7.3418353226,
        "净利润同比增长_百分比": -153.57,
        "净利润环比增长_百分比": null,
        "归母净利润_万元": -72451.558224,
        "少数股东损益_万元": -966.795002,
        "每股净资产_元": 6.12,
        "净资产收益率_百分比": -6.69,
        "扣非净资产收益率_百分比": null,
        "每股经营现金流_元": null,
        "扣非净利润_万元": -79249.967379,
        "扣非净利润同比增长_百分比": -162.66,
        "销售毛利率_百分比": 50.17,
        "销售净利率_百分比": -11.27,
        "加权平均净资产收益率_百分比": -6.69,
        "扣非加权净资产收益率_百分比": -7.31,
        "总资产收益率_百分比": null,
        "主营业务收入_万元": 294135.338565,
        "主营业务成本_万元": 144295.18176,
        "主营业务利润_万元": null
    },
    "资产负债表": {
        "货币资金_万元": 85303.483938,
        "应收账款_万元": 122543.023642,
        "应收票据_万元": 0,
        "应收款项融资_万元": 16467.938978,
        "预付款项_万元": 5277.132379,
        "其他应收款_万元": 12984.979608,
        "存货_万元": 174638.034514,
        "合同资产_万元": null,
        "一年内到期的非流动资产_万元": null,
        "其他流动资产_万元": 16280.587853,
        "流动资产合计_万元": 433495.180912,
        "交易性金融资产_万元": 0,
        "债权投资_万元": null,
        "其他债权投资_万元": null,
        "长期应收款_万元": null,
        "长期股权投资_万元": 247.05416,
        "其他权益工具投资_万元": null,
        "投资性房地产_万元": 6255.664877,
        "固定资产_万元": 601150.30007,
        "在建工程_万元": 119694.032689,
        "生产性生物资产_万元": 1612.684232,
        "油气资产_万元": null,
        "使用权资产_万元": 2798.73157,
        "无形资产_万元": 80257.042718,
        "开发支出_万元": 26279.736923,
        "商誉_万元": 10951.24434,
        "长期待摊费用_万元": 408.04922,
        "递延所得税资产_万元": 36583.667585,
        "其他非流动资产_万元": 12083.719532,
        "非流动资产合计_万元": 898421.927916,
        "总资产_万元": 1331917.108828,
        "总资产同比增长_百分比": -21.56,
        "短期借款_万元": 0,
        "交易性金融负债_万元": null,
        "应付票据_万元": 5000,
        "应付账款_万元": 184657.549359,
        "预收款项_万元": null,
        "合同负债_万元": 27233.704206,
        "应付职工薪酬_万元": 28323.177277,
        "应交税费_万元": 7638.331575,
        "其他应付款_万元": 4847.608914,
        "一年内到期的非流动负债_万元": 823.804929,
        "其他流动负债_万元": 2144.712956,
        "流动负债合计_万元": 260668.889216,
        "长期借款_万元": 0,
        "应付债券_万元": null,
        "租赁负债_万元": 1821.290459,
        "长期应付款_万元": null,
        "预计负债_万元": null,
        "递延收益_万元": 37792.474064,
        "递延所得税负债_万元": 11425.188518,
        "其他非流动负债_万元": null,
        "非流动负债合计_万元": 51038.953041,
        "总负债_万元": 311707.842257,
        "总负债同比增长_百分比": null,
        "资产负债率_百分比": 23.38,
        "实收资本_万元": 167070.5376,
        "资本公积_万元": 234278.089614,
        "盈余公积_万元": 93676.24037,
        "未分配利润_万元": 528035.964251,
        "其他综合收益_万元": -712.058608,
        "专项储备_万元": null,
        "归属于母公司所有者权益合计_万元": 1022348.773227,
        "少数股东权益_万元": -2139.506656,
        "股东权益合计_万元": 1020209.266571
    },
    "利润表": {
        "营业总收入_万元": 333178.030905,
        "营业收入_万元": 333178.030905,
        "营业总收入同比增长_百分比": -36.88,
        "营业成本_万元": 156711.772748,
        "税金及附加_万元": 11921.187727,
        "销售费用_万元": 233470.430507,
        "管理费用_万元": 60001.10133,
        "研发费用_万元": 82657.264679,
        "财务费用_万元": 2241.489072,
        "其中利息费用_万元": 2900.674388,
        "其中利息收入_万元": 800.108951,
        "其他收益_万元": 16480.675197,
        "投资收益_万元": 34410.288318,
        "其中对联营企业投资收益_万元": -1.14081,
        "公允价值变动收益_万元": 0,
        "信用减值损失_万元": -1029.701975,
        "资产减值损失_万元": -24833.730139,
        "资产处置收益_万元": -48.718184,
        "营业总支出_万元": 714712.338122,
        "营业利润_万元": -68889.545205,
        "营业外收入_万元": 1047.258805,
        "营业外支出_万元": 12176.914383,
        "利润总额_万元": -80019.200783,
        "所得税费用_万元": -6600.847557,
        "净利润_万元": -73418.353226,
        "归母净利润_万元": -72451.558224,
        "少数股东损益_万元": -966.795002,
        "持续经营净利润_万元": -73418.353226,
        "终止经营净利润_万元": null,
        "其他综合收益_万元": -50.73892,
        "综合收益总额_万元": -73469.092146,
        "归母综合收益总额_万元": -72502.297144
    },
    "现金流量表": {
        "销售商品收到现金_万元": 737442.62247,
        "收到的税费返还_万元": 4707.370995,
        "收到其他经营活动现金_万元": 15837.397978,
        "经营活动现金流入_万元": 757987.391443,
        "购买商品支付现金_万元": 256764.211251,
        "支付职工现金_万元": 202893.518176,
        "支付税费_万元": 75833.33193,
        "支付其他经营活动现金_万元": 161395.012975,
        "经营活动现金流出_万元": 696886.074332,
        "经营现金流净额_万元": 61101.317111,
        "经营现金流净额同比增长_百分比": 293.04,
        "收回投资现金_万元": 403840,
        "取得投资收益现金_万元": 11740.456501,
        "处置资产收回现金_万元": 2.006262,
        "收到其他投资活动现金_万元": null,
        "投资活动现金流入_万元": 415582.462763,
        "投资支付现金_万元": 225340,
        "购建资产支付现金_万元": 29039.08618,
        "支付其他投资活动现金_万元": null,
        "投资活动现金流出_万元": 254379.08618,
        "投资现金流净额_万元": 161203.376583,
        "吸收投资现金_万元": null,
        "取得借款现金_万元": 87000,
        "收到其他筹资活动现金_万元": 31250,
        "筹资活动现金流入_万元": 118250,
        "偿还债务现金_万元": 226970,
        "分配股利现金_万元": 37530.542714,
        "支付其他筹资活动现金_万元": 79067.773858,
        "筹资活动现金流出_万元": 343568.316572,
        "融资现金流净额_万元": -225318.316572,
        "汇率变动影响_万元": 10.52737,
        "现金及等价物净增加额_万元": -3003.095508,
        "净现金流_元": -30030955.08,
        "净现金流同比增长_百分比": null,
        "期初现金及等价物_万元": 84663.412948,
        "期末现金及等价物_万元": 81660.31744,
        "经营现金流占比_百分比": null,
        "投资现金流占比_百分比": null,
        "融资现金流占比_百分比": null
    }
}