{
    "报告信息": {
        "序号": null,
        "股票代码": "002603",
        "股票简称": "以岭药业",
        "报告年份": "2022",
        "报告期": null,
        "总股本_股": 1670705376,
        "流通股本_股": null,
        "报告日期": null,
        "审计意见": "标准的无保留意见",
        "会计师事务所": "中勤万信会计师事务所（特殊普通合伙）",
        "期": "FY"
    },
    "核心业绩指标": {
        "每股收益_元": 1.4137,
        "稀释每股收益_元": 1.4137,
        "营业总收入_万元": 1253284.102858,
        "营业总收入_亿元": 125.33,
        "营收同比增长_百分比": 23.88,
        "营收环比增长_百分比": null,
        "净利润_万元": 236180.471455,
        "净利润_亿元": 23.62,
        "净利润同比增长_百分比": 75.75,
        "净利润环比增长_百分比": null,
        "归母净利润_万元": 236180.471455,
        "少数股东损益_万元": -498.313684,
        "每股净资产_元": null,
        "净资产收益率_百分比": 23.62,
        "扣非净资产收益率_百分比": null,
        "每股经营现金流_元": null,
        "扣非净利润_万元": 232314.534472,
        "扣非净利润同比增长_百分比": 83.68,
        "销售毛利率_百分比": null,
        "销售净利率_百分比": null,
        "加权平均净资产收益率_百分比": 23.62,
        "扣非加权净资产收益率_百分比": null,
        "总资产收益率_百分比": null,
        "主营业务收入_万元": 125198.0235164,
        "主营业务成本_万元": 452660.109325,
        "主营业务利润_万元": null
    },
    "资产负债表": {
        "货币资金_万元": 190427.644311,
        "应收账款_万元": 172680.670236,
        "应收票据_万元": null,
        "应收款项融资_万元": 45085.893867,
        "预付款项_万元": 51633.232253,
        "其他应收款_万元": 556.941016,
        "存货_万元": 202182.15242,
        "合同资产_万元": null,
        "一年内到期的非流动资产_万元": null,
        "其他流动资产_万元": 11013.870108,
        "流动资产合计_万元": 725418.728144,
        "交易性金融资产_万元": 51838.323933,
        "债权投资_万元": null,
        "其他债权投资_万元": null,
        "长期应收款_万元": null,
        "长期股权投资_万元": 24.9701335,
        "其他权益工具投资_万元": null,
        "投资性房地产_万元": 2334.771551,
        "固定资产_万元": 462511.273747,
        "在建工程_万元": 157429.959509,
        "生产性生物资产_万元": 752.301468,
        "油气资产_万元": null,
        "使用权资产_万元": 2237.564653,
        "无形资产_万元": 72401.177281,
        "开发支出_万元": 10394.328661,
        "商誉_万元": null,
        "长期待摊费用_万元": 322.139692,
        "递延所得税资产_万元": 27988.003003,
        "其他非流动资产_万元": 36930.715889,
        "非流动资产合计_万元": 908192.540783,
        "总资产_万元": 1633611.268927,
        "总资产同比增长_百分比": 26.59,
        "短期借款_万元": 50034.527777,
        "交易性金融负债_万元": null,
        "应付票据_万元": 58091.7684,
        "应付账款_万元": 147985.819038,
        "预收款项_万元": null,
        "合同负债_万元": 110575.203071,
        "应付职工薪酬_万元": 37977.157941,
        "应交税费_万元": 47400.162798,
        "其他应付款_万元": 12029.032631,
        "一年内到期的非流动负债_万元": 15598.081977,
        "其他流动负债_万元": 5321.476687,
        "流动负债合计_万元": 485013.23032,
        "长期借款_万元": 20015.0,
        "应付债券_万元": null,
        "租赁负债_万元": 1497.344261,
        "长期应付款_万元": null,
        "预计负债_万元": null,
        "递延收益_万元": 33502.250803,
        "递延所得税负债_万元": 556.261375,
        "其他非流动负债_万元": null,
        "非流动负债合计_万元": 55570.856439,
        "总负债_万元": 540584.086759,
        "总负债同比增长_百分比": null,
        "资产负债率_百分比": 33.09,
        "实收资本_万元": 167070.5376,
        "资本公积_万元": 234278.089614,
        "盈余公积_万元": 93677.049527,
        "未分配利润_万元": 598917.838949,
        "其他综合收益_万元": -721.779097,
        "专项储备_万元": null,
        "归属于母公司所有者权益合计_万元": 1093221.736593,
        "少数股东权益_万元": -194.554425,
        "股东权益合计_万元": 1093027.182168
    },
    "利润表": {
        "营业总收入_万元": 1253284.102858,
        "营业收入_万元": 1253284.102858,
        "营业总收入同比增长_百分比": 23.88,
        "营业成本_万元": 454057.2051,
        "税金及附加_万元": 20344.873011,
        "销售费用_万元": 325871.412911,
        "管理费用_万元": 61222.066425,
        "研发费用_万元": 103200.645909,
        "财务费用_万元": 1991.968705,
        "其中利息费用_万元": 3379.550241,
        "其中利息收入_万元": 1289.637014,
        "其他收益_万元": 8056.139888,
        "投资收益_万元": -722.907389,
        "其中对联营企业投资收益_万元": -0.298665,
        "公允价值变动收益_万元": 1873.370832,
        "信用减值损失_万元": -1692.669175,
        "资产减值损失_万元": -10843.168906,
        "资产处置收益_万元": -311.174954,
        "营业总支出_万元": 966688.172061,
        "营业利润_万元": 282955.521093,
        "营业外收入_万元": 836.803062,
        "营业外支出_万元": 5728.034974,
        "利润总额_万元": 278064.289181,
        "所得税费用_万元": 42382.13141,
        "净利润_万元": 236180.471455,
        "归母净利润_万元": 236180.471455,
        "少数股东损益_万元": -498.313684,
        "持续经营净利润_万元": 236180.471455,
        "终止经营净利润_万元": null,
        "其他综合收益_万元": 249.258851,
        "综合收益总额_万元": 235931.416622,
        "归母综合收益总额_万元": 236429.730306
    },
    "现金流量表": {
        "销售商品收到现金_万元": 1384317.510637,
        "收到的税费返还_万元": 29969.897536,
        "收到其他经营活动现金_万元": 17625.51625,
        "经营活动现金流入_万元": 1431912.924423,
        "购买商品支付现金_万元": 468360.364167,
        "支付职工现金_万元": 206630.53583,
        "支付税费_万元": 162178.717843,
        "支付其他经营活动现金_万元": 245969.664972,
        "经营活动现金流出_万元": 1083139.282812,
        "经营现金流净额_万元": 348773.641611,
        "经营现金流净额同比增长_百分比": 559.69,
        "收回投资现金_万元": 167303.811113,
        "取得投资收益现金_万元": 766.39958,
        "处置资产收回现金_万元": 35.052,
        "收到其他投资活动现金_万元": null,
        "投资活动现金流入_万元": 168105.262693,
        "投资支付现金_万元": 346187.303997,
        "购建资产支付现金_万元": 21398.041457,
        "支付其他投资活动现金_万元": null,
        "投资活动现金流出_万元": 367585.345454,
        "投资现金流净额_万元": -199480.082761,
        "吸收投资现金_万元": null,
        "取得借款现金_万元": 184981.2,
        "收到其他筹资活动现金_万元": null,
        "筹资活动现金流入_万元": 184981.2,
        "偿还债务现金_万元": 220000.9,
        "分配股利现金_万元": 28270.20799,
        "支付其他筹资活动现金_万元": 410.189072,
        "筹资活动现金流出_万元": 248681.297062,
        "融资现金流净额_万元": -63700.097062,
        "汇率变动影响_万元": 124.799953,
        "现金及等价物净增加额_万元": 85718.261741,
        "净现金流_元": null,
        "净现金流同比增长_百分比": 405.38,
        "期初现金及等价物_万元": 95348.053374,
        "期末现金及等价物_万元": 181066.315115,
        "经营现金流占比_百分比": null,
        "投资现金流占比_百分比": null,
        "融资现金流占比_百分比": null
    }
}