{
    "报告信息": {
        "序号": null,
        "股票代码": "002603",
        "股票简称": "以岭药业",
        "报告年份": "2023",
        "报告期": "2023年年度报告",
        "总股本_股": 1670705376,
        "流通股本_股": null,
        "报告日期": "2024年4月27日",
        "审计意见": "标准的无保留意见",
        "会计师事务所": "中勤万信会计师事务所（特殊普通合伙）",
        "期": "FY"
    },
    "核心业绩指标": {
        "每股收益_元": 0.8095,
        "稀释每股收益_元": 0.8095,
        "营业总收入_万元": 1031831.285148,
        "营业总收入_亿元": 103.1831285148,
        "营收同比增长_百分比": -17.67,
        "营收环比增长_百分比": null,
        "净利润_万元": 135237.924286,
        "净利润_亿元": 13.5237924286,
        "净利润同比增长_百分比": -42.76,
        "净利润环比增长_百分比": null,
        "归母净利润_万元": 135237.924286,
        "少数股东损益_万元": -807.656708,
        "每股净资产_元": 6.86,
        "净资产收益率_百分比": 12.16,
        "扣非净资产收益率_百分比": null,
        "每股经营现金流_元": 0.093,
        "扣非净利润_万元": 126473.086067,
        "扣非净利润同比增长_百分比": -45.58,
        "销售毛利率_百分比": null,
        "销售净利率_百分比": 13.11,
        "加权平均净资产收益率_百分比": 12.16,
        "扣非加权净资产收益率_百分比": null,
        "总资产收益率_百分比": null,
        "主营业务收入_万元": 1031831.285148,
        "主营业务成本_万元": 440780.914242,
        "主营业务利润_万元": null
    },
    "资产负债表": {
        "货币资金_万元": 94051.243311,
        "应收账款_万元": 240118.636409,
        "应收票据_万元": 400.0,
        "应收款项融资_万元": 19123.656108,
        "预付款项_万元": 10971.17683,
        "其他应收款_万元": 535.342574,
        "存货_万元": 245869.20349,
        "合同资产_万元": null,
        "一年内到期的非流动资产_万元": null,
        "其他流动资产_万元": 22708.453935,
        "流动资产合计_万元": 654374.573768,
        "交易性金融资产_万元": 20596.861111,
        "债权投资_万元": null,
        "其他债权投资_万元": null,
        "长期应收款_万元": null,
        "长期股权投资_万元": 248.19497,
        "其他权益工具投资_万元": null,
        "投资性房地产_万元": 2482.233779,
        "固定资产_万元": 581454.221185,
        "在建工程_万元": 147058.63763,
        "生产性生物资产_万元": 555.407872,
        "油气资产_万元": null,
        "使用权资产_万元": 2053.308409,
        "无形资产_万元": 74352.007048,
        "开发支出_万元": 18546.604675,
        "商誉_万元": 11574.917143,
        "长期待摊费用_万元": 390.01849,
        "递延所得税资产_万元": 18357.972129,
        "其他非流动资产_万元": 21657.057982,
        "非流动资产合计_万元": 1043558.079921,
        "总资产_万元": 1697932.653689,
        "总资产同比增长_百分比": 3.91,
        "短期借款_万元": 60034.861109,
        "交易性金融负债_万元": null,
        "应付票据_万元": 72278.903734,
        "应付账款_万元": 212375.521782,
        "预收款项_万元": null,
        "合同负债_万元": 28752.144118,
        "应付职工薪酬_万元": 28115.370846,
        "应交税费_万元": 16989.023498,
        "其他应付款_万元": 4319.986856,
        "一年内到期的非流动负债_万元": 20661.61689,
        "其他流动负债_万元": 1142.686723,
        "流动负债合计_万元": 444670.115556,
        "长期借款_万元": 59910.0,
        "应付债券_万元": null,
        "租赁负债_万元": 1301.441207,
        "长期应付款_万元": null,
        "预计负债_万元": null,
        "递延收益_万元": 35237.382038,
        "递延所得税负债_万元": 13014.194891,
        "其他非流动负债_万元": null,
        "非流动负债合计_万元": 109463.018136,
        "总负债_万元": 554133.133692,
        "总负债同比增长_百分比": null,
        "资产负债率_百分比": null,
        "实收资本_万元": null,
        "资本公积_万元": 234278.089614,
        "盈余公积_万元": 93676.24037,
        "未分配利润_万元": 650608.683755,
        "其他综合收益_万元": -661.319688,
        "专项储备_万元": null,
        "归属于母公司所有者权益合计_万元": 1144972.231651,
        "少数股东权益_万元": -1172.711654,
        "股东权益合计_万元": 1143799.519997
    },
    "利润表": {
        "营业总收入_万元": 1031831.285148,
        "营业收入_万元": 1031831.285148,
        "营业总收入同比增长_百分比": -17.67,
        "营业成本_万元": 440780.914242,
        "税金及附加_万元": 13512.754173,
        "销售费用_万元": 270466.235069,
        "管理费用_万元": 59204.181539,
        "研发费用_万元": 85318.733274,
        "财务费用_万元": 2636.809685,
        "其中利息费用_万元": 3890.073282,
        "其中利息收入_万元": 1609.407314,
        "其他收益_万元": 17528.243635,
        "投资收益_万元": 2595.035915,
        "其中对联营企业投资收益_万元": -1.506365,
        "公允价值变动收益_万元": 3935.376388,
        "信用减值损失_万元": -2369.824504,
        "资产减值损失_万元": -3535.805207,
        "资产处置收益_万元": -81.930468,
        "营业总支出_万元": null,
        "营业利润_万元": 177982.752925,
        "营业外收入_万元": 843.958651,
        "营业外支出_万元": 10405.575616,
        "利润总额_万元": 168421.13596,
        "所得税费用_万元": 33990.868382,
        "净利润_万元": 135237.924286,
        "归母净利润_万元": 135237.924286,
        "少数股东损益_万元": -807.656708,
        "持续经营净利润_万元": 135237.924286,
        "终止经营净利润_万元": null,
        "其他综合收益_万元": 60.459409,
        "综合收益总额_万元": 134490.726987,
        "归母综合收益总额_万元": 135298.383695
    },
    "现金流量表": {
        "销售商品收到现金_万元": 918114.427441,
        "收到的税费返还_万元": 8449.54261,
        "收到其他经营活动现金_万元": 27780.666731,
        "经营活动现金流入_万元": 954344.636782,
        "购买商品支付现金_万元": 341723.781238,
        "支付职工现金_万元": 222648.952841,
        "支付税费_万元": 140818.936051,
        "支付其他经营活动现金_万元": 233607.223273,
        "经营活动现金流出_万元": 938798.893403,
        "经营现金流净额_万元": 15545.743379,
        "经营现金流净额同比增长_百分比": -95.54,
        "收回投资现金_万元": 368722.337328,
        "取得投资收益现金_万元": 3783.41218,
        "处置资产收回现金_万元": 96.595983,
        "收到其他投资活动现金_万元": null,
        "投资活动现金流入_万元": 372602.345491,
        "投资支付现金_万元": 363812.233333,
        "购建资产支付现金_万元": 31083.39931,
        "支付其他投资活动现金_万元": null,
        "投资活动现金流出_万元": 462524.132881,
        "投资现金流净额_万元": -89921.78739,
        "吸收投资现金_万元": null,
        "取得借款现金_万元": 120000.0,
        "收到其他筹资活动现金_万元": 50000.0,
        "筹资活动现金流入_万元": 170000.0,
        "偿还债务现金_万元": 65030.0,
        "分配股利现金_万元": 87277.194806,
        "支付其他筹资活动现金_万元": 39752.303338,
        "筹资活动现金流出_万元": 192059.498144,
        "融资现金流净额_万元": -22059.498144,
        "汇率变动影响_万元": 32.639988,
        "现金及等价物净增加额_万元": -96402.902167,
        "净现金流_元": -964029021.67,
        "净现金流同比增长_百分比": null,
        "期初现金及等价物_万元": 181066.315115,
        "期末现金及等价物_万元": 84663.412948,
        "经营现金流占比_百分比": null,
        "投资现金流占比_百分比": null,
        "融资现金流占比_百分比": null
    }
}