{
    "报告信息": {
        "序号": null,
        "股票代码": "002603",
        "股票简称": "以岭药业",
        "报告年份": "2023",
        "报告期": "第三季度",
        "总股本_股": 1670705376,
        "流通股本_股": null,
        "报告日期": "2023-10-28",
        "审计意见": "未经审计",
        "会计师事务所": null,
        "期": "Q3"
    },
    "核心业绩指标": {
        "每股收益_元": 1.0527,
        "稀释每股收益_元": 1.0527,
        "营业总收入_万元": 857467.832029,
        "营业总收入_亿元": 85.7467832029,
        "营收同比增长_百分比": 7.91,
        "营收环比增长_百分比": null,
        "净利润_万元": 175393.673334,
        "净利润_亿元": 17.5393673334,
        "净利润同比增长_百分比": 24.35,
        "净利润环比增长_百分比": null,
        "归母净利润_万元": 175868.441171,
        "少数股东损益_万元": -474.767837,
        "每股净资产_元": null,
        "净资产收益率_百分比": null,
        "扣非净资产收益率_百分比": null,
        "每股经营现金流_元": null,
        "扣非净利润_万元": 163995.963001,
        "扣非净利润同比增长_百分比": 15.84,
        "销售毛利率_百分比": null,
        "销售净利率_百分比": null,
        "加权平均净资产收益率_百分比": 15.37,
        "扣非加权净资产收益率_百分比": null,
        "总资产收益率_百分比": null,
        "主营业务收入_万元": 857467.832029,
        "主营业务成本_万元": 334304.839868,
        "主营业务利润_万元": null
    },
    "资产负债表": {
        "货币资金_万元": 107261.885834,
        "应收账款_万元": 248800.527865,
        "应收票据_万元": null,
        "应收款项融资_万元": 16508.60191,
        "预付款项_万元": 23384.839217,
        "其他应收款_万元": 654.091595,
        "存货_万元": 242661.28399,
        "合同资产_万元": null,
        "一年内到期的非流动资产_万元": null,
        "其他流动资产_万元": 19611.035767,
        "流动资产合计_万元": 682483.407845,
        "交易性金融资产_万元": 23601.141667,
        "债权投资_万元": null,
        "其他债权投资_万元": null,
        "长期应收款_万元": null,
        "长期股权投资_万元": 248.70065,
        "其他权益工具投资_万元": null,
        "投资性房地产_万元": 2681.79396,
        "固定资产_万元": 534232.61751,
        "在建工程_万元": 163030.177291,
        "生产性生物资产_万元": 844.676693,
        "油气资产_万元": null,
        "使用权资产_万元": 1823.456455,
        "无形资产_万元": 75142.36621,
        "开发支出_万元": 15736.833325,
        "商誉_万元": 11423.74134,
        "长期待摊费用_万元": 260.715457,
        "递延所得税资产_万元": 11806.615615,
        "其他非流动资产_万元": 47470.74974,
        "非流动资产合计_万元": 1061016.971853,
        "总资产_万元": 1743500.379698,
        "总资产同比增长_百分比": 6.73,
        "短期借款_万元": 90050.325,
        "交易性金融负债_万元": null,
        "应付票据_万元": 42102.812092,
        "应付账款_万元": 188537.353682,
        "预收款项_万元": null,
        "合同负债_万元": 21268.794491,
        "应付职工薪酬_万元": 23575.811753,
        "应交税费_万元": 18003.229266,
        "其他应付款_万元": null,
        "一年内到期的非流动负债_万元": 440.815888,
        "其他流动负债_万元": 1804.861173,
        "流动负债合计_万元": 439196.184376,
        "长期借款_万元": 70040.052778,
        "应付债券_万元": null,
        "租赁负债_万元": 1266.221535,
        "长期应付款_万元": null,
        "预计负债_万元": null,
        "递延收益_万元": 35621.920767,
        "递延所得税负债_万元": 12571.510358,
        "其他非流动负债_万元": null,
        "非流动负债合计_万元": 119499.705438,
        "总负债_万元": 558695.889814,
        "总负债同比增长_百分比": null,
        "资产负债率_百分比": null,
        "实收资本_万元": 167070.5376,
        "资本公积_万元": 234278.089614,
        "盈余公积_万元": 93677.049527,
        "未分配利润_万元": 691251.01132,
        "其他综合收益_万元": -632.375394,
        "专项储备_万元": null,
        "归属于母公司所有者权益合计_万元": 1185644.312667,
        "少数股东权益_万元": -839.822783,
        "股东权益合计_万元": 1184804.489884
    },
    "利润表": {
        "营业总收入_万元": 857467.832029,
        "营业收入_万元": 857467.832029,
        "营业总收入同比增长_百分比": null,
        "营业成本_万元": 334304.839868,
        "税金及附加_万元": 11021.614291,
        "销售费用_万元": 208997.435402,
        "管理费用_万元": 43036.076977,
        "研发费用_万元": 59370.878264,
        "财务费用_万元": 945.309472,
        "其中利息费用_万元": 2587.181088,
        "其中利息收入_万元": 1715.906419,
        "其他收益_万元": 11464.655809,
        "投资收益_万元": -38.95862,
        "其中对联营企业投资收益_万元": -1.000685,
        "公允价值变动收益_万元": 4442.556945,
        "信用减值损失_万元": -1048.568616,
        "资产减值损失_万元": -1591.554026,
        "资产处置收益_万元": -148.602334,
        "营业总支出_万元": null,
        "营业利润_万元": 212871.206913,
        "营业外收入_万元": 386.165171,
        "营业外支出_万元": 2648.441774,
        "利润总额_万元": 210608.93031,
        "所得税费用_万元": 35215.256976,
        "净利润_万元": 175393.673334,
        "归母净利润_万元": 175868.441171,
        "少数股东损益_万元": -474.767837,
        "持续经营净利润_万元": 175393.673334,
        "终止经营净利润_万元": null,
        "其他综合收益_万元": 89.403703,
        "综合收益总额_万元": 175483.077037,
        "归母综合收益总额_万元": 175957.844874
    },
    "现金流量表": {
        "销售商品收到现金_万元": 742841.581471,
        "收到的税费返还_万元": 7594.218094,
        "收到其他经营活动现金_万元": 16007.576341,
        "经营活动现金流入_万元": 766443.375906,
        "购买商品支付现金_万元": 266861.825249,
        "支付职工现金_万元": 178896.078208,
        "支付税费_万元": 127955.907886,
        "支付其他经营活动现金_万元": 178267.304728,
        "经营活动现金流出_万元": 751981.116071,
        "经营现金流净额_万元": 14462.259835,
        "经营现金流净额同比增长_百分比": -88.18,
        "收回投资现金_万元": 299100.0,
        "取得投资收益现金_万元": 2124.262142,
        "处置资产收回现金_万元": 63.43447,
        "收到其他投资活动现金_万元": null,
        "投资活动现金流入_万元": 301287.696612,
        "投资支付现金_万元": 328680.233333,
        "购建资产支付现金_万元": 20848.404353,
        "支付其他投资活动现金_万元": null,
        "投资活动现金流出_万元": 412416.4038,
        "投资现金流净额_万元": -111128.707188,
        "吸收投资现金_万元": null,
        "取得借款现金_万元": 110000.0,
        "收到其他筹资活动现金_万元": 19841.622917,
        "筹资活动现金流入_万元": 129841.622917,
        "偿还债务现金_万元": 35000.0,
        "分配股利现金_万元": 40548.153553,
        "支付其他筹资活动现金_万元": 39575.539251,
        "筹资活动现金流出_万元": 115123.692804,
        "融资现金流净额_万元": 14717.930113,
        "汇率变动影响_万元": 42.229725,
        "现金及等价物净增加额_万元": -81906.287515,
        "净现金流_元": null,
        "净现金流同比增长_百分比": null,
        "期初现金及等价物_万元": 190427.644311,
        "期末现金及等价物_万元": 107261.885834,
        "经营现金流占比_百分比": null,
        "投资现金流占比_百分比": null,
        "融资现金流占比_百分比": null
    }
}