{
    "报告信息": {
        "序号": null,
        "股票代码": "002317",
        "股票简称": "众生药业",
        "报告年份": "2023",
        "报告期": "FY",
        "总股本_股": 853350477,
        "流通股本_股": null,
        "报告日期": "2024-04-23",
        "审计意见": "标准无保留意见",
        "会计师事务所": "华兴会计师事务所（特殊普通合伙）"
    },
    "核心业绩指标": {
        "每股收益_元": 0.32,
        "稀释每股收益_元": 0.32,
        "营业总收入_万元": 261055.012098,
        "营业总收入_亿元": 26.1055012098,
        "营收同比增长_百分比": -2.45,
        "营收环比增长_百分比": null,
        "净利润_万元": 24990.09409,
        "净利润_亿元": 2.499009409,
        "净利润同比增长_百分比": -18.25,
        "净利润环比增长_百分比": null,
        "归母净利润_万元": 24990.09409,
        "少数股东损益_万元": null,
        "每股净资产_元": 5.1,
        "净资产收益率_百分比": 6.58,
        "扣非净资产收益率_百分比": null,
        "每股经营现金流_元": 0.2234,
        "扣非净利润_万元": 31573.867649,
        "扣非净利润同比增长_百分比": 1.45,
        "销售毛利率_百分比": 60.96,
        "销售净利率_百分比": 10.09,
        "加权平均净资产收益率_百分比": 6.58,
        "扣非加权净资产收益率_百分比": null,
        "总资产收益率_百分比": null,
        "主营业务收入_万元": 260015.92,
        "主营业务成本_万元": 1075168.69472,
        "主营业务利润_万元": null
    },
    "资产负债表": {
        "货币资金_万元": 125204.332029,
        "应收账款_万元": 48053.779848,
        "应收票据_万元": 49775.550756,
        "应收款项融资_万元": 0.32,
        "预付款项_万元": 8733.957902,
        "其他应收款_万元": 1652.123375,
        "存货_万元": 52039.330489,
        "合同资产_万元": 0,
        "一年内到期的非流动资产_万元": 30788.647121,
        "其他流动资产_万元": 11506.603601,
        "流动资产合计_万元": 396060.676322,
        "交易性金融资产_万元": 68306.031201,
        "债权投资_万元": null,
        "其他债权投资_万元": null,
        "长期应收款_万元": null,
        "长期股权投资_万元": 181.546682,
        "其他权益工具投资_万元": 12233.425237,
        "投资性房地产_万元": 346.530986,
        "固定资产_万元": 56909.828127,
        "在建工程_万元": 12354.872301,
        "生产性生物资产_万元": null,
        "油气资产_万元": null,
        "使用权资产_万元": 326.255202,
        "无形资产_万元": 44669.918202,
        "开发支出_万元": 53834.998164,
        "商誉_万元": 20862.619709,
        "长期待摊费用_万元": 336.386847,
        "递延所得税资产_万元": 4244.764012,
        "其他非流动资产_万元": 40013.918118,
        "非流动资产合计_万元": 249791.563587,
        "总资产_万元": 645852.239909,
        "总资产同比增长_百分比": 11.83,
        "短期借款_万元": 62148.751516,
        "交易性金融负债_万元": null,
        "应付票据_万元": 900,
        "应付账款_万元": 8478.412875,
        "预收款项_万元": null,
        "合同负债_万元": 2590.868208,
        "应付职工薪酬_万元": 4978.240468,
        "应交税费_万元": 5265.072511,
        "其他应付款_万元": 12277.796637,
        "一年内到期的非流动负债_万元": 481.191863,
        "其他流动负债_万元": 4411.09374,
        "流动负债合计_万元": 101531.427818,
        "长期借款_万元": 9700,
        "应付债券_万元": null,
        "租赁负债_万元": 130.17334,
        "长期应付款_万元": 63761.002123,
        "预计负债_万元": null,
        "递延收益_万元": 13266.880947,
        "递延所得税负债_万元": 4895.09433,
        "其他非流动负债_万元": null,
        "非流动负债合计_万元": 91753.15074,
        "总负债_万元": 193284.578558,
        "总负债同比增长_百分比": null,
        "资产负债率_百分比": null,
        "实收资本_万元": null,
        "资本公积_万元": 180710.129743,
        "盈余公积_万元": 32150.103358,
        "未分配利润_万元": 138412.989172,
        "其他综合收益_万元": 5736.270525,
        "专项储备_万元": null,
        "归属于母公司所有者权益合计_万元": 435630.463227,
        "少数股东权益_万元": 16937.198124,
        "股东权益合计_万元": 452567.661351
    },
    "利润表": {
        "营业总收入_万元": 261055.012098,
        "营业收入_万元": 261055.012098,
        "营业总收入同比增长_百分比": -2.45,
        "营业成本_万元": 1075168.69472,
        "税金及附加_万元": 2492.486182,
        "销售费用_万元": 88989.74415,
        "管理费用_万元": 15564.617002,
        "研发费用_万元": 12736.902112,
        "财务费用_万元": 1678.41626,
        "其中利息费用_万元": 4691.191765,
        "其中利息收入_万元": 3061.002203,
        "其他收益_万元": 660.366362,
        "投资收益_万元": 2352.848975,
        "其中对联营企业投资收益_万元": null,
        "公允价值变动收益_万元": -6523.075423,
        "信用减值损失_万元": 39.893731,
        "资产减值损失_万元": -1674.646111,
        "资产处置收益_万元": 2168.443117,
        "营业总支出_万元": null,
        "营业利润_万元": null,
        "营业外收入_万元": 119.279046,
        "营业外支出_万元": 1626.673817,
        "利润总额_万元": 28365.687931,
        "所得税费用_万元": 3375.593841,
        "净利润_万元": 24990.09409,
        "归母净利润_万元": 24990.09409,
        "少数股东损益_万元": null,
        "持续经营净利润_万元": null,
        "终止经营净利润_万元": null,
        "其他综合收益_万元": null,
        "综合收益总额_万元": null,
        "归母综合收益总额_万元": null
    },
    "现金流量表": {
        "销售商品收到现金_万元": 240991.16842,
        "收到的税费返还_万元": 2245.400432,
        "收到其他经营活动现金_万元": 16906.591278,
        "经营活动现金流入_万元": 260143.16013,
        "购买商品支付现金_万元": 79993.200563,
        "支付职工现金_万元": 23933.353094,
        "支付税费_万元": 23822.075401,
        "支付其他经营活动现金_万元": 113333.167868,
        "经营活动现金流出_万元": 241081.796926,
        "经营现金流净额_万元": 19061.363204,
        "经营现金流净额同比增长_百分比": 202.23,
        "收回投资现金_万元": null,
        "取得投资收益现金_万元": null,
        "处置资产收回现金_万元": null,
        "收到其他投资活动现金_万元": null,
        "投资活动现金流入_万元": 43036.979846,
        "投资支付现金_万元": null,
        "购建资产支付现金_万元": null,
        "支付其他投资活动现金_万元": null,
        "投资活动现金流出_万元": 117360.676443,
        "投资现金流净额_万元": -74323.696597,
        "吸收投资现金_万元": null,
        "取得借款现金_万元": null,
        "收到其他筹资活动现金_万元": null,
        "筹资活动现金流入_万元": 206588.993471,
        "偿还债务现金_万元": null,
        "分配股利现金_万元": null,
        "支付其他筹资活动现金_万元": null,
        "筹资活动现金流出_万元": 122417.218441,
        "融资现金流净额_万元": 84171.77503,
        "汇率变动影响_万元": null,
        "现金及等价物净增加额_万元": 28949.058139,
        "净现金流_元": 289490581.39,
        "净现金流同比增长_百分比": 381.34,
        "期初现金及等价物_万元": 92767.155682,
        "期末现金及等价物_万元": 125204.332029,
        "经营现金流占比_百分比": null,
        "投资现金流占比_百分比": null,
        "融资现金流占比_百分比": null
    }
}