{
    "报告信息": {
        "序号": null,
        "股票代码": "002317",
        "股票简称": "众生药业",
        "报告年份": "2024",
        "报告期": "Q1",
        "总股本_股": 853350477,
        "流通股本_股": null,
        "报告日期": "2024-04-21",
        "审计意见": "未经审计",
        "会计师事务所": null
    },
    "核心业绩指标": {
        "每股收益_元": 0.06,
        "稀释每股收益_元": 0.06,
        "营业总收入_万元": 64112.38525,
        "营业总收入_亿元": 0.6411238525,
        "营收同比增长_百分比": -14.15,
        "营收环比增长_百分比": null,
        "净利润_万元": 4871.092621,
        "净利润_亿元": 0.04871092621,
        "净利润同比增长_百分比": -64.47,
        "净利润环比增长_百分比": null,
        "归母净利润_万元": 5129.386637,
        "少数股东损益_万元": -258.294016,
        "每股净资产_元": 5.168,
        "净资产收益率_百分比": 1.17,
        "扣非净资产收益率_百分比": null,
        "每股经营现金流_元": -0.093,
        "扣非净利润_万元": 7222.690708,
        "扣非净利润同比增长_百分比": -43.58,
        "销售毛利率_百分比": 56.29,
        "销售净利率_百分比": 7.6,
        "加权平均净资产收益率_百分比": 1.17,
        "扣非加权净资产收益率_百分比": null,
        "总资产收益率_百分比": 0.78,
        "主营业务收入_万元": 64112.38525,
        "主营业务成本_万元": 27895.244418,
        "主营业务利润_万元": 5927.388943
    },
    "资产负债表": {
        "货币资金_万元": 95.460179051,
        "应收账款_万元": 48.768641737,
        "应收票据_万元": 72.679284702,
        "应收款项融资_万元": 0.32,
        "预付款项_万元": 9.219329846,
        "其他应收款_万元": 1.545255141,
        "存货_万元": 49.050049165,
        "合同资产_万元": 0,
        "一年内到期的非流动资产_万元": 17.793842739,
        "其他流动资产_万元": 11.457529207,
        "流动资产合计_万元": 356.639250742,
        "交易性金融资产_万元": 50.664819154,
        "债权投资_万元": 0,
        "其他债权投资_万元": 0,
        "长期应收款_万元": 0,
        "长期股权投资_万元": 0.255448508,
        "其他权益工具投资_万元": 12.303929297,
        "投资性房地产_万元": 0.336635914,
        "固定资产_万元": 55.719149892,
        "在建工程_万元": 12.447674856,
        "生产性生物资产_万元": 0,
        "油气资产_万元": 0,
        "使用权资产_万元": 0.268510377,
        "无形资产_万元": 44.035589312,
        "开发支出_万元": 55.978810795,
        "商誉_万元": 20.862619709,
        "长期待摊费用_万元": 0.292575132,
        "递延所得税资产_万元": 4.385222931,
        "其他非流动资产_万元": 55.541576853,
        "非流动资产合计_万元": 265.904243576,
        "总资产_万元": 622.543494318,
        "总资产同比增长_百分比": -3.61,
        "短期借款_万元": 32.885247356,
        "交易性金融负债_万元": 0,
        "应付票据_万元": 0.9,
        "应付账款_万元": 10.20863331,
        "预收款项_万元": 0.00768,
        "合同负债_万元": 2.592223799,
        "应付职工薪酬_万元": 1.912119332,
        "应交税费_万元": 5.3004,
        "其他应付款_万元": null,
        "一年内到期的非流动负债_万元": 10.059532921,
        "其他流动负债_万元": null,
        "流动负债合计_万元": 82.597243991,
        "长期借款_万元": 0,
        "应付债券_万元": 0,
        "租赁负债_万元": 0.063828369,
        "长期应付款_万元": 64.474950906,
        "预计负债_万元": 0,
        "递延收益_万元": 13.184673058,
        "递延所得税负债_万元": 4.400450659,
        "其他非流动负债_万元": 0,
        "非流动负债合计_万元": 82.123902992,
        "总负债_万元": 164.721146983,
        "总负债同比增长_百分比": -14.8,
        "资产负债率_百分比": 26.4,
        "实收资本_万元": 85.3350477,
        "资本公积_万元": 180.994614126,
        "盈余公积_万元": 32.150103358,
        "未分配利润_万元": 143.542375809,
        "其他综合收益_万元": 5.796779038,
        "专项储备_万元": 0,
        "归属于母公司所有者权益合计_万元": 441.10484276,
        "少数股东权益_万元": 16.717504575,
        "股东权益合计_万元": 457.822347335
    },
    "利润表": {
        "营业总收入_万元": 64.11238525,
        "营业收入_万元": 64.11238525,
        "营业总收入同比增长_百分比": -14.15,
        "营业成本_万元": 27.895244418,
        "税金及附加_万元": 0.693142223,
        "销售费用_万元": 21.362719397,
        "管理费用_万元": 3.298682828,
        "研发费用_万元": 2.997140745,
        "财务费用_万元": 0.22301728,
        "其中利息费用_万元": 0.852306811,
        "其中利息收入_万元": 0.648706308,
        "其他收益_万元": 0.321767173,
        "投资收益_万元": 0.716812928,
        "其中对联营企业投资收益_万元": 0.073901826,
        "公允价值变动收益_万元": -2.549715537,
        "信用减值损失_万元": -0.053278149,
        "资产减值损失_万元": -0.150635831,
        "资产处置收益_万元": 0,
        "营业总支出_万元": 56.469946891,
        "营业利润_万元": 5.927388943,
        "营业外收入_万元": 0.001357721,
        "营业外支出_万元": 0.017084141,
        "利润总额_万元": 5.911662523,
        "所得税费用_万元": 1.040569902,
        "净利润_万元": 4.871092621,
        "归母净利润_万元": 5.129386637,
        "少数股东损益_万元": -0.258294016,
        "持续经营净利润_万元": 4.871092621,
        "终止经营净利润_万元": 0,
        "其他综合收益_万元": 0.060508513,
        "综合收益总额_万元": 4.931601134,
        "归母综合收益总额_万元": 5.18989515
    },
    "现金流量表": {
        "销售商品收到现金_万元": 41.515001359,
        "收到的税费返还_万元": 0,
        "收到其他经营活动现金_万元": 2.37359577,
        "经营活动现金流入_万元": 43.888597129,
        "购买商品支付现金_万元": 14.53093954,
        "支付职工现金_万元": 7.993257606,
        "支付税费_万元": 6.205726446,
        "支付其他经营活动现金_万元": 23.103504297,
        "经营活动现金流出_万元": 51.833427889,
        "经营现金流净额_万元": -7.94483076,
        "经营现金流净额同比增长_百分比": 45.54,
        "收回投资现金_万元": 32,
        "取得投资收益现金_万元": 1.390686117,
        "处置资产收回现金_万元": 0.063123194,
        "收到其他投资活动现金_万元": 0.001724,
        "投资活动现金流入_万元": 33.453811035,
        "投资支付现金_万元": 20,
        "购建资产支付现金_万元": 4.581899608,
        "支付其他投资活动现金_万元": 0,
        "投资活动现金流出_万元": 24.581899608,
        "投资现金流净额_万元": 8.871911427,
        "吸收投资现金_万元": 0,
        "取得借款现金_万元": 0.1,
        "收到其他筹资活动现金_万元": 0.080341803,
        "筹资活动现金流入_万元": 0.180341803,
        "偿还债务现金_万元": 29.483184,
        "分配股利现金_万元": 0.128593351,
        "支付其他筹资活动现金_万元": 0.088275681,
        "筹资活动现金流出_万元": 29.700053032,
        "融资现金流净额_万元": -29.519711229,
        "汇率变动影响_万元": 0.238037,
        "现金及等价物净增加额_万元": -28.592392525,
        "净现金流_元": -285923925.25,
        "净现金流同比增长_百分比": -322.04,
        "期初现金及等价物_万元": 120.172495994,
        "期末现金及等价物_万元": 91.580103469,
        "经营现金流占比_百分比": 27.8,
        "投资现金流占比_百分比": -31.0,
        "融资现金流占比_百分比": 103.4
    }
}