{
    "报告信息": {
        "序号": null,
        "股票代码": "002317",
        "股票简称": "众生药业",
        "报告年份": "2025",
        "报告期": "Q1",
        "总股本_股": 851556477,
        "流通股本_股": null,
        "报告日期": "2025-03-31",
        "审计意见": "未经审计",
        "会计师事务所": null
    },
    "核心业绩指标": {
        "每股收益_元": 0.1,
        "稀释每股收益_元": 0.1,
        "营业总收入_万元": 63426.144011,
        "营业总收入_亿元": 6.3426144011,
        "营收同比增长_百分比": -1.07,
        "营收环比增长_百分比": null,
        "净利润_万元": 8144.821701,
        "净利润_亿元": 0.8144821701,
        "净利润同比增长_百分比": 67.2,
        "净利润环比增长_百分比": null,
        "归母净利润_万元": 8261.18391,
        "少数股东损益_万元": -116.362209,
        "每股净资产_元": 4.69,
        "净资产收益率_百分比": 2.09,
        "扣非净资产收益率_百分比": null,
        "每股经营现金流_元": -0.0336,
        "扣非净利润_万元": 7843.482555,
        "扣非净利润同比增长_百分比": 8.6,
        "销售毛利率_百分比": 56.6,
        "销售净利率_百分比": 12.8,
        "加权平均净资产收益率_百分比": 2.09,
        "扣非加权净资产收益率_百分比": null,
        "总资产收益率_百分比": 1.56,
        "主营业务收入_万元": 63426.144011,
        "主营业务成本_万元": 27536.852816,
        "主营业务利润_万元": 35889.291195
    },
    "资产负债表": {
        "货币资金_万元": 99026.014747,
        "应收账款_万元": 57102.9391,
        "应收票据_万元": 67458.200293,
        "应收款项融资_万元": 23.0,
        "预付款项_万元": 6617.080632,
        "其他应收款_万元": 1204.401792,
        "存货_万元": 37763.859028,
        "合同资产_万元": 0.0,
        "一年内到期的非流动资产_万元": 16497.372234,
        "其他流动资产_万元": 7995.901906,
        "流动资产合计_万元": 314245.464515,
        "交易性金融资产_万元": 20556.694783,
        "债权投资_万元": 0.0,
        "其他债权投资_万元": 0.0,
        "长期应收款_万元": 0.0,
        "长期股权投资_万元": 174.671122,
        "其他权益工具投资_万元": 11230.158671,
        "投资性房地产_万元": 1390.474223,
        "固定资产_万元": 64718.928834,
        "在建工程_万元": 2588.550343,
        "生产性生物资产_万元": 0.0,
        "油气资产_万元": 0.0,
        "使用权资产_万元": 106.306824,
        "无形资产_万元": 31936.687653,
        "开发支出_万元": 49496.789996,
        "商誉_万元": 694.911048,
        "长期待摊费用_万元": 81.773252,
        "递延所得税资产_万元": 2349.853319,
        "其他非流动资产_万元": 40786.462709,
        "非流动资产合计_万元": 209032.067994,
        "总资产_万元": 523277.532509,
        "总资产同比增长_百分比": -5.78,
        "短期借款_万元": 35325.965915,
        "交易性金融负债_万元": 0.0,
        "应付票据_万元": 1800.0,
        "应付账款_万元": 8510.303135,
        "预收款项_万元": 23.95462,
        "合同负债_万元": 2012.795,
        "应付职工薪酬_万元": 1674.895811,
        "应交税费_万元": null,
        "其他应付款_万元": null,
        "一年内到期的非流动负债_万元": 7656.861307,
        "其他流动负债_万元": 2718.808497,
        "流动负债合计_万元": null,
        "长期借款_万元": null,
        "应付债券_万元": 0.0,
        "租赁负债_万元": 30.985031,
        "长期应付款_万元": 14012.843642,
        "预计负债_万元": 0.0,
        "递延收益_万元": 15899.431017,
        "递延所得税负债_万元": 3824.623326,
        "其他非流动负债_万元": 0.0,
        "非流动负债合计_万元": 33767.883016,
        "总负债_万元": 113876.193609,
        "总负债同比增长_百分比": -26.3,
        "资产负债率_百分比": 21.7,
        "实收资本_万元": 85155.6477,
        "资本公积_万元": 177948.943325,
        "盈余公积_万元": 32150.103358,
        "未分配利润_万元": 99802.47187,
        "其他综合收益_万元": 5202.038846,
        "专项储备_万元": 0.0,
        "归属于母公司所有者权益合计_万元": 399449.457099,
        "少数股东权益_万元": 9951.881801,
        "股东权益合计_万元": 409401.3389
    },
    "利润表": {
        "营业总收入_万元": 63426.144011,
        "营业收入_万元": 63426.144011,
        "营业总收入同比增长_百分比": -1.07,
        "营业成本_万元": 27536.852816,
        "税金及附加_万元": 634.733099,
        "销售费用_万元": 21856.744702,
        "管理费用_万元": 3057.584115,
        "研发费用_万元": 1592.356559,
        "财务费用_万元": -2.350584,
        "其中利息费用_万元": 304.638716,
        "其中利息收入_万元": 293.228283,
        "其他收益_万元": 907.95671,
        "投资收益_万元": 417.958272,
        "其中对联营企业投资收益_万元": -2.379568,
        "公允价值变动收益_万元": 96.681444,
        "信用减值损失_万元": -241.737549,
        "资产减值损失_万元": 0.0,
        "资产处置收益_万元": -0.474546,
        "营业总支出_万元": 54675.920707,
        "营业利润_万元": 9930.607635,
        "营业外收入_万元": 1.057797,
        "营业外支出_万元": 5.438325,
        "利润总额_万元": 9926.227107,
        "所得税费用_万元": 1781.405406,
        "净利润_万元": 8144.821701,
        "归母净利润_万元": 8261.18391,
        "少数股东损益_万元": -116.362209,
        "持续经营净利润_万元": 8144.821701,
        "终止经营净利润_万元": 0.0,
        "其他综合收益_万元": -283.479965,
        "综合收益总额_万元": 7861.341736,
        "归母综合收益总额_万元": 7977.703945
    },
    "现金流量表": {
        "销售商品收到现金_万元": 39664.611236,
        "收到的税费返还_万元": 1.23,
        "收到其他经营活动现金_万元": 1609.971326,
        "经营活动现金流入_万元": 41275.812562,
        "购买商品支付现金_万元": 11228.446938,
        "支付职工现金_万元": 8025.981261,
        "支付税费_万元": 4121.026226,
        "支付其他经营活动现金_万元": 20761.854928,
        "经营活动现金流出_万元": 44137.309353,
        "经营现金流净额_万元": -2861.496791,
        "经营现金流净额同比增长_百分比": 63.98,
        "收回投资现金_万元": 31017.0,
        "取得投资收益现金_万元": 228.458166,
        "处置资产收回现金_万元": 3.8494,
        "收到其他投资活动现金_万元": 0.0,
        "投资活动现金流入_万元": 31249.307566,
        "投资支付现金_万元": 24000.0,
        "购建资产支付现金_万元": 5445.180832,
        "支付其他投资活动现金_万元": 0.0,
        "投资活动现金流出_万元": 29445.180832,
        "投资现金流净额_万元": 1804.126734,
        "吸收投资现金_万元": 0.0,
        "取得借款现金_万元": 4889.507479,
        "收到其他筹资活动现金_万元": 19.973284,
        "筹资活动现金流入_万元": 4909.480763,
        "偿还债务现金_万元": 0.0,
        "分配股利现金_万元": 0.0,
        "支付其他筹资活动现金_万元": 44665.266239,
        "筹资活动现金流出_万元": 44665.266239,
        "融资现金流净额_万元": -39755.785476,
        "汇率变动影响_万元": -0.196359,
        "现金及等价物净增加额_万元": -40813.351892,
        "净现金流_元": -408133518.92,
        "净现金流同比增长_百分比": -42.74,
        "期初现金及等价物_万元": 136208.4562,
        "期末现金及等价物_万元": 95395.104308,
        "经营现金流占比_百分比": 7.0,
        "投资现金流占比_百分比": -4.4,
        "融资现金流占比_百分比": 97.4
    }
}