{
    "报告信息": {
        "序号": null,
        "股票代码": "002317",
        "股票简称": "众生药业",
        "报告年份": "2024",
        "报告期": "年度报告",
        "总股本_股": 851556477,
        "流通股本_股": null,
        "报告日期": "2025-04",
        "审计意见": "标准的无保留意见",
        "会计师事务所": "华兴会计师事务所（特殊普通合伙）",
        "期": "FY"
    },
    "核心业绩指标": {
        "每股收益_元": -0.36,
        "稀释每股收益_元": -0.36,
        "营业总收入_万元": 246741.839464,
        "营业总收入_亿元": 24.6741839464,
        "营收同比增长_百分比": -5.48,
        "营收环比增长_百分比": null,
        "净利润_万元": -29915.711672,
        "净利润_亿元": -2.9915711672,
        "净利润同比增长_百分比": -213.63,
        "净利润环比增长_百分比": null,
        "归母净利润_万元": -29915.711672,
        "少数股东损益_万元": null,
        "每股净资产_元": null,
        "净资产收益率_百分比": -7.24,
        "扣非净资产收益率_百分比": null,
        "每股经营现金流_元": 0.397,
        "扣非净利润_万元": -26031.269631,
        "扣非净利润同比增长_百分比": -185.41,
        "销售毛利率_百分比": null,
        "销售净利率_百分比": null,
        "加权平均净资产收益率_百分比": -7.24,
        "扣非加权净资产收益率_百分比": null,
        "总资产收益率_百分比": null,
        "主营业务收入_万元": 244407.21,
        "主营业务成本_万元": null,
        "主营业务利润_万元": null
    },
    "资产负债表": {
        "货币资金_万元": 139944.953439,
        "应收账款_万元": 53320.749131,
        "应收票据_万元": 46639.406802,
        "应收款项融资_万元": 0.0,
        "预付款项_万元": 8420.090409,
        "其他应收款_万元": 1726.04597,
        "存货_万元": 44147.724429,
        "合同资产_万元": 0.0,
        "一年内到期的非流动资产_万元": null,
        "其他流动资产_万元": 5112.990463,
        "流动资产合计_万元": 346280.36741,
        "交易性金融资产_万元": 30599.007136,
        "债权投资_万元": null,
        "其他债权投资_万元": null,
        "长期应收款_万元": null,
        "长期股权投资_万元": 244.499892,
        "其他权益工具投资_万元": 11563.099116,
        "投资性房地产_万元": 1422.158883,
        "固定资产_万元": 65810.874416,
        "在建工程_万元": 2758.446261,
        "生产性生物资产_万元": null,
        "油气资产_万元": null,
        "使用权资产_万元": 166.966317,
        "无形资产_万元": 32711.096926,
        "开发支出_万元": 48029.763673,
        "商誉_万元": 694.911048,
        "长期待摊费用_万元": 135.164392,
        "递延所得税资产_万元": 2968.843402,
        "其他非流动资产_万元": 39086.631591,
        "非流动资产合计_万元": 209068.955917,
        "总资产_万元": 555349.323327,
        "总资产同比增长_百分比": -14.01,
        "短期借款_万元": 30346.162685,
        "交易性金融负债_万元": null,
        "应付票据_万元": 2151.956,
        "应付账款_万元": 7158.01137,
        "预收款项_万元": 5.2643,
        "合同负债_万元": 2008.061764,
        "应付职工薪酬_万元": 4890.507802,
        "应交税费_万元": 3521.62037,
        "其他应付款_万元": 16274.166558,
        "一年内到期的非流动负债_万元": 52256.264404,
        "其他流动负债_万元": 1735.800586,
        "流动负债合计_万元": 120347.815839,
        "长期借款_万元": 0.0,
        "应付债券_万元": null,
        "租赁负债_万元": 30.458831,
        "长期应付款_万元": 13875.814606,
        "预计负债_万元": 0.0,
        "递延收益_万元": 16194.082131,
        "递延所得税负债_万元": 3889.711019,
        "其他非流动负债_万元": null,
        "非流动负债合计_万元": 33990.066587,
        "总负债_万元": 154337.882426,
        "总负债同比增长_百分比": null,
        "资产负债率_百分比": 27.79,
        "实收资本_万元": 85155.6477,
        "资本公积_万元": 177954.496796,
        "盈余公积_万元": 32150.103358,
        "未分配利润_万元": 91541.28796,
        "其他综合收益_万元": 5485.518811,
        "专项储备_万元": null,
        "归属于母公司所有者权益合计_万元": 391477.306625,
        "少数股东权益_万元": null,
        "股东权益合计_万元": 401011.440901
    },
    "利润表": {
        "营业总收入_万元": 246741.839464,
        "营业收入_万元": 246741.839464,
        "营业总收入同比增长_百分比": -5.48,
        "营业成本_万元": 108482.182952,
        "税金及附加_万元": 2145.407128,
        "销售费用_万元": 85043.361218,
        "管理费用_万元": 15174.929947,
        "研发费用_万元": 11120.358562,
        "财务费用_万元": 882.707147,
        "其中利息费用_万元": 2534.532845,
        "其中利息收入_万元": 1876.766778,
        "其他收益_万元": 2678.447509,
        "投资收益_万元": 2486.901833,
        "其中对联营企业投资收益_万元": 283.029206,
        "公允价值变动收益_万元": -1446.632937,
        "信用减值损失_万元": -566.280376,
        "资产减值损失_万元": -54668.07,
        "资产处置收益_万元": -475.261372,
        "营业总支出_万元": null,
        "营业利润_万元": null,
        "营业外收入_万元": 17.304724,
        "营业外支出_万元": 5610.279083,
        "利润总额_万元": -33588.16865,
        "所得税费用_万元": 3808.17956,
        "净利润_万元": -29915.711672,
        "归母净利润_万元": -29915.711672,
        "少数股东损益_万元": null,
        "持续经营净利润_万元": null,
        "终止经营净利润_万元": null,
        "其他综合收益_万元": null,
        "综合收益总额_万元": null,
        "归母综合收益总额_万元": null
    },
    "现金流量表": {
        "销售商品收到现金_万元": 233776.023514,
        "收到的税费返还_万元": 437.123202,
        "收到其他经营活动现金_万元": 15480.362653,
        "经营活动现金流入_万元": 249693.509369,
        "购买商品支付现金_万元": 63501.297099,
        "支付职工现金_万元": 25007.783272,
        "支付税费_万元": 23008.624028,
        "支付其他经营活动现金_万元": 104391.578766,
        "经营活动现金流出_万元": 215909.283165,
        "经营现金流净额_万元": 33784.226204,
        "经营现金流净额同比增长_百分比": 77.24,
        "收回投资现金_万元": 154587.237566,
        "取得投资收益现金_万元": 4688.808273,
        "处置资产收回现金_万元": 89.867784,
        "收到其他投资活动现金_万元": 0.031916,
        "投资活动现金流入_万元": 159365.945539,
        "投资支付现金_万元": 98000.0,
        "购建资产支付现金_万元": 22826.252285,
        "支付其他投资活动现金_万元": 0.728106,
        "投资活动现金流出_万元": 120899.062899,
        "投资现金流净额_万元": 38466.88264,
        "吸收投资现金_万元": 3708.068,
        "取得借款现金_万元": 30189.062091,
        "收到其他筹资活动现金_万元": 389.787077,
        "筹资活动现金流入_万元": 34286.917168,
        "偿还债务现金_万元": 72195.537,
        "分配股利现金_万元": 17095.359558,
        "支付其他筹资活动现金_万元": 1213.202323,
        "筹资活动现金流出_万元": 90504.098881,
        "融资现金流净额_万元": -56217.181713,
        "汇率变动影响_万元": null,
        "现金及等价物净增加额_万元": 16035.960206,
        "净现金流_元": 16035.960206,
        "净现金流同比增长_百分比": -44.61,
        "期初现金及等价物_万元": 125204.332029,
        "期末现金及等价物_万元": 139944.953439,
        "经营现金流占比_百分比": null,
        "投资现金流占比_百分比": null,
        "融资现金流占比_百分比": null
    }
}