{
    "报告信息": {
        "序号": null,
        "股票代码": "300181",
        "股票简称": "佐力药业",
        "报告年份": "2025",
        "报告期": "Q1",
        "总股本_股": 701387335,
        "流通股本_股": null,
        "报告日期": null,
        "审计意见": "未经审计",
        "会计师事务所": null
    },
    "核心业绩指标": {
        "每股收益_元": 0.2583,
        "稀释每股收益_元": 0.2583,
        "营业总收入_万元": 82442.523708,
        "营业总收入_亿元": 8.2442523708,
        "营收同比增长_百分比": 22.52,
        "营收环比增长_百分比": null,
        "净利润_万元": 18338.618152,
        "净利润_亿元": 1.8338618152,
        "净利润同比增长_百分比": 27.2,
        "净利润环比增长_百分比": null,
        "归母净利润_万元": 18115.143246,
        "少数股东损益_万元": 223.474906,
        "每股净资产_元": null,
        "净资产收益率_百分比": 6.34,
        "扣非净资产收益率_百分比": null,
        "每股经营现金流_元": -0.1104,
        "扣非净利润_万元": 18120.426822,
        "扣非净利润同比增长_百分比": 26.16,
        "销售毛利率_百分比": null,
        "销售净利率_百分比": null,
        "加权平均净资产收益率_百分比": 6.34,
        "扣非加权净资产收益率_百分比": null,
        "总资产收益率_百分比": null,
        "主营业务收入_万元": 82442.523708,
        "主营业务成本_万元": 32237.635919,
        "主营业务利润_万元": null
    },
    "资产负债表": {
        "货币资金_万元": 74103.12959,
        "应收账款_万元": 89113.623718,
        "应收票据_万元": null,
        "应收款项融资_万元": 25235.647903,
        "预付款项_万元": 5209.918661,
        "其他应收款_万元": 2501.600552,
        "存货_万元": 47499.46014,
        "合同资产_万元": null,
        "一年内到期的非流动资产_万元": null,
        "其他流动资产_万元": 3.966028,
        "流动资产合计_万元": 243667.346592,
        "交易性金融资产_万元": null,
        "债权投资_万元": null,
        "其他债权投资_万元": null,
        "长期应收款_万元": null,
        "长期股权投资_万元": 181.217978,
        "其他权益工具投资_万元": 46384.264805,
        "投资性房地产_万元": null,
        "固定资产_万元": 102371.777722,
        "在建工程_万元": 27346.22816,
        "生产性生物资产_万元": null,
        "油气资产_万元": null,
        "使用权资产_万元": 2112.772573,
        "无形资产_万元": 7428.889404,
        "开发支出_万元": 2060.394597,
        "商誉_万元": 13031.868215,
        "长期待摊费用_万元": 1735.830485,
        "递延所得税资产_万元": 3125.930316,
        "其他非流动资产_万元": 7480.574508,
        "非流动资产合计_万元": 213259.748763,
        "总资产_万元": 456927.095355,
        "总资产同比增长_百分比": 14.46,
        "短期借款_万元": 46119.37093,
        "交易性金融负债_万元": null,
        "应付票据_万元": 5875.908423,
        "应付账款_万元": 47927.191565,
        "预收款项_万元": 287.48234,
        "合同负债_万元": 579.463463,
        "应付职工薪酬_万元": 2006.212632,
        "应交税费_万元": 9744.618845,
        "其他应付款_万元": 8241.723208,
        "一年内到期的非流动负债_万元": 315.336188,
        "其他流动负债_万元": 75.330251,
        "流动负债合计_万元": 121172.637845,
        "长期借款_万元": 5165.9125,
        "应付债券_万元": null,
        "租赁负债_万元": 1732.858249,
        "长期应付款_万元": null,
        "预计负债_万元": null,
        "递延收益_万元": 2571.721601,
        "递延所得税负债_万元": 8154.249708,
        "其他非流动负债_万元": null,
        "非流动负债合计_万元": 17624.742058,
        "总负债_万元": 138797.379903,
        "总负债同比增长_百分比": null,
        "资产负债率_百分比": null,
        "实收资本_万元": 70138.7335,
        "资本公积_万元": 110986.263991,
        "盈余公积_万元": null,
        "未分配利润_万元": null,
        "其他综合收益_万元": 20762.587418,
        "专项储备_万元": null,
        "归属于母公司所有者权益合计_万元": 311934.940315,
        "少数股东权益_万元": 6194.775137,
        "股东权益合计_万元": 318129.715452
    },
    "利润表": {
        "营业总收入_万元": 82442.523708,
        "营业收入_万元": 82442.523708,
        "营业总收入同比增长_百分比": 22.52,
        "营业成本_万元": 32237.635919,
        "税金及附加_万元": 632.225702,
        "销售费用_万元": 25628.186295,
        "管理费用_万元": 2347.849524,
        "研发费用_万元": 1342.392211,
        "财务费用_万元": 133.057328,
        "其中利息费用_万元": 278.498117,
        "其中利息收入_万元": 148.835186,
        "其他收益_万元": 2392.633587,
        "投资收益_万元": -29.29605,
        "其中对联营企业投资收益_万元": -8.142716,
        "公允价值变动收益_万元": null,
        "信用减值损失_万元": -974.823525,
        "资产减值损失_万元": 68.602149,
        "资产处置收益_万元": null,
        "营业总支出_万元": 62321.346979,
        "营业利润_万元": 21578.29289,
        "营业外收入_万元": 7.033163,
        "营业外支出_万元": 211.620865,
        "利润总额_万元": 21373.705188,
        "所得税费用_万元": 3035.087036,
        "净利润_万元": 18338.618152,
        "归母净利润_万元": 18115.143246,
        "少数股东损益_万元": 223.474906,
        "持续经营净利润_万元": 18338.618152,
        "终止经营净利润_万元": null,
        "其他综合收益_万元": 12215.752618,
        "综合收益总额_万元": 30554.37077,
        "归母综合收益总额_万元": 29415.203048
    },
    "现金流量表": {
        "销售商品收到现金_万元": 51846.73048,
        "收到的税费返还_万元": 1395.899273,
        "收到其他经营活动现金_万元": 1147.833019,
        "经营活动现金流入_万元": 54390.462772,
        "购买商品支付现金_万元": 20379.401688,
        "支付职工现金_万元": 10598.706409,
        "支付税费_万元": 7692.804209,
        "支付其他经营活动现金_万元": 23463.388467,
        "经营活动现金流出_万元": 62134.300773,
        "经营现金流净额_万元": -7743.838001,
        "经营现金流净额同比增长_百分比": -553.72,
        "收回投资现金_万元": null,
        "取得投资收益现金_万元": null,
        "处置资产收回现金_万元": null,
        "收到其他投资活动现金_万元": null,
        "投资活动现金流入_万元": null,
        "投资支付现金_万元": null,
        "购建资产支付现金_万元": 12998.016109,
        "支付其他投资活动现金_万元": null,
        "投资活动现金流出_万元": 12998.016109,
        "投资现金流净额_万元": -12998.016109,
        "吸收投资现金_万元": null,
        "取得借款现金_万元": 17600.0,
        "收到其他筹资活动现金_万元": 5590.075,
        "筹资活动现金流入_万元": 23190.075,
        "偿还债务现金_万元": 8100.0,
        "分配股利现金_万元": 935.462633,
        "支付其他筹资活动现金_万元": 146.282022,
        "筹资活动现金流出_万元": 9181.744655,
        "融资现金流净额_万元": 14008.330345,
        "汇率变动影响_万元": -0.002555,
        "现金及等价物净增加额_万元": -6733.52632,
        "净现金流_元": null,
        "净现金流同比增长_百分比": null,
        "期初现金及等价物_万元": 80277.576019,
        "期末现金及等价物_万元": 73544.049699,
        "经营现金流占比_百分比": null,
        "投资现金流占比_百分比": null,
        "融资现金流占比_百分比": null
    }
}