{
    "报告信息": {
        "序号": null,
        "股票代码": "300181",
        "股票简称": "佐力药业",
        "报告年份": "2023",
        "报告期": "半年度",
        "总股本_股": 701387335,
        "流通股本_股": 601081358,
        "报告日期": "2023-08-07",
        "审计意见": null,
        "会计师事务所": null,
        "期": "HY"
    },
    "核心业绩指标": {
        "每股收益_元": 0.2818,
        "稀释每股收益_元": 0.2818,
        "营业总收入_万元": 101145.856859,
        "营业总收入_亿元": 10.1145856859,
        "营收同比增长_百分比": 13.02,
        "营收环比增长_百分比": null,
        "净利润_万元": 20177.519453,
        "净利润_亿元": 2.0177519453,
        "净利润同比增长_百分比": 46.54,
        "净利润环比增长_百分比": null,
        "归母净利润_万元": 19766.159144,
        "少数股东损益_万元": 411.360309,
        "每股净资产_元": 3.7122,
        "净资产收益率_百分比": 7.14,
        "扣非净资产收益率_百分比": null,
        "每股经营现金流_元": 0.1756,
        "扣非净利润_万元": 19373.335417,
        "扣非净利润同比增长_百分比": 48.41,
        "销售毛利率_百分比": null,
        "销售净利率_百分比": null,
        "加权平均净资产收益率_百分比": 7.14,
        "扣非加权净资产收益率_百分比": null,
        "总资产收益率_百分比": null,
        "主营业务收入_万元": null,
        "主营业务成本_万元": null,
        "主营业务利润_万元": null
    },
    "资产负债表": {
        "货币资金_万元": 95166.008902,
        "应收账款_万元": 47878.645942,
        "应收票据_万元": null,
        "应收款项融资_万元": 7461.142053,
        "预付款项_万元": 1359.7769,
        "其他应收款_万元": 1459.839245,
        "存货_万元": 39769.835569,
        "合同资产_万元": null,
        "一年内到期的非流动资产_万元": null,
        "其他流动资产_万元": 273.973978,
        "流动资产合计_万元": 194369.222589,
        "交易性金融资产_万元": 1000,
        "债权投资_万元": null,
        "其他债权投资_万元": null,
        "长期应收款_万元": null,
        "长期股权投资_万元": 164.981235,
        "其他权益工具投资_万元": 26425.360651,
        "投资性房地产_万元": null,
        "固定资产_万元": 85496.217405,
        "在建工程_万元": 11083.233921,
        "生产性生物资产_万元": null,
        "油气资产_万元": null,
        "使用权资产_万元": 1809.650197,
        "无形资产_万元": 6947.983583,
        "开发支出_万元": 360.476257,
        "商誉_万元": 13031.868215,
        "长期待摊费用_万元": 3857.647199,
        "递延所得税资产_万元": 2107.962051,
        "其他非流动资产_万元": 9215.452519,
        "非流动资产合计_万元": 160500.833233,
        "总资产_万元": 354870.055822,
        "总资产同比增长_百分比": -2.48,
        "短期借款_万元": 22197.275942,
        "交易性金融负债_万元": null,
        "应付票据_万元": 1107.2399,
        "应付账款_万元": 48474.039562,
        "预收款项_万元": 33.652546,
        "合同负债_万元": 169.581849,
        "应付职工薪酬_万元": 2000.986873,
        "应交税费_万元": 4200.859654,
        "其他应付款_万元": 2943.321936,
        "一年内到期的非流动负债_万元": 159.177613,
        "其他流动负债_万元": 21.971611,
        "流动负债合计_万元": 81308.107486,
        "长期借款_万元": 1000,
        "应付债券_万元": null,
        "租赁负债_万元": 1672.604712,
        "长期应付款_万元": null,
        "预计负债_万元": null,
        "递延收益_万元": 1845.219223,
        "递延所得税负债_万元": 4068.189523,
        "其他非流动负债_万元": null,
        "非流动负债合计_万元": 8586.013458,
        "总负债_万元": 89894.120944,
        "总负债同比增长_百分比": null,
        "资产负债率_百分比": 25.33,
        "实收资本_万元": 70138.7335,
        "资本公积_万元": 113536.890784,
        "盈余公积_万元": 11507.097133,
        "未分配利润_万元": 54897.648923,
        "其他综合收益_万元": 10260.784643,
        "专项储备_万元": null,
        "归属于母公司所有者权益合计_万元": 260341.154983,
        "少数股东权益_万元": 4634.779895,
        "股东权益合计_万元": 264975.934878
    },
    "利润表": {
        "营业总收入_万元": 101145.856859,
        "营业收入_万元": 101145.856859,
        "营业总收入同比增长_百分比": 13.02,
        "营业成本_万元": 31037.409609,
        "税金及附加_万元": 1202.007678,
        "销售费用_万元": 42066.951307,
        "管理费用_万元": 4441.227544,
        "研发费用_万元": 4043.6334,
        "财务费用_万元": -737.014543,
        "其中利息费用_万元": 391.508506,
        "其中利息收入_万元": 1134.78643,
        "其他收益_万元": 3921.041036,
        "投资收益_万元": -27.185303,
        "其中对联营企业投资收益_万元": -21.86672,
        "公允价值变动收益_万元": null,
        "信用减值损失_万元": -95.106662,
        "资产减值损失_万元": null,
        "资产处置收益_万元": 24.044204,
        "营业总支出_万元": 82054.214995,
        "营业利润_万元": 22914.435139,
        "营业外收入_万元": 0.001008,
        "营业外支出_万元": 43.387806,
        "利润总额_万元": 22871.048341,
        "所得税费用_万元": 2693.528888,
        "净利润_万元": 20177.519453,
        "归母净利润_万元": 19766.159144,
        "少数股东损益_万元": 411.360309,
        "持续经营净利润_万元": 20177.519453,
        "终止经营净利润_万元": null,
        "其他综合收益_万元": -9468.077637,
        "综合收益总额_万元": 10709.441816,
        "归母综合收益总额_万元": 11007.808607
    },
    "现金流量表": {
        "销售商品收到现金_万元": 101773.440434,
        "收到的税费返还_万元": 4428.584,
        "收到其他经营活动现金_万元": 2036.498125,
        "经营活动现金流入_万元": 108238.522559,
        "购买商品支付现金_万元": 32408.218754,
        "支付职工现金_万元": 13831.822903,
        "支付税费_万元": 13071.802621,
        "支付其他经营活动现金_万元": 36607.493002,
        "经营活动现金流出_万元": 95919.33728,
        "经营现金流净额_万元": 12319.185279,
        "经营现金流净额同比增长_百分比": -6.83,
        "收回投资现金_万元": 3175,
        "取得投资收益现金_万元": 25.354692,
        "处置资产收回现金_万元": 0.0201,
        "收到其他投资活动现金_万元": null,
        "投资活动现金流入_万元": 3200.374792,
        "投资支付现金_万元": 3100,
        "购建资产支付现金_万元": 9397.096447,
        "支付其他投资活动现金_万元": null,
        "投资活动现金流出_万元": 12497.096447,
        "投资现金流净额_万元": -9296.721655,
        "吸收投资现金_万元": null,
        "取得借款现金_万元": 20179.942854,
        "收到其他筹资活动现金_万元": 567,
        "筹资活动现金流入_万元": 20746.942854,
        "偿还债务现金_万元": 12800,
        "分配股利现金_万元": 21931.253514,
        "支付其他筹资活动现金_万元": 724.472989,
        "筹资活动现金流出_万元": 35455.726503,
        "融资现金流净额_万元": -14708.783649,
        "汇率变动影响_万元": 0.026,
        "现金及等价物净增加额_万元": -11686.294025,
        "净现金流_元": -116862940.25,
        "净现金流同比增长_百分比": -129.78,
        "期初现金及等价物_万元": 106257.920442,
        "期末现金及等价物_万元": 94571.626417,
        "经营现金流占比_百分比": null,
        "投资现金流占比_百分比": null,
        "融资现金流占比_百分比": null
    }
}