{
    "报告信息": {
        "序号": null,
        "股票代码": "300181",
        "股票简称": "佐力药业",
        "报告年份": "2023",
        "报告期": "Q1",
        "总股本_股": 701387335,
        "流通股本_股": null,
        "报告日期": "2023-04-24",
        "审计意见": "未经审计",
        "会计师事务所": null
    },
    "核心业绩指标": {
        "每股收益_元": 0.1389,
        "稀释每股收益_元": 0.1389,
        "营业总收入_万元": 49569.782983,
        "营业总收入_亿元": 4.9569782983,
        "营收同比增长_百分比": 12.81,
        "营收环比增长_百分比": null,
        "净利润_万元": 9945.335742,
        "净利润_亿元": 0.9945335742,
        "净利润同比增长_百分比": null,
        "净利润环比增长_百分比": null,
        "归母净利润_万元": 9745.460335,
        "少数股东损益_万元": 199.875407,
        "每股净资产_元": null,
        "净资产收益率_百分比": null,
        "扣非净资产收益率_百分比": null,
        "每股经营现金流_元": null,
        "扣非净利润_万元": 9575.13002,
        "扣非净利润同比增长_百分比": 42.01,
        "销售毛利率_百分比": null,
        "销售净利率_百分比": null,
        "加权平均净资产收益率_百分比": 3.54,
        "扣非加权净资产收益率_百分比": null,
        "总资产收益率_百分比": null,
        "主营业务收入_万元": null,
        "主营业务成本_万元": null,
        "主营业务利润_万元": null
    },
    "资产负债表": {
        "货币资金_万元": 102296.59707,
        "应收账款_万元": 45438.705821,
        "应收票据_万元": null,
        "应收款项融资_万元": 5763.516943,
        "预付款项_万元": 2548.432614,
        "其他应收款_万元": 2021.32044,
        "存货_万元": 37092.055709,
        "合同资产_万元": null,
        "一年内到期的非流动资产_万元": null,
        "其他流动资产_万元": 106.686499,
        "流动资产合计_万元": 196767.315096,
        "交易性金融资产_万元": 1500.0,
        "债权投资_万元": null,
        "其他债权投资_万元": null,
        "长期应收款_万元": null,
        "长期股权投资_万元": 168.882787,
        "其他权益工具投资_万元": 32622.944171,
        "投资性房地产_万元": null,
        "固定资产_万元": 86174.599186,
        "在建工程_万元": 10320.56172,
        "生产性生物资产_万元": null,
        "油气资产_万元": null,
        "使用权资产_万元": 1846.357348,
        "无形资产_万元": 6935.987839,
        "开发支出_万元": 178.993138,
        "商誉_万元": 13031.868215,
        "长期待摊费用_万元": 2364.360404,
        "递延所得税资产_万元": 2170.966593,
        "其他非流动资产_万元": 7099.265211,
        "非流动资产合计_万元": 162914.786612,
        "总资产_万元": 359682.101708,
        "总资产同比增长_百分比": -1.16,
        "短期借款_万元": 13814.416688,
        "交易性金融负债_万元": null,
        "应付票据_万元": 1320.0,
        "应付账款_万元": 43474.840356,
        "预收款项_万元": 67.669829,
        "合同负债_万元": 259.966109,
        "应付职工薪酬_万元": 1822.66678,
        "应交税费_万元": 4702.49828,
        "其他应付款_万元": 2725.44391,
        "一年内到期的非流动负债_万元": 175.26445,
        "其他流动负债_万元": 33.654701,
        "流动负债合计_万元": 68396.421103,
        "长期借款_万元": null,
        "应付债券_万元": null,
        "租赁负债_万元": null,
        "长期应付款_万元": null,
        "预计负债_万元": null,
        "递延收益_万元": 1911.699347,
        "递延所得税负债_万元": 5629.79174,
        "其他非流动负债_万元": null,
        "非流动负债合计_万元": 10167.714043,
        "总负债_万元": 78564.135146,
        "总负债同比增长_百分比": null,
        "资产负债率_百分比": null,
        "实收资本_万元": 70138.7335,
        "资本公积_万元": 113536.890784,
        "盈余公积_万元": 8429.178455,
        "未分配利润_万元": 68996.488842,
        "其他综合收益_万元": 14560.544137,
        "专项储备_万元": null,
        "归属于母公司所有者权益合计_万元": 275661.835718,
        "少数股东权益_万元": 5456.130844,
        "股东权益合计_万元": 281117.966562
    },
    "利润表": {
        "营业总收入_万元": 49569.782983,
        "营业收入_万元": 49569.782983,
        "营业总收入同比增长_百分比": 12.81,
        "营业成本_万元": 14929.310483,
        "税金及附加_万元": 439.798244,
        "销售费用_万元": 20871.762411,
        "管理费用_万元": 2278.948341,
        "研发费用_万元": 1820.898862,
        "财务费用_万元": -322.204272,
        "其中利息费用_万元": 162.94208,
        "其中利息收入_万元": 487.116165,
        "其他收益_万元": 1896.659038,
        "投资收益_万元": -15.700432,
        "其中对联营企业投资收益_万元": -17.965168,
        "公允价值变动收益_万元": null,
        "信用减值损失_万元": -85.487164,
        "资产减值损失_万元": null,
        "资产处置收益_万元": 24.044204,
        "营业总支出_万元": null,
        "营业利润_万元": 11370.78456,
        "营业外收入_万元": 0.000898,
        "营业外支出_万元": 34.058737,
        "利润总额_万元": 11336.726721,
        "所得税费用_万元": 1391.390979,
        "净利润_万元": 9945.335742,
        "归母净利润_万元": 9745.460335,
        "少数股东损益_万元": 199.875407,
        "持续经营净利润_万元": 9945.335742,
        "终止经营净利润_万元": null,
        "其他综合收益_万元": -4819.889997,
        "综合收益总额_万元": 5125.445745,
        "归母综合收益总额_万元": 5286.869292
    },
    "现金流量表": {
        "销售商品收到现金_万元": 50280.383479,
        "收到的税费返还_万元": 2163.54,
        "收到其他经营活动现金_万元": 503.349607,
        "经营活动现金流入_万元": 52947.273086,
        "购买商品支付现金_万元": 18498.867206,
        "支付职工现金_万元": 8223.255163,
        "支付税费_万元": 6074.973552,
        "支付其他经营活动现金_万元": 18948.854399,
        "经营活动现金流出_万元": 51745.95032,
        "经营现金流净额_万元": 1201.322766,
        "经营现金流净额同比增长_百分比": -85.99,
        "收回投资现金_万元": 1075.0,
        "取得投资收益现金_万元": 10.072814,
        "处置资产收回现金_万元": 0.6,
        "收到其他投资活动现金_万元": null,
        "投资活动现金流入_万元": 1085.672814,
        "投资支付现金_万元": 1500.0,
        "购建资产支付现金_万元": 6009.549575,
        "支付其他投资活动现金_万元": 1.0,
        "投资活动现金流出_万元": 7510.549575,
        "投资现金流净额_万元": -6424.876761,
        "吸收投资现金_万元": null,
        "取得借款现金_万元": 7800.0,
        "收到其他筹资活动现金_万元": null,
        "筹资活动现金流入_万元": 7800.0,
        "偿还债务现金_万元": 7800.0,
        "分配股利现金_万元": 111.241677,
        "支付其他筹资活动现金_万元": 21.629466,
        "筹资活动现金流出_万元": 7932.871143,
        "融资现金流净额_万元": -132.871143,
        "汇率变动影响_万元": -0.01789,
        "现金及等价物净增加额_万元": -5356.443028,
        "净现金流_元": null,
        "净现金流同比增长_百分比": null,
        "期初现金及等价物_万元": 106282.66595,
        "期末现金及等价物_万元": 100926.222922,
        "经营现金流占比_百分比": null,
        "投资现金流占比_百分比": null,
        "融资现金流占比_百分比": null
    }
}