{
    "报告信息": {
        "序号": null,
        "股票代码": "002390",
        "股票简称": "信邦制药",
        "报告年份": "2025",
        "报告期": "第一季度",
        "总股本_股": 1943851868,
        "流通股本_股": null,
        "报告日期": "2025-04-30",
        "审计意见": "未经审计",
        "会计师事务所": null,
        "期": "Q1"
    },
    "核心业绩指标": {
        "每股收益_元": 0.02,
        "稀释每股收益_元": 0.02,
        "营业总收入_万元": 144120.778035,
        "营业总收入_亿元": 1.44120778035,
        "营收同比增长_百分比": -8.93,
        "营收环比增长_百分比": null,
        "净利润_万元": 5386.10418,
        "净利润_亿元": 0.538610418,
        "净利润同比增长_百分比": -24.99,
        "净利润环比增长_百分比": null,
        "归母净利润_万元": 4124.421117,
        "少数股东损益_万元": 1261.683063,
        "每股净资产_元": 3.47,
        "净资产收益率_百分比": 0.61,
        "扣非净资产收益率_百分比": null,
        "每股经营现金流_元": 0.0283,
        "扣非净利润_万元": 4107.54346,
        "扣非净利润同比增长_百分比": -30.16,
        "销售毛利率_百分比": 16.07,
        "销售净利率_百分比": 3.73,
        "加权平均净资产收益率_百分比": 0.61,
        "扣非加权净资产收益率_百分比": null,
        "总资产收益率_百分比": 0.6,
        "主营业务收入_万元": 144120.778035,
        "主营业务成本_万元": 120942.24514,
        "主营业务利润_万元": 23178.532895
    },
    "资产负债表": {
        "货币资金_万元": 98524.952533,
        "应收账款_万元": 259609.054154,
        "应收票据_万元": 9582.084606,
        "应收款项融资_万元": 8329.36993,
        "预付款项_万元": 16773.042259,
        "其他应收款_万元": 32294.261549,
        "存货_万元": 101533.900049,
        "合同资产_万元": null,
        "一年内到期的非流动资产_万元": null,
        "其他流动资产_万元": 879.923159,
        "流动资产合计_万元": 527526.588239,
        "交易性金融资产_万元": null,
        "债权投资_万元": null,
        "其他债权投资_万元": null,
        "长期应收款_万元": null,
        "长期股权投资_万元": null,
        "其他权益工具投资_万元": 33746.515674,
        "投资性房地产_万元": 3543.552155,
        "固定资产_万元": 222011.310829,
        "在建工程_万元": 15803.726814,
        "生产性生物资产_万元": null,
        "油气资产_万元": null,
        "使用权资产_万元": 1971.362764,
        "无形资产_万元": 18639.327528,
        "开发支出_万元": null,
        "商誉_万元": 60374.929525,
        "长期待摊费用_万元": 6589.160262,
        "递延所得税资产_万元": 8134.837987,
        "其他非流动资产_万元": 3274.00703,
        "非流动资产合计_万元": 374088.730568,
        "总资产_万元": 901615.318807,
        "总资产同比增长_百分比": -0.13,
        "短期借款_万元": 55008.200084,
        "交易性金融负债_万元": null,
        "应付票据_万元": 24355.658779,
        "应付账款_万元": 62877.412716,
        "预收款项_万元": null,
        "合同负债_万元": 2923.536023,
        "应付职工薪酬_万元": 1873.765794,
        "应交税费_万元": 2426.633078,
        "其他应付款_万元": 24639.115457,
        "一年内到期的非流动负债_万元": 375.985803,
        "其他流动负债_万元": 153.472321,
        "流动负债合计_万元": 174678.780055,
        "长期借款_万元": 23000.0,
        "应付债券_万元": null,
        "租赁负债_万元": 1880.387389,
        "长期应付款_万元": null,
        "预计负债_万元": 27.7906,
        "递延收益_万元": 1905.903757,
        "递延所得税负债_万元": 69.687623,
        "其他非流动负债_万元": null,
        "非流动负债合计_万元": 26883.769369,
        "总负债_万元": 201562.549424,
        "总负债同比增长_百分比": 0.36,
        "资产负债率_百分比": 22.3,
        "实收资本_万元": 194385.1868,
        "资本公积_万元": 440270.313758,
        "盈余公积_万元": 10667.784574,
        "未分配利润_万元": 49799.64981,
        "其他综合收益_万元": null,
        "专项储备_万元": null,
        "归属于母公司所有者权益合计_万元": 675130.063276,
        "少数股东权益_万元": 24922.706107,
        "股东权益合计_万元": 700052.769383
    },
    "利润表": {
        "营业总收入_万元": 144120.778035,
        "营业收入_万元": 144120.778035,
        "营业总收入同比增长_百分比": -8.93,
        "营业成本_万元": 120942.24514,
        "税金及附加_万元": 685.748157,
        "销售费用_万元": 6608.442865,
        "管理费用_万元": 9166.342716,
        "研发费用_万元": 70.984291,
        "财务费用_万元": 400.063266,
        "其中利息费用_万元": 578.822669,
        "其中利息收入_万元": 200.269072,
        "其他收益_万元": 73.639673,
        "投资收益_万元": 10.138414,
        "其中对联营企业投资收益_万元": null,
        "公允价值变动收益_万元": null,
        "信用减值损失_万元": -158.251896,
        "资产减值损失_万元": null,
        "资产处置收益_万元": 4.112611,
        "营业总支出_万元": 137873.826435,
        "营业利润_万元": 6176.590402,
        "营业外收入_万元": 24.987078,
        "营业外支出_万元": 92.130362,
        "利润总额_万元": 6109.447118,
        "所得税费用_万元": 723.342938,
        "净利润_万元": 5386.10418,
        "归母净利润_万元": 4124.421117,
        "少数股东损益_万元": 1261.683063,
        "持续经营净利润_万元": 5386.10418,
        "终止经营净利润_万元": null,
        "其他综合收益_万元": null,
        "综合收益总额_万元": 5386.10418,
        "归母综合收益总额_万元": 4124.421117
    },
    "现金流量表": {
        "销售商品收到现金_万元": 138005.767415,
        "收到的税费返还_万元": null,
        "收到其他经营活动现金_万元": 6504.07867,
        "经营活动现金流入_万元": 144509.846085,
        "购买商品支付现金_万元": 103202.283077,
        "支付职工现金_万元": 20984.25417,
        "支付税费_万元": 4742.055596,
        "支付其他经营活动现金_万元": 10079.246783,
        "经营活动现金流出_万元": 139007.839626,
        "经营现金流净额_万元": 5502.006459,
        "经营现金流净额同比增长_百分比": 2059.91,
        "收回投资现金_万元": null,
        "取得投资收益现金_万元": 10.138414,
        "处置资产收回现金_万元": 10.55,
        "收到其他投资活动现金_万元": 6106.836921,
        "投资活动现金流入_万元": 20.688414,
        "投资支付现金_万元": null,
        "购建资产支付现金_万元": 3505.420607,
        "支付其他投资活动现金_万元": null,
        "投资活动现金流出_万元": 27650.920431,
        "投资现金流净额_万元": -3484.732193,
        "吸收投资现金_万元": 24410.0,
        "取得借款现金_万元": 8279.507256,
        "收到其他筹资活动现金_万元": 10984.107694,
        "筹资活动现金流入_万元": 31939.320446,
        "偿还债务现金_万元": 7784.063058,
        "分配股利现金_万元": 7325.5,
        "支付其他筹资活动现金_万元": 7866.857373,
        "筹资活动现金流出_万元": 44467.455326,
        "融资现金流净额_万元": -4071.413175,
        "汇率变动影响_万元": 0.050235,
        "现金及等价物净增加额_万元": -18678.865614,
        "净现金流_元": -186788656.14,
        "净现金流同比增长_百分比": null,
        "期初现金及等价物_万元": 73068.977468,
        "期末现金及等价物_万元": 54390.111854,
        "经营现金流占比_百分比": null,
        "投资现金流占比_百分比": null,
        "融资现金流占比_百分比": null
    }
}