{
    "报告信息": {
        "序号": null,
        "股票代码": "002390",
        "股票简称": "信邦制药",
        "报告年份": "2024",
        "报告期": "Q1",
        "总股本_股": 1943851868,
        "流通股本_股": null,
        "报告日期": "2024-04-29",
        "审计意见": null,
        "会计师事务所": null
    },
    "核心业绩指标": {
        "每股收益_元": 0.03,
        "稀释每股收益_元": 0.03,
        "营业总收入_万元": 158244.946155,
        "营业总收入_亿元": 15.8244946155,
        "营收同比增长_百分比": -1.41,
        "营收环比增长_百分比": null,
        "净利润_万元": 7169.379038,
        "净利润_亿元": 0.7169379038,
        "净利润同比增长_百分比": null,
        "净利润环比增长_百分比": null,
        "归母净利润_万元": 5882.484356,
        "少数股东损益_万元": 1286.894682,
        "每股净资产_元": null,
        "净资产收益率_百分比": null,
        "扣非净资产收益率_百分比": null,
        "每股经营现金流_元": null,
        "扣非净利润_万元": 5881.19664,
        "扣非净利润同比增长_百分比": 14.7,
        "销售毛利率_百分比": null,
        "销售净利率_百分比": null,
        "加权平均净资产收益率_百分比": 0.86,
        "扣非加权净资产收益率_百分比": null,
        "总资产收益率_百分比": null,
        "主营业务收入_万元": null,
        "主营业务成本_万元": null,
        "主营业务利润_万元": null
    },
    "资产负债表": {
        "货币资金_万元": 61396.823538,
        "应收账款_万元": 295020.414562,
        "应收票据_万元": 11987.138712,
        "应收款项融资_万元": 11010.819357,
        "预付款项_万元": 22073.940694,
        "其他应收款_万元": 32998.298745,
        "存货_万元": 95567.199736,
        "合同资产_万元": null,
        "一年内到期的非流动资产_万元": null,
        "其他流动资产_万元": 521.547881,
        "流动资产合计_万元": 530576.183225,
        "交易性金融资产_万元": null,
        "债权投资_万元": null,
        "其他债权投资_万元": null,
        "长期应收款_万元": null,
        "长期股权投资_万元": null,
        "其他权益工具投资_万元": 34046.127704,
        "投资性房地产_万元": 3463.220294,
        "固定资产_万元": 239432.199797,
        "在建工程_万元": 7560.65919,
        "生产性生物资产_万元": null,
        "油气资产_万元": null,
        "使用权资产_万元": 2419.844843,
        "无形资产_万元": 19828.195567,
        "开发支出_万元": null,
        "商誉_万元": 60374.929525,
        "长期待摊费用_万元": 7825.888137,
        "递延所得税资产_万元": 7515.84402,
        "其他非流动资产_万元": null,
        "非流动资产合计_万元": 382466.909077,
        "总资产_万元": 913043.092302,
        "总资产同比增长_百分比": -1.24,
        "短期借款_万元": 71579.786145,
        "交易性金融负债_万元": null,
        "应付票据_万元": 22643.936184,
        "应付账款_万元": 61983.052848,
        "预收款项_万元": null,
        "合同负债_万元": 2550.318367,
        "应付职工薪酬_万元": 1591.428222,
        "应交税费_万元": 3008.80159,
        "其他应付款_万元": 27311.906734,
        "一年内到期的非流动负债_万元": 364.090615,
        "其他流动负债_万元": 199.139666,
        "流动负债合计_万元": 191232.460371,
        "长期借款_万元": null,
        "应付债券_万元": null,
        "租赁负债_万元": 1975.329782,
        "长期应付款_万元": null,
        "预计负债_万元": 29.2906,
        "递延收益_万元": 2158.219893,
        "递延所得税负债_万元": 77.280007,
        "其他非流动负债_万元": null,
        "非流动负债合计_万元": 4240.120282,
        "总负债_万元": 195472.580653,
        "总负债同比增长_百分比": null,
        "资产负债率_百分比": null,
        "实收资本_万元": 194385.1868,
        "资本公积_万元": 440270.313758,
        "盈余公积_万元": 10102.270961,
        "未分配利润_万元": 59113.999339,
        "其他综合收益_万元": null,
        "专项储备_万元": null,
        "归属于母公司所有者权益合计_万元": 687383.687347,
        "少数股东权益_万元": 30186.824302,
        "股东权益合计_万元": 717570.511649
    },
    "利润表": {
        "营业总收入_万元": 158244.946155,
        "营业收入_万元": 158244.946155,
        "营业总收入同比增长_百分比": -1.41,
        "营业成本_万元": 130720.214501,
        "税金及附加_万元": 693.114148,
        "销售费用_万元": 7286.944385,
        "管理费用_万元": 10672.441999,
        "研发费用_万元": 86.588503,
        "财务费用_万元": 488.236002,
        "其中利息费用_万元": 666.150672,
        "其中利息收入_万元": 201.714748,
        "其他收益_万元": 97.79572,
        "投资收益_万元": null,
        "其中对联营企业投资收益_万元": null,
        "公允价值变动收益_万元": null,
        "信用减值损失_万元": -334.336745,
        "资产减值损失_万元": null,
        "资产处置收益_万元": -1.174536,
        "营业总支出_万元": null,
        "营业利润_万元": 8059.691056,
        "营业外收入_万元": 28.104364,
        "营业外支出_万元": 128.776848,
        "利润总额_万元": 7959.018572,
        "所得税费用_万元": 789.639534,
        "净利润_万元": 7169.379038,
        "归母净利润_万元": 5882.484356,
        "少数股东损益_万元": 1286.894682,
        "持续经营净利润_万元": 7169.379038,
        "终止经营净利润_万元": null,
        "其他综合收益_万元": null,
        "综合收益总额_万元": 7169.379038,
        "归母综合收益总额_万元": 5882.484356
    },
    "现金流量表": {
        "销售商品收到现金_万元": 146050.289669,
        "收到的税费返还_万元": null,
        "收到其他经营活动现金_万元": 8108.358751,
        "经营活动现金流入_万元": 154158.64842,
        "购买商品支付现金_万元": 111282.359583,
        "支付职工现金_万元": 20995.895977,
        "支付税费_万元": 6043.645797,
        "支付其他经营活动现金_万元": 15582.014504,
        "经营活动现金流出_万元": 153903.915861,
        "经营现金流净额_万元": 254.732559,
        "经营现金流净额同比增长_百分比": 16.92,
        "收回投资现金_万元": 1.040593,
        "取得投资收益现金_万元": null,
        "处置资产收回现金_万元": 0.493,
        "收到其他投资活动现金_万元": null,
        "投资活动现金流入_万元": 1.533593,
        "投资支付现金_万元": null,
        "购建资产支付现金_万元": 6106.836921,
        "支付其他投资活动现金_万元": null,
        "投资活动现金流出_万元": 6106.836921,
        "投资现金流净额_万元": -6105.303328,
        "吸收投资现金_万元": null,
        "取得借款现金_万元": 24410,
        "收到其他筹资活动现金_万元": 7529.320446,
        "筹资活动现金流入_万元": 31939.320446,
        "偿还债务现金_万元": 33310,
        "分配股利现金_万元": 473.557832,
        "支付其他筹资活动现金_万元": 10984.107694,
        "筹资活动现金流出_万元": 44767.665526,
        "融资现金流净额_万元": -12828.34508,
        "汇率变动影响_万元": 0.050235,
        "现金及等价物净增加额_万元": -18678.865614,
        "净现金流_元": null,
        "净现金流同比增长_百分比": null,
        "期初现金及等价物_万元": 73068.977468,
        "期末现金及等价物_万元": 54390.111854,
        "经营现金流占比_百分比": null,
        "投资现金流占比_百分比": null,
        "融资现金流占比_百分比": null
    }
}