{
    "报告信息": {
        "序号": null,
        "股票代码": "002390",
        "股票简称": "信邦制药",
        "报告年份": "2023",
        "报告期": "年度报告",
        "总股本_股": 1943851868,
        "流通股本_股": null,
        "报告日期": "2024-04-16",
        "审计意见": "标准无保留意见",
        "会计师事务所": "大华会计师事务所(特殊普通合伙)",
        "期": "FY"
    },
    "核心业绩指标": {
        "每股收益_元": 0.15,
        "稀释每股收益_元": 0.15,
        "营业总收入_万元": 646084.131546,
        "营业总收入_亿元": 64.6084131546,
        "营收同比增长_百分比": 1.75,
        "营收环比增长_百分比": null,
        "净利润_万元": 28723.279894,
        "净利润_亿元": 2.8723279894,
        "净利润同比增长_百分比": 28.02,
        "净利润环比增长_百分比": null,
        "归母净利润_万元": 28723.279894,
        "少数股东损益_万元": 6653.970649,
        "每股净资产_元": null,
        "净资产收益率_百分比": 4.19,
        "扣非净资产收益率_百分比": null,
        "每股经营现金流_元": null,
        "扣非净利润_万元": 26790.251617,
        "扣非净利润同比增长_百分比": 19.43,
        "销售毛利率_百分比": null,
        "销售净利率_百分比": null,
        "加权平均净资产收益率_百分比": 4.19,
        "扣非加权净资产收益率_百分比": null,
        "总资产收益率_百分比": null,
        "主营业务收入_万元": null,
        "主营业务成本_万元": null,
        "主营业务利润_万元": null
    },
    "资产负债表": {
        "货币资金_万元": 80598.297914,
        "应收账款_万元": 287527.470344,
        "应收票据_万元": 9068.84488,
        "应收款项融资_万元": 7053.336788,
        "预付款项_万元": 24302.614074,
        "其他应收款_万元": 32039.099367,
        "存货_万元": 100077.929671,
        "合同资产_万元": null,
        "一年内到期的非流动资产_万元": null,
        "其他流动资产_万元": 485.648485,
        "流动资产合计_万元": 541153.241523,
        "交易性金融资产_万元": null,
        "债权投资_万元": null,
        "其他债权投资_万元": null,
        "长期应收款_万元": null,
        "长期股权投资_万元": null,
        "其他权益工具投资_万元": 34047.168297,
        "投资性房地产_万元": 3499.961894,
        "固定资产_万元": 243435.496164,
        "在建工程_万元": 5806.288968,
        "生产性生物资产_万元": null,
        "油气资产_万元": null,
        "使用权资产_万元": 2564.396351,
        "无形资产_万元": 18017.770991,
        "开发支出_万元": null,
        "商誉_万元": 60374.929525,
        "长期待摊费用_万元": 8184.062376,
        "递延所得税资产_万元": 7413.79893,
        "其他非流动资产_万元": null,
        "非流动资产合计_万元": 383343.873496,
        "总资产_万元": 924497.115019,
        "总资产同比增长_百分比": -5.6,
        "短期借款_万元": 79628.53913,
        "交易性金融负债_万元": null,
        "应付票据_万元": 24851.937344,
        "应付账款_万元": 65463.044277,
        "预收款项_万元": null,
        "合同负债_万元": 2798.409127,
        "应付职工薪酬_万元": 2017.995854,
        "应交税费_万元": 3757.683809,
        "其他应付款_万元": 26697.296123,
        "一年内到期的非流动负债_万元": 439.996398,
        "其他流动负债_万元": 201.991419,
        "流动负债合计_万元": 205856.893481,
        "长期借款_万元": null,
        "应付债券_万元": null,
        "租赁负债_万元": 2112.430326,
        "长期应付款_万元": null,
        "预计负债_万元": 30.7906,
        "递延收益_万元": 2203.913927,
        "递延所得税负债_万元": 84.424648,
        "其他非流动负债_万元": null,
        "非流动负债合计_万元": 4431.559501,
        "总负债_万元": 210288.452982,
        "总负债同比增长_百分比": -22.94,
        "资产负债率_百分比": 22.75,
        "实收资本_万元": 194385.1868,
        "资本公积_万元": 440270.313758,
        "盈余公积_万元": 10102.270961,
        "未分配利润_万元": 53231.514983,
        "其他综合收益_万元": null,
        "专项储备_万元": null,
        "归属于母公司所有者权益合计_万元": 685240.132417,
        "少数股东权益_万元": 28968.52962,
        "股东权益合计_万元": 714208.662037
    },
    "利润表": {
        "营业总收入_万元": 646084.131546,
        "营业收入_万元": 646084.131546,
        "营业总收入同比增长_百分比": 1.75,
        "营业成本_万元": 523226.521344,
        "税金及附加_万元": 2742.648811,
        "销售费用_万元": 34341.400078,
        "管理费用_万元": 39442.48694,
        "研发费用_万元": 467.295358,
        "财务费用_万元": 2775.307729,
        "其中利息费用_万元": 3969.842294,
        "其中利息收入_万元": 1272.959656,
        "其他收益_万元": 538.29786,
        "投资收益_万元": 939.736733,
        "其中对联营企业投资收益_万元": null,
        "公允价值变动收益_万元": null,
        "信用减值损失_万元": -5312.670333,
        "资产减值损失_万元": -752.301571,
        "资产处置收益_万元": 1.780127,
        "营业总支出_万元": null,
        "营业利润_万元": 38503.314102,
        "营业外收入_万元": 2501.036472,
        "营业外支出_万元": 1402.19137,
        "利润总额_万元": 39602.159204,
        "所得税费用_万元": 4224.908661,
        "净利润_万元": 35377.250543,
        "归母净利润_万元": 28723.279894,
        "少数股东损益_万元": 6653.970649,
        "持续经营净利润_万元": 35377.250543,
        "终止经营净利润_万元": null,
        "其他综合收益_万元": null,
        "综合收益总额_万元": 35377.250543,
        "归母综合收益总额_万元": 28723.279894
    },
    "现金流量表": {
        "销售商品收到现金_万元": 659679.667328,
        "收到的税费返还_万元": 175.432818,
        "收到其他经营活动现金_万元": 17275.065733,
        "经营活动现金流入_万元": 676954.733061,
        "购买商品支付现金_万元": 460767.361438,
        "支付职工现金_万元": 72831.637737,
        "支付税费_万元": 23610.724917,
        "支付其他经营活动现金_万元": 40683.205934,
        "经营活动现金流出_万元": 597892.930026,
        "经营现金流净额_万元": 79061.803035,
        "经营现金流净额同比增长_百分比": 33.82,
        "收回投资现金_万元": 336.68377,
        "取得投资收益现金_万元": 1143.587125,
        "处置资产收回现金_万元": 13498.251585,
        "收到其他投资活动现金_万元": 3655.492495,
        "投资活动现金流入_万元": 18634.014975,
        "投资支付现金_万元": 30.0,
        "购建资产支付现金_万元": 13578.105982,
        "支付其他投资活动现金_万元": null,
        "投资活动现金流出_万元": 13608.105982,
        "投资现金流净额_万元": 5025.908993,
        "吸收投资现金_万元": 98.0,
        "取得借款现金_万元": 121050.0,
        "收到其他筹资活动现金_万元": 10217.022241,
        "筹资活动现金流入_万元": 131365.022241,
        "偿还债务现金_万元": 181669.000001,
        "分配股利现金_万元": 18746.61527,
        "支付其他筹资活动现金_万元": 21669.386928,
        "筹资活动现金流出_万元": 222085.002199,
        "融资现金流净额_万元": -90719.979958,
        "汇率变动影响_万元": 0.193107,
        "现金及等价物净增加额_万元": -6632.074823,
        "净现金流_元": null,
        "净现金流同比增长_百分比": -123.41,
        "期初现金及等价物_万元": 79701.052291,
        "期末现金及等价物_万元": 73068.977468,
        "经营现金流占比_百分比": null,
        "投资现金流占比_百分比": null,
        "融资现金流占比_百分比": null
    }
}