{
    "报告信息": {
        "序号": null,
        "股票代码": "002390",
        "股票简称": "信邦制药",
        "报告年份": "2023",
        "报告期": "第三季度",
        "总股本_股": 1943851868,
        "流通股本_股": null,
        "报告日期": "2023-10-30",
        "审计意见": "未经审计",
        "会计师事务所": null,
        "期": "Q3"
    },
    "核心业绩指标": {
        "每股收益_元": 0.127,
        "稀释每股收益_元": 0.127,
        "营业总收入_万元": 482320.764687,
        "营业总收入_亿元": 48.2320764687,
        "营收同比增长_百分比": 2.92,
        "营收环比增长_百分比": null,
        "净利润_万元": 30344.540577,
        "净利润_亿元": 3.0344540577,
        "净利润同比增长_百分比": 9.68,
        "净利润环比增长_百分比": null,
        "归母净利润_万元": 24657.499915,
        "少数股东损益_万元": 5687.040662,
        "每股净资产_元": null,
        "净资产收益率_百分比": null,
        "扣非净资产收益率_百分比": null,
        "每股经营现金流_元": null,
        "扣非净利润_万元": 24709.921938,
        "扣非净利润同比增长_百分比": 21.24,
        "销售毛利率_百分比": null,
        "销售净利率_百分比": null,
        "加权平均净资产收益率_百分比": 3.59,
        "扣非加权净资产收益率_百分比": null,
        "总资产收益率_百分比": null,
        "主营业务收入_万元": null,
        "主营业务成本_万元": null,
        "主营业务利润_万元": null
    },
    "资产负债表": {
        "货币资金_万元": 105840.77084,
        "应收账款_万元": 286904.819176,
        "应收票据_万元": 8672.71525,
        "应收款项融资_万元": 7272.196745,
        "预付款项_万元": 18983.206881,
        "其他应收款_万元": 44282.554506,
        "存货_万元": 105845.358659,
        "合同资产_万元": null,
        "一年内到期的非流动资产_万元": null,
        "其他流动资产_万元": 399.097932,
        "流动资产合计_万元": 578200.719989,
        "交易性金融资产_万元": null,
        "债权投资_万元": null,
        "其他债权投资_万元": null,
        "长期应收款_万元": null,
        "长期股权投资_万元": null,
        "其他权益工具投资_万元": 34383.852067,
        "投资性房地产_万元": null,
        "固定资产_万元": 248262.953585,
        "在建工程_万元": 5544.506815,
        "生产性生物资产_万元": null,
        "油气资产_万元": null,
        "使用权资产_万元": 2523.958422,
        "无形资产_万元": 18295.260564,
        "开发支出_万元": null,
        "商誉_万元": 60374.929525,
        "长期待摊费用_万元": 8379.846316,
        "递延所得税资产_万元": 6755.510523,
        "其他非流动资产_万元": null,
        "非流动资产合计_万元": 384520.817817,
        "总资产_万元": 962721.537806,
        "总资产同比增长_百分比": -1.69,
        "短期借款_万元": 112686.789401,
        "交易性金融负债_万元": null,
        "应付票据_万元": 23373.638155,
        "应付账款_万元": 67467.897876,
        "预收款项_万元": null,
        "合同负债_万元": 2601.6575,
        "应付职工薪酬_万元": 1394.097223,
        "应交税费_万元": 3608.832147,
        "其他应付款_万元": 32680.585806,
        "一年内到期的非流动负债_万元": 301.794548,
        "其他流动负债_万元": 206.692853,
        "流动负债合计_万元": 244321.985509,
        "长期借款_万元": null,
        "应付债券_万元": null,
        "租赁负债_万元": 2012.470822,
        "长期应付款_万元": null,
        "预计负债_万元": 30.7906,
        "递延收益_万元": 1781.170817,
        "递延所得税负债_万元": null,
        "其他非流动负债_万元": null,
        "非流动负债合计_万元": 3824.432239,
        "总负债_万元": 248146.417748,
        "总负债同比增长_百分比": null,
        "资产负债率_百分比": null,
        "实收资本_万元": 194385.1868,
        "资本公积_万元": 440176.493844,
        "盈余公积_万元": 8962.287619,
        "未分配利润_万元": 50315.585094,
        "其他综合收益_万元": null,
        "专项储备_万元": null,
        "归属于母公司所有者权益合计_万元": 686444.69967,
        "少数股东权益_万元": 28130.420388,
        "股东权益合计_万元": 714575.120058
    },
    "利润表": {
        "营业总收入_万元": 482320.764687,
        "营业收入_万元": 482320.764687,
        "营业总收入同比增长_百分比": 2.92,
        "营业成本_万元": 386056.997561,
        "税金及附加_万元": 2083.779671,
        "销售费用_万元": 25485.229729,
        "管理费用_万元": 30801.285243,
        "研发费用_万元": 204.71979,
        "财务费用_万元": 2441.416515,
        "其中利息费用_万元": 3236.516438,
        "其中利息收入_万元": 858.561175,
        "其他收益_万元": 495.485981,
        "投资收益_万元": -78.894367,
        "其中对联营企业投资收益_万元": null,
        "公允价值变动收益_万元": null,
        "信用减值损失_万元": -1673.494266,
        "资产减值损失_万元": null,
        "资产处置收益_万元": -5.586183,
        "营业总支出_万元": null,
        "营业利润_万元": 33984.847343,
        "营业外收入_万元": 236.410215,
        "营业外支出_万元": 651.17467,
        "利润总额_万元": 33570.082888,
        "所得税费用_万元": 3225.542311,
        "净利润_万元": 30344.540577,
        "归母净利润_万元": 24657.499915,
        "少数股东损益_万元": 5687.040662,
        "持续经营净利润_万元": 30344.540577,
        "终止经营净利润_万元": null,
        "其他综合收益_万元": null,
        "综合收益总额_万元": 30344.540577,
        "归母综合收益总额_万元": 24657.499915
    },
    "现金流量表": {
        "销售商品收到现金_万元": 494439.269735,
        "收到的税费返还_万元": 15.21977314,
        "收到其他经营活动现金_万元": 22246.535811,
        "经营活动现金流入_万元": 516685.805546,
        "购买商品支付现金_万元": 331397.065799,
        "支付职工现金_万元": 55114.573888,
        "支付税费_万元": 17233.325667,
        "支付其他经营活动现金_万元": 40127.327941,
        "经营活动现金流出_万元": 443872.293295,
        "经营现金流净额_万元": 72813.512251,
        "经营现金流净额同比增长_百分比": 36.85,
        "收回投资现金_万元": null,
        "取得投资收益现金_万元": 124.956025,
        "处置资产收回现金_万元": 25.206117,
        "收到其他投资活动现金_万元": null,
        "投资活动现金流入_万元": 3805.654637,
        "投资支付现金_万元": null,
        "购建资产支付现金_万元": 8284.978743,
        "支付其他投资活动现金_万元": null,
        "投资活动现金流出_万元": 8284.978743,
        "投资现金流净额_万元": -4479.324106,
        "吸收投资现金_万元": 196.0,
        "取得借款现金_万元": 106650.0,
        "收到其他筹资活动现金_万元": 10217.022241,
        "筹资活动现金流入_万元": 117063.022241,
        "偿还债务现金_万元": 133919.000001,
        "分配股利现金_万元": 17845.709851,
        "支付其他筹资活动现金_万元": 15356.156782,
        "筹资活动现金流出_万元": 167120.866634,
        "融资现金流净额_万元": -50057.844393,
        "汇率变动影响_万元": 0.071702,
        "现金及等价物净增加额_万元": 18276.415454,
        "净现金流_元": null,
        "净现金流同比增长_百分比": null,
        "期初现金及等价物_万元": 79701.052291,
        "期末现金及等价物_万元": 97977.467745,
        "经营现金流占比_百分比": null,
        "投资现金流占比_百分比": null,
        "融资现金流占比_百分比": null
    }
}