{
    "报告信息": {
        "序号": null,
        "股票代码": "002390",
        "股票简称": "信邦制药",
        "报告年份": "2025",
        "报告期": "第三季度报告",
        "总股本_股": 1943851868,
        "流通股本_股": null,
        "报告日期": "2025-10-29",
        "审计意见": "未经审计",
        "会计师事务所": null,
        "期": "Q3"
    },
    "核心业绩指标": {
        "每股收益_元": 0.0803,
        "稀释每股收益_元": 0.0803,
        "营业总收入_万元": 426628.528811,
        "营业总收入_亿元": 42.6628528811,
        "营收同比增长_百分比": -6.55,
        "营收环比增长_百分比": null,
        "净利润_万元": 20077.717216,
        "净利润_亿元": 2.0077717216,
        "净利润同比增长_百分比": -13.74,
        "净利润环比增长_百分比": null,
        "归母净利润_万元": 15232.4953,
        "少数股东损益_万元": 4845.221916,
        "每股净资产_元": null,
        "净资产收益率_百分比": null,
        "扣非净资产收益率_百分比": null,
        "每股经营现金流_元": null,
        "扣非净利润_万元": 15684.569305,
        "扣非净利润同比增长_百分比": -10.5,
        "销售毛利率_百分比": null,
        "销售净利率_百分比": null,
        "加权平均净资产收益率_百分比": 2.25,
        "扣非加权净资产收益率_百分比": null,
        "总资产收益率_百分比": null,
        "主营业务收入_万元": 426628.528811,
        "主营业务成本_万元": 352217.551129,
        "主营业务利润_万元": null
    },
    "资产负债表": {
        "货币资金_万元": 96205.021466,
        "应收账款_万元": 244113.07847,
        "应收票据_万元": 6189.566516,
        "应收款项融资_万元": 8383.787066,
        "预付款项_万元": 11999.742326,
        "其他应收款_万元": 32123.105155,
        "存货_万元": 92824.270214,
        "合同资产_万元": null,
        "一年内到期的非流动资产_万元": null,
        "其他流动资产_万元": 1274.14011,
        "流动资产合计_万元": 493112.711323,
        "交易性金融资产_万元": null,
        "债权投资_万元": null,
        "其他债权投资_万元": null,
        "长期应收款_万元": null,
        "长期股权投资_万元": null,
        "其他权益工具投资_万元": 32746.515674,
        "投资性房地产_万元": 3465.104201,
        "固定资产_万元": 214266.827667,
        "在建工程_万元": 17857.757553,
        "生产性生物资产_万元": null,
        "油气资产_万元": null,
        "使用权资产_万元": 1777.875037,
        "无形资产_万元": 18004.032475,
        "开发支出_万元": null,
        "商誉_万元": 60374.929525,
        "长期待摊费用_万元": 6155.743401,
        "递延所得税资产_万元": 8149.552647,
        "其他非流动资产_万元": 3274.00703,
        "非流动资产合计_万元": 366072.34521,
        "总资产_万元": 859185.056533,
        "总资产同比增长_百分比": -4.83,
        "短期借款_万元": 30696.218601,
        "交易性金融负债_万元": null,
        "应付票据_万元": 13625.111014,
        "应付账款_万元": 57754.175588,
        "预收款项_万元": null,
        "合同负债_万元": 2433.272236,
        "应付职工薪酬_万元": 1378.579293,
        "应交税费_万元": 2496.127556,
        "其他应付款_万元": 29070.601954,
        "一年内到期的非流动负债_万元": 389.882366,
        "其他流动负债_万元": 103.760952,
        "流动负债合计_万元": 137947.72956,
        "长期借款_万元": 19580.0,
        "应付债券_万元": null,
        "租赁负债_万元": 1797.377407,
        "长期应付款_万元": null,
        "预计负债_万元": 27.7906,
        "递延收益_万元": 2388.832355,
        "递延所得税负债_万元": 56.36216,
        "其他非流动负债_万元": null,
        "非流动负债合计_万元": 23850.362522,
        "总负债_万元": 161798.092082,
        "总负债同比增长_百分比": null,
        "资产负债率_百分比": null,
        "实收资本_万元": 194385.1868,
        "资本公积_万元": 440307.460409,
        "盈余公积_万元": 10667.784574,
        "未分配利润_万元": 49529.286025,
        "其他综合收益_万元": null,
        "专项储备_万元": null,
        "归属于母公司所有者权益合计_万元": 674896.846142,
        "少数股东权益_万元": 22490.118309,
        "股东权益合计_万元": 697386.964451
    },
    "利润表": {
        "营业总收入_万元": 426628.528811,
        "营业收入_万元": 426628.528811,
        "营业总收入同比增长_百分比": -6.55,
        "营业成本_万元": 352217.551129,
        "税金及附加_万元": 3238.291015,
        "销售费用_万元": 19603.899309,
        "管理费用_万元": 26040.945214,
        "研发费用_万元": 429.264911,
        "财务费用_万元": 1110.605943,
        "其中利息费用_万元": 1620.489827,
        "其中利息收入_万元": 570.318191,
        "其他收益_万元": 328.006918,
        "投资收益_万元": 26.621334,
        "其中对联营企业投资收益_万元": null,
        "公允价值变动收益_万元": null,
        "信用减值损失_万元": -811.003785,
        "资产减值损失_万元": null,
        "资产处置收益_万元": 8.586427,
        "营业总支出_万元": 402640.557521,
        "营业利润_万元": 23540.182184,
        "营业外收入_万元": 133.741829,
        "营业外支出_万元": 1151.183822,
        "利润总额_万元": 22522.740191,
        "所得税费用_万元": 2445.022975,
        "净利润_万元": 20077.717216,
        "归母净利润_万元": 15232.4953,
        "少数股东损益_万元": 4845.221916,
        "持续经营净利润_万元": 20077.717216,
        "终止经营净利润_万元": null,
        "其他综合收益_万元": null,
        "综合收益总额_万元": 20077.717216,
        "归母综合收益总额_万元": 15232.4953
    },
    "现金流量表": {
        "销售商品收到现金_万元": 439291.042884,
        "收到的税费返还_万元": null,
        "收到其他经营活动现金_万元": 9634.056094,
        "经营活动现金流入_万元": 448925.098978,
        "购买商品支付现金_万元": 305305.342703,
        "支付职工现金_万元": 54468.019639,
        "支付税费_万元": 16180.435828,
        "支付其他经营活动现金_万元": 26813.070572,
        "经营活动现金流出_万元": 402766.868742,
        "经营现金流净额_万元": 46158.230236,
        "经营现金流净额同比增长_百分比": 7.38,
        "收回投资现金_万元": 1000.0,
        "取得投资收益现金_万元": 34.184303,
        "处置资产收回现金_万元": 78.89917,
        "收到其他投资活动现金_万元": null,
        "投资活动现金流入_万元": 1113.083473,
        "投资支付现金_万元": null,
        "购建资产支付现金_万元": 6633.582559,
        "支付其他投资活动现金_万元": null,
        "投资活动现金流出_万元": 6633.582559,
        "投资现金流净额_万元": -5520.499086,
        "吸收投资现金_万元": null,
        "取得借款现金_万元": 38200.0,
        "收到其他筹资活动现金_万元": 8279.507256,
        "筹资活动现金流入_万元": 46479.507256,
        "偿还债务现金_万元": 61320.0,
        "分配股利现金_万元": 21985.819048,
        "支付其他筹资活动现金_万元": 4966.019301,
        "筹资活动现金流出_万元": 88271.838349,
        "融资现金流净额_万元": -41792.331093,
        "汇率变动影响_万元": -0.185981,
        "现金及等价物净增加额_万元": -1154.785924,
        "净现金流_元": null,
        "净现金流同比增长_百分比": 48.49,
        "期初现金及等价物_万元": 93272.024084,
        "期末现金及等价物_万元": 92117.23816,
        "经营现金流占比_百分比": null,
        "投资现金流占比_百分比": null,
        "融资现金流占比_百分比": null
    }
}