{
    "报告信息": {
        "序号": null,
        "股票代码": "002390",
        "股票简称": "信邦制药",
        "报告年份": "2024",
        "报告期": "Q3",
        "总股本_股": 1943851868,
        "流通股本_股": null,
        "报告日期": "2024-10-31",
        "审计意见": "未经审计",
        "会计师事务所": null
    },
    "核心业绩指标": {
        "每股收益_元": 0.0927,
        "稀释每股收益_元": 0.0927,
        "营业总收入_万元": 456535.575709,
        "营业总收入_亿元": 45.6535575709,
        "营收同比增长_百分比": -5.35,
        "营收环比增长_百分比": null,
        "净利润_万元": 23273.754503,
        "净利润_亿元": 2.3273754503,
        "净利润同比增长_百分比": -23.31,
        "净利润环比增长_百分比": null,
        "归母净利润_万元": 17658.95749,
        "少数股东损益_万元": 5614.797013,
        "每股净资产_元": null,
        "净资产收益率_百分比": null,
        "扣非净资产收益率_百分比": null,
        "每股经营现金流_元": null,
        "扣非净利润_万元": 17523.726806,
        "扣非净利润同比增长_百分比": -29.08,
        "销售毛利率_百分比": null,
        "销售净利率_百分比": null,
        "加权平均净资产收益率_百分比": 2.58,
        "扣非加权净资产收益率_百分比": null,
        "总资产收益率_百分比": null,
        "主营业务收入_万元": null,
        "主营业务成本_万元": null,
        "主营业务利润_万元": null
    },
    "资产负债表": {
        "货币资金_万元": 75233.652478,
        "应收账款_万元": 271644.537132,
        "应收票据_万元": 8773.107035,
        "应收款项融资_万元": 6296.016612,
        "预付款项_万元": 25891.012863,
        "其他应收款_万元": 33435.190909,
        "存货_万元": 92402.694109,
        "合同资产_万元": null,
        "一年内到期的非流动资产_万元": null,
        "其他流动资产_万元": 672.489816,
        "流动资产合计_万元": 514348.700954,
        "交易性金融资产_万元": null,
        "债权投资_万元": null,
        "其他债权投资_万元": null,
        "长期应收款_万元": null,
        "长期股权投资_万元": null,
        "其他权益工具投资_万元": 33792.520118,
        "投资性房地产_万元": 3389.736363,
        "固定资产_万元": 230926.934191,
        "在建工程_万元": 10554.744423,
        "生产性生物资产_万元": null,
        "油气资产_万元": null,
        "使用权资产_万元": 2132.773745,
        "无形资产_万元": 19196.933883,
        "开发支出_万元": null,
        "商誉_万元": 60374.929525,
        "长期待摊费用_万元": 7354.029732,
        "递延所得税资产_万元": 7595.555647,
        "其他非流动资产_万元": null,
        "非流动资产合计_万元": 375318.157627,
        "总资产_万元": 889666.858581,
        "总资产同比增长_百分比": -3.77,
        "短期借款_万元": 60926.910668,
        "交易性金融负债_万元": null,
        "应付票据_万元": 14687.386629,
        "应付账款_万元": 63679.792533,
        "预收款项_万元": null,
        "合同负债_万元": 2921.812943,
        "应付职工薪酬_万元": 1418.908223,
        "应交税费_万元": 3261.848127,
        "其他应付款_万元": 28400.849463,
        "一年内到期的非流动负债_万元": 350.234925,
        "其他流动负债_万元": 240.284435,
        "流动负债合计_万元": 175888.027946,
        "长期借款_万元": null,
        "应付债券_万元": null,
        "租赁负债_万元": 1906.533675,
        "长期应付款_万元": null,
        "预计负债_万元": 29.2906,
        "递延收益_万元": 2082.991825,
        "递延所得税负债_万元": 63.100528,
        "其他非流动负债_万元": null,
        "非流动负债合计_万元": 4081.916628,
        "总负债_万元": 179969.944574,
        "总负债同比增长_百分比": -14.39,
        "资产负债率_百分比": 20.23,
        "实收资本_万元": 194385.1868,
        "资本公积_万元": 440270.313758,
        "盈余公积_万元": 10102.270961,
        "未分配利润_万元": 53761.537521,
        "其他综合收益_万元": null,
        "专项储备_万元": null,
        "归属于母公司所有者权益合计_万元": 678526.437374,
        "少数股东权益_万元": 31170.476633,
        "股东权益合计_万元": 709696.914007
    },
    "利润表": {
        "营业总收入_万元": 456535.575709,
        "营业收入_万元": 456535.575709,
        "营业总收入同比增长_百分比": -5.35,
        "营业成本_万元": 372421.051497,
        "税金及附加_万元": 1899.676034,
        "销售费用_万元": 22926.283963,
        "管理费用_万元": 28736.92135,
        "研发费用_万元": 382.48332,
        "财务费用_万元": 1319.706985,
        "其中利息费用_万元": 1856.951071,
        "其中利息收入_万元": 600.204576,
        "其他收益_万元": 329.608251,
        "投资收益_万元": 130.050019,
        "其中对联营企业投资收益_万元": null,
        "公允价值变动收益_万元": null,
        "信用减值损失_万元": -2582.134609,
        "资产减值损失_万元": null,
        "资产处置收益_万元": -2.531175,
        "营业总支出_万元": 427686.123149,
        "营业利润_万元": 26724.445046,
        "营业外收入_万元": 73.502083,
        "营业外支出_万元": 370.73076,
        "利润总额_万元": 26427.216369,
        "所得税费用_万元": 3153.461866,
        "净利润_万元": 23273.754503,
        "归母净利润_万元": 17658.95749,
        "少数股东损益_万元": 5614.797013,
        "持续经营净利润_万元": 23273.754503,
        "终止经营净利润_万元": null,
        "其他综合收益_万元": null,
        "综合收益总额_万元": 23273.754503,
        "归母综合收益总额_万元": 17658.95749
    },
    "现金流量表": {
        "销售商品收到现金_万元": 465972.610545,
        "收到的税费返还_万元": null,
        "收到其他经营活动现金_万元": 18453.142885,
        "经营活动现金流入_万元": 484425.75343,
        "购买商品支付现金_万元": 323830.682656,
        "支付职工现金_万元": 56659.577977,
        "支付税费_万元": 16854.442759,
        "支付其他经营活动现金_万元": 44096.42246,
        "经营活动现金流出_万元": 441441.125852,
        "经营现金流净额_万元": 42984.627578,
        "经营现金流净额同比增长_百分比": -40.97,
        "收回投资现金_万元": 254.648179,
        "取得投资收益现金_万元": 130.050019,
        "处置资产收回现金_万元": 8.592,
        "收到其他投资活动现金_万元": null,
        "投资活动现金流入_万元": 393.290198,
        "投资支付现金_万元": null,
        "购建资产支付现金_万元": 9607.478576,
        "支付其他投资活动现金_万元": null,
        "投资活动现金流出_万元": 9607.478576,
        "投资现金流净额_万元": -9214.188378,
        "吸收投资现金_万元": null,
        "取得借款现金_万元": 58300.0,
        "收到其他筹资活动现金_万元": 7529.320446,
        "筹资活动现金流入_万元": 65829.320446,
        "偿还债务现金_万元": 73100.0,
        "分配股利现金_万元": null,
        "支付其他筹资活动现金_万元": 12248.759118,
        "筹资活动现金流出_万元": 101841.692332,
        "融资现金流净额_万元": -36012.371886,
        "汇率变动影响_万元": 0.060707,
        "现金及等价物净增加额_万元": -2241.871979,
        "净现金流_元": null,
        "净现金流同比增长_百分比": null,
        "期初现金及等价物_万元": 73068.977468,
        "期末现金及等价物_万元": 70827.105489,
        "经营现金流占比_百分比": null,
        "投资现金流占比_百分比": null,
        "融资现金流占比_百分比": null
    }
}