{
    "报告信息": {
        "序号": null,
        "股票代码": "002390",
        "股票简称": "信邦制药",
        "报告年份": "2024",
        "报告期": "HY",
        "总股本_股": 1943851868,
        "流通股本_股": null,
        "报告日期": "2024-08-29",
        "审计意见": null,
        "会计师事务所": null
    },
    "核心业绩指标": {
        "每股收益_元": 0.0602,
        "稀释每股收益_元": 0.0602,
        "营业总收入_万元": 304656.982796,
        "营业总收入_亿元": 30.4656982796,
        "营收同比增长_百分比": -6.45,
        "营收环比增长_百分比": null,
        "净利润_万元": 15144.025943,
        "净利润_亿元": 1.5144025943,
        "净利润同比增长_百分比": -20.98,
        "净利润环比增长_百分比": null,
        "归母净利润_万元": 11487.928931,
        "少数股东损益_万元": 3656.097012,
        "每股净资产_元": null,
        "净资产收益率_百分比": null,
        "扣非净资产收益率_百分比": null,
        "每股经营现金流_元": null,
        "扣非净利润_万元": 11485.146377,
        "扣非净利润同比增长_百分比": -25.97,
        "销售毛利率_百分比": null,
        "销售净利率_百分比": null,
        "加权平均净资产收益率_百分比": 1.67,
        "扣非加权净资产收益率_百分比": null,
        "总资产收益率_百分比": null,
        "主营业务收入_万元": null,
        "主营业务成本_万元": null,
        "主营业务利润_万元": null
    },
    "资产负债表": {
        "货币资金_万元": 72998.919491,
        "应收账款_万元": 279038.868616,
        "应收票据_万元": 13387.3923,
        "应收款项融资_万元": 7246.795694,
        "预付款项_万元": 25275.342912,
        "其他应收款_万元": 33319.181618,
        "存货_万元": 90389.996127,
        "合同资产_万元": null,
        "一年内到期的非流动资产_万元": null,
        "其他流动资产_万元": 582.674107,
        "流动资产合计_万元": 522239.170865,
        "交易性金融资产_万元": null,
        "债权投资_万元": null,
        "其他债权投资_万元": null,
        "长期应收款_万元": null,
        "长期股权投资_万元": null,
        "其他权益工具投资_万元": 33792.520118,
        "投资性房地产_万元": 3422.172515,
        "固定资产_万元": 235015.918542,
        "在建工程_万元": 8770.615546,
        "生产性生物资产_万元": null,
        "油气资产_万元": null,
        "使用权资产_万元": 2276.81727,
        "无形资产_万元": 19540.734141,
        "开发支出_万元": null,
        "商誉_万元": 60374.929525,
        "长期待摊费用_万元": 7467.518292,
        "递延所得税资产_万元": 7618.107066,
        "其他非流动资产_万元": null,
        "非流动资产合计_万元": 378279.333015,
        "总资产_万元": 900518.50388,
        "总资产同比增长_百分比": -2.59,
        "短期借款_万元": 80786.666885,
        "交易性金融负债_万元": null,
        "应付票据_万元": 6333.758502,
        "应付账款_万元": 68713.245124,
        "预收款项_万元": null,
        "合同负债_万元": 2351.680065,
        "应付职工薪酬_万元": 1418.631312,
        "应交税费_万元": 2644.159858,
        "其他应付款_万元": 25712.849078,
        "一年内到期的非流动负债_万元": 350.234925,
        "其他流动负债_万元": 131.065984,
        "流动负债合计_万元": 188442.291733,
        "长期借款_万元": null,
        "应付债券_万元": null,
        "租赁负债_万元": 2011.505556,
        "长期应付款_万元": null,
        "预计负债_万元": 29.2906,
        "递延收益_万元": 2112.525859,
        "递延所得税负债_万元": 70.208567,
        "其他非流动负债_万元": null,
        "非流动负债合计_万元": 4223.530582,
        "总负债_万元": 192665.822315,
        "总负债同比增长_百分比": null,
        "资产负债率_百分比": null,
        "实收资本_万元": 194385.1868,
        "资本公积_万元": 440270.313758,
        "盈余公积_万元": 10102.270961,
        "未分配利润_万元": 53279.727946,
        "其他综合收益_万元": null,
        "专项储备_万元": null,
        "归属于母公司所有者权益合计_万元": 678640.904933,
        "少数股东权益_万元": 29211.776632,
        "股东权益合计_万元": 707852.681565
    },
    "利润表": {
        "营业总收入_万元": 304656.982796,
        "营业收入_万元": 304656.982796,
        "营业总收入同比增长_百分比": -6.45,
        "营业成本_万元": 250116.638553,
        "税金及附加_万元": 1188.586027,
        "销售费用_万元": 14665.996112,
        "管理费用_万元": 18842.972992,
        "研发费用_万元": 215.542234,
        "财务费用_万元": 899.710577,
        "其中利息费用_万元": 1259.300489,
        "其中利息收入_万元": 403.589114,
        "其他收益_万元": 219.841045,
        "投资收益_万元": 0,
        "其中对联营企业投资收益_万元": null,
        "公允价值变动收益_万元": null,
        "信用减值损失_万元": -2170.67223,
        "资产减值损失_万元": null,
        "资产处置收益_万元": -0.96698,
        "营业总支出_万元": null,
        "营业利润_万元": 16775.738136,
        "营业外收入_万元": 59.547335,
        "营业外支出_万元": 226.48857,
        "利润总额_万元": 16608.796901,
        "所得税费用_万元": 1464.770958,
        "净利润_万元": 15144.025943,
        "归母净利润_万元": 11487.928931,
        "少数股东损益_万元": 3656.097012,
        "持续经营净利润_万元": 15144.025943,
        "终止经营净利润_万元": null,
        "其他综合收益_万元": null,
        "综合收益总额_万元": 15144.025943,
        "归母综合收益总额_万元": 11487.928931
    },
    "现金流量表": {
        "销售商品收到现金_万元": 306760.948648,
        "收到的税费返还_万元": null,
        "收到其他经营活动现金_万元": 13179.070869,
        "经营活动现金流入_万元": 319940.019517,
        "购买商品支付现金_万元": 223550.271332,
        "支付职工现金_万元": 39302.33629,
        "支付税费_万元": 11308.863403,
        "支付其他经营活动现金_万元": 27659.977255,
        "经营活动现金流出_万元": 301821.44828,
        "经营现金流净额_万元": 18118.571237,
        "经营现金流净额同比增长_百分比": 0.43,
        "收回投资现金_万元": 254.648179,
        "取得投资收益现金_万元": 0.456625,
        "处置资产收回现金_万元": 2.693,
        "收到其他投资活动现金_万元": 3655.492495,
        "投资活动现金流入_万元": 257.341179,
        "投资支付现金_万元": 0,
        "购建资产支付现金_万元": 4388.568857,
        "支付其他投资活动现金_万元": null,
        "投资活动现金流出_万元": 4388.568857,
        "投资现金流净额_万元": -4131.227678,
        "吸收投资现金_万元": 49,
        "取得借款现金_万元": 52410,
        "收到其他筹资活动现金_万元": 7529.320446,
        "筹资活动现金流入_万元": 59939.320446,
        "偿还债务现金_万元": 49210,
        "分配股利现金_万元": 15905.049101,
        "支付其他筹资活动现金_万元": 8963.121447,
        "筹资活动现金流出_万元": 74078.170548,
        "融资现金流净额_万元": -14138.850102,
        "汇率变动影响_万元": -0.012323,
        "现金及等价物净增加额_万元": -1970.435529,
        "净现金流_元": null,
        "净现金流同比增长_百分比": null,
        "期初现金及等价物_万元": 73068.977468,
        "期末现金及等价物_万元": 71098.541939,
        "经营现金流占比_百分比": null,
        "投资现金流占比_百分比": null,
        "融资现金流占比_百分比": null
    }
}