{
    "报告信息": {
        "序号": null,
        "股票代码": "000999",
        "股票简称": "华润三九",
        "报告年份": "2023",
        "报告期": "Q3",
        "总股本_股": null,
        "流通股本_股": null,
        "报告日期": "2023-10-27",
        "审计意见": "未经审计",
        "会计师事务所": null
    },
    "核心业绩指标": {
        "每股收益_元": 2.44,
        "稀释每股收益_元": 2.44,
        "营业总收入_万元": 1860800.595415,
        "营业总收入_亿元": 186.0800595415,
        "营收同比增长_百分比": 53.65,
        "营收环比增长_百分比": null,
        "净利润_万元": 269517.908681,
        "净利润_亿元": 26.9517908681,
        "净利润同比增长_百分比": null,
        "净利润环比增长_百分比": null,
        "归母净利润_万元": 240259.984704,
        "少数股东损益_万元": 29257.923977,
        "每股净资产_元": null,
        "净资产收益率_百分比": null,
        "扣非净资产收益率_百分比": null,
        "每股经营现金流_元": null,
        "扣非净利润_万元": 230356.949217,
        "扣非净利润同比增长_百分比": 29.21,
        "销售毛利率_百分比": null,
        "销售净利率_百分比": null,
        "加权平均净资产收益率_百分比": 13.53,
        "扣非加权净资产收益率_百分比": null,
        "总资产收益率_百分比": null,
        "主营业务收入_万元": 1860800.595415,
        "主营业务成本_万元": 897064.612653,
        "主营业务利润_万元": null
    },
    "资产负债表": {
        "货币资金_万元": 661414.318368,
        "应收账款_万元": 607627.129521,
        "应收票据_万元": 736.92245,
        "应收款项融资_万元": 162941.931141,
        "预付款项_万元": 65082.931675,
        "其他应收款_万元": 19066.53349,
        "存货_万元": 489044.760952,
        "合同资产_万元": null,
        "一年内到期的非流动资产_万元": null,
        "其他流动资产_万元": 31271.531871,
        "流动资产合计_万元": 2105325.839694,
        "交易性金融资产_万元": 68139.780226,
        "债权投资_万元": null,
        "其他债权投资_万元": null,
        "长期应收款_万元": 977.964944,
        "长期股权投资_万元": 9499.888668,
        "其他权益工具投资_万元": 7745.035097,
        "投资性房地产_万元": 6439.303318,
        "固定资产_万元": 539882.786302,
        "在建工程_万元": 98246.564227,
        "生产性生物资产_万元": null,
        "油气资产_万元": null,
        "使用权资产_万元": 17498.74454,
        "无形资产_万元": 345962.89675,
        "开发支出_万元": 65972.375625,
        "商誉_万元": 518129.454959,
        "长期待摊费用_万元": 16932.189542,
        "递延所得税资产_万元": 61946.270345,
        "其他非流动资产_万元": 28819.744449,
        "非流动资产合计_万元": 1764480.219827,
        "总资产_万元": 3869806.059521,
        "总资产同比增长_百分比": 42.68,
        "短期借款_万元": 83856.337905,
        "交易性金融负债_万元": null,
        "应付票据_万元": 66856.725848,
        "应付账款_万元": 230914.826268,
        "预收款项_万元": null,
        "合同负债_万元": 137265.002435,
        "应付职工薪酬_万元": 104869.009231,
        "应交税费_万元": 48269.435323,
        "其他应付款_万元": 476532.052139,
        "一年内到期的非流动负债_万元": 16611.090744,
        "其他流动负债_万元": 24690.903995,
        "流动负债合计_万元": 1189865.383888,
        "长期借款_万元": 177339.941591,
        "应付债券_万元": null,
        "租赁负债_万元": 13566.707786,
        "长期应付款_万元": 1615.764441,
        "预计负债_万元": 3469.261657,
        "递延收益_万元": null,
        "递延所得税负债_万元": null,
        "其他非流动负债_万元": null,
        "非流动负债合计_万元": null,
        "总负债_万元": null,
        "总负债同比增长_百分比": null,
        "资产负债率_百分比": null,
        "实收资本_万元": null,
        "资本公积_万元": null,
        "盈余公积_万元": 53590.718246,
        "未分配利润_万元": 1517568.923516,
        "其他综合收益_万元": null,
        "专项储备_万元": null,
        "归属于母公司所有者权益合计_万元": 1850107.703641,
        "少数股东权益_万元": 512579.204128,
        "股东权益合计_万元": 2362686.907769
    },
    "利润表": {
        "营业总收入_万元": 1860800.595415,
        "营业收入_万元": 1860800.595415,
        "营业总收入同比增长_百分比": 53.65,
        "营业成本_万元": 897064.612653,
        "税金及附加_万元": 19381.922691,
        "销售费用_万元": 476731.858613,
        "管理费用_万元": 103959.533719,
        "研发费用_万元": 45844.324793,
        "财务费用_万元": -2051.985221,
        "其中利息费用_万元": 5228.968247,
        "其中利息收入_万元": 7275.463008,
        "其他收益_万元": 16541.066907,
        "投资收益_万元": 1084.985463,
        "其中对联营企业投资收益_万元": 522.739647,
        "公允价值变动收益_万元": -659.876558,
        "信用减值损失_万元": -4268.346566,
        "资产减值损失_万元": -7807.075042,
        "资产处置收益_万元": 268.31225,
        "营业总支出_万元": null,
        "营业利润_万元": 325029.394621,
        "营业外收入_万元": 2719.90689,
        "营业外支出_万元": 2777.120206,
        "利润总额_万元": 324972.181305,
        "所得税费用_万元": 55454.272624,
        "净利润_万元": 269517.908681,
        "归母净利润_万元": 240259.984704,
        "少数股东损益_万元": 29257.923977,
        "持续经营净利润_万元": 269517.908681,
        "终止经营净利润_万元": null,
        "其他综合收益_万元": 460.758091,
        "综合收益总额_万元": 269978.666772,
        "归母综合收益总额_万元": 240798.916893
    },
    "现金流量表": {
        "销售商品收到现金_万元": 2014736.853223,
        "收到的税费返还_万元": 2084.975406,
        "收到其他经营活动现金_万元": 84909.368269,
        "经营活动现金流入_万元": 2101731.196898,
        "购买商品支付现金_万元": 788457.657226,
        "支付职工现金_万元": 266167.821638,
        "支付税费_万元": 214032.93219,
        "支付其他经营活动现金_万元": 528055.280116,
        "经营活动现金流出_万元": 1796713.69117,
        "经营现金流净额_万元": 305017.505728,
        "经营现金流净额同比增长_百分比": 51.16,
        "收回投资现金_万元": 93637.857105,
        "取得投资收益现金_万元": 2386.864374,
        "处置资产收回现金_万元": 1749.900263,
        "收到其他投资活动现金_万元": 95708.561268,
        "投资活动现金流入_万元": 193483.18301,
        "投资支付现金_万元": 106774.5,
        "购建资产支付现金_万元": 60938.486632,
        "支付其他投资活动现金_万元": 85.6,
        "投资活动现金流出_万元": 167803.706632,
        "投资现金流净额_万元": 25679.476378,
        "吸收投资现金_万元": 42.177224,
        "取得借款现金_万元": 329553.616541,
        "收到其他筹资活动现金_万元": null,
        "筹资活动现金流入_万元": 329595.793765,
        "偿还债务现金_万元": 161006.14063,
        "分配股利现金_万元": 116235.21744,
        "支付其他筹资活动现金_万元": 7191.433196,
        "筹资活动现金流出_万元": 284432.791266,
        "融资现金流净额_万元": 45163.002499,
        "汇率变动影响_万元": 559.93378,
        "现金及等价物净增加额_万元": null,
        "净现金流_元": null,
        "净现金流同比增长_百分比": null,
        "期初现金及等价物_万元": null,
        "期末现金及等价物_万元": 612562.606409,
        "经营现金流占比_百分比": null,
        "投资现金流占比_百分比": null,
        "融资现金流占比_百分比": null
    }
}