{
    "报告信息": {
        "序号": null,
        "股票代码": "000999",
        "股票简称": "华润三九",
        "报告年份": "2024",
        "报告期": "Q1",
        "总股本_股": 988184000,
        "流通股本_股": null,
        "报告日期": "2024-03-31",
        "审计意见": "未经审计",
        "会计师事务所": null
    },
    "核心业绩指标": {
        "每股收益_元": 1.39,
        "稀释每股收益_元": 1.39,
        "营业总收入_万元": 729407.055782,
        "营业总收入_亿元": 72.9407055782,
        "营收同比增长_百分比": 14.82,
        "营收环比增长_百分比": null,
        "净利润_万元": 145316.823508,
        "净利润_亿元": 14.5316823508,
        "净利润同比增长_百分比": 18.18,
        "净利润环比增长_百分比": null,
        "归母净利润_万元": 136382.596361,
        "少数股东损益_万元": 8934.227147,
        "每股净资产_元": 20.58,
        "净资产收益率_百分比": null,
        "扣非净资产收益率_百分比": null,
        "每股经营现金流_元": null,
        "扣非净利润_万元": 132784.035841,
        "扣非净利润同比增长_百分比": 17.38,
        "销售毛利率_百分比": 46.34,
        "销售净利率_百分比": 19.94,
        "加权平均净资产收益率_百分比": 6.94,
        "扣非加权净资产收益率_百分比": null,
        "总资产收益率_百分比": 3.53,
        "主营业务收入_万元": 729407.055782,
        "主营业务成本_万元": 339753.171814,
        "主营业务利润_万元": 179789.060884
    },
    "资产负债表": {
        "货币资金_万元": 702623.138659,
        "应收账款_万元": 633256.850137,
        "应收票据_万元": 1103.519203,
        "应收款项融资_万元": 233345.596257,
        "预付款项_万元": 56548.909576,
        "其他应收款_万元": 19856.862557,
        "存货_万元": 498163.086195,
        "合同资产_万元": null,
        "一年内到期的非流动资产_万元": null,
        "其他流动资产_万元": 39669.369828,
        "流动资产合计_万元": 2368790.666179,
        "交易性金融资产_万元": 180366.938157,
        "债权投资_万元": null,
        "其他债权投资_万元": null,
        "长期应收款_万元": 1002.182843,
        "长期股权投资_万元": 37703.475751,
        "其他权益工具投资_万元": 6973.817238,
        "投资性房地产_万元": 7118.628348,
        "固定资产_万元": 579248.606642,
        "在建工程_万元": 58857.658014,
        "生产性生物资产_万元": null,
        "油气资产_万元": null,
        "使用权资产_万元": 17672.687767,
        "无形资产_万元": 343717.461914,
        "开发支出_万元": 62156.234777,
        "商誉_万元": 512392.758537,
        "长期待摊费用_万元": 15779.498706,
        "递延所得税资产_万元": 59942.943228,
        "其他非流动资产_万元": 27368.124532,
        "非流动资产合计_万元": 1755976.777186,
        "总资产_万元": 4124767.443365,
        "总资产同比增长_百分比": 2.74,
        "短期借款_万元": 91430.596283,
        "交易性金融负债_万元": null,
        "应付票据_万元": 63155.185706,
        "应付账款_万元": 235883.457415,
        "预收款项_万元": null,
        "合同负债_万元": 178179.373577,
        "应付职工薪酬_万元": 116017.355799,
        "应交税费_万元": 58721.990769,
        "其他应付款_万元": 106684.844071,
        "一年内到期的非流动负债_万元": 39164.666662,
        "其他流动负债_万元": null,
        "流动负债合计_万元": 1260444.960863,
        "长期借款_万元": 185465.864298,
        "应付债券_万元": null,
        "租赁负债_万元": 17672.687767,
        "长期应付款_万元": 2967.758987,
        "预计负债_万元": null,
        "递延收益_万元": null,
        "递延所得税负债_万元": null,
        "其他非流动负债_万元": 2967.758987,
        "非流动负债合计_万元": 291686.948914,
        "总负债_万元": 1552131.909777,
        "总负债同比增长_百分比": -2.3,
        "资产负债率_百分比": 37.58,
        "实收资本_万元": 98818.4,
        "资本公积_万元": 189236.595455,
        "盈余公积_万元": 53590.718246,
        "未分配利润_万元": 1698984.701658,
        "其他综合收益_万元": 7123.519296,
        "专项储备_万元": null,
        "归属于母公司所有者权益合计_万元": 2034555.600749,
        "少数股东权益_万元": 538079.932839,
        "股东权益合计_万元": 2572635.533588
    },
    "利润表": {
        "营业总收入_万元": 729407.055782,
        "营业收入_万元": 729407.055782,
        "营业总收入同比增长_百分比": 14.82,
        "营业成本_万元": 339753.171814,
        "税金及附加_万元": 7524.691935,
        "销售费用_万元": 156144.560369,
        "管理费用_万元": 33868.322621,
        "研发费用_万元": 13741.7359,
        "财务费用_万元": -2365.616091,
        "其中利息费用_万元": 2082.039242,
        "其中利息收入_万元": 4612.357575,
        "其他收益_万元": 4657.099758,
        "投资收益_万元": 216.74083,
        "其中对联营企业投资收益_万元": -134.856484,
        "公允价值变动收益_万元": -32.182357,
        "信用减值损失_万元": -3823.317465,
        "资产减值损失_万元": -2053.818767,
        "资产处置收益_万元": 84.349651,
        "营业总支出_万元": 548666.866548,
        "营业利润_万元": 179789.060884,
        "营业外收入_万元": 1181.945404,
        "营业外支出_万元": 656.444775,
        "利润总额_万元": 180314.561513,
        "所得税费用_万元": 34997.738005,
        "净利润_万元": 145316.823508,
        "归母净利润_万元": 136382.596361,
        "少数股东损益_万元": 8934.227147,
        "持续经营净利润_万元": 145316.823508,
        "终止经营净利润_万元": null,
        "其他综合收益_万元": -9.616871,
        "综合收益总额_万元": 145307.206637,
        "归母综合收益总额_万元": 136380.479926
    },
    "现金流量表": {
        "销售商品收到现金_万元": 680020.203552,
        "收到的税费返还_万元": 549.667287,
        "收到其他经营活动现金_万元": 24652.83382,
        "经营活动现金流入_万元": 705222.704659,
        "购买商品支付现金_万元": 274785.390672,
        "支付职工现金_万元": 116698.068748,
        "支付税费_万元": 79102.875669,
        "支付其他经营活动现金_万元": 155978.550346,
        "经营活动现金流出_万元": 626564.885435,
        "经营现金流净额_万元": 78657.819224,
        "经营现金流净额同比增长_百分比": 161.18,
        "收回投资现金_万元": 85737.083938,
        "取得投资收益现金_万元": 2525.622519,
        "处置资产收回现金_万元": 132.809626,
        "收到其他投资活动现金_万元": 164.622862,
        "投资活动现金流入_万元": 88560.138945,
        "投资支付现金_万元": 101601.6756,
        "购建资产支付现金_万元": 11927.165913,
        "支付其他投资活动现金_万元": 101.636883,
        "投资活动现金流出_万元": 113630.478396,
        "投资现金流净额_万元": -25070.339451,
        "吸收投资现金_万元": null,
        "取得借款现金_万元": 12434.168483,
        "收到其他筹资活动现金_万元": null,
        "筹资活动现金流入_万元": 12434.168483,
        "偿还债务现金_万元": 10575.259867,
        "分配股利现金_万元": 2355.574707,
        "支付其他筹资活动现金_万元": 2136.702964,
        "筹资活动现金流出_万元": 15067.537538,
        "融资现金流净额_万元": -2633.369055,
        "汇率变动影响_万元": -57.304782,
        "现金及等价物净增加额_万元": 50896.805936,
        "净现金流_元": 508968059.36,
        "净现金流同比增长_百分比": -75.46,
        "期初现金及等价物_万元": 621510.381619,
        "期末现金及等价物_万元": 672407.187555,
        "经营现金流占比_百分比": 154.57,
        "投资现金流占比_百分比": -49.26,
        "融资现金流占比_百分比": -5.18
    }
}