{
    "报告信息": {
        "序号": null,
        "股票代码": "002907",
        "股票简称": "华森制药",
        "报告年份": "2024",
        "报告期": "第三季度",
        "总股本_股": 417596314,
        "流通股本_股": null,
        "报告日期": "2024-10-28",
        "审计意见": "未经审计",
        "会计师事务所": null,
        "期": "Q3"
    },
    "核心业绩指标": {
        "每股收益_元": 0.0655,
        "稀释每股收益_元": 0.0655,
        "营业总收入_万元": 61422.336157,
        "营业总收入_亿元": 6.1422336157,
        "营收同比增长_百分比": 19.21,
        "营收环比增长_百分比": null,
        "净利润_万元": 7457.683563,
        "净利润_亿元": 0.7457683563,
        "净利润同比增长_百分比": 66.56,
        "净利润环比增长_百分比": null,
        "归母净利润_万元": 7457.683563,
        "少数股东损益_万元": null,
        "每股净资产_元": null,
        "净资产收益率_百分比": 4.53,
        "扣非净资产收益率_百分比": null,
        "每股经营现金流_元": null,
        "扣非净利润_万元": 6002.33128,
        "扣非净利润同比增长_百分比": 60.53,
        "销售毛利率_百分比": null,
        "销售净利率_百分比": null,
        "加权平均净资产收益率_百分比": 4.53,
        "扣非加权净资产收益率_百分比": null,
        "总资产收益率_百分比": null,
        "主营业务收入_万元": null,
        "主营业务成本_万元": null,
        "主营业务利润_万元": null
    },
    "资产负债表": {
        "货币资金_万元": 27146.03835,
        "应收账款_万元": 21304.300197,
        "应收票据_万元": 8804.273591,
        "应收款项融资_万元": null,
        "预付款项_万元": 571.429789,
        "其他应收款_万元": 446.838793,
        "存货_万元": 14929.969271,
        "合同资产_万元": null,
        "一年内到期的非流动资产_万元": null,
        "其他流动资产_万元": 8153.437464,
        "流动资产合计_万元": 101397.736768,
        "交易性金融资产_万元": 20041.449313,
        "债权投资_万元": null,
        "其他债权投资_万元": null,
        "长期应收款_万元": null,
        "长期股权投资_万元": 1857.009007,
        "其他权益工具投资_万元": null,
        "投资性房地产_万元": 6865.648227,
        "固定资产_万元": 53043.789682,
        "在建工程_万元": 2346.063923,
        "生产性生物资产_万元": null,
        "油气资产_万元": null,
        "使用权资产_万元": 14.467021,
        "无形资产_万元": 12373.674126,
        "开发支出_万元": 3258.646754,
        "商誉_万元": null,
        "长期待摊费用_万元": 744.983321,
        "递延所得税资产_万元": 1416.998685,
        "其他非流动资产_万元": 579.749435,
        "非流动资产合计_万元": 89773.892978,
        "总资产_万元": 191171.629746,
        "总资产同比增长_百分比": 3.25,
        "短期借款_万元": null,
        "交易性金融负债_万元": null,
        "应付票据_万元": null,
        "应付账款_万元": 7359.608442,
        "预收款项_万元": 119.067023,
        "合同负债_万元": 411.951865,
        "应付职工薪酬_万元": 796.353976,
        "应交税费_万元": 1320.70961,
        "其他应付款_万元": 10668.552568,
        "一年内到期的非流动负债_万元": 10.516324,
        "其他流动负债_万元": 66.473532,
        "流动负债合计_万元": 20753.23334,
        "长期借款_万元": null,
        "应付债券_万元": null,
        "租赁负债_万元": 4.45181,
        "长期应付款_万元": null,
        "预计负债_万元": null,
        "递延收益_万元": 4507.894668,
        "递延所得税负债_万元": 178.318479,
        "其他非流动负债_万元": null,
        "非流动负债合计_万元": 4690.664957,
        "总负债_万元": 25443.898297,
        "总负债同比增长_百分比": null,
        "资产负债率_百分比": null,
        "实收资本_万元": 41759.6314,
        "资本公积_万元": 45918.138465,
        "盈余公积_万元": 9296.664389,
        "未分配利润_万元": 68777.255251,
        "其他综合收益_万元": -23.958056,
        "专项储备_万元": null,
        "归属于母公司所有者权益合计_万元": 165727.731449,
        "少数股东权益_万元": null,
        "股东权益合计_万元": 165727.731449
    },
    "利润表": {
        "营业总收入_万元": 61422.336157,
        "营业收入_万元": 61422.336157,
        "营业总收入同比增长_百分比": 19.21,
        "营业成本_万元": 25986.182877,
        "税金及附加_万元": 783.307747,
        "销售费用_万元": 19618.158906,
        "管理费用_万元": 4103.27959,
        "研发费用_万元": 3898.766238,
        "财务费用_万元": -959.289117,
        "其中利息费用_万元": -34.44168,
        "其中利息收入_万元": 933.387767,
        "其他收益_万元": 1706.617396,
        "投资收益_万元": -343.891487,
        "其中对联营企业投资收益_万元": -382.155683,
        "公允价值变动收益_万元": 43.786506,
        "信用减值损失_万元": -386.126609,
        "资产减值损失_万元": -106.829384,
        "资产处置收益_万元": null,
        "营业总支出_万元": 53430.406241,
        "营业利润_万元": 8905.486338,
        "营业外收入_万元": 20.272895,
        "营业外支出_万元": 58.472352,
        "利润总额_万元": 8867.286881,
        "所得税费用_万元": 1409.603318,
        "净利润_万元": 7457.683563,
        "归母净利润_万元": 7457.683563,
        "少数股东损益_万元": null,
        "持续经营净利润_万元": 7457.683563,
        "终止经营净利润_万元": null,
        "其他综合收益_万元": -17.384546,
        "综合收益总额_万元": 7440.299017,
        "归母综合收益总额_万元": 7440.299017
    },
    "现金流量表": {
        "销售商品收到现金_万元": 55641.079195,
        "收到的税费返还_万元": 372.328702,
        "收到其他经营活动现金_万元": 3201.68776,
        "经营活动现金流入_万元": 59215.095657,
        "购买商品支付现金_万元": 14045.430656,
        "支付职工现金_万元": 11125.565362,
        "支付税费_万元": 5834.073933,
        "支付其他经营活动现金_万元": 17521.968001,
        "经营活动现金流出_万元": 48527.037952,
        "经营现金流净额_万元": 10688.057705,
        "经营现金流净额同比增长_百分比": -40.71,
        "收回投资现金_万元": 21317.541755,
        "取得投资收益现金_万元": 151.531375,
        "处置资产收回现金_万元": 0.35,
        "收到其他投资活动现金_万元": null,
        "投资活动现金流入_万元": 21469.42313,
        "投资支付现金_万元": 43958.993055,
        "购建资产支付现金_万元": 1241.059564,
        "支付其他投资活动现金_万元": null,
        "投资活动现金流出_万元": 45200.052619,
        "投资现金流净额_万元": -23730.629489,
        "吸收投资现金_万元": null,
        "取得借款现金_万元": null,
        "收到其他筹资活动现金_万元": null,
        "筹资活动现金流入_万元": null,
        "偿还债务现金_万元": null,
        "分配股利现金_万元": 3549.568472,
        "支付其他筹资活动现金_万元": 13.836,
        "筹资活动现金流出_万元": 3563.404472,
        "融资现金流净额_万元": -3563.404472,
        "汇率变动影响_万元": -4.568088,
        "现金及等价物净增加额_万元": -16610.544344,
        "净现金流_元": null,
        "净现金流同比增长_百分比": -447.44,
        "期初现金及等价物_万元": 43756.481914,
        "期末现金及等价物_万元": 27146.03835,
        "经营现金流占比_百分比": null,
        "投资现金流占比_百分比": null,
        "融资现金流占比_百分比": null
    }
}