{
    "报告信息": {
        "序号": null,
        "股票代码": "000999",
        "股票简称": "华润三九",
        "报告年份": "2024",
        "报告期": "半年度报告",
        "总股本_股": 1284639200,
        "流通股本_股": 1275187654,
        "报告日期": "2024-06-30",
        "审计意见": "未经审计",
        "会计师事务所": null,
        "期": "HY"
    },
    "核心业绩指标": {
        "每股收益_元": 1.87,
        "稀释每股收益_元": 1.87,
        "营业总收入_万元": 1410601.276508,
        "营业总收入_亿元": 141.0601276508,
        "营收同比增长_百分比": 7.3,
        "营收环比增长_百分比": null,
        "净利润_万元": 257705.341152,
        "净利润_亿元": 25.7705341152,
        "净利润同比增长_百分比": null,
        "净利润环比增长_百分比": null,
        "归母净利润_万元": 239836.013802,
        "少数股东损益_万元": 17869.32735,
        "每股净资产_元": null,
        "净资产收益率_百分比": null,
        "扣非净资产收益率_百分比": null,
        "每股经营现金流_元": null,
        "扣非净利润_万元": 230859.715362,
        "扣非净利润同比增长_百分比": 26.33,
        "销售毛利率_百分比": null,
        "销售净利率_百分比": null,
        "加权平均净资产收益率_百分比": 12.32,
        "扣非加权净资产收益率_百分比": null,
        "总资产收益率_百分比": null,
        "主营业务收入_万元": 1373305.250836,
        "主营业务成本_万元": 634937.587037,
        "主营业务利润_万元": null
    },
    "资产负债表": {
        "货币资金_万元": 548200.679848,
        "应收账款_万元": 647005.213225,
        "应收票据_万元": 84.84122256,
        "应收款项融资_万元": 167841.618116,
        "预付款项_万元": 56355.184633,
        "其他应收款_万元": 23549.123296,
        "存货_万元": 499243.982896,
        "合同资产_万元": null,
        "一年内到期的非流动资产_万元": null,
        "其他流动资产_万元": 33128.987098,
        "流动资产合计_万元": 2316211.796787,
        "交易性金融资产_万元": 328546.489809,
        "债权投资_万元": null,
        "其他债权投资_万元": null,
        "长期应收款_万元": 1170.125393,
        "长期股权投资_万元": 37123.815318,
        "其他权益工具投资_万元": 6973.817238,
        "投资性房地产_万元": 7038.781414,
        "固定资产_万元": 570949.932569,
        "在建工程_万元": 64633.702592,
        "生产性生物资产_万元": null,
        "油气资产_万元": null,
        "使用权资产_万元": 16391.688599,
        "无形资产_万元": 339991.88011,
        "开发支出_万元": 65381.088027,
        "商誉_万元": 512392.758537,
        "长期待摊费用_万元": 15153.575467,
        "递延所得税资产_万元": 59089.05316,
        "其他非流动资产_万元": 32167.422673,
        "非流动资产合计_万元": 1753614.849331,
        "总资产_万元": 4069826.646118,
        "总资产同比增长_百分比": null,
        "短期借款_万元": 90552.26713,
        "交易性金融负债_万元": null,
        "应付票据_万元": 71537.962804,
        "应付账款_万元": 238219.970912,
        "预收款项_万元": null,
        "合同负债_万元": 147380.354883,
        "应付职工薪酬_万元": 115310.086717,
        "应交税费_万元": 55526.96468,
        "其他应付款_万元": 472143.683172,
        "一年内到期的非流动负债_万元": 34452.103085,
        "其他流动负债_万元": 32647.772124,
        "流动负债合计_万元": 1257771.165507,
        "长期借款_万元": 164475.004542,
        "应付债券_万元": null,
        "租赁负债_万元": 9530.903356,
        "长期应付款_万元": 1367.962358,
        "预计负债_万元": 5250.185985,
        "递延收益_万元": null,
        "递延所得税负债_万元": null,
        "其他非流动负债_万元": 2805.245371,
        "非流动负债合计_万元": 274668.518181,
        "总负债_万元": 1532439.683688,
        "总负债同比增长_百分比": null,
        "资产负债率_百分比": null,
        "实收资本_万元": null,
        "资本公积_万元": 160792.96308,
        "盈余公积_万元": 53590.718246,
        "未分配利润_万元": 1654210.519099,
        "其他综合收益_万元": 7129.94011,
        "专项储备_万元": null,
        "归属于母公司所有者权益合计_万元": 1995403.764807,
        "少数股东权益_万元": 541983.197623,
        "股东权益合计_万元": 2537386.96243
    },
    "利润表": {
        "营业总收入_万元": 1410601.276508,
        "营业收入_万元": 1410601.276508,
        "营业总收入同比增长_百分比": 7.3,
        "营业成本_万元": 655037.13181,
        "税金及附加_万元": 14997.86677,
        "销售费用_万元": 331144.454992,
        "管理费用_万元": 70626.526291,
        "研发费用_万元": 39169.376998,
        "财务费用_万元": -2467.046807,
        "其中利息费用_万元": 4311.9298,
        "其中利息收入_万元": 6861.319677,
        "其他收益_万元": 14385.472364,
        "投资收益_万元": 1245.825658,
        "其中对联营企业投资收益_万元": -717.54818,
        "公允价值变动收益_万元": 208.274644,
        "信用减值损失_万元": -7223.25231,
        "资产减值损失_万元": -2518.920484,
        "资产处置收益_万元": 32.184936,
        "营业总支出_万元": null,
        "营业利润_万元": 314745.61836,
        "营业外收入_万元": 2574.882688,
        "营业外支出_万元": 1404.628314,
        "利润总额_万元": 315915.872734,
        "所得税费用_万元": 58210.531582,
        "净利润_万元": 257705.341152,
        "归母净利润_万元": 239836.013802,
        "少数股东损益_万元": 17869.32735,
        "持续经营净利润_万元": 257705.341152,
        "终止经营净利润_万元": null,
        "其他综合收益_万元": -2.983856,
        "综合收益总额_万元": 257702.357296,
        "归母综合收益总额_万元": 239840.318181
    },
    "现金流量表": {
        "销售商品收到现金_万元": 1385627.224691,
        "收到的税费返还_万元": 930.281076,
        "收到其他经营活动现金_万元": 59937.307138,
        "经营活动现金流入_万元": 1444948.112905,
        "购买商品支付现金_万元": 534660.41756,
        "支付职工现金_万元": 202691.143014,
        "支付税费_万元": 151042.243834,
        "支付其他经营活动现金_万元": 321789.52777,
        "经营活动现金流出_万元": 1210183.332178,
        "经营现金流净额_万元": 236311.480727,
        "经营现金流净额同比增长_百分比": 33.36,
        "收回投资现金_万元": 233689.543425,
        "取得投资收益现金_万元": 3979.315574,
        "处置资产收回现金_万元": 154.822229,
        "收到其他投资活动现金_万元": 172.225823,
        "投资活动现金流入_万元": 237995.907051,
        "投资支付现金_万元": 396601.6756,
        "购建资产支付现金_万元": 32376.077702,
        "支付其他投资活动现金_万元": 101.636883,
        "投资活动现金流出_万元": 429079.390185,
        "投资现金流净额_万元": -191083.483134,
        "吸收投资现金_万元": 6564,
        "取得借款现金_万元": 50140.006435,
        "收到其他筹资活动现金_万元": null,
        "筹资活动现金流入_万元": 56704.006435,
        "偿还债务现金_万元": 50240.142805,
        "分配股利现金_万元": null,
        "支付其他筹资活动现金_万元": null,
        "筹资活动现金流出_万元": null,
        "融资现金流净额_万元": -151226.720828,
        "汇率变动影响_万元": null,
        "现金及等价物净增加额_万元": -105970.891091,
        "净现金流_元": null,
        "净现金流同比增长_百分比": null,
        "期初现金及等价物_万元": null,
        "期末现金及等价物_万元": 515539.490528,
        "经营现金流占比_百分比": null,
        "投资现金流占比_百分比": null,
        "融资现金流占比_百分比": null
    }
}