{
    "报告信息": {
        "序号": null,
        "股票代码": "002907",
        "股票简称": "华森制药",
        "报告年份": "2025",
        "报告期": "Q3",
        "总股本_股": 417596314,
        "流通股本_股": null,
        "报告日期": null,
        "审计意见": "未经审计",
        "会计师事务所": null
    },
    "核心业绩指标": {
        "每股收益_元": 0.1735,
        "稀释每股收益_元": 0.1735,
        "营业总收入_万元": 62591.202387,
        "营业总收入_亿元": 6.2591202387,
        "营收同比增长_百分比": 1.9,
        "营收环比增长_百分比": null,
        "净利润_万元": 6791.813317,
        "净利润_亿元": 0.6791813317,
        "净利润同比增长_百分比": null,
        "净利润环比增长_百分比": null,
        "归母净利润_万元": 7245.560589,
        "少数股东损益_万元": -453.747272,
        "每股净资产_元": null,
        "净资产收益率_百分比": null,
        "扣非净资产收益率_百分比": null,
        "每股经营现金流_元": null,
        "扣非净利润_万元": 5220.350988,
        "扣非净利润同比增长_百分比": -13.03,
        "销售毛利率_百分比": null,
        "销售净利率_百分比": null,
        "加权平均净资产收益率_百分比": 4.31,
        "扣非加权净资产收益率_百分比": null,
        "总资产收益率_百分比": null,
        "主营业务收入_万元": 62591.202387,
        "主营业务成本_万元": 26150.349255,
        "主营业务利润_万元": null
    },
    "资产负债表": {
        "货币资金_万元": 30296.894778,
        "应收账款_万元": 20732.593504,
        "应收票据_万元": 7557.25622,
        "应收款项融资_万元": null,
        "预付款项_万元": 8214.251901,
        "其他应收款_万元": 451.138787,
        "存货_万元": 12409.377696,
        "合同资产_万元": null,
        "一年内到期的非流动资产_万元": null,
        "其他流动资产_万元": 98.213319,
        "流动资产合计_万元": 108902.66867,
        "交易性金融资产_万元": 29042.942465,
        "债权投资_万元": null,
        "其他债权投资_万元": null,
        "长期应收款_万元": null,
        "长期股权投资_万元": 0.0,
        "其他权益工具投资_万元": null,
        "投资性房地产_万元": 6534.164185,
        "固定资产_万元": 48754.274749,
        "在建工程_万元": 928.082979,
        "生产性生物资产_万元": null,
        "油气资产_万元": null,
        "使用权资产_万元": 60.492058,
        "无形资产_万元": 21331.413959,
        "开发支出_万元": 2908.478151,
        "商誉_万元": null,
        "长期待摊费用_万元": 801.801317,
        "递延所得税资产_万元": 1352.876723,
        "其他非流动资产_万元": 503.923914,
        "非流动资产合计_万元": 90867.408035,
        "总资产_万元": 199770.076705,
        "总资产同比增长_百分比": 4.18,
        "短期借款_万元": 0.0,
        "交易性金融负债_万元": null,
        "应付票据_万元": null,
        "应付账款_万元": 6566.067369,
        "预收款项_万元": 160.408728,
        "合同负债_万元": 695.062258,
        "应付职工薪酬_万元": 859.960329,
        "应交税费_万元": 1021.652336,
        "其他应付款_万元": 10174.470329,
        "一年内到期的非流动负债_万元": 3766.934558,
        "其他流动负债_万元": 102.181632,
        "流动负债合计_万元": 23346.737539,
        "长期借款_万元": null,
        "应付债券_万元": null,
        "租赁负债_万元": 117.024398,
        "长期应付款_万元": null,
        "预计负债_万元": null,
        "递延收益_万元": 3999.046471,
        "递延所得税负债_万元": 1303.537901,
        "其他非流动负债_万元": null,
        "非流动负债合计_万元": 5419.60877,
        "总负债_万元": 28766.346309,
        "总负债同比增长_百分比": null,
        "资产负债率_百分比": null,
        "实收资本_万元": 41759.6314,
        "资本公积_万元": 45116.79927,
        "盈余公积_万元": 10126.095357,
        "未分配利润_万元": 71859.155292,
        "其他综合收益_万元": 12.899024,
        "专项储备_万元": null,
        "归属于母公司所有者权益合计_万元": 168874.580343,
        "少数股东权益_万元": 2129.150053,
        "股东权益合计_万元": 171003.730396
    },
    "利润表": {
        "营业总收入_万元": 62591.202387,
        "营业收入_万元": 62591.202387,
        "营业总收入同比增长_百分比": null,
        "营业成本_万元": 26150.349255,
        "税金及附加_万元": 866.932867,
        "销售费用_万元": 19120.801354,
        "管理费用_万元": 4333.99302,
        "研发费用_万元": 5924.020624,
        "财务费用_万元": -613.556662,
        "其中利息费用_万元": -29.022162,
        "其中利息收入_万元": 607.292862,
        "其他收益_万元": 1282.578032,
        "投资收益_万元": 1690.127328,
        "其中对联营企业投资收益_万元": null,
        "公允价值变动收益_万元": 116.061785,
        "信用减值损失_万元": -113.391025,
        "资产减值损失_万元": -40.74926,
        "资产处置收益_万元": 856.323258,
        "营业总支出_万元": 55782.540458,
        "营业利润_万元": 10599.612047,
        "营业外收入_万元": 15.767286,
        "营业外支出_万元": 1660.770405,
        "利润总额_万元": 8954.608928,
        "所得税费用_万元": 2162.795611,
        "净利润_万元": 6791.813317,
        "归母净利润_万元": 7245.560589,
        "少数股东损益_万元": -453.747272,
        "持续经营净利润_万元": 6791.813317,
        "终止经营净利润_万元": null,
        "其他综合收益_万元": -4.93364,
        "综合收益总额_万元": 6786.879677,
        "归母综合收益总额_万元": 7240.626949
    },
    "现金流量表": {
        "销售商品收到现金_万元": 61418.604127,
        "收到的税费返还_万元": 143.810371,
        "收到其他经营活动现金_万元": 2254.557885,
        "经营活动现金流入_万元": 63816.972383,
        "购买商品支付现金_万元": 21849.529333,
        "支付职工现金_万元": 12160.181812,
        "支付税费_万元": 8096.825541,
        "支付其他经营活动现金_万元": 19231.19371,
        "经营活动现金流出_万元": 61337.730396,
        "经营现金流净额_万元": 2479.241987,
        "经营现金流净额同比增长_百分比": -76.8,
        "收回投资现金_万元": 55000.0,
        "取得投资收益现金_万元": 534.904749,
        "处置资产收回现金_万元": 650.0,
        "收到其他投资活动现金_万元": null,
        "投资活动现金流入_万元": 56184.904749,
        "投资支付现金_万元": 69000.0,
        "购建资产支付现金_万元": 889.214246,
        "支付其他投资活动现金_万元": 69844.480922,
        "投资活动现金流出_万元": 139744.480922,
        "投资现金流净额_万元": -13659.576173,
        "吸收投资现金_万元": null,
        "取得借款现金_万元": null,
        "收到其他筹资活动现金_万元": null,
        "筹资活动现金流入_万元": null,
        "偿还债务现金_万元": null,
        "分配股利现金_万元": 3549.56867,
        "支付其他筹资活动现金_万元": 610.525017,
        "筹资活动现金流出_万元": 4160.093687,
        "融资现金流净额_万元": -4160.093687,
        "汇率变动影响_万元": -17.969137,
        "现金及等价物净增加额_万元": -15358.39701,
        "净现金流_元": null,
        "净现金流同比增长_百分比": null,
        "期初现金及等价物_万元": 45655.18954,
        "期末现金及等价物_万元": 30296.79253,
        "经营现金流占比_百分比": null,
        "投资现金流占比_百分比": null,
        "融资现金流占比_百分比": null
    }
}