{
    "报告信息": {
        "序号": null,
        "股票代码": "000999",
        "股票简称": "华润三九",
        "报告年份": "2025",
        "报告期": "Q1",
        "总股本_股": null,
        "流通股本_股": null,
        "报告日期": null,
        "审计意见": "未经审计",
        "会计师事务所": null
    },
    "核心业绩指标": {
        "每股收益_元": 1.0,
        "稀释每股收益_元": 0.99,
        "营业总收入_万元": 685365.638375,
        "营业总收入_亿元": 68.5365638375,
        "营收同比增长_百分比": -6.04,
        "营收环比增长_百分比": null,
        "净利润_万元": 133137.829869,
        "净利润_亿元": 13.3137829869,
        "净利润同比增长_百分比": null,
        "净利润环比增长_百分比": null,
        "归母净利润_万元": 127007.378452,
        "少数股东损益_万元": 6130.451417,
        "每股净资产_元": null,
        "净资产收益率_百分比": null,
        "扣非净资产收益率_百分比": null,
        "每股经营现金流_元": null,
        "扣非净利润_万元": 121825.480475,
        "扣非净利润同比增长_百分比": -8.25,
        "销售毛利率_百分比": null,
        "销售净利率_百分比": null,
        "加权平均净资产收益率_百分比": 6.18,
        "扣非加权净资产收益率_百分比": null,
        "总资产收益率_百分比": null,
        "主营业务收入_万元": 685365.638375,
        "主营业务成本_万元": 320214.262038,
        "主营业务利润_万元": null
    },
    "资产负债表": {
        "货币资金_万元": 790514.793955,
        "应收账款_万元": 768069.674482,
        "应收票据_万元": 8394.03551,
        "应收款项融资_万元": 312043.517283,
        "预付款项_万元": 61353.754186,
        "其他应收款_万元": 29454.123826,
        "存货_万元": 671011.594633,
        "合同资产_万元": null,
        "一年内到期的非流动资产_万元": null,
        "其他流动资产_万元": 45015.267439,
        "流动资产合计_万元": 2954507.320852,
        "交易性金融资产_万元": 264794.163928,
        "债权投资_万元": null,
        "其他债权投资_万元": null,
        "长期应收款_万元": 1052.291985,
        "长期股权投资_万元": 173761.012657,
        "其他权益工具投资_万元": 6714.921053,
        "投资性房地产_万元": 6828.45527,
        "固定资产_万元": 918456.427672,
        "在建工程_万元": 62183.395023,
        "生产性生物资产_万元": null,
        "油气资产_万元": null,
        "使用权资产_万元": 32773.464574,
        "无形资产_万元": 399191.14711,
        "开发支出_万元": 216427.332049,
        "商誉_万元": 771319.849213,
        "长期待摊费用_万元": 19131.480392,
        "递延所得税资产_万元": 64006.166224,
        "其他非流动资产_万元": 76544.609681,
        "非流动资产合计_万元": 2830132.215786,
        "总资产_万元": 5784639.536638,
        "总资产同比增长_百分比": 44.32,
        "短期借款_万元": 247101.039749,
        "交易性金融负债_万元": null,
        "应付票据_万元": 144743.451129,
        "应付账款_万元": 287131.565558,
        "预收款项_万元": 6379.2475,
        "合同负债_万元": 152815.292197,
        "应付职工薪酬_万元": 123532.883183,
        "应交税费_万元": 57797.655789,
        "其他应付款_万元": 863777.493597,
        "一年内到期的非流动负债_万元": 101467.222443,
        "其他流动负债_万元": 35474.729687,
        "流动负债合计_万元": 2020220.580832,
        "长期借款_万元": 103945.676208,
        "应付债券_万元": null,
        "租赁负债_万元": 13544.348461,
        "长期应付款_万元": 967.002508,
        "预计负债_万元": 951.358202,
        "递延收益_万元": null,
        "递延所得税负债_万元": null,
        "其他非流动负债_万元": null,
        "非流动负债合计_万元": null,
        "总负债_万元": null,
        "总负债同比增长_百分比": null,
        "资产负债率_百分比": null,
        "实收资本_万元": null,
        "资本公积_万元": null,
        "盈余公积_万元": 64214.93425,
        "未分配利润_万元": 1739116.696061,
        "其他综合收益_万元": null,
        "专项储备_万元": null,
        "归属于母公司所有者权益合计_万元": 2117817.56197,
        "少数股东权益_万元": 1416052.127899,
        "股东权益合计_万元": 3533869.689869
    },
    "利润表": {
        "营业总收入_万元": 685365.638375,
        "营业收入_万元": 685365.638375,
        "营业总收入同比增长_百分比": -6.04,
        "营业成本_万元": 320214.262038,
        "税金及附加_万元": 7814.240526,
        "销售费用_万元": 149819.889521,
        "管理费用_万元": 35144.042945,
        "研发费用_万元": 14449.849442,
        "财务费用_万元": 149.198679,
        "其中利息费用_万元": 2167.672144,
        "其中利息收入_万元": 2199.19281,
        "其他收益_万元": 7513.782185,
        "投资收益_万元": -79.063438,
        "其中对联营企业投资收益_万元": -479.263078,
        "公允价值变动收益_万元": 50.392529,
        "信用减值损失_万元": 171.549004,
        "资产减值损失_万元": 808.463362,
        "资产处置收益_万元": -1.250809,
        "营业总支出_万元": 527591.483151,
        "营业利润_万元": 166238.028057,
        "营业外收入_万元": 1138.148257,
        "营业外支出_万元": 937.877498,
        "利润总额_万元": 166438.298816,
        "所得税费用_万元": 33300.468947,
        "净利润_万元": 133137.829869,
        "归母净利润_万元": 127007.378452,
        "少数股东损益_万元": 6130.451417,
        "持续经营净利润_万元": 133137.829869,
        "终止经营净利润_万元": null,
        "其他综合收益_万元": 121.736449,
        "综合收益总额_万元": 133259.566318,
        "归母综合收益总额_万元": 127037.341008
    },
    "现金流量表": {
        "销售商品收到现金_万元": 734222.790829,
        "收到的税费返还_万元": 1278.810467,
        "收到其他经营活动现金_万元": 28787.787517,
        "经营活动现金流入_万元": 764289.388813,
        "购买商品支付现金_万元": 273685.064394,
        "支付职工现金_万元": 126757.821037,
        "支付税费_万元": 102621.970749,
        "支付其他经营活动现金_万元": 163239.021426,
        "经营活动现金流出_万元": 666303.877606,
        "经营现金流净额_万元": 97885.511207,
        "经营现金流净额同比增长_百分比": 24.57,
        "收回投资现金_万元": 212237.97487,
        "取得投资收益现金_万元": 1510.192472,
        "处置资产收回现金_万元": 84.748854,
        "收到其他投资活动现金_万元": 38.43945,
        "投资活动现金流入_万元": 213871.355646,
        "投资支付现金_万元": 246202.085774,
        "购建资产支付现金_万元": 15576.240074,
        "支付其他投资活动现金_万元": 118.686606,
        "投资活动现金流出_万元": 397656.146086,
        "投资现金流净额_万元": -183784.79044,
        "吸收投资现金_万元": null,
        "取得借款现金_万元": 228202.533753,
        "收到其他筹资活动现金_万元": null,
        "筹资活动现金流入_万元": 228202.533753,
        "偿还债务现金_万元": 14224.918591,
        "分配股利现金_万元": 1699.55722,
        "支付其他筹资活动现金_万元": 1740.554316,
        "筹资活动现金流出_万元": 17665.030127,
        "融资现金流净额_万元": 210537.503626,
        "汇率变动影响_万元": 10.583677,
        "现金及等价物净增加额_万元": 124748.80807,
        "净现金流_元": null,
        "净现金流同比增长_百分比": null,
        "期初现金及等价物_万元": 486116.799342,
        "期末现金及等价物_万元": 610865.607412,
        "经营现金流占比_百分比": null,
        "投资现金流占比_百分比": null,
        "融资现金流占比_百分比": null
    }
}