{
    "报告信息": {
        "序号": null,
        "股票代码": "000999",
        "股票简称": "华润三九",
        "报告年份": "2023",
        "报告期": "Q1",
        "总股本_股": 988346000,
        "流通股本_股": null,
        "报告日期": "2023-04-28",
        "审计意见": "未经审计",
        "会计师事务所": null
    },
    "核心业绩指标": {
        "每股收益_元": 1.16,
        "稀释每股收益_元": 1.16,
        "营业总收入_万元": 635240.831871,
        "营业总收入_亿元": 63.5240831871,
        "营收同比增长_百分比": 49.46,
        "营收环比增长_百分比": null,
        "净利润_万元": 122945.998652,
        "净利润_亿元": 12.2945998652,
        "净利润同比增长_百分比": 44.7,
        "净利润环比增长_百分比": null,
        "归母净利润_万元": 115103.015088,
        "少数股东损益_万元": 7842.983564,
        "每股净资产_元": null,
        "净资产收益率_百分比": null,
        "扣非净资产收益率_百分比": null,
        "每股经营现金流_元": null,
        "扣非净利润_万元": 113121.378887,
        "扣非净利润同比增长_百分比": 41.86,
        "销售毛利率_百分比": null,
        "销售净利率_百分比": null,
        "加权平均净资产收益率_百分比": 6.54,
        "扣非加权净资产收益率_百分比": null,
        "总资产收益率_百分比": null,
        "主营业务收入_万元": 635240.831871,
        "主营业务成本_万元": 291734.169708,
        "主营业务利润_万元": null
    },
    "资产负债表": {
        "货币资金_万元": 533011.556597,
        "应收账款_万元": 685741.627669,
        "应收票据_万元": 3973.843875,
        "应收款项融资_万元": 277064.084844,
        "预付款项_万元": 65761.609699,
        "其他应收款_万元": 21841.58226,
        "存货_万元": 433701.703456,
        "合同资产_万元": null,
        "一年内到期的非流动资产_万元": null,
        "其他流动资产_万元": 19461.927619,
        "流动资产合计_万元": 2040557.936019,
        "交易性金融资产_万元": null,
        "债权投资_万元": null,
        "其他债权投资_万元": null,
        "长期应收款_万元": 954.332274,
        "长期股权投资_万元": 9066.883521,
        "其他权益工具投资_万元": 7745.035097,
        "投资性房地产_万元": 6721.052765,
        "固定资产_万元": 514802.641756,
        "在建工程_万元": 108287.677488,
        "生产性生物资产_万元": null,
        "油气资产_万元": null,
        "使用权资产_万元": 19571.627752,
        "无形资产_万元": 350868.950248,
        "开发支出_万元": 58203.839345,
        "商誉_万元": 519719.8267,
        "长期待摊费用_万元": 14786.90135,
        "递延所得税资产_万元": 58524.282654,
        "其他非流动资产_万元": 33142.055516,
        "非流动资产合计_万元": 1747427.465589,
        "总资产_万元": 3787985.401608,
        "总资产同比增长_百分比": 39.66,
        "短期借款_万元": 143405.78761,
        "交易性金融负债_万元": null,
        "应付票据_万元": 74123.321461,
        "应付账款_万元": 238030.66385,
        "预收款项_万元": null,
        "合同负债_万元": 161161.987896,
        "应付职工薪酬_万元": 97635.222875,
        "应交税费_万元": 47495.844877,
        "其他应付款_万元": 504907.085566,
        "一年内到期的非流动负债_万元": 19027.441963,
        "其他流动负债_万元": 34366.837193,
        "流动负债合计_万元": 1320154.193291,
        "长期借款_万元": 11771.308998,
        "应付债券_万元": null,
        "租赁负债_万元": 14187.159463,
        "长期应付款_万元": 1269.377741,
        "预计负债_万元": 3474.861657,
        "递延收益_万元": 64567.962402,
        "递延所得税负债_万元": 43586.183431,
        "其他非流动负债_万元": 3827.430893,
        "非流动负债合计_万元": 152724.930428,
        "总负债_万元": 1472879.123719,
        "总负债同比增长_百分比": null,
        "资产负债率_百分比": null,
        "实收资本_万元": 98834.6,
        "资本公积_万元": 181796.295281,
        "盈余公积_万元": null,
        "未分配利润_万元": null,
        "其他综合收益_万元": 6646.7499,
        "专项储备_万元": null,
        "归属于母公司所有者权益合计_万元": 1817757.794058,
        "少数股东权益_万元": 497348.483831,
        "股东权益合计_万元": null
    },
    "利润表": {
        "营业总收入_万元": 635240.831871,
        "营业收入_万元": 635240.831871,
        "营业总收入同比增长_百分比": 49.46,
        "营业成本_万元": 291734.169708,
        "税金及附加_万元": 6590.346913,
        "销售费用_万元": 140340.5075,
        "管理费用_万元": 30911.308897,
        "研发费用_万元": 13259.701685,
        "财务费用_万元": -730.610645,
        "其中利息费用_万元": 970.764179,
        "其中利息收入_万元": 1530.45421,
        "其他收益_万元": 3993.785104,
        "投资收益_万元": 310.980725,
        "其中对联营企业投资收益_万元": 99.583062,
        "公允价值变动收益_万元": -596.492163,
        "信用减值损失_万元": -3188.982836,
        "资产减值损失_万元": -2358.567807,
        "资产处置收益_万元": 93.769101,
        "营业总支出_万元": 482105.424058,
        "营业利润_万元": 151389.899937,
        "营业外收入_万元": 401.43532,
        "营业外支出_万元": 806.053373,
        "利润总额_万元": 150985.281884,
        "所得税费用_万元": 28039.283232,
        "净利润_万元": 122945.998652,
        "归母净利润_万元": 115103.015088,
        "少数股东损益_万元": 7842.983564,
        "持续经营净利润_万元": 122945.998652,
        "终止经营净利润_万元": null,
        "其他综合收益_万元": -412.450562,
        "综合收益总额_万元": 122514.383991,
        "归母综合收益总额_万元": 114690.564526
    },
    "现金流量表": {
        "销售商品收到现金_万元": 585737.757514,
        "收到的税费返还_万元": 599.824805,
        "收到其他经营活动现金_万元": 29329.435038,
        "经营活动现金流入_万元": 615667.017357,
        "购买商品支付现金_万元": 227999.673026,
        "支付职工现金_万元": 101960.517556,
        "支付税费_万元": 79733.117408,
        "支付其他经营活动现金_万元": 175857.024147,
        "经营活动现金流出_万元": 585550.332137,
        "经营现金流净额_万元": 30116.68522,
        "经营现金流净额同比增长_百分比": -32.99,
        "收回投资现金_万元": 19991.986079,
        "取得投资收益现金_万元": 153.45,
        "处置资产收回现金_万元": 67.609276,
        "收到其他投资活动现金_万元": 124616.813172,
        "投资活动现金流入_万元": 145119.604088,
        "投资支付现金_万元": 274.5,
        "购建资产支付现金_万元": 19609.833734,
        "支付其他投资活动现金_万元": 7.995,
        "投资活动现金流出_万元": 19897.448734,
        "投资现金流净额_万元": 125222.155354,
        "吸收投资现金_万元": null,
        "取得借款现金_万元": 76840.922658,
        "收到其他筹资活动现金_万元": 1695.0,
        "筹资活动现金流入_万元": 78535.922658,
        "偿还债务现金_万元": 23839.375,
        "分配股利现金_万元": 968.537813,
        "支付其他筹资活动现金_万元": 1553.420544,
        "筹资活动现金流出_万元": 26361.333357,
        "融资现金流净额_万元": 52174.589301,
        "汇率变动影响_万元": -50.157118,
        "现金及等价物净增加额_万元": 207463.272757,
        "净现金流_元": null,
        "净现金流同比增长_百分比": 458.43,
        "期初现金及等价物_万元": 236142.688,
        "期末现金及等价物_万元": 443605.960781,
        "经营现金流占比_百分比": null,
        "投资现金流占比_百分比": null,
        "融资现金流占比_百分比": null
    }
}