{
    "报告信息": {
        "序号": null,
        "股票代码": "000999",
        "股票简称": "华润三九",
        "报告年份": "2023",
        "报告期": "半年度",
        "总股本_股": 988346000,
        "流通股本_股": 978395308,
        "报告日期": "2023-06-30",
        "审计意见": "未审计",
        "会计师事务所": null,
        "期": "HY"
    },
    "核心业绩指标": {
        "每股收益_元": 1.91,
        "稀释每股收益_元": 1.91,
        "营业总收入_万元": 1314612.569507,
        "营业总收入_亿元": 13.14612569507,
        "营收同比增长_百分比": 56.48,
        "营收环比增长_百分比": null,
        "净利润_万元": 18771.2466002,
        "净利润_亿元": 1.87712466002,
        "净利润同比增长_百分比": 30.99,
        "净利润环比增长_百分比": null,
        "归母净利润_万元": 18771.2466002,
        "少数股东损益_万元": 1827.3494757,
        "每股净资产_元": 18.17,
        "净资产收益率_百分比": null,
        "扣非净资产收益率_百分比": null,
        "每股经营现金流_元": null,
        "扣非净利润_万元": 18273.8317329,
        "扣非净利润同比增长_百分比": 37.22,
        "销售毛利率_百分比": null,
        "销售净利率_百分比": null,
        "加权平均净资产收益率_百分比": 10.74,
        "扣非加权净资产收益率_百分比": null,
        "总资产收益率_百分比": null,
        "主营业务收入_万元": null,
        "主营业务成本_万元": null,
        "主营业务利润_万元": null
    },
    "资产负债表": {
        "货币资金_万元": 669961.62548,
        "应收账款_万元": 658247.231066,
        "应收票据_万元": 204.389081,
        "应收款项融资_万元": 223598.831462,
        "预付款项_万元": 63110.321663,
        "其他应收款_万元": 19882.752593,
        "存货_万元": 457650.487815,
        "合同资产_万元": null,
        "一年内到期的非流动资产_万元": null,
        "其他流动资产_万元": 17282.975787,
        "流动资产合计_万元": 2117938.614947,
        "交易性金融资产_万元": 8000,
        "债权投资_万元": null,
        "其他债权投资_万元": null,
        "长期应收款_万元": 966.011781,
        "长期股权投资_万元": 9168.469833,
        "其他权益工具投资_万元": 7745.035097,
        "投资性房地产_万元": 6865.842249,
        "固定资产_万元": 542350.847506,
        "在建工程_万元": 96289.959428,
        "生产性生物资产_万元": null,
        "油气资产_万元": null,
        "使用权资产_万元": 18235.270287,
        "无形资产_万元": 348079.16812,
        "开发支出_万元": 61909.843403,
        "商誉_万元": 518129.454959,
        "长期待摊费用_万元": 17039.291938,
        "递延所得税资产_万元": 65299.270555,
        "其他非流动资产_万元": 32649.531668,
        "非流动资产合计_万元": 1768617.639434,
        "总资产_万元": 3886556.254381,
        "总资产同比增长_百分比": null,
        "短期借款_万元": 102651.411395,
        "交易性金融负债_万元": null,
        "应付票据_万元": 61351.813808,
        "应付账款_万元": 234617.798074,
        "预收款项_万元": null,
        "合同负债_万元": 143596.304058,
        "应付职工薪酬_万元": 101163.949192,
        "应交税费_万元": 40897.312012,
        "其他应付款_万元": 510683.433751,
        "一年内到期的非流动负债_万元": 57037.772703,
        "其他流动负债_万元": 24561.081199,
        "流动负债合计_万元": 1276560.876192,
        "长期借款_万元": 169384.483261,
        "应付债券_万元": null,
        "租赁负债_万元": 13902.342757,
        "长期应付款_万元": 1227.242033,
        "预计负债_万元": 3685.047621,
        "递延收益_万元": 66413.926648,
        "递延所得税负债_万元": 44137.172423,
        "其他非流动负债_万元": 3805.165791,
        "非流动负债合计_万元": 312549.005835,
        "总负债_万元": 1589109.882027,
        "总负债同比增长_百分比": null,
        "资产负债率_百分比": 40.89,
        "实收资本_万元": null,
        "资本公积_万元": null,
        "盈余公积_万元": null,
        "未分配利润_万元": null,
        "其他综合收益_万元": null,
        "专项储备_万元": null,
        "归属于母公司所有者权益合计_万元": 1795636.819359,
        "少数股东权益_万元": 501809.552995,
        "股东权益合计_万元": 2297446.372354
    },
    "利润表": {
        "营业总收入_万元": 1314612.569507,
        "营业收入_万元": 1314612.569507,
        "营业总收入同比增长_百分比": 56.48,
        "营业成本_万元": 628145.193208,
        "税金及附加_万元": 13589.279064,
        "销售费用_万元": 328866.862158,
        "管理费用_万元": 67744.757735,
        "研发费用_万元": 29521.117036,
        "财务费用_万元": -1318.544564,
        "其中利息费用_万元": 2703.990421,
        "其中利息收入_万元": 3951.961583,
        "其他收益_万元": 9145.201876,
        "投资收益_万元": 453.089365,
        "其中对联营企业投资收益_万元": 191.320812,
        "公允价值变动收益_万元": -355.717914,
        "信用减值损失_万元": -5826.77114,
        "资产减值损失_万元": -1789.894725,
        "资产处置收益_万元": 213.700158,
        "营业总支出_万元": null,
        "营业利润_万元": 249903.51249,
        "营业外收入_万元": 1993.582292,
        "营业外支出_万元": 2345.541557,
        "利润总额_万元": 249542.553225,
        "所得税费用_万元": 43556.592466,
        "净利润_万元": 205985.960759,
        "归母净利润_万元": 187712.466002,
        "少数股东损益_万元": 1827.3494757,
        "持续经营净利润_万元": 205985.960759,
        "终止经营净利润_万元": null,
        "其他综合收益_万元": null,
        "综合收益总额_万元": 206708.493769,
        "归母综合收益总额_万元": 188390.651849
    },
    "现金流量表": {
        "销售商品收到现金_万元": 1332634.650006,
        "收到的税费返还_万元": 1529.404846,
        "收到其他经营活动现金_万元": 58685.30738,
        "经营活动现金流入_万元": 1392849.362232,
        "购买商品支付现金_万元": 527403.086694,
        "支付职工现金_万元": 184587.19054,
        "支付税费_万元": 157598.91842,
        "支付其他经营活动现金_万元": 346067.685977,
        "经营活动现金流出_万元": 1216568.81631,
        "经营现金流净额_万元": 177192.480601,
        "经营现金流净额同比增长_百分比": -6.87,
        "收回投资现金_万元": 36331.507115,
        "取得投资收益现金_万元": 1023.870646,
        "处置资产收回现金_万元": 355.411837,
        "收到其他投资活动现金_万元": 95822.577258,
        "投资活动现金流入_万元": 133533.366856,
        "投资支付现金_万元": 8274.5,
        "购建资产支付现金_万元": 39278.134355,
        "支付其他投资活动现金_万元": null,
        "投资活动现金流出_万元": 47557.754355,
        "投资现金流净额_万元": 85975.612501,
        "吸收投资现金_万元": 28.177224,
        "取得借款现金_万元": 281231.436716,
        "收到其他筹资活动现金_万元": null,
        "筹资活动现金流入_万元": 281259.61394,
        "偿还债务现金_万元": 71966.670488,
        "分配股利现金_万元": 105166.977861,
        "支付其他筹资活动现金_万元": 4587.405137,
        "筹资活动现金流出_万元": 181721.053486,
        "融资现金流净额_万元": 99538.560454,
        "汇率变动影响_万元": null,
        "现金及等价物净增加额_万元": 363277.297712,
        "净现金流_元": null,
        "净现金流同比增长_百分比": null,
        "期初现金及等价物_万元": null,
        "期末现金及等价物_万元": 599419.985736,
        "经营现金流占比_百分比": null,
        "投资现金流占比_百分比": null,
        "融资现金流占比_百分比": null
    }
}