{
    "报告信息": {
        "序号": null,
        "股票代码": "000999",
        "股票简称": "华润三九",
        "报告年份": "2022",
        "报告期": "FY",
        "总股本_股": 988346000,
        "流通股本_股": null,
        "报告日期": null,
        "审计意见": "标准无保留意见",
        "会计师事务所": "安永华明会计师事务所(特殊普通合伙)"
    },
    "核心业绩指标": {
        "每股收益_元": 2.48,
        "稀释每股收益_元": 2.48,
        "营业总收入_万元": 1807946.148275,
        "营业总收入_亿元": 180.7946148275,
        "营收同比增长_百分比": 16.31,
        "营收环比增长_百分比": null,
        "净利润_万元": 244880.210334,
        "净利润_亿元": 24.4880210334,
        "净利润同比增长_百分比": 19.16,
        "净利润环比增长_百分比": null,
        "归母净利润_万元": 244880.210334,
        "少数股东损益_万元": 4820.89992,
        "每股净资产_元": null,
        "净资产收益率_百分比": 15.15,
        "扣非净资产收益率_百分比": null,
        "每股经营现金流_元": null,
        "扣非净利润_万元": 221891.721736,
        "扣非净利润同比增长_百分比": 19.75,
        "销售毛利率_百分比": null,
        "销售净利率_百分比": null,
        "加权平均净资产收益率_百分比": 15.15,
        "扣非加权净资产收益率_百分比": null,
        "总资产收益率_百分比": null,
        "主营业务收入_万元": 1741147.055975,
        "主营业务成本_万元": 779876.233941,
        "主营业务利润_万元": 961270.822034
    },
    "资产负债表": {
        "货币资金_万元": 314970.892694,
        "应收账款_万元": 408732.387481,
        "应收票据_万元": 17972.838866,
        "应收款项融资_万元": 137687.415062,
        "预付款项_万元": 37498.590054,
        "其他应收款_万元": 5236.679624,
        "存货_万元": 249886.853092,
        "合同资产_万元": null,
        "一年内到期的非流动资产_万元": null,
        "其他流动资产_万元": 26863.330896,
        "流动资产合计_万元": 1198848.987769,
        "交易性金融资产_万元": null,
        "债权投资_万元": null,
        "其他债权投资_万元": null,
        "长期应收款_万元": 942.920011,
        "长期股权投资_万元": 6579.437118,
        "其他权益工具投资_万元": null,
        "投资性房地产_万元": 2587.966916,
        "固定资产_万元": 373061.39168,
        "在建工程_万元": 94609.194081,
        "生产性生物资产_万元": null,
        "油气资产_万元": null,
        "使用权资产_万元": 14629.856706,
        "无形资产_万元": 236945.34582,
        "开发支出_万元": 38044.544869,
        "商誉_万元": 399485.067415,
        "长期待摊费用_万元": 12884.17082,
        "递延所得税资产_万元": 32450.409377,
        "其他非流动资产_万元": 277689.609437,
        "非流动资产合计_万元": 1513429.182147,
        "总资产_万元": 2712278.169916,
        "总资产同比增长_百分比": 10.52,
        "短期借款_万元": 16850.0,
        "交易性金融负债_万元": null,
        "应付票据_万元": 34565.309833,
        "应付账款_万元": 144946.783906,
        "预收款项_万元": null,
        "合同负债_万元": 101227.218752,
        "应付职工薪酬_万元": 104893.762691,
        "应交税费_万元": 51814.671856,
        "其他应付款_万元": 369918.492348,
        "一年内到期的非流动负债_万元": 6659.193029,
        "其他流动负债_万元": 36394.504011,
        "流动负债合计_万元": 867269.936426,
        "长期借款_万元": 5021.552823,
        "应付债券_万元": null,
        "租赁负债_万元": 10582.15714,
        "长期应付款_万元": 1069.699808,
        "预计负债_万元": 5.6,
        "递延收益_万元": 42319.036345,
        "递延所得税负债_万元": 21775.171982,
        "其他非流动负债_万元": null,
        "非流动负债合计_万元": 91666.763573,
        "总负债_万元": 958936.699999,
        "总负债同比增长_百分比": null,
        "资产负债率_百分比": 35.36,
        "实收资本_万元": 98834.6,
        "资本公积_万元": 179692.414302,
        "盈余公积_万元": null,
        "未分配利润_万元": 1376143.538812,
        "其他综合收益_万元": 21.564264,
        "专项储备_万元": null,
        "归属于母公司所有者权益合计_万元": 1700963.348553,
        "少数股东权益_万元": 52378.121364,
        "股东权益合计_万元": 1753341.469917
    },
    "利润表": {
        "营业总收入_万元": 1807946.148275,
        "营业收入_万元": 1807946.148275,
        "营业总收入同比增长_百分比": 16.31,
        "营业成本_万元": 831313.351987,
        "税金及附加_万元": 20705.519525,
        "销售费用_万元": 507662.389407,
        "管理费用_万元": 105861.010568,
        "研发费用_万元": 59394.174435,
        "财务费用_万元": 550.749071,
        "其中利息费用_万元": 2122.724599,
        "其中利息收入_万元": 7348.446765,
        "其他收益_万元": 21739.403238,
        "投资收益_万元": 4462.134283,
        "其中对联营企业投资收益_万元": 587.159994,
        "公允价值变动收益_万元": 257.997971,
        "信用减值损失_万元": -597.454234,
        "资产减值损失_万元": -13827.035739,
        "资产处置收益_万元": 227.825051,
        "营业总支出_万元": null,
        "营业利润_万元": 291522.699656,
        "营业外收入_万元": 3554.139586,
        "营业外支出_万元": 1932.316862,
        "利润总额_万元": 293144.52238,
        "所得税费用_万元": 46642.536322,
        "净利润_万元": 244880.210334,
        "归母净利润_万元": 244880.210334,
        "少数股东损益_万元": 4820.89992,
        "持续经营净利润_万元": null,
        "终止经营净利润_万元": null,
        "其他综合收益_万元": null,
        "综合收益总额_万元": null,
        "归母综合收益总额_万元": null
    },
    "现金流量表": {
        "销售商品收到现金_万元": null,
        "收到的税费返还_万元": 5060.698248,
        "收到其他经营活动现金_万元": 70003.739608,
        "经营活动现金流入_万元": 1832856.143864,
        "经营活动现金流出_万元": 1532218.642239,
        "经营现金流净额_万元": 300637.501625,
        "经营现金流净额同比增长_百分比": 59.52,
        "收回投资现金_万元": null,
        "取得投资收益现金_万元": null,
        "处置资产收回现金_万元": null,
        "收到其他投资活动现金_万元": 6.49234431,
        "投资活动现金流入_万元": 416034.875216,
        "投资活动现金流出_万元": 663954.905261,
        "投资现金流净额_万元": -247920.030045,
        "吸收投资现金_万元": null,
        "取得借款现金_万元": null,
        "收到其他筹资活动现金_万元": 11821.099171,
        "筹资活动现金流入_万元": 90970.334708,
        "筹资活动现金流出_万元": 148515.603055,
        "融资现金流净额_万元": -57545.268347,
        "汇率变动影响_万元": 634.817557,
        "现金及等价物净增加额_万元": -4192.97921,
        "净现金流_元": -4192.97921,
        "净现金流同比增长_百分比": null,
        "期初现金及等价物_万元": 240335.667234,
        "期末现金及等价物_万元": 236142.688024,
        "经营现金流占比_百分比": null,
        "投资现金流占比_百分比": null,
        "融资现金流占比_百分比": null
    }
}