{
    "报告信息": {
        "序号": "2024-007",
        "股票代码": "002907",
        "股票简称": "华森制药",
        "报告年份": "2023",
        "报告期": "FY",
        "总股本_股": 417596314,
        "流通股本_股": 308888105,
        "报告日期": "2024-04-10",
        "审计意见": "标准无保留意见",
        "会计师事务所": "大华会计师事务所（特殊普通合伙）"
    },
    "核心业绩指标": {
        "每股收益_元": 0.0783,
        "稀释每股收益_元": 0.0783,
        "营业总收入_万元": 69154.279348,
        "营业总收入_亿元": 6.9154,
        "营收同比增长_百分比": -11.93,
        "营收环比增长_百分比": null,
        "净利润_万元": 3269.915022,
        "净利润_亿元": 0.327,
        "净利润同比增长_百分比": -66.77,
        "净利润环比增长_百分比": null,
        "归母净利润_万元": 3269.915022,
        "少数股东损益_万元": null,
        "每股净资产_元": 3.8734,
        "净资产收益率_百分比": 2.03,
        "扣非净资产收益率_百分比": 1.28,
        "每股经营现金流_元": 0.5251,
        "扣非净利润_万元": 2073.811685,
        "扣非净利润同比增长_百分比": -74.85,
        "销售毛利率_百分比": 54.99,
        "销售净利率_百分比": 4.73,
        "加权平均净资产收益率_百分比": 2.03,
        "扣非加权净资产收益率_百分比": 1.28,
        "总资产收益率_百分比": 1.77,
        "主营业务收入_万元": 69154.279348,
        "主营业务成本_万元": 31134.844365,
        "主营业务利润_万元": 38019.434983
    },
    "资产负债表": {
        "货币资金_万元": 43756.481914,
        "应收账款_万元": 16936.361062,
        "应收票据_万元": 7609.978917,
        "应收款项融资_万元": null,
        "预付款项_万元": 564.252046,
        "其他应收款_万元": 408.434085,
        "存货_万元": 15167.664809,
        "合同资产_万元": null,
        "一年内到期的非流动资产_万元": null,
        "其他流动资产_万元": 5020.720582,
        "流动资产合计_万元": 89463.893415,
        "交易性金融资产_万元": null,
        "债权投资_万元": null,
        "其他债权投资_万元": null,
        "长期应收款_万元": null,
        "长期股权投资_万元": 2194.264529,
        "其他权益工具投资_万元": null,
        "投资性房地产_万元": 7115.674271,
        "固定资产_万元": 56739.674539,
        "在建工程_万元": 2577.629354,
        "生产性生物资产_万元": null,
        "油气资产_万元": null,
        "使用权资产_万元": 24.184853,
        "无形资产_万元": 10713.644031,
        "开发支出_万元": 5180.469738,
        "商誉_万元": null,
        "长期待摊费用_万元": 915.044611,
        "递延所得税资产_万元": 1568.817909,
        "其他非流动资产_万元": 1007.766374,
        "非流动资产合计_万元": 95681.495499,
        "总资产_万元": 185145.388914,
        "总资产同比增长_百分比": -0.81,
        "短期借款_万元": null,
        "交易性金融负债_万元": null,
        "应付票据_万元": null,
        "应付账款_万元": 5523.2683,
        "预收款项_万元": 126.482649,
        "合同负债_万元": 442.645803,
        "应付职工薪酬_万元": 2345.191141,
        "应交税费_万元": 691.447744,
        "其他应付款_万元": 9667.418445,
        "一年内到期的非流动负债_万元": 14.207536,
        "其他流动负债_万元": 57.074348,
        "流动负债合计_万元": 18867.735966,
        "长期借款_万元": null,
        "应付债券_万元": null,
        "租赁负债_万元": 13.988278,
        "长期应付款_万元": null,
        "预计负债_万元": null,
        "递延收益_万元": 4303.429924,
        "递延所得税负债_万元": 168.134003,
        "其他非流动负债_万元": null,
        "非流动负债合计_万元": 4485.552205,
        "总负债_万元": 23353.288171,
        "总负债同比增长_百分比": -8.89,
        "资产负债率_百分比": 12.61,
        "实收资本_万元": 41759.6314,
        "资本公积_万元": 45873.238304,
        "盈余公积_万元": 9296.664389,
        "未分配利润_万元": 64869.14016,
        "其他综合收益_万元": -6.57351,
        "专项储备_万元": null,
        "归属于母公司所有者权益合计_万元": 161792.100743,
        "少数股东权益_万元": null,
        "股东权益合计_万元": 161792.100743
    },
    "利润表": {
        "营业总收入_万元": 69154.279348,
        "营业收入_万元": 69154.279348,
        "营业总收入同比增长_百分比": -11.93,
        "营业成本_万元": 31134.844365,
        "税金及附加_万元": 1100.822134,
        "销售费用_万元": 21073.967526,
        "管理费用_万元": 5313.970238,
        "研发费用_万元": 7811.991611,
        "财务费用_万元": -879.716055,
        "其中利息费用_万元": 94.535105,
        "其中利息收入_万元": 981.017249,
        "其他收益_万元": 1395.253622,
        "投资收益_万元": -812.135949,
        "其中对联营企业投资收益_万元": -808.9613,
        "公允价值变动收益_万元": 345.205336,
        "信用减值损失_万元": 159.478382,
        "资产减值损失_万元": -109.745045,
        "资产处置收益_万元": 5.847468,
        "营业总支出_万元": null,
        "营业利润_万元": 4582.303343,
        "营业外收入_万元": 14.864515,
        "营业外支出_万元": 317.490581,
        "利润总额_万元": 4279.677277,
        "所得税费用_万元": 1009.762255,
        "净利润_万元": 3269.915022,
        "归母净利润_万元": 3269.915022,
        "少数股东损益_万元": null,
        "持续经营净利润_万元": 3269.915022,
        "终止经营净利润_万元": null,
        "其他综合收益_万元": 4.704757,
        "综合收益总额_万元": 3274.619779,
        "归母综合收益总额_万元": 3274.619779
    },
    "现金流量表": {
        "销售商品收到现金_万元": 72690.793719,
        "收到的税费返还_万元": null,
        "收到其他经营活动现金_万元": 13150.741535,
        "经营活动现金流入_万元": 85841.535254,
        "购买商品支付现金_万元": 20503.423532,
        "支付职工现金_万元": 13550.667824,
        "支付税费_万元": 8076.009169,
        "支付其他经营活动现金_万元": 21777.302,
        "经营活动现金流出_万元": 63907.402525,
        "经营现金流净额_万元": 21934.132729,
        "经营现金流净额同比增长_百分比": 1581.41,
        "收回投资现金_万元": 37.728464,
        "取得投资收益现金_万元": 48.547746,
        "处置资产收回现金_万元": null,
        "收到其他投资活动现金_万元": null,
        "投资活动现金流入_万元": 86.27621,
        "投资支付现金_万元": 6538.936476,
        "购建资产支付现金_万元": 9281.78276,
        "支付其他投资活动现金_万元": null,
        "投资活动现金流出_万元": 15820.719236,
        "投资现金流净额_万元": -15734.443026,
        "吸收投资现金_万元": null,
        "取得借款现金_万元": 7000.0,
        "收到其他筹资活动现金_万元": 20.0,
        "筹资活动现金流入_万元": 7020.0,
        "偿还债务现金_万元": 7000.0,
        "分配股利现金_万元": 3016.595031,
        "支付其他筹资活动现金_万元": 26.35127,
        "筹资活动现金流出_万元": 10042.946301,
        "融资现金流净额_万元": -3022.946301,
        "汇率变动影响_万元": 7.089675,
        "现金及等价物净增加额_万元": 3183.833077,
        "净现金流_元": 3183.833077,
        "净现金流同比增长_百分比": 231.34,
        "期初现金及等价物_万元": 40572.648837,
        "期末现金及等价物_万元": 43756.481914,
        "经营现金流占比_百分比": 688.94,
        "投资现金流占比_百分比": -494.35,
        "融资现金流占比_百分比": -94.94
    }
}