{
    "报告信息": {
        "序号": null,
        "股票代码": "002907",
        "股票简称": "华森制药",
        "报告年份": "2023",
        "报告期": "Q3",
        "总股本_股": 417596314.0,
        "流通股本_股": null,
        "报告日期": "2023-10-26",
        "审计意见": "未经审计",
        "会计师事务所": null
    },
    "核心业绩指标": {
        "每股收益_元": 0.1072,
        "稀释每股收益_元": 0.1072,
        "营业总收入_万元": 51525.755458,
        "营业总收入_亿元": 0.51525755458,
        "营收同比增长_百分比": -8.27,
        "营收环比增长_百分比": null,
        "净利润_万元": 4477.500677,
        "净利润_亿元": 0.4477500677,
        "净利润同比增长_百分比": -38.54,
        "净利润环比增长_百分比": null,
        "归母净利润_万元": 4477.500677,
        "少数股东损益_万元": null,
        "每股净资产_元": 3.91,
        "净资产收益率_百分比": 2.76,
        "扣非净资产收益率_百分比": null,
        "每股经营现金流_元": 0.43,
        "扣非净利润_万元": 3739.043446,
        "扣非净利润同比增长_百分比": -37.86,
        "销售毛利率_百分比": 56.7,
        "销售净利率_百分比": 8.7,
        "加权平均净资产收益率_百分比": 2.76,
        "扣非加权净资产收益率_百分比": null,
        "总资产收益率_百分比": 2.43,
        "主营业务收入_万元": 51525.755458,
        "主营业务成本_万元": 22265.403736,
        "主营业务利润_万元": 29260.351722
    },
    "资产负债表": {
        "货币资金_万元": 45353.433674,
        "应收账款_万元": 17809.258511,
        "应收票据_万元": 5857.285291,
        "应收款项融资_万元": null,
        "预付款项_万元": 949.464056,
        "其他应收款_万元": 597.5706,
        "存货_万元": 16329.748689,
        "合同资产_万元": null,
        "一年内到期的非流动资产_万元": null,
        "其他流动资产_万元": 389.288327,
        "流动资产合计_万元": 87286.049148,
        "交易性金融资产_万元": null,
        "债权投资_万元": null,
        "其他债权投资_万元": null,
        "长期应收款_万元": null,
        "长期股权投资_万元": 2468.294661,
        "其他权益工具投资_万元": null,
        "投资性房地产_万元": 7159.419985,
        "固定资产_万元": 58508.736337,
        "在建工程_万元": 2038.093474,
        "生产性生物资产_万元": null,
        "油气资产_万元": null,
        "使用权资产_万元": 32.157482,
        "无形资产_万元": 10962.318874,
        "开发支出_万元": 4803.57425,
        "商誉_万元": null,
        "长期待摊费用_万元": 393.577771,
        "递延所得税资产_万元": 1616.605354,
        "其他非流动资产_万元": 1898.257701,
        "非流动资产合计_万元": 97283.38526,
        "总资产_万元": 184569.434408,
        "总资产同比增长_百分比": -1.12,
        "短期借款_万元": null,
        "交易性金融负债_万元": null,
        "应付票据_万元": null,
        "应付账款_万元": 4846.719945,
        "预收款项_万元": 77.05558,
        "合同负债_万元": 136.788854,
        "应付职工薪酬_万元": 754.475259,
        "应交税费_万元": 916.334418,
        "其他应付款_万元": 10117.819731,
        "一年内到期的非流动负债_万元": 19.684379,
        "其他流动负债_万元": 18.170009,
        "流动负债合计_万元": 16887.048175,
        "长期借款_万元": null,
        "应付债券_万元": null,
        "租赁负债_万元": 15.348015,
        "长期应付款_万元": null,
        "预计负债_万元": null,
        "递延收益_万元": 4479.33119,
        "递延所得税负债_万元": 112.230969,
        "其他非流动负债_万元": null,
        "非流动负债合计_万元": 4606.910174,
        "总负债_万元": 21493.958349,
        "总负债同比增长_百分比": -16.1,
        "资产负债率_百分比": 11.6,
        "实收资本_万元": 41759.6314,
        "资本公积_万元": 45888.561552,
        "盈余公积_万元": 8821.114067,
        "未分配利润_万元": 66552.276137,
        "其他综合收益_万元": 53.892903,
        "专项储备_万元": null,
        "归属于母公司所有者权益合计_万元": 163075.476059,
        "少数股东权益_万元": null,
        "股东权益合计_万元": 163075.476059
    },
    "利润表": {
        "营业总收入_万元": 51525.755458,
        "营业收入_万元": 51525.755458,
        "营业总收入同比增长_百分比": -8.27,
        "营业成本_万元": 22265.403736,
        "税金及附加_万元": 710.482187,
        "销售费用_万元": 15775.782764,
        "管理费用_万元": 3716.832373,
        "研发费用_万元": 4940.23549,
        "财务费用_万元": -637.609119,
        "其中利息费用_万元": 91.690842,
        "其中利息收入_万元": 733.87138,
        "其他收益_万元": 865.205635,
        "投资收益_万元": -533.946557,
        "其中对联营企业投资收益_万元": -550.254418,
        "公允价值变动收益_万元": null,
        "信用减值损失_万元": 164.578678,
        "资产减值损失_万元": null,
        "资产处置收益_万元": 5.847468,
        "营业总支出_万元": null,
        "营业利润_万元": 5169.487308,
        "营业外收入_万元": 13.242944,
        "营业外支出_万元": 31.153048,
        "利润总额_万元": 5151.577204,
        "所得税费用_万元": 674.076527,
        "净利润_万元": 4477.500677,
        "归母净利润_万元": 4477.500677,
        "少数股东损益_万元": null,
        "持续经营净利润_万元": null,
        "终止经营净利润_万元": null,
        "其他综合收益_万元": 65.17117,
        "综合收益总额_万元": 4542.671847,
        "归母综合收益总额_万元": 4542.671847
    },
    "现金流量表": {
        "销售商品收到现金_万元": 54862.701221,
        "收到的税费返还_万元": null,
        "收到其他经营活动现金_万元": 12504.57035,
        "经营活动现金流入_万元": 67367.271571,
        "购买商品支付现金_万元": 15948.854325,
        "支付职工现金_万元": 10425.242559,
        "支付税费_万元": 6117.487674,
        "支付其他经营活动现金_万元": 16847.589203,
        "经营活动现金流出_万元": 49339.173761,
        "经营现金流净额_万元": 18028.09781,
        "经营现金流净额同比增长_百分比": 132.41,
        "收回投资现金_万元": 37.728464,
        "取得投资收益现金_万元": 16.307861,
        "处置资产收回现金_万元": null,
        "收到其他投资活动现金_万元": null,
        "投资活动现金流入_万元": 54.036325,
        "投资支付现金_万元": 1500.0,
        "购建资产支付现金_万元": 8798.30885,
        "支付其他投资活动现金_万元": null,
        "投资活动现金流出_万元": 10298.30885,
        "投资现金流净额_万元": -10244.272525,
        "吸收投资现金_万元": null,
        "取得借款现金_万元": 7000.0,
        "收到其他筹资活动现金_万元": 20.0,
        "筹资活动现金流入_万元": 7020.0,
        "偿还债务现金_万元": 7000.0,
        "分配股利现金_万元": 3016.595031,
        "支付其他筹资活动现金_万元": 20.90087,
        "筹资活动现金流出_万元": 10037.495901,
        "融资现金流净额_万元": -3017.495901,
        "汇率变动影响_万元": 14.455453,
        "现金及等价物净增加额_万元": 4780.784837,
        "净现金流_元": 47807848.37,
        "净现金流同比增长_百分比": 703.01,
        "期初现金及等价物_万元": 40572.648837,
        "期末现金及等价物_万元": 45353.433674,
        "经营现金流占比_百分比": 377.3
    }
}