{
    "报告信息": {
        "序号": null,
        "股票代码": "002907",
        "股票简称": "华森制药",
        "报告年份": "2023",
        "报告期": "Q1",
        "总股本_股": 417596314,
        "流通股本_股": null,
        "报告日期": "2023-03-31",
        "审计意见": "未经审计",
        "会计师事务所": null
    },
    "核心业绩指标": {
        "每股收益_元": 0.0721,
        "稀释每股收益_元": 0.0721,
        "营业总收入_万元": 18753.902046,
        "营业总收入_亿元": 1.8753902046,
        "营收同比增长_百分比": -7.61,
        "营收环比增长_百分比": null,
        "净利润_万元": 3010.054189,
        "净利润_亿元": 0.3010054189,
        "净利润同比增长_百分比": 2.55,
        "净利润环比增长_百分比": null,
        "归母净利润_万元": 3010.054189,
        "少数股东损益_万元": 0,
        "每股净资产_元": null,
        "净资产收益率_百分比": null,
        "扣非净资产收益率_百分比": null,
        "每股经营现金流_元": null,
        "扣非净利润_万元": 2857.561894,
        "扣非净利润同比增长_百分比": 3.35,
        "销售毛利率_百分比": null,
        "销售净利率_百分比": null,
        "加权平均净资产收益率_百分比": 1.85,
        "扣非加权净资产收益率_百分比": null,
        "总资产收益率_百分比": null,
        "主营业务收入_万元": 18753.902046,
        "主营业务成本_万元": 7443.822792,
        "主营业务利润_万元": null
    },
    "资产负债表": {
        "货币资金_万元": 54712.27561,
        "应收账款_万元": 21173.567345,
        "应收票据_万元": 8725.569808,
        "应收款项融资_万元": 0,
        "预付款项_万元": 1316.417084,
        "其他应收款_万元": 393.481709,
        "存货_万元": 15037.621454,
        "合同资产_万元": 0,
        "一年内到期的非流动资产_万元": 0,
        "其他流动资产_万元": 195.988941,
        "流动资产合计_万元": 101554.921951,
        "交易性金融资产_万元": 0,
        "债权投资_万元": 0,
        "其他债权投资_万元": 0,
        "长期应收款_万元": 0,
        "长期股权投资_万元": 2144.233819,
        "其他权益工具投资_万元": 0,
        "投资性房地产_万元": 1858.180148,
        "固定资产_万元": 59017.209612,
        "在建工程_万元": 2175.061633,
        "生产性生物资产_万元": 11.067285,
        "油气资产_万元": 13.777744,
        "使用权资产_万元": 0,
        "无形资产_万元": 10303.622957,
        "开发支出_万元": 4202.427254,
        "商誉_万元": 3996.27387,
        "长期待摊费用_万元": 385.151724,
        "递延所得税资产_万元": 404.742417,
        "其他非流动资产_万元": 2923.550575,
        "非流动资产合计_万元": 92216.950003,
        "总资产_万元": 193771.871954,
        "总资产同比增长_百分比": 3.81,
        "短期借款_万元": 7000,
        "交易性金融负债_万元": 0,
        "应付票据_万元": 0,
        "应付账款_万元": 5947.795368,
        "预收款项_万元": 77.234719,
        "合同负债_万元": 331.539746,
        "应付职工薪酬_万元": 747.68308,
        "应交税费_万元": 791.654794,
        "其他应付款_万元": 10716.152319,
        "一年内到期的非流动负债_万元": 2.210933,
        "其他流动负债_万元": 43.22034,
        "流动负债合计_万元": 25657.491299,
        "长期借款_万元": 0,
        "应付债券_万元": 0,
        "租赁负债_万元": 6.199957,
        "长期应付款_万元": 0,
        "预计负债_万元": 0,
        "递延收益_万元": 4207.958278,
        "递延所得税负债_万元": 124.699059,
        "其他非流动负债_万元": 0,
        "非流动负债合计_万元": 4338.857294,
        "总负债_万元": 29996.348593,
        "总负债同比增长_百分比": null,
        "资产负债率_百分比": null,
        "实收资本_万元": 41759.6314,
        "资本公积_万元": 45203.595308,
        "盈余公积_万元": 8821.114067,
        "未分配利润_万元": 68008.003847,
        "其他综合收益_万元": -16.821261,
        "专项储备_万元": 0,
        "归属于母公司所有者权益合计_万元": 163775.523361,
        "少数股东权益_万元": 0,
        "股东权益合计_万元": 163775.523361
    },
    "利润表": {
        "营业总收入_万元": 18753.902046,
        "营业收入_万元": 18753.902046,
        "营业总收入同比增长_百分比": -7.61,
        "营业成本_万元": 7443.822792,
        "税金及附加_万元": 178.118249,
        "销售费用_万元": 5292.93781,
        "管理费用_万元": 1165.003697,
        "研发费用_万元": 1415.176759,
        "财务费用_万元": -312.843,
        "其中利息费用_万元": 16.95319,
        "其中利息收入_万元": 331.210569,
        "其他收益_万元": 160.068024,
        "投资收益_万元": -173.041153,
        "其中对联营企业投资收益_万元": -189.349014,
        "公允价值变动收益_万元": 0,
        "信用减值损失_万元": 37.777113,
        "资产减值损失_万元": -27.673827,
        "资产处置收益_万元": 5.847468,
        "营业总支出_万元": 15182.216307,
        "营业利润_万元": 3574.663364,
        "营业外收入_万元": 3.432424,
        "营业外支出_万元": 0.503778,
        "利润总额_万元": 3577.59201,
        "所得税费用_万元": 567.537821,
        "净利润_万元": 3010.054189,
        "归母净利润_万元": 3010.054189,
        "少数股东损益_万元": 0,
        "持续经营净利润_万元": 3010.054189,
        "终止经营净利润_万元": 0,
        "其他综合收益_万元": -5.542994,
        "综合收益总额_万元": 3004.511195,
        "归母综合收益总额_万元": 3004.511195
    },
    "现金流量表": {
        "销售商品收到现金_万元": 18379.560388,
        "收到的税费返还_万元": 0,
        "收到其他经营活动现金_万元": 10675.541896,
        "经营活动现金流入_万元": 29055.102284,
        "购买商品支付现金_万元": 5853.209362,
        "支付职工现金_万元": 4458.919036,
        "支付税费_万元": 3329.462767,
        "支付其他经营活动现金_万元": 5476.510542,
        "经营活动现金流出_万元": 19118.101707,
        "经营现金流净额_万元": 9937.000577,
        "经营现金流净额同比增长_百分比": 177.84,
        "收回投资现金_万元": 0,
        "取得投资收益现金_万元": 16.307861,
        "处置资产收回现金_万元": 0,
        "收到其他投资活动现金_万元": 0,
        "投资活动现金流入_万元": 16.307861,
        "投资支付现金_万元": 1500,
        "购建资产支付现金_万元": 1302.203105,
        "支付其他投资活动现金_万元": 0,
        "投资活动现金流出_万元": 2802.203105,
        "投资现金流净额_万元": -2785.895244,
        "吸收投资现金_万元": 0,
        "取得借款现金_万元": 7000,
        "收到其他筹资活动现金_万元": 20,
        "筹资活动现金流入_万元": 7020,
        "偿还债务现金_万元": 0,
        "分配股利现金_万元": 11.843751,
        "支付其他筹资活动现金_万元": 14.08717,
        "筹资活动现金流出_万元": 25.930921,
        "融资现金流净额_万元": 6994.069079,
        "汇率变动影响_万元": -5.547639,
        "现金及等价物净增加额_万元": 14139.626773,
        "净现金流_元": null,
        "净现金流同比增长_百分比": null,
        "期初现金及等价物_万元": 40572.648837,
        "期末现金及等价物_万元": 54712.27561,
        "经营现金流占比_百分比": null,
        "投资现金流占比_百分比": null,
        "融资现金流占比_百分比": null
    }
}