{
    "报告信息": {
        "序号": null,
        "股票代码": "000999",
        "股票简称": "华润三九",
        "报告年份": "2024",
        "报告期": "第三季度",
        "总股本_股": 1284325466,
        "流通股本_股": null,
        "报告日期": "2024-10-25",
        "审计意见": "未经审计",
        "会计师事务所": null,
        "期": "Q3"
    },
    "核心业绩指标": {
        "每股收益_元": 2.32,
        "稀释每股收益_元": 2.32,
        "营业总收入_万元": 1974028.699536,
        "营业总收入_亿元": 197.4028699536,
        "营收同比增长_百分比": 6.08,
        "营收环比增长_百分比": null,
        "净利润_万元": 324471.74971,
        "净利润_亿元": 32.447174971,
        "净利润同比增长_百分比": null,
        "净利润环比增长_百分比": null,
        "归母净利润_万元": 295983.286941,
        "少数股东损益_万元": 28488.462769,
        "每股净资产_元": null,
        "净资产收益率_百分比": null,
        "扣非净资产收益率_百分比": null,
        "每股经营现金流_元": null,
        "扣非净利润_万元": 275227.736956,
        "扣非净利润同比增长_百分比": 19.48,
        "销售毛利率_百分比": null,
        "销售净利率_百分比": null,
        "加权平均净资产收益率_百分比": 14.99,
        "扣非加权净资产收益率_百分比": null,
        "总资产收益率_百分比": null,
        "主营业务收入_万元": 1974028.699536,
        "主营业务成本_万元": 934105.499424,
        "主营业务利润_万元": null
    },
    "资产负债表": {
        "货币资金_万元": 614265.562785,
        "应收账款_万元": 644104.711047,
        "应收票据_万元": 3559.298358,
        "应收款项融资_万元": 148096.334404,
        "预付款项_万元": 65509.546349,
        "其他应收款_万元": 30450.113002,
        "存货_万元": 505713.011903,
        "合同资产_万元": null,
        "一年内到期的非流动资产_万元": null,
        "其他流动资产_万元": 28889.214745,
        "流动资产合计_万元": 2314842.478203,
        "交易性金融资产_万元": 270398.29,
        "债权投资_万元": null,
        "其他债权投资_万元": null,
        "长期应收款_万元": 1027.000463,
        "长期股权投资_万元": 44510.535627,
        "其他权益工具投资_万元": 6973.817238,
        "投资性房地产_万元": 6970.426115,
        "固定资产_万元": 570841.205983,
        "在建工程_万元": 63163.271188,
        "生产性生物资产_万元": null,
        "油气资产_万元": null,
        "使用权资产_万元": 15101.414572,
        "无形资产_万元": 337458.706736,
        "开发支出_万元": 67886.565751,
        "商誉_万元": 512392.758537,
        "长期待摊费用_万元": 14663.845224,
        "递延所得税资产_万元": 58415.180678,
        "其他非流动资产_万元": 38353.210115,
        "非流动资产合计_万元": 1762149.856935,
        "总资产_万元": 4076992.335138,
        "总资产同比增长_百分比": 1.55,
        "短期借款_万元": 82160.943411,
        "交易性金融负债_万元": null,
        "应付票据_万元": 75586.780302,
        "应付账款_万元": 235640.39432,
        "预收款项_万元": null,
        "合同负债_万元": 146144.957353,
        "应付职工薪酬_万元": 124016.303979,
        "应交税费_万元": 52938.86173,
        "其他应付款_万元": 443844.646588,
        "一年内到期的非流动负债_万元": 40395.351731,
        "其他流动负债_万元": 27618.579101,
        "流动负债合计_万元": 1228346.818515,
        "长期借款_万元": null,
        "应付债券_万元": null,
        "租赁负债_万元": 8230.640526,
        "长期应付款_万元": 1370.466588,
        "预计负债_万元": null,
        "递延收益_万元": null,
        "递延所得税负债_万元": 33420.889122,
        "其他非流动负债_万元": 2787.653298,
        "非流动负债合计_万元": 242242.016689,
        "总负债_万元": 1470588.835204,
        "总负债同比增长_百分比": null,
        "资产负债率_百分比": null,
        "实收资本_万元": 128432.5466,
        "资本公积_万元": 161502.114593,
        "盈余公积_万元": 53590.718246,
        "未分配利润_万元": 1710357.792238,
        "其他综合收益_万元": 7083.428512,
        "专项储备_万元": null,
        "归属于母公司所有者权益合计_万元": 2053268.866072,
        "少数股东权益_万元": 553134.633862,
        "股东权益合计_万元": 2606403.499934
    },
    "利润表": {
        "营业总收入_万元": 1974028.699536,
        "营业收入_万元": 1974028.699536,
        "营业总收入同比增长_百分比": 6.08,
        "营业成本_万元": 934105.499424,
        "税金及附加_万元": 20166.602739,
        "销售费用_万元": 475116.155264,
        "管理费用_万元": 107353.496441,
        "研发费用_万元": 51218.203477,
        "财务费用_万元": -1332.645264,
        "其中利息费用_万元": 6545.903593,
        "其中利息收入_万元": 8230.569831,
        "其他收益_万元": 19199.89701,
        "投资收益_万元": 890.974579,
        "其中对联营企业投资收益_万元": -1061.761292,
        "公允价值变动收益_万元": -17.607235,
        "信用减值损失_万元": -10029.566362,
        "资产减值损失_万元": -11089.655632,
        "资产处置收益_万元": 2328.771288,
        "营业总支出_万元": null,
        "营业利润_万元": 388684.201103,
        "营业外收入_万元": 10855.168615,
        "营业外支出_万元": 1079.031147,
        "利润总额_万元": 398460.338571,
        "所得税费用_万元": 73988.588861,
        "净利润_万元": 324471.74971,
        "归母净利润_万元": 295983.286941,
        "少数股东损益_万元": 28488.462769,
        "持续经营净利润_万元": 324471.74971,
        "终止经营净利润_万元": null,
        "其他综合收益_万元": -115.251418,
        "综合收益总额_万元": 324356.498292,
        "归母综合收益总额_万元": 295941.079722
    },
    "现金流量表": {
        "销售商品收到现金_万元": 1990019.45651,
        "收到的税费返还_万元": 4204.838266,
        "收到其他经营活动现金_万元": 83315.603238,
        "经营活动现金流入_万元": 2077522.387155,
        "购买商品支付现金_万元": 788902.69945,
        "支付职工现金_万元": 286039.147932,
        "支付税费_万元": 203860.901708,
        "支付其他经营活动现金_万元": 478292.872931,
        "经营活动现金流出_万元": 1757095.622021,
        "经营现金流净额_万元": 320426.765134,
        "经营现金流净额同比增长_百分比": 5.05,
        "收回投资现金_万元": 419216.642699,
        "取得投资收益现金_万元": 5147.101163,
        "处置资产收回现金_万元": 154.141585,
        "收到其他投资活动现金_万元": 175.640823,
        "投资活动现金流入_万元": 424693.52627,
        "投资支付现金_万元": 571242.3463,
        "购建资产支付现金_万元": 52265.386832,
        "支付其他投资活动现金_万元": 10109.636883,
        "投资活动现金流出_万元": 633617.370015,
        "投资现金流净额_万元": -208923.843745,
        "吸收投资现金_万元": 7162.1068,
        "取得借款现金_万元": 71140.43119,
        "收到其他筹资活动现金_万元": null,
        "筹资活动现金流入_万元": 78302.53799,
        "偿还债务现金_万元": 98256.982659,
        "分配股利现金_万元": null,
        "支付其他筹资活动现金_万元": null,
        "筹资活动现金流出_万元": null,
        "融资现金流净额_万元": null,
        "汇率变动影响_万元": null,
        "现金及等价物净增加额_万元": -81831.615313,
        "净现金流_元": null,
        "净现金流同比增长_百分比": -121.74,
        "期初现金及等价物_万元": 677077.262449,
        "期末现金及等价物_万元": 614265.562785,
        "经营现金流占比_百分比": null,
        "投资现金流占比_百分比": null,
        "融资现金流占比_百分比": null
    }
}