{
    "报告信息": {
        "序号": null,
        "股票代码": "000790",
        "股票简称": "华神科技",
        "报告年份": "2024",
        "报告期": "半年度",
        "总股本_股": 628142564,
        "流通股本_股": 622761614,
        "报告日期": "2024年08月20日",
        "审计意见": null,
        "会计师事务所": null,
        "期": "HY"
    },
    "核心业绩指标": {
        "每股收益_元": 0.0145,
        "稀释每股收益_元": 0.0145,
        "营业总收入_万元": 45784.129055,
        "营业总收入_亿元": 4.5784129055,
        "营收同比增长_百分比": -5.22,
        "营收环比增长_百分比": null,
        "净利润_万元": 1392.045746,
        "净利润_亿元": 0.1392045746,
        "净利润同比增长_百分比": null,
        "净利润环比增长_百分比": null,
        "归母净利润_万元": 910.900366,
        "少数股东损益_万元": 481.14538,
        "每股净资产_元": null,
        "净资产收益率_百分比": null,
        "扣非净资产收益率_百分比": null,
        "每股经营现金流_元": null,
        "扣非净利润_万元": 854.188044,
        "扣非净利润同比增长_百分比": -34.32,
        "销售毛利率_百分比": null,
        "销售净利率_百分比": null,
        "加权平均净资产收益率_百分比": 0.88,
        "扣非加权净资产收益率_百分比": 0.82,
        "总资产收益率_百分比": null,
        "主营业务收入_万元": 44781.545962,
        "主营业务成本_万元": 23311.246056,
        "主营业务利润_万元": null
    },
    "资产负债表": {
        "货币资金_万元": 14715.014105,
        "应收账款_万元": 46255.70317,
        "应收票据_万元": null,
        "应收款项融资_万元": 2294.676897,
        "预付款项_万元": 4105.432138,
        "其他应收款_万元": 5050.095337,
        "存货_万元": 11463.919341,
        "合同资产_万元": 2777.847415,
        "一年内到期的非流动资产_万元": null,
        "其他流动资产_万元": 1126.894127,
        "流动资产合计_万元": 87789.58253,
        "交易性金融资产_万元": null,
        "债权投资_万元": null,
        "其他债权投资_万元": null,
        "长期应收款_万元": 2263.48333,
        "长期股权投资_万元": 477.4035,
        "其他权益工具投资_万元": 19230.764,
        "投资性房地产_万元": 3536.482966,
        "固定资产_万元": 38644.640949,
        "在建工程_万元": 22764.534324,
        "生产性生物资产_万元": null,
        "油气资产_万元": null,
        "使用权资产_万元": 1599.274618,
        "无形资产_万元": 14577.961051,
        "开发支出_万元": null,
        "商誉_万元": 10696.437382,
        "长期待摊费用_万元": 1422.358531,
        "递延所得税资产_万元": 2346.254421,
        "其他非流动资产_万元": 9939.35408,
        "非流动资产合计_万元": 130548.949152,
        "总资产_万元": 218338.531682,
        "总资产同比增长_百分比": 2.34,
        "短期借款_万元": 24019.516945,
        "交易性金融负债_万元": null,
        "应付票据_万元": 9272.962075,
        "应付账款_万元": 18050.230794,
        "预收款项_万元": 2.1,
        "合同负债_万元": 6991.058683,
        "应付职工薪酬_万元": 1099.42429,
        "应交税费_万元": 5767.871837,
        "其他应付款_万元": 9969.9153,
        "一年内到期的非流动负债_万元": 12692.426935,
        "其他流动负债_万元": 255.235795,
        "流动负债合计_万元": 88120.742654,
        "长期借款_万元": 5591.44,
        "应付债券_万元": null,
        "租赁负债_万元": 1604.114327,
        "长期应付款_万元": 10809.641515,
        "预计负债_万元": 506.313097,
        "递延收益_万元": 189.757776,
        "递延所得税负债_万元": 1543.699293,
        "其他非流动负债_万元": null,
        "非流动负债合计_万元": 20244.966008,
        "总负债_万元": 108365.708662,
        "总负债同比增长_百分比": null,
        "资产负债率_百分比": null,
        "实收资本_万元": null,
        "资本公积_万元": 7375.118148,
        "盈余公积_万元": 12635.742026,
        "未分配利润_万元": 23908.566461,
        "其他综合收益_万元": -576.927,
        "专项储备_万元": 207.543482,
        "归属于母公司所有者权益合计_万元": 105171.896417,
        "少数股东权益_万元": 4800.926603,
        "股东权益合计_万元": 109972.82302
    },
    "利润表": {
        "营业总收入_万元": 45784.129055,
        "营业收入_万元": 45784.129055,
        "营业总收入同比增长_百分比": -5.22,
        "营业成本_万元": 24032.689869,
        "税金及附加_万元": 649.865393,
        "销售费用_万元": 14477.059173,
        "管理费用_万元": 3826.515395,
        "研发费用_万元": 806.41242,
        "财务费用_万元": 821.180393,
        "其中利息费用_万元": 853.49458,
        "其中利息收入_万元": 98.478929,
        "其他收益_万元": 959.741345,
        "投资收益_万元": -179.526459,
        "其中对联营企业投资收益_万元": null,
        "公允价值变动收益_万元": null,
        "信用减值损失_万元": -151.88198,
        "资产减值损失_万元": -90.245847,
        "资产处置收益_万元": -4.326104,
        "营业总支出_万元": null,
        "营业利润_万元": 1704.167367,
        "营业外收入_万元": 17.248106,
        "营业外支出_万元": 75.041046,
        "利润总额_万元": 1646.374427,
        "所得税费用_万元": 254.328681,
        "净利润_万元": 1392.045746,
        "归母净利润_万元": 910.900366,
        "少数股东损益_万元": 481.14538,
        "持续经营净利润_万元": 1392.045746,
        "终止经营净利润_万元": null,
        "其他综合收益_万元": null,
        "综合收益总额_万元": 1392.045746,
        "归母综合收益总额_万元": 910.900366
    },
    "现金流量表": {
        "销售商品收到现金_万元": 44091.232118,
        "收到的税费返还_万元": null,
        "收到其他经营活动现金_万元": 1648.555531,
        "经营活动现金流入_万元": 45739.787649,
        "购买商品支付现金_万元": 22772.830916,
        "支付职工现金_万元": 6103.561771,
        "支付税费_万元": 4787.026684,
        "支付其他经营活动现金_万元": 18162.792755,
        "经营活动现金流出_万元": 51826.212126,
        "经营现金流净额_万元": -6086.424477,
        "经营现金流净额同比增长_百分比": -156.94,
        "收回投资现金_万元": null,
        "取得投资收益现金_万元": null,
        "处置资产收回现金_万元": 13.8808,
        "收到其他投资活动现金_万元": null,
        "投资活动现金流入_万元": 83.8808,
        "投资支付现金_万元": 9,
        "购建资产支付现金_万元": 6887.516681,
        "支付其他投资活动现金_万元": 100,
        "投资活动现金流出_万元": 7077.516681,
        "投资现金流净额_万元": -6993.635881,
        "吸收投资现金_万元": null,
        "取得借款现金_万元": 17319.3,
        "收到其他筹资活动现金_万元": 15746.749727,
        "筹资活动现金流入_万元": 33066.049727,
        "偿还债务现金_万元": 19113.6,
        "分配股利现金_万元": 986.973019,
        "支付其他筹资活动现金_万元": 3714.688338,
        "筹资活动现金流出_万元": 23815.261357,
        "融资现金流净额_万元": 9250.78837,
        "汇率变动影响_万元": null,
        "现金及等价物净增加额_万元": -3829.271988,
        "净现金流_元": null,
        "净现金流同比增长_百分比": -142.28,
        "期初现金及等价物_万元": 11648.379982,
        "期末现金及等价物_万元": 7819.107994,
        "经营现金流占比_百分比": null,
        "投资现金流占比_百分比": null,
        "融资现金流占比_百分比": null
    }
}