{
    "报告信息": {
        "序号": null,
        "股票代码": "000790",
        "股票简称": "华神科技",
        "报告年份": "2024",
        "报告期": "Q1",
        "总股本_股": 628142564,
        "流通股本_股": null,
        "报告日期": "2024-03-31",
        "审计意见": "未经审计",
        "会计师事务所": null
    },
    "核心业绩指标": {
        "每股收益_元": 0.0036,
        "稀释每股收益_元": 0.0036,
        "营业总收入_万元": 17927.734012,
        "营业总收入_亿元": 1.7927734012,
        "营收同比增长_百分比": -18.62,
        "营收环比增长_百分比": null,
        "净利润_万元": 412.326928,
        "净利润_亿元": 0.0412326928,
        "净利润同比增长_百分比": null,
        "净利润环比增长_百分比": null,
        "归母净利润_万元": 227.975474,
        "少数股东损益_万元": 184.351454,
        "每股净资产_元": null,
        "净资产收益率_百分比": null,
        "扣非净资产收益率_百分比": null,
        "每股经营现金流_元": null,
        "扣非净利润_万元": 194.540477,
        "扣非净利润同比增长_百分比": -30.92,
        "销售毛利率_百分比": null,
        "销售净利率_百分比": null,
        "加权平均净资产收益率_百分比": 0.22,
        "扣非加权净资产收益率_百分比": null,
        "总资产收益率_百分比": null,
        "主营业务收入_万元": 17927.734012,
        "主营业务成本_万元": 9969.478908,
        "主营业务利润_万元": null
    },
    "资产负债表": {
        "货币资金_万元": 20725.61106,
        "应收账款_万元": 40710.690499,
        "应收票据_万元": null,
        "应收款项融资_万元": 3635.279915,
        "预付款项_万元": 6283.281286,
        "其他应收款_万元": 5514.897856,
        "存货_万元": 10242.559814,
        "合同资产_万元": 1888.278232,
        "一年内到期的非流动资产_万元": null,
        "其他流动资产_万元": 1923.196436,
        "流动资产合计_万元": 90923.795098,
        "交易性金融资产_万元": null,
        "债权投资_万元": null,
        "其他债权投资_万元": null,
        "长期应收款_万元": 1833.48333,
        "长期股权投资_万元": 482.395494,
        "其他权益工具投资_万元": 19230.764,
        "投资性房地产_万元": 3575.512372,
        "固定资产_万元": 34869.64269,
        "在建工程_万元": 17565.460332,
        "生产性生物资产_万元": null,
        "油气资产_万元": null,
        "使用权资产_万元": 1654.778224,
        "无形资产_万元": 14745.59277,
        "开发支出_万元": null,
        "商誉_万元": 10700.049495,
        "长期待摊费用_万元": 1518.798523,
        "递延所得税资产_万元": 2325.769693,
        "其他非流动资产_万元": 10697.332948,
        "非流动资产合计_万元": 122249.579871,
        "总资产_万元": 213173.374969,
        "总资产同比增长_百分比": -0.08,
        "短期借款_万元": 25700.0,
        "交易性金融负债_万元": null,
        "应付票据_万元": 14576.356562,
        "应付账款_万元": 16311.194224,
        "预收款项_万元": 2.343292,
        "合同负债_万元": 5084.268852,
        "应付职工薪酬_万元": 981.232707,
        "应交税费_万元": 5060.600727,
        "其他应付款_万元": 10175.190023,
        "一年内到期的非流动负债_万元": null,
        "其他流动负债_万元": null,
        "流动负债合计_万元": 92867.411196,
        "长期借款_万元": null,
        "应付债券_万元": null,
        "租赁负债_万元": 1653.589581,
        "长期应付款_万元": 8294.541082,
        "预计负债_万元": 506.313097,
        "递延收益_万元": 216.799002,
        "递延所得税负债_万元": 1571.630687,
        "其他非流动负债_万元": null,
        "非流动负债合计_万元": 12242.873449,
        "总负债_万元": 105110.284571,
        "总负债同比增长_百分比": null,
        "资产负债率_百分比": null,
        "实收资本_万元": 62814.2564,
        "资本公积_万元": 7375.118148,
        "盈余公积_万元": 12635.742026,
        "未分配利润_万元": 23225.641569,
        "其他综合收益_万元": -576.927,
        "专项储备_万元": 199.301668,
        "归属于母公司所有者权益合计_万元": 103558.957721,
        "少数股东权益_万元": 4504.132677,
        "股东权益合计_万元": 108063.090398
    },
    "利润表": {
        "营业总收入_万元": 17927.734012,
        "营业收入_万元": 17927.734012,
        "营业总收入同比增长_百分比": -18.62,
        "营业成本_万元": 9969.478908,
        "税金及附加_万元": 196.415725,
        "销售费用_万元": 5129.573942,
        "管理费用_万元": 1765.396044,
        "研发费用_万元": 332.526193,
        "财务费用_万元": 339.984608,
        "其中利息费用_万元": 381.37773,
        "其中利息收入_万元": -55.597074,
        "其他收益_万元": 492.653618,
        "投资收益_万元": -111.459288,
        "其中对联营企业投资收益_万元": null,
        "公允价值变动收益_万元": null,
        "信用减值损失_万元": 3.09272,
        "资产减值损失_万元": -3.612113,
        "资产处置收益_万元": -4.055556,
        "营业总支出_万元": null,
        "营业利润_万元": 570.977973,
        "营业外收入_万元": 5.24153,
        "营业外支出_万元": 43.002747,
        "利润总额_万元": 533.216756,
        "所得税费用_万元": 120.889828,
        "净利润_万元": 412.326928,
        "归母净利润_万元": 227.975474,
        "少数股东损益_万元": 184.351454,
        "持续经营净利润_万元": 412.326928,
        "终止经营净利润_万元": null,
        "其他综合收益_万元": null,
        "综合收益总额_万元": 412.326928,
        "归母综合收益总额_万元": 227.975474
    },
    "现金流量表": {
        "销售商品收到现金_万元": 21446.141955,
        "收到的税费返还_万元": null,
        "收到其他经营活动现金_万元": 1449.213802,
        "经营活动现金流入_万元": 22895.355757,
        "购买商品支付现金_万元": 9650.627715,
        "支付职工现金_万元": 3183.574316,
        "支付税费_万元": 2712.107162,
        "支付其他经营活动现金_万元": 9852.612562,
        "经营活动现金流出_万元": 25398.921755,
        "经营现金流净额_万元": -2503.565998,
        "经营现金流净额同比增长_百分比": 79.13,
        "收回投资现金_万元": null,
        "取得投资收益现金_万元": null,
        "处置资产收回现金_万元": 7.98,
        "收到其他投资活动现金_万元": null,
        "投资活动现金流入_万元": 47.98,
        "投资支付现金_万元": 90.0,
        "购建资产支付现金_万元": 3685.610286,
        "支付其他投资活动现金_万元": null,
        "投资活动现金流出_万元": 3775.610286,
        "投资现金流净额_万元": -3727.630286,
        "吸收投资现金_万元": null,
        "取得借款现金_万元": 13800.0,
        "收到其他筹资活动现金_万元": 3945.954962,
        "筹资活动现金流入_万元": 17745.954962,
        "偿还债务现金_万元": 10977.95,
        "分配股利现金_万元": null,
        "支付其他筹资活动现金_万元": 1328.993702,
        "筹资活动现金流出_万元": 12834.966953,
        "融资现金流净额_万元": 4910.988009,
        "汇率变动影响_万元": null,
        "现金及等价物净增加额_万元": -1320.208275,
        "净现金流_元": null,
        "净现金流同比增长_百分比": null,
        "期初现金及等价物_万元": 11648.379982,
        "期末现金及等价物_万元": 10328.171707,
        "经营现金流占比_百分比": null,
        "投资现金流占比_百分比": null,
        "融资现金流占比_百分比": null
    }
}