{
    "报告信息": {
        "序号": null,
        "股票代码": "000790",
        "股票简称": "华神科技",
        "报告年份": "2023",
        "报告期": "HY",
        "总股本_股": 628142564,
        "流通股本_股": null,
        "报告日期": "2023-08-28",
        "审计意见": "未经审计",
        "会计师事务所": null
    },
    "核心业绩指标": {
        "每股收益_元": 0.0235,
        "稀释每股收益_元": 0.0235,
        "营业总收入_万元": 48305.884273,
        "营业总收入_亿元": 4.8305884273,
        "营收同比增长_百分比": 18.57,
        "营收环比增长_百分比": null,
        "净利润_万元": 1435.33672,
        "净利润_亿元": 0.143533672,
        "净利润同比增长_百分比": null,
        "净利润环比增长_百分比": null,
        "归母净利润_万元": 1478.980491,
        "少数股东损益_万元": -43.643771,
        "每股净资产_元": null,
        "净资产收益率_百分比": null,
        "扣非净资产收益率_百分比": null,
        "每股经营现金流_元": null,
        "扣非净利润_万元": 1300.566767,
        "扣非净利润同比增长_百分比": -18.45,
        "销售毛利率_百分比": null,
        "销售净利率_百分比": null,
        "加权平均净资产收益率_百分比": 1.46,
        "扣非加权净资产收益率_百分比": null,
        "总资产收益率_百分比": null,
        "主营业务收入_万元": 46554.004797,
        "主营业务成本_万元": 30686.136949,
        "主营业务利润_万元": null
    },
    "资产负债表": {
        "货币资金_万元": 28436.029651,
        "应收账款_万元": 46877.838445,
        "应收票据_万元": null,
        "应收款项融资_万元": 1602.185388,
        "预付款项_万元": 4002.065488,
        "其他应收款_万元": 3702.947162,
        "存货_万元": 11230.730779,
        "合同资产_万元": 3223.215175,
        "一年内到期的非流动资产_万元": null,
        "其他流动资产_万元": 322.861261,
        "流动资产合计_万元": 99397.873349,
        "交易性金融资产_万元": null,
        "债权投资_万元": null,
        "其他债权投资_万元": null,
        "长期应收款_万元": 1714.48333,
        "长期股权投资_万元": 89.726667,
        "其他权益工具投资_万元": 20000.0,
        "投资性房地产_万元": 3689.740665,
        "固定资产_万元": 31934.577148,
        "在建工程_万元": 5053.500338,
        "生产性生物资产_万元": null,
        "油气资产_万元": null,
        "使用权资产_万元": 1821.861712,
        "无形资产_万元": 15030.820136,
        "开发支出_万元": null,
        "商誉_万元": 6782.890286,
        "长期待摊费用_万元": 54.732076,
        "递延所得税资产_万元": 943.48731,
        "其他非流动资产_万元": 7902.661554,
        "非流动资产合计_万元": 97568.481222,
        "总资产_万元": 196966.354571,
        "总资产同比增长_百分比": 17.45,
        "短期借款_万元": 21929.075,
        "交易性金融负债_万元": null,
        "应付票据_万元": 15080.785317,
        "应付账款_万元": 19618.378146,
        "预收款项_万元": null,
        "合同负债_万元": 475.870538,
        "应付职工薪酬_万元": 1013.566606,
        "应交税费_万元": 5492.500586,
        "其他应付款_万元": 6261.382458,
        "一年内到期的非流动负债_万元": 7731.256808,
        "其他流动负债_万元": 33.015381,
        "流动负债合计_万元": 77635.83084,
        "长期借款_万元": 6341.6,
        "应付债券_万元": null,
        "租赁负债_万元": 1644.826982,
        "长期应付款_万元": 3987.837103,
        "预计负债_万元": 135.788091,
        "递延收益_万元": 300.609738,
        "递延所得税负债_万元": 1124.827636,
        "其他非流动负债_万元": null,
        "非流动负债合计_万元": 13535.48955,
        "总负债_万元": 91171.32039,
        "总负债同比增长_百分比": null,
        "资产负债率_百分比": null,
        "实收资本_万元": 62814.2564,
        "资本公积_万元": 7430.362773,
        "盈余公积_万元": 12635.742026,
        "未分配利润_万元": 21710.700193,
        "其他综合收益_万元": null,
        "专项储备_万元": 173.115092,
        "归属于母公司所有者权益合计_万元": 102322.610394,
        "少数股东权益_万元": 3472.423787,
        "股东权益合计_万元": 105795.034181
    },
    "利润表": {
        "营业总收入_万元": 48305.884273,
        "营业收入_万元": 48305.884273,
        "营业总收入同比增长_百分比": 18.57,
        "营业成本_万元": 31854.547795,
        "税金及附加_万元": 410.361946,
        "销售费用_万元": 8588.539214,
        "管理费用_万元": 4122.583143,
        "研发费用_万元": 599.265144,
        "财务费用_万元": 727.307442,
        "其中利息费用_万元": 754.365862,
        "其中利息收入_万元": 65.302399,
        "其他收益_万元": 59.686872,
        "投资收益_万元": 112.428662,
        "其中对联营企业投资收益_万元": null,
        "公允价值变动收益_万元": null,
        "信用减值损失_万元": -181.994718,
        "资产减值损失_万元": -24.000291,
        "资产处置收益_万元": 15.2384,
        "营业总支出_万元": null,
        "营业利润_万元": 1984.638514,
        "营业外收入_万元": 35.221956,
        "营业外支出_万元": 0.387772,
        "利润总额_万元": 2019.472698,
        "所得税费用_万元": 584.135978,
        "净利润_万元": 1435.33672,
        "归母净利润_万元": 1478.980491,
        "少数股东损益_万元": -43.643771,
        "持续经营净利润_万元": 1435.33672,
        "终止经营净利润_万元": null,
        "其他综合收益_万元": null,
        "综合收益总额_万元": 1435.33672,
        "归母综合收益总额_万元": 1478.980491
    },
    "现金流量表": {
        "销售商品收到现金_万元": 37466.401693,
        "收到的税费返还_万元": null,
        "收到其他经营活动现金_万元": 462.316884,
        "经营活动现金流入_万元": 37928.718577,
        "购买商品支付现金_万元": 17350.759853,
        "支付职工现金_万元": 5448.520556,
        "支付税费_万元": 4339.53101,
        "支付其他经营活动现金_万元": 13158.751398,
        "经营活动现金流出_万元": 40297.562817,
        "经营现金流净额_万元": -2368.84424,
        "经营现金流净额同比增长_百分比": -162.65,
        "收回投资现金_万元": null,
        "取得投资收益现金_万元": null,
        "处置资产收回现金_万元": 5.08285,
        "收到其他投资活动现金_万元": 431.22,
        "投资活动现金流入_万元": 496.30285,
        "投资支付现金_万元": 1040.0,
        "购建资产支付现金_万元": 5489.88949,
        "支付其他投资活动现金_万元": null,
        "投资活动现金流出_万元": 8619.921159,
        "投资现金流净额_万元": -8123.618309,
        "吸收投资现金_万元": 42.68,
        "取得借款现金_万元": 29687.5,
        "收到其他筹资活动现金_万元": 4203.311863,
        "筹资活动现金流入_万元": 33933.491863,
        "偿还债务现金_万元": 8397.087882,
        "分配股利现金_万元": 1348.30854,
        "支付其他筹资活动现金_万元": 4637.751187,
        "筹资活动现金流出_万元": 14383.147609,
        "融资现金流净额_万元": 19550.344254,
        "汇率变动影响_万元": null,
        "现金及等价物净增加额_万元": 9057.881705,
        "净现金流_元": null,
        "净现金流同比增长_百分比": 161.04,
        "期初现金及等价物_万元": 3787.761626,
        "期末现金及等价物_万元": 12845.643331,
        "经营现金流占比_百分比": null,
        "投资现金流占比_百分比": null,
        "融资现金流占比_百分比": null
    }
}