{
    "报告信息": {
        "序号": null,
        "股票代码": "000790",
        "股票简称": "华神科技",
        "报告年份": "2025",
        "报告期": "Q3",
        "总股本_股": 623719364,
        "流通股本_股": null,
        "报告日期": "2025-09-30",
        "审计意见": "未经审计",
        "会计师事务所": null
    },
    "核心业绩指标": {
        "每股收益_元": -0.1568,
        "稀释每股收益_元": -0.1568,
        "营业总收入_万元": 45738.460127,
        "营业总收入_亿元": 4.5738460127,
        "营收同比增长_百分比": -31.02,
        "营收环比增长_百分比": null,
        "净利润_万元": -9711.421506,
        "净利润_亿元": -0.9711421506,
        "净利润同比增长_百分比": null,
        "净利润环比增长_百分比": null,
        "归母净利润_万元": -9778.528761,
        "少数股东损益_万元": 67.107255,
        "每股净资产_元": null,
        "净资产收益率_百分比": -10.01,
        "扣非净资产收益率_百分比": null,
        "每股经营现金流_元": null,
        "扣非净利润_万元": -7215.130636,
        "扣非净利润同比增长_百分比": -1489.9,
        "销售毛利率_百分比": null,
        "销售净利率_百分比": null,
        "加权平均净资产收益率_百分比": -10.01,
        "扣非加权净资产收益率_百分比": null,
        "总资产收益率_百分比": null,
        "主营业务收入_万元": null,
        "主营业务成本_万元": null,
        "主营业务利润_万元": null
    },
    "资产负债表": {
        "货币资金_万元": 14857.557724,
        "应收账款_万元": 27015.62515,
        "应收票据_万元": null,
        "应收款项融资_万元": 1702.059548,
        "预付款项_万元": 565.735496,
        "其他应收款_万元": 3195.213703,
        "存货_万元": 6017.28434,
        "合同资产_万元": 819.298471,
        "一年内到期的非流动资产_万元": null,
        "其他流动资产_万元": 448.548139,
        "流动资产合计_万元": 54621.322571,
        "交易性金融资产_万元": null,
        "债权投资_万元": null,
        "其他债权投资_万元": null,
        "长期应收款_万元": 1715.555448,
        "长期股权投资_万元": 467.417591,
        "其他权益工具投资_万元": 19230.764,
        "投资性房地产_万元": 3942.032463,
        "固定资产_万元": 45698.086397,
        "在建工程_万元": 23763.691842,
        "生产性生物资产_万元": null,
        "油气资产_万元": null,
        "使用权资产_万元": 1324.906273,
        "无形资产_万元": 17621.672122,
        "开发支出_万元": null,
        "商誉_万元": 6346.390209,
        "长期待摊费用_万元": 1010.927023,
        "递延所得税资产_万元": 2095.066352,
        "其他非流动资产_万元": 5296.405422,
        "非流动资产合计_万元": 131549.170114,
        "总资产_万元": 186170.492685,
        "总资产同比增长_百分比": -17.23,
        "短期借款_万元": 24253.59125,
        "交易性金融负债_万元": null,
        "应付票据_万元": 1451.09345,
        "应付账款_万元": 14143.326328,
        "预收款项_万元": null,
        "合同负债_万元": 2183.90961,
        "应付职工薪酬_万元": 1085.481293,
        "应交税费_万元": 5126.287016,
        "其他应付款_万元": 17434.527225,
        "一年内到期的非流动负债_万元": 14115.171964,
        "其他流动负债_万元": 211.428743,
        "流动负债合计_万元": 80004.816879,
        "长期借款_万元": 4103.58,
        "应付债券_万元": null,
        "租赁负债_万元": 1375.893453,
        "长期应付款_万元": 3934.237224,
        "预计负债_万元": 275.546783,
        "递延收益_万元": 75.676692,
        "递延所得税负债_万元": 1418.286146,
        "其他非流动负债_万元": null,
        "非流动负债合计_万元": 11183.220298,
        "总负债_万元": 91188.037177,
        "总负债同比增长_百分比": null,
        "资产负债率_百分比": null,
        "实收资本_万元": 62371.9364,
        "资本公积_万元": 6629.027202,
        "盈余公积_万元": null,
        "未分配利润_万元": null,
        "其他综合收益_万元": -576.927,
        "专项储备_万元": null,
        "归属于母公司所有者权益合计_万元": 93235.296474,
        "少数股东权益_万元": 1747.159034,
        "股东权益合计_万元": 94982.455508
    },
    "利润表": {
        "营业总收入_万元": 45738.460127,
        "营业收入_万元": 45738.460127,
        "营业总收入同比增长_百分比": -31.02,
        "营业成本_万元": 24934.962346,
        "税金及附加_万元": 805.549664,
        "销售费用_万元": 20463.146376,
        "管理费用_万元": 5291.371157,
        "研发费用_万元": 1037.364287,
        "财务费用_万元": 1468.901834,
        "其中利息费用_万元": 1570.620322,
        "其中利息收入_万元": 118.952531,
        "其他收益_万元": 811.86131,
        "投资收益_万元": -2505.884878,
        "其中对联营企业投资收益_万元": -7.35082,
        "公允价值变动收益_万元": null,
        "信用减值损失_万元": 828.417437,
        "资产减值损失_万元": -37.260603,
        "资产处置收益_万元": 4.511255,
        "营业总支出_万元": 54001.295664,
        "营业利润_万元": -9161.191016,
        "营业外收入_万元": 11.404242,
        "营业外支出_万元": 144.386462,
        "利润总额_万元": -9294.173236,
        "所得税费用_万元": 417.24827,
        "净利润_万元": -9711.421506,
        "归母净利润_万元": -9778.528761,
        "少数股东损益_万元": 67.107255,
        "持续经营净利润_万元": -9711.421506,
        "终止经营净利润_万元": null,
        "其他综合收益_万元": null,
        "综合收益总额_万元": -9711.421506,
        "归母综合收益总额_万元": -9778.528761
    },
    "现金流量表": {
        "销售商品收到现金_万元": 62008.44175,
        "收到的税费返还_万元": null,
        "收到其他经营活动现金_万元": 2712.467116,
        "经营活动现金流入_万元": 64720.908866,
        "购买商品支付现金_万元": 24392.977891,
        "支付职工现金_万元": 8612.330058,
        "支付税费_万元": 5431.487484,
        "支付其他经营活动现金_万元": 27318.183504,
        "经营活动现金流出_万元": 65754.978937,
        "经营现金流净额_万元": -1034.070071,
        "经营现金流净额同比增长_百分比": 86.08,
        "收回投资现金_万元": 14000.0,
        "取得投资收益现金_万元": null,
        "处置资产收回现金_万元": 40.3385,
        "收到其他投资活动现金_万元": 1458.682806,
        "投资活动现金流入_万元": 16636.088736,
        "投资支付现金_万元": null,
        "购建资产支付现金_万元": 4947.902976,
        "支付其他投资活动现金_万元": null,
        "投资活动现金流出_万元": 5967.902976,
        "投资现金流净额_万元": 10668.18576,
        "吸收投资现金_万元": null,
        "取得借款现金_万元": 9125.0,
        "收到其他筹资活动现金_万元": 17434.728621,
        "筹资活动现金流入_万元": 26557.728621,
        "偿还债务现金_万元": 25577.93,
        "分配股利现金_万元": 1656.833739,
        "支付其他筹资活动现金_万元": 13958.72162,
        "筹资活动现金流出_万元": 41193.485359,
        "融资现金流净额_万元": -14633.756738,
        "汇率变动影响_万元": null,
        "现金及等价物净增加额_万元": -4999.641049,
        "净现金流_元": null,
        "净现金流同比增长_百分比": null,
        "期初现金及等价物_万元": 11824.909805,
        "期末现金及等价物_万元": 6825.268756,
        "经营现金流占比_百分比": null,
        "投资现金流占比_百分比": null,
        "融资现金流占比_百分比": null
    }
}