{
    "报告信息": {
        "序号": null,
        "股票代码": "000790",
        "股票简称": "华神科技",
        "报告年份": "2025",
        "报告期": "HY",
        "总股本_股": 623719364,
        "流通股本_股": null,
        "报告日期": "2025-08-28",
        "审计意见": "未审计",
        "会计师事务所": null
    },
    "核心业绩指标": {
        "每股收益_元": -0.0879,
        "稀释每股收益_元": -0.0879,
        "营业总收入_万元": 29168.378542,
        "营业总收入_亿元": 2.9168378542,
        "营收同比增长_百分比": -36.29,
        "营收环比增长_百分比": null,
        "净利润_万元": -5453.49603,
        "净利润_亿元": -0.545349603,
        "净利润同比增长_百分比": -491.76,
        "净利润环比增长_百分比": null,
        "归母净利润_万元": -5484.401863,
        "少数股东损益_万元": 30.905833,
        "每股净资产_元": null,
        "净资产收益率_百分比": -5.49,
        "扣非净资产收益率_百分比": -5.47,
        "每股经营现金流_元": null,
        "扣非净利润_万元": -5462.530488,
        "扣非净利润同比增长_百分比": -739.5,
        "销售毛利率_百分比": null,
        "销售净利率_百分比": null,
        "加权平均净资产收益率_百分比": -5.49,
        "扣非加权净资产收益率_百分比": -5.47,
        "总资产收益率_百分比": null,
        "主营业务收入_万元": 29168.378542,
        "主营业务成本_万元": 14941.699351,
        "主营业务利润_万元": null
    },
    "资产负债表": {
        "货币资金_万元": 18925.550559,
        "应收账款_万元": 32879.383204,
        "应收票据_万元": null,
        "应收款项融资_万元": 3652.006459,
        "预付款项_万元": 2225.170474,
        "其他应收款_万元": 2730.774968,
        "存货_万元": 9745.266103,
        "合同资产_万元": 1171.837706,
        "一年内到期的非流动资产_万元": null,
        "其他流动资产_万元": 523.321681,
        "流动资产合计_万元": 72509.320307,
        "交易性金融资产_万元": 656.009153,
        "债权投资_万元": null,
        "其他债权投资_万元": null,
        "长期应收款_万元": 1715.555448,
        "长期股权投资_万元": 467.417591,
        "其他权益工具投资_万元": 19230.764,
        "投资性房地产_万元": 3985.825089,
        "固定资产_万元": 46063.091258,
        "在建工程_万元": 23333.573529,
        "生产性生物资产_万元": null,
        "油气资产_万元": null,
        "使用权资产_万元": 1380.123544,
        "无形资产_万元": 17971.215339,
        "开发支出_万元": null,
        "商誉_万元": 10570.921356,
        "长期待摊费用_万元": 1073.805888,
        "递延所得税资产_万元": 2067.947122,
        "其他非流动资产_万元": 5301.657863,
        "非流动资产合计_万元": 136198.152999,
        "总资产_万元": 208707.473306,
        "总资产同比增长_百分比": -7.21,
        "短期借款_万元": 25932.137083,
        "交易性金融负债_万元": null,
        "应付票据_万元": 2213.344922,
        "应付账款_万元": 16689.246319,
        "预收款项_万元": 44.2819,
        "合同负债_万元": 4076.833253,
        "应付职工薪酬_万元": 1163.931303,
        "应交税费_万元": 5086.760016,
        "其他应付款_万元": 22938.013601,
        "一年内到期的非流动负债_万元": 15185.526798,
        "其他流动负债_万元": 265.338551,
        "流动负债合计_万元": 93551.131846,
        "长期借款_万元": 4323.58,
        "应付债券_万元": null,
        "租赁负债_万元": 1375.282768,
        "长期应付款_万元": 5790.302093,
        "预计负债_万元": 379.633163,
        "递延收益_万元": 81.592877,
        "递延所得税负债_万元": 1448.763573,
        "其他非流动负债_万元": null,
        "非流动负债合计_万元": 13399.154474,
        "总负债_万元": 106950.28632,
        "总负债同比增长_百分比": -9.46,
        "资产负债率_百分比": 51.24,
        "实收资本_万元": 62371.9364,
        "资本公积_万元": 6629.027203,
        "盈余公积_万元": 12751.122239,
        "未分配利润_万元": 16105.303419,
        "其他综合收益_万元": -576.927,
        "专项储备_万元": 237.264917,
        "归属于母公司所有者权益合计_万元": 97517.727178,
        "少数股东权益_万元": 4239.459808,
        "股东权益合计_万元": 101757.186986
    },
    "利润表": {
        "营业总收入_万元": 29168.378542,
        "营业收入_万元": 29168.378542,
        "营业总收入同比增长_百分比": -36.29,
        "营业成本_万元": 14941.699351,
        "税金及附加_万元": 569.198492,
        "销售费用_万元": 14190.358708,
        "管理费用_万元": 3606.35119,
        "研发费用_万元": 908.459407,
        "财务费用_万元": 1017.70265,
        "其中利息费用_万元": 1116.581019,
        "其中利息收入_万元": 117.759764,
        "其他收益_万元": 371.84884,
        "投资收益_万元": -67.916672,
        "其中对联营企业投资收益_万元": -7.35082,
        "公允价值变动收益_万元": null,
        "信用减值损失_万元": 863.684991,
        "资产减值损失_万元": -25.287127,
        "资产处置收益_万元": 20.341308,
        "营业总支出_万元": 35233.769798,
        "营业利润_万元": -4902.719916,
        "营业外收入_万元": 6.481996,
        "营业外支出_万元": 130.817353,
        "利润总额_万元": -5027.055273,
        "所得税费用_万元": 426.440757,
        "净利润_万元": -5453.49603,
        "归母净利润_万元": -5484.401863,
        "少数股东损益_万元": 30.905833,
        "持续经营净利润_万元": -5453.49603,
        "终止经营净利润_万元": null,
        "其他综合收益_万元": null,
        "综合收益总额_万元": -5453.49603,
        "归母综合收益总额_万元": -5484.401863
    },
    "现金流量表": {
        "销售商品收到现金_万元": 42974.146669,
        "收到的税费返还_万元": null,
        "收到其他经营活动现金_万元": 1841.385448,
        "经营活动现金流入_万元": 44815.532117,
        "购买商品支付现金_万元": 18208.017217,
        "支付职工现金_万元": 6160.461559,
        "支付税费_万元": 4356.932813,
        "支付其他经营活动现金_万元": 17649.629104,
        "经营活动现金流出_万元": 46375.040693,
        "经营现金流净额_万元": -1559.508576,
        "经营现金流净额同比增长_百分比": 74.38,
        "收回投资现金_万元": 14000,
        "取得投资收益现金_万元": null,
        "处置资产收回现金_万元": 28.86,
        "收到其他投资活动现金_万元": 802.673653,
        "投资活动现金流入_万元": 14851.533653,
        "投资支付现金_万元": null,
        "购建资产支付现金_万元": 3614.091144,
        "支付其他投资活动现金_万元": null,
        "投资活动现金流出_万元": 3614.091144,
        "投资现金流净额_万元": 11237.442509,
        "吸收投资现金_万元": null,
        "取得借款现金_万元": 3805,
        "收到其他筹资活动现金_万元": 13996.524748,
        "筹资活动现金流入_万元": 17801.524748,
        "偿还债务现金_万元": 17357.93,
        "分配股利现金_万元": 1239.06898,
        "支付其他筹资活动现金_万元": 11021.305722,
        "筹资活动现金流出_万元": 29618.304702,
        "融资现金流净额_万元": -11816.779954,
        "汇率变动影响_万元": null,
        "现金及等价物净增加额_万元": -2138.846021,
        "净现金流_元": null,
        "净现金流同比增长_百分比": 44.14,
        "期初现金及等价物_万元": 11824.909805,
        "期末现金及等价物_万元": 9686.063784,
        "经营现金流占比_百分比": null,
        "投资现金流占比_百分比": null,
        "融资现金流占比_百分比": null
    }
}