{
    "报告信息": {
        "序号": null,
        "股票代码": "000590",
        "股票简称": "启迪药业",
        "报告年份": "2024",
        "报告期": "Q1",
        "总股本_股": 239471267,
        "流通股本_股": null,
        "报告日期": "2024-04-26",
        "审计意见": "未经审计",
        "会计师事务所": null
    },
    "核心业绩指标": {
        "每股收益_元": -0.0346,
        "稀释每股收益_元": -0.0346,
        "营业总收入_万元": 7709.355253,
        "营业总收入_亿元": 0.07709355253,
        "营收同比增长_百分比": -23.82,
        "营收环比增长_百分比": null,
        "净利润_万元": -826.648858,
        "净利润同比增长_百分比": -225.09,
        "净利润环比增长_百分比": null,
        "归母净利润_万元": -828.433928,
        "少数股东损益_万元": 1.78507,
        "每股净资产_元": 2.988,
        "净资产收益率_百分比": -1.15,
        "扣非净资产收益率_百分比": null,
        "每股经营现金流_元": -0.1765,
        "扣非净利润_万元": -936.010558,
        "扣非净利润同比增长_百分比": -287.85,
        "销售毛利率_百分比": 50.74,
        "销售净利率_百分比": -10.71,
        "加权平均净资产收益率_百分比": -1.15,
        "扣非加权净资产收益率_百分比": null,
        "总资产收益率_百分比": -0.71,
        "主营业务收入_万元": 7709.355253,
        "主营业务成本_万元": 3795.152439,
        "主营业务利润_万元": -702.070817
    },
    "资产负债表": {
        "货币资金_万元": 16659.861901,
        "应收账款_万元": 1625.823387,
        "应收票据_万元": 6775.059498,
        "应收款项融资_万元": 8314.303437,
        "预付款项_万元": 218.622463,
        "其他应收款_万元": 6565.23535,
        "存货_万元": 14983.803705,
        "合同资产_万元": null,
        "一年内到期的非流动资产_万元": 223.692961,
        "其他流动资产_万元": 76.362368,
        "流动资产合计_万元": 55442.76507,
        "交易性金融资产_万元": null,
        "债权投资_万元": null,
        "其他债权投资_万元": null,
        "长期应收款_万元": 483.081104,
        "长期股权投资_万元": null,
        "其他权益工具投资_万元": null,
        "投资性房地产_万元": 1843.88576,
        "固定资产_万元": 26096.550441,
        "在建工程_万元": 2574.653974,
        "生产性生物资产_万元": null,
        "油气资产_万元": null,
        "使用权资产_万元": 692.865914,
        "无形资产_万元": 13085.84095,
        "开发支出_万元": null,
        "商誉_万元": 13164.482776,
        "长期待摊费用_万元": 312.204042,
        "递延所得税资产_万元": 446.533412,
        "其他非流动资产_万元": 115.038,
        "非流动资产合计_万元": 60905.136373,
        "总资产_万元": 116347.901443,
        "总资产同比增长_百分比": 1.07,
        "短期借款_万元": 2473.792,
        "交易性金融负债_万元": null,
        "应付票据_万元": 3104.444649,
        "应付账款_万元": 4627.849375,
        "预收款项_万元": null,
        "合同负债_万元": 5997.858087,
        "应付职工薪酬_万元": 1760.279907,
        "应交税费_万元": 333.241605,
        "其他应付款_万元": 5083.862039,
        "一年内到期的非流动负债_万元": 1268.438547,
        "其他流动负债_万元": 2002.033458,
        "流动负债合计_万元": 26651.799667,
        "长期借款_万元": 8000.0,
        "应付债券_万元": null,
        "租赁负债_万元": 472.482518,
        "长期应付款_万元": null,
        "预计负债_万元": null,
        "递延收益_万元": 4196.173268,
        "递延所得税负债_万元": 623.788912,
        "其他非流动负债_万元": 47.273822,
        "非流动负债合计_万元": 17667.450146,
        "总负债_万元": 44319.249813,
        "总负债同比增长_百分比": 4.77,
        "资产负债率_百分比": 38.1,
        "实收资本_万元": 23947.1267,
        "资本公积_万元": 47406.429256,
        "盈余公积_万元": 4589.852736,
        "未分配利润_万元": -4400.07839,
        "其他综合收益_万元": null,
        "专项储备_万元": null,
        "归属于母公司所有者权益合计_万元": 71543.330302,
        "少数股东权益_万元": 485.321328,
        "股东权益合计_万元": 72028.65163
    },
    "利润表": {
        "营业总收入_万元": 7709.355253,
        "营业收入_万元": 7709.355253,
        "营业总收入同比增长_百分比": -23.82,
        "营业成本_万元": 3795.152439,
        "税金及附加_万元": 181.944197,
        "销售费用_万元": 1997.305293,
        "管理费用_万元": 2284.405403,
        "研发费用_万元": 253.30199,
        "财务费用_万元": 54.994643,
        "其中利息费用_万元": 95.271639,
        "其中利息收入_万元": 41.823427,
        "其他收益_万元": 146.600145,
        "投资收益_万元": 8.99507,
        "其中对联营企业投资收益_万元": null,
        "公允价值变动收益_万元": null,
        "信用减值损失_万元": 0.08268,
        "资产减值损失_万元": null,
        "资产处置收益_万元": null,
        "营业总支出_万元": 8567.103965,
        "营业利润_万元": -702.070817,
        "营业外收入_万元": 0.87165,
        "营业外支出_万元": 5.696771,
        "利润总额_万元": -706.895938,
        "所得税费用_万元": 119.75292,
        "净利润_万元": -826.648858,
        "归母净利润_万元": -828.433928,
        "少数股东损益_万元": 1.78507,
        "持续经营净利润_万元": -826.648858,
        "终止经营净利润_万元": null,
        "其他综合收益_万元": null,
        "综合收益总额_万元": -826.648858,
        "归母综合收益总额_万元": -828.433928
    },
    "现金流量表": {
        "销售商品收到现金_万元": 9310.768011,
        "收到的税费返还_万元": null,
        "收到其他经营活动现金_万元": 659.995104,
        "经营活动现金流入_万元": 9970.763115,
        "购买商品支付现金_万元": 5546.666666,
        "支付职工现金_万元": 5334.713463,
        "支付税费_万元": 1304.904017,
        "支付其他经营活动现金_万元": 2002.475876,
        "经营活动现金流出_万元": 14196.760022,
        "经营现金流净额_万元": -4225.996907,
        "经营现金流净额同比增长_百分比": 40.82,
        "收回投资现金_万元": 4000.0,
        "取得投资收益现金_万元": 8.99507,
        "处置资产收回现金_万元": null,
        "收到其他投资活动现金_万元": null,
        "投资活动现金流入_万元": 4008.99507,
        "投资支付现金_万元": 4000.0,
        "购建资产支付现金_万元": 330.84336,
        "支付其他投资活动现金_万元": null,
        "投资活动现金流出_万元": 4330.84336,
        "投资现金流净额_万元": -321.84829,
        "吸收投资现金_万元": 35.0,
        "取得借款现金_万元": 2473.792,
        "收到其他筹资活动现金_万元": null,
        "筹资活动现金流入_万元": 2508.792,
        "偿还债务现金_万元": null,
        "分配股利现金_万元": 88.791171,
        "支付其他筹资活动现金_万元": 30.948428,
        "筹资活动现金流出_万元": 119.739599,
        "融资现金流净额_万元": 2389.052401,
        "汇率变动影响_万元": null,
        "现金及等价物净增加额_万元": -2158.792796,
        "净现金流_元": -21587927.96,
        "净现金流同比增长_百分比": null,
        "期初现金及等价物_万元": 17806.368567,
        "期末现金及等价物_万元": 15647.575771,
        "经营现金流占比_百分比": null,
        "投资现金流占比_百分比": null,
        "融资现金流占比_百分比": null
    }
}