{
    "报告信息": {
        "序号": null,
        "股票代码": "000590",
        "股票简称": "启迪药业",
        "报告年份": "2025",
        "报告期": "HY",
        "总股本_股": 239471267,
        "流通股本_股": 239371427,
        "报告日期": "2025-08-27",
        "审计意见": "未经审计",
        "会计师事务所": null
    },
    "核心业绩指标": {
        "每股收益_元": -0.0717,
        "稀释每股收益_元": -0.0717,
        "营业总收入_万元": 14243.742961,
        "营业总收入_亿元": 1.4243742961,
        "营收同比增长_百分比": -2.87,
        "营收环比增长_百分比": null,
        "净利润_万元": -1726.354122,
        "净利润_亿元": -0.1726354122,
        "净利润同比增长_百分比": null,
        "净利润环比增长_百分比": null,
        "归母净利润_万元": -1717.005639,
        "少数股东损益_万元": -9.348483,
        "每股净资产_元": 2.4268,
        "净资产收益率_百分比": -2.91,
        "扣非净资产收益率_百分比": null,
        "每股经营现金流_元": 0.1293,
        "扣非净利润_万元": -2265.217334,
        "扣非净利润同比增长_百分比": 7.12,
        "销售毛利率_百分比": 44.55,
        "销售净利率_百分比": -12.12,
        "加权平均净资产收益率_百分比": -2.91,
        "扣非加权净资产收益率_百分比": null,
        "总资产收益率_百分比": null,
        "主营业务收入_万元": 14243.742961,
        "主营业务成本_万元": 7843.425157,
        "主营业务利润_万元": null
    },
    "资产负债表": {
        "货币资金_万元": 21654.230541,
        "应收账款_万元": 380.788689,
        "应收票据_万元": 4362.091273,
        "应收款项融资_万元": 4914.778269,
        "预付款项_万元": 1552.459231,
        "其他应收款_万元": 3422.526819,
        "存货_万元": 12863.992198,
        "合同资产_万元": null,
        "一年内到期的非流动资产_万元": 170.594451,
        "其他流动资产_万元": 142.022188,
        "流动资产合计_万元": 49463.483659,
        "交易性金融资产_万元": null,
        "债权投资_万元": null,
        "其他债权投资_万元": null,
        "长期应收款_万元": 240.742151,
        "长期股权投资_万元": 359.640943,
        "其他权益工具投资_万元": null,
        "投资性房地产_万元": 1732.727885,
        "固定资产_万元": 28925.220225,
        "在建工程_万元": 1839.309265,
        "生产性生物资产_万元": null,
        "油气资产_万元": null,
        "使用权资产_万元": 307.537045,
        "无形资产_万元": 12776.75004,
        "开发支出_万元": null,
        "商誉_万元": 1320.359827,
        "长期待摊费用_万元": 669.989313,
        "递延所得税资产_万元": 1172.574648,
        "其他非流动资产_万元": 109.098,
        "非流动资产合计_万元": 51456.754314,
        "总资产_万元": 100920.237973,
        "总资产同比增长_百分比": -0.42,
        "短期借款_万元": 3000.0,
        "交易性金融负债_万元": null,
        "应付票据_万元": 4099.93417,
        "应付账款_万元": 3520.93148,
        "预收款项_万元": null,
        "合同负债_万元": 5020.296195,
        "应付职工薪酬_万元": 1786.721783,
        "应交税费_万元": 191.568235,
        "其他应付款_万元": 4534.035026,
        "一年内到期的非流动负债_万元": 750.460576,
        "其他流动负债_万元": 437.999289,
        "流动负债合计_万元": 23341.946754,
        "长期借款_万元": 9505.4792,
        "应付债券_万元": null,
        "租赁负债_万元": 156.313199,
        "长期应付款_万元": null,
        "预计负债_万元": null,
        "递延收益_万元": 4524.580296,
        "递延所得税负债_万元": 490.702535,
        "其他非流动负债_万元": 28.39662,
        "非流动负债合计_万元": 19181.350161,
        "总负债_万元": 42523.296915,
        "总负债同比增长_百分比": null,
        "资产负债率_百分比": 42.13,
        "实收资本_万元": 23947.1267,
        "资本公积_万元": 47406.429256,
        "盈余公积_万元": 4589.852736,
        "未分配利润_万元": -17835.802389,
        "其他综合收益_万元": null,
        "专项储备_万元": null,
        "归属于母公司所有者权益合计_万元": 58107.606303,
        "少数股东权益_万元": 289.334755,
        "股东权益合计_万元": 58396.941058
    },
    "利润表": {
        "营业总收入_万元": 14243.742961,
        "营业收入_万元": 14243.742961,
        "营业总收入同比增长_百分比": -2.87,
        "营业成本_万元": 7843.425157,
        "税金及附加_万元": 337.540544,
        "销售费用_万元": 3387.061195,
        "管理费用_万元": 4444.607664,
        "研发费用_万元": 829.224934,
        "财务费用_万元": 161.209582,
        "其中利息费用_万元": 190.796766,
        "其中利息收入_万元": 33.954526,
        "其他收益_万元": 251.953135,
        "投资收益_万元": 3.628433,
        "其中对联营企业投资收益_万元": -26.359057,
        "公允价值变动收益_万元": null,
        "信用减值损失_万元": 653.761308,
        "资产减值损失_万元": -0.064048,
        "资产处置收益_万元": 344.434977,
        "营业总支出_万元": null,
        "营业利润_万元": -1505.61231,
        "营业外收入_万元": 20.050122,
        "营业外支出_万元": 10.960254,
        "利润总额_万元": -1496.522442,
        "所得税费用_万元": 229.83168,
        "净利润_万元": -1726.354122,
        "归母净利润_万元": -1717.005639,
        "少数股东损益_万元": -9.348483,
        "持续经营净利润_万元": -1726.354122,
        "终止经营净利润_万元": null,
        "其他综合收益_万元": null,
        "综合收益总额_万元": -1726.354122,
        "归母综合收益总额_万元": -1717.005639
    },
    "现金流量表": {
        "销售商品收到现金_万元": 17390.013042,
        "收到的税费返还_万元": null,
        "收到其他经营活动现金_万元": 6975.006796,
        "经营活动现金流入_万元": 24365.019838,
        "购买商品支付现金_万元": 7109.498371,
        "支付职工现金_万元": 7703.051516,
        "支付税费_万元": 3061.327285,
        "支付其他经营活动现金_万元": 3396.120655,
        "经营活动现金流出_万元": 21269.997827,
        "经营现金流净额_万元": 3095.022011,
        "经营现金流净额同比增长_百分比": 155.9,
        "收回投资现金_万元": null,
        "取得投资收益现金_万元": 13500.0,
        "处置资产收回现金_万元": 29.98749,
        "收到其他投资活动现金_万元": 2.2,
        "投资活动现金流入_万元": 13532.18749,
        "投资支付现金_万元": 13500.0,
        "购建资产支付现金_万元": 2730.077875,
        "支付其他投资活动现金_万元": null,
        "投资活动现金流出_万元": 16230.077875,
        "投资现金流净额_万元": -2697.890385,
        "吸收投资现金_万元": null,
        "取得借款现金_万元": 4283.082108,
        "收到其他筹资活动现金_万元": 500.0,
        "筹资活动现金流入_万元": 4783.082108,
        "偿还债务现金_万元": 500.0,
        "分配股利现金_万元": 178.141739,
        "支付其他筹资活动现金_万元": 151.335158,
        "筹资活动现金流出_万元": 829.476897,
        "融资现金流净额_万元": 3953.605211,
        "汇率变动影响_万元": null,
        "现金及等价物净增加额_万元": 4350.736837,
        "净现金流_元": null,
        "净现金流同比增长_百分比": 339.03,
        "期初现金及等价物_万元": 16058.868775,
        "期末现金及等价物_万元": 20408.925612,
        "经营现金流占比_百分比": null,
        "投资现金流占比_百分比": null,
        "融资现金流占比_百分比": null
    }
}