{
    "报告信息": {
        "序号": null,
        "股票代码": "000590",
        "股票简称": "启迪药业",
        "报告年份": "2023",
        "报告期": "第三季度",
        "总股本_股": 239471267,
        "流通股本_股": null,
        "报告日期": "2023-10-28",
        "审计意见": "未经审计",
        "会计师事务所": null,
        "期": "Q3"
    },
    "核心业绩指标": {
        "每股收益_元": 0.0269,
        "稀释每股收益_元": 0.0269,
        "营业总收入_万元": 274.63,
        "营业总收入_亿元": 0.27463,
        "营收同比增长_百分比": 16.1,
        "营收环比增长_百分比": null,
        "净利润_万元": 6.57726014,
        "净利润_亿元": 0.00657726014,
        "净利润同比增长_百分比": -59.04,
        "净利润环比增长_百分比": null,
        "归母净利润_万元": 6.43014978,
        "少数股东损益_万元": 0.14711036,
        "每股净资产_元": 2.94,
        "净资产收益率_百分比": 0.92,
        "扣非净资产收益率_百分比": null,
        "每股经营现金流_元": -0.0878,
        "扣非净利润_万元": 3.00832654,
        "扣非净利润同比增长_百分比": -61.85,
        "销售毛利率_百分比": 52.6,
        "销售净利率_百分比": 2.4,
        "加权平均净资产收益率_百分比": 0.92,
        "扣非加权净资产收益率_百分比": null,
        "总资产收益率_百分比": 0.59,
        "主营业务收入_万元": 274.63,
        "主营业务成本_万元": 130.2124617,
        "主营业务利润_万元": 9.49397595
    },
    "资产负债表": {
        "货币资金_万元": 156.22254975,
        "应收账款_万元": 14.75083063,
        "应收票据_万元": 28.64741234,
        "应收款项融资_万元": 66.15681996,
        "预付款项_万元": 2.53242628,
        "其他应收款_万元": 35.23796884,
        "存货_万元": 122.46239419,
        "合同资产_万元": null,
        "一年内到期的非流动资产_万元": 2.08095694,
        "其他流动资产_万元": 0.29824633,
        "流动资产合计_万元": 483.38960526,
        "交易性金融资产_万元": 55.0,
        "债权投资_万元": null,
        "其他债权投资_万元": null,
        "长期应收款_万元": 5.88706701,
        "长期股权投资_万元": null,
        "其他权益工具投资_万元": null,
        "投资性房地产_万元": 16.56857232,
        "固定资产_万元": 258.81850517,
        "在建工程_万元": 30.19541409,
        "生产性生物资产_万元": null,
        "油气资产_万元": null,
        "使用权资产_万元": 5.73078854,
        "无形资产_万元": 153.06284237,
        "开发支出_万元": null,
        "商誉_万元": 137.14397234,
        "长期待摊费用_万元": 2.19461462,
        "递延所得税资产_万元": 4.30216106,
        "其他非流动资产_万元": 1.15038,
        "非流动资产合计_万元": 634.05431752,
        "总资产_万元": 1117.44392278,
        "总资产同比增长_百分比": -4.23,
        "短期借款_万元": 5.0,
        "交易性金融负债_万元": null,
        "应付票据_万元": 31.95896341,
        "应付账款_万元": 38.66005272,
        "预收款项_万元": null,
        "合同负债_万元": 55.11135435,
        "应付职工薪酬_万元": 17.79375798,
        "应交税费_万元": 5.83571825,
        "其他应付款_万元": 46.43753369,
        "一年内到期的非流动负债_万元": 6.28835177,
        "其他流动负债_万元": 8.65562382,
        "流动负债合计_万元": 215.74135599,
        "长期借款_万元": 90.0,
        "应付债券_万元": null,
        "租赁负债_万元": 5.1146776,
        "长期应付款_万元": 47.48640709,
        "预计负债_万元": null,
        "递延收益_万元": 42.92334956,
        "递延所得税负债_万元": 6.72815634,
        "其他非流动负债_万元": 0.56235449,
        "非流动负债合计_万元": 192.81494508,
        "总负债_万元": 408.55630107,
        "总负债同比增长_百分比": -12.0,
        "资产负债率_百分比": 36.6,
        "实收资本_万元": 239.471267,
        "资本公积_万元": 474.06429256,
        "盈余公积_万元": 45.89852736,
        "未分配利润_万元": -54.53551716,
        "其他综合收益_万元": null,
        "专项储备_万元": null,
        "归属于母公司所有者权益合计_万元": 704.89856976,
        "少数股东权益_万元": 3.98905195,
        "股东权益合计_万元": 708.88762171
    },
    "利润表": {
        "营业总收入_万元": 274.63,
        "营业收入_万元": 274.63,
        "营业总收入同比增长_百分比": 16.1,
        "营业成本_万元": 130.2124617,
        "税金及附加_万元": 6.25076318,
        "销售费用_万元": 64.75842558,
        "管理费用_万元": 56.55990923,
        "研发费用_万元": 9.25294884,
        "财务费用_万元": 1.53809095,
        "其中利息费用_万元": 3.49606291,
        "其中利息收入_万元": 1.85560959,
        "其他收益_万元": 2.82686403,
        "投资收益_万元": 0.61207976,
        "其中对联营企业投资收益_万元": null,
        "公允价值变动收益_万元": null,
        "信用减值损失_万元": -0.15649941,
        "资产减值损失_万元": null,
        "资产处置收益_万元": 0.1542954,
        "营业总支出_万元": 268.57259948,
        "营业利润_万元": 9.49397595,
        "营业外收入_万元": 0.01573115,
        "营业外支出_万元": 0.0179316,
        "利润总额_万元": 9.4917755,
        "所得税费用_万元": 2.91451536,
        "净利润_万元": 6.57726014,
        "归母净利润_万元": 6.43014978,
        "少数股东损益_万元": 0.14711036,
        "持续经营净利润_万元": 6.57726014,
        "终止经营净利润_万元": null,
        "其他综合收益_万元": null,
        "综合收益总额_万元": 6.57726014,
        "归母综合收益总额_万元": 6.43014978
    },
    "现金流量表": {
        "销售商品收到现金_万元": 282.40121559,
        "收到的税费返还_万元": null,
        "收到其他经营活动现金_万元": 25.97697148,
        "经营活动现金流入_万元": 308.37818707,
        "购买商品支付现金_万元": 107.03593519,
        "支付职工现金_万元": 106.77610883,
        "支付税费_万元": 41.19831779,
        "支付其他经营活动现金_万元": 74.407042,
        "经营活动现金流出_万元": 329.41740381,
        "经营现金流净额_万元": -21.03921674,
        "经营现金流净额同比增长_百分比": -318.23,
        "收回投资现金_万元": 271.9,
        "取得投资收益现金_万元": 0.72071865,
        "处置资产收回现金_万元": 0.189134,
        "收到其他投资活动现金_万元": null,
        "投资活动现金流入_万元": 272.80985265,
        "投资支付现金_万元": 301.9,
        "购建资产支付现金_万元": 14.9340101,
        "支付其他投资活动现金_万元": null,
        "投资活动现金流出_万元": 316.8340101,
        "投资现金流净额_万元": -44.02415745,
        "吸收投资现金_万元": 0,
        "取得借款现金_万元": 20.0,
        "收到其他筹资活动现金_万元": 0.02337816,
        "筹资活动现金流入_万元": 20.02337816,
        "偿还债务现金_万元": 35.10138889,
        "分配股利现金_万元": 3.1952249,
        "支付其他筹资活动现金_万元": 1.86806771,
        "筹资活动现金流出_万元": 40.1646815,
        "融资现金流净额_万元": -20.14130334,
        "汇率变动影响_万元": null,
        "现金及等价物净增加额_万元": -85.20467753,
        "净现金流_元": -85204677.53,
        "净现金流同比增长_百分比": null,
        "期初现金及等价物_万元": 235.4213687,
        "期末现金及等价物_万元": 156.22254975,
        "经营现金流占比_百分比": 24.68,
        "投资现金流占比_百分比": 51.66,
        "融资现金流占比_百分比": 23.66
    }
}