{
    "报告信息": {
        "序号": null,
        "股票代码": "000590",
        "股票简称": "启迪药业",
        "报告年份": "2022",
        "报告期": "FY",
        "总股本_股": 239471267,
        "流通股本_股": 239376227,
        "报告日期": "2023年3月",
        "审计意见": "标准的无保留意见",
        "会计师事务所": "立信会计师事务所（特殊普通合伙）"
    },
    "核心业绩指标": {
        "每股收益_元": 0.0758,
        "稀释每股收益_元": 0.0758,
        "营业总收入_万元": 35052.811013,
        "营业总收入_亿元": 3.5052811013,
        "营收同比增长_百分比": 16.54,
        "营收环比增长_百分比": null,
        "净利润_万元": 1817.253574,
        "净利润_亿元": 0.1817253574,
        "净利润同比增长_百分比": -48.8,
        "净利润环比增长_百分比": null,
        "归母净利润_万元": 1814.585514,
        "少数股东损益_万元": 2.66806,
        "每股净资产_元": null,
        "净资产收益率_百分比": null,
        "扣非净资产收益率_百分比": null,
        "每股经营现金流_元": null,
        "扣非净利润_万元": 1159.940381,
        "扣非净利润同比增长_百分比": -48.1,
        "销售毛利率_百分比": null,
        "销售净利率_百分比": null,
        "加权平均净资产收益率_百分比": 2.63,
        "扣非加权净资产收益率_百分比": 1.68,
        "总资产收益率_百分比": null,
        "主营业务收入_万元": 34652.53392,
        "主营业务成本_万元": 16858.505614,
        "主营业务利润_万元": 17794.028306
    },
    "资产负债表": {
        "货币资金_万元": 23542.13687,
        "应收账款_万元": 2436.955997,
        "应收票据_万元": 3886.898875,
        "应收款项融资_万元": 5392.054658,
        "预付款项_万元": 287.41383,
        "其他应收款_万元": 2776.806834,
        "存货_万元": 11822.284195,
        "合同资产_万元": null,
        "一年内到期的非流动资产_万元": 234.027583,
        "其他流动资产_万元": 21.545693,
        "流动资产合计_万元": 52910.988424,
        "交易性金融资产_万元": 2510.863889,
        "债权投资_万元": null,
        "其他债权投资_万元": null,
        "长期应收款_万元": 741.99472,
        "长期股权投资_万元": null,
        "其他权益工具投资_万元": null,
        "投资性房地产_万元": 1714.922289,
        "固定资产_万元": 26694.631533,
        "在建工程_万元": 1520.873568,
        "生产性生物资产_万元": null,
        "油气资产_万元": null,
        "使用权资产_万元": 759.008441,
        "无形资产_万元": 15743.8925,
        "开发支出_万元": null,
        "商誉_万元": 13714.397234,
        "长期待摊费用_万元": 293.220776,
        "递延所得税资产_万元": 496.028766,
        "其他非流动资产_万元": 185.427241,
        "非流动资产合计_万元": 63764.397068,
        "总资产_万元": 116675.385492,
        "总资产同比增长_百分比": 20.55,
        "短期借款_万元": 2582.457229,
        "交易性金融负债_万元": null,
        "应付票据_万元": 1358.3518,
        "应付账款_万元": 5042.862066,
        "预收款项_万元": null,
        "合同负债_万元": 5613.394926,
        "应付职工薪酬_万元": 3759.56522,
        "应交税费_万元": 1680.826638,
        "其他应付款_万元": 4989.516407,
        "一年内到期的非流动负债_万元": 1279.115272,
        "其他流动负债_万元": 835.683403,
        "流动负债合计_万元": 27141.772961,
        "长期借款_万元": 9000,
        "应付债券_万元": null,
        "租赁负债_万元": 517.614931,
        "长期应付款_万元": null,
        "预计负债_万元": null,
        "递延收益_万元": 4436.577488,
        "递延所得税负债_万元": 720.559555,
        "其他非流动负债_万元": 71.038175,
        "非流动负债合计_万元": 19284.22541,
        "总负债_万元": 46425.998371,
        "总负债同比增长_百分比": null,
        "资产负债率_百分比": 39.78,
        "实收资本_万元": 23947.1267,
        "资本公积_万元": 47406.429256,
        "盈余公积_万元": 4589.852736,
        "未分配利润_万元": -6096.566694,
        "其他综合收益_万元": null,
        "专项储备_万元": null,
        "归属于母公司所有者权益合计_万元": 69846.841998,
        "少数股东权益_万元": 402.545123,
        "股东权益合计_万元": 70249.387121
    },
    "利润表": {
        "营业总收入_万元": 35052.811013,
        "营业收入_万元": 35052.811013,
        "营业总收入同比增长_百分比": null,
        "营业成本_万元": 17132.651544,
        "税金及附加_万元": 805.373897,
        "销售费用_万元": 6472.893336,
        "管理费用_万元": 8124.905988,
        "研发费用_万元": 1310.355545,
        "财务费用_万元": -360.39924,
        "其中利息费用_万元": 115.449089,
        "其中利息收入_万元": 344.064494,
        "其他收益_万元": 412.683473,
        "投资收益_万元": 266.261493,
        "其中对联营企业投资收益_万元": null,
        "公允价值变动收益_万元": 10.863889,
        "信用减值损失_万元": 97.626186,
        "资产减值损失_万元": -89.024506,
        "资产处置收益_万元": 1.850306,
        "营业总支出_万元": null,
        "营业利润_万元": 2267.290784,
        "营业外收入_万元": 3.827757,
        "营业外支出_万元": 83.513518,
        "利润总额_万元": 2187.605023,
        "所得税费用_万元": 370.351449,
        "净利润_万元": 1817.253574,
        "归母净利润_万元": 1814.585514,
        "少数股东损益_万元": 2.66806,
        "持续经营净利润_万元": 1817.253574,
        "终止经营净利润_万元": null,
        "其他综合收益_万元": null,
        "综合收益总额_万元": 1817.253574,
        "归母综合收益总额_万元": 1814.585514
    },
    "现金流量表": {
        "销售商品收到现金_万元": 57355.678529,
        "收到的税费返还_万元": null,
        "收到其他经营活动现金_万元": 2979.135849,
        "经营活动现金流入_万元": 60334.814378,
        "购买商品支付现金_万元": 32786.096497,
        "支付职工现金_万元": 12221.695891,
        "支付税费_万元": 3268.334206,
        "支付其他经营活动现金_万元": 6611.319071,
        "经营活动现金流出_万元": 54887.445665,
        "经营现金流净额_万元": 5447.368713,
        "经营现金流净额同比增长_百分比": 116.2,
        "收回投资现金_万元": 87650,
        "取得投资收益现金_万元": 299.351648,
        "处置资产收回现金_万元": 266.671782,
        "收到其他投资活动现金_万元": null,
        "投资活动现金流入_万元": 88216.02343,
        "投资支付现金_万元": 82650,
        "购建资产支付现金_万元": 1868.444967,
        "支付其他投资活动现金_万元": null,
        "投资活动现金流出_万元": 105970.217783,
        "投资现金流净额_万元": -17754.194353,
        "吸收投资现金_万元": 200,
        "取得借款现金_万元": 13079.626842,
        "收到其他筹资活动现金_万元": null,
        "筹资活动现金流入_万元": 13279.626842,
        "偿还债务现金_万元": 1800,
        "分配股利现金_万元": 33.840257,
        "支付其他筹资活动现金_万元": 293.766538,
        "筹资活动现金流出_万元": 2127.606795,
        "融资现金流净额_万元": 11152.020047,
        "汇率变动影响_万元": null,
        "现金及等价物净增加额_万元": -1154.805593,
        "净现金流_元": null,
        "净现金流同比增长_百分比": 88.04,
        "期初现金及等价物_万元": 24636.128062,
        "期末现金及等价物_万元": 23481.322469,
        "经营现金流占比_百分比": null,
        "投资现金流占比_百分比": null,
        "融资现金流占比_百分比": null
    }
}