{
    "报告信息": {
        "序号": null,
        "股票代码": "000590",
        "股票简称": "启迪药业",
        "报告年份": "2024",
        "报告期": "HY",
        "总股本_股": 239471267,
        "流通股本_股": 239376227,
        "报告日期": "2024年8月29日",
        "审计意见": "未经审计",
        "会计师事务所": null
    },
    "核心业绩指标": {
        "每股收益_元": -0.0977,
        "稀释每股收益_元": -0.0977,
        "营业总收入_万元": 14665.336854,
        "营业总收入_亿元": 1.4665336854,
        "营收同比增长_百分比": -22.83,
        "营收环比增长_百分比": null,
        "净利润_万元": -2327.643701,
        "净利润_亿元": -0.2327643701,
        "净利润同比增长_百分比": -466.54,
        "净利润环比增长_百分比": null,
        "归母净利润_万元": -2339.463004,
        "少数股东损益_万元": 11.819303,
        "每股净资产_元": null,
        "净资产收益率_百分比": null,
        "扣非净资产收益率_百分比": null,
        "每股经营现金流_元": null,
        "扣非净利润_万元": -2438.898568,
        "扣非净利润同比增长_百分比": -787.17,
        "销售毛利率_百分比": null,
        "销售净利率_百分比": null,
        "加权平均净资产收益率_百分比": -3.29,
        "扣非加权净资产收益率_百分比": -3.43,
        "总资产收益率_百分比": null,
        "主营业务收入_万元": null,
        "主营业务成本_万元": null,
        "主营业务利润_万元": null
    },
    "资产负债表": {
        "货币资金_万元": 18066.960545,
        "应收账款_万元": 1404.010422,
        "应收票据_万元": 5945.645293,
        "应收款项融资_万元": 2521.754192,
        "预付款项_万元": 271.891727,
        "其他应收款_万元": 6397.989936,
        "存货_万元": 14763.263771,
        "合同资产_万元": null,
        "一年内到期的非流动资产_万元": 214.548755,
        "其他流动资产_万元": 126.476173,
        "流动资产合计_万元": 51712.540814,
        "交易性金融资产_万元": 2000.0,
        "债权投资_万元": null,
        "其他债权投资_万元": null,
        "长期应收款_万元": 392.007573,
        "长期股权投资_万元": null,
        "其他权益工具投资_万元": null,
        "投资性房地产_万元": 1821.654185,
        "固定资产_万元": 25636.941037,
        "在建工程_万元": 3349.09815,
        "生产性生物资产_万元": null,
        "油气资产_万元": null,
        "使用权资产_万元": 620.504721,
        "无形资产_万元": 13132.153126,
        "开发支出_万元": null,
        "商誉_万元": 13164.482776,
        "长期待摊费用_万元": 302.018653,
        "递延所得税资产_万元": 519.190906,
        "其他非流动资产_万元": 115.038,
        "非流动资产合计_万元": 61143.089127,
        "总资产_万元": 112855.629941,
        "总资产同比增长_百分比": -1.96,
        "短期借款_万元": 473.792,
        "交易性金融负债_万元": null,
        "应付票据_万元": 4530.699538,
        "应付账款_万元": 3887.378522,
        "预收款项_万元": null,
        "合同负债_万元": 5650.218398,
        "应付职工薪酬_万元": 1805.04875,
        "应交税费_万元": 157.634812,
        "其他应付款_万元": 5071.457044,
        "一年内到期的非流动负债_万元": 667.174163,
        "其他流动负债_万元": 2480.209598,
        "流动负债合计_万元": 24723.612825,
        "长期借款_万元": 8000.0,
        "应付债券_万元": null,
        "租赁负债_万元": 465.205432,
        "长期应付款_万元": null,
        "预计负债_万元": null,
        "递延收益_万元": 4148.092424,
        "递延所得税负债_万元": 563.317374,
        "其他非流动负债_万元": 42.896783,
        "非流动负债合计_万元": 17604.360329,
        "总负债_万元": 42327.973154,
        "总负债同比增长_百分比": null,
        "资产负债率_百分比": null,
        "实收资本_万元": 23947.1267,
        "资本公积_万元": 47406.429256,
        "盈余公积_万元": 4589.852736,
        "未分配利润_万元": -5911.107466,
        "其他综合收益_万元": null,
        "专项储备_万元": null,
        "归属于母公司所有者权益合计_万元": 70032.301226,
        "少数股东权益_万元": 495.355561,
        "股东权益合计_万元": 70527.656787
    },
    "利润表": {
        "营业总收入_万元": 14665.336854,
        "营业收入_万元": 14665.336854,
        "营业总收入同比增长_百分比": -22.83,
        "营业成本_万元": 7727.31778,
        "税金及附加_万元": 399.724751,
        "销售费用_万元": 3507.110069,
        "管理费用_万元": 4402.102108,
        "研发费用_万元": 669.452984,
        "财务费用_万元": 120.633677,
        "其中利息费用_万元": 192.155112,
        "其中利息收入_万元": 74.898872,
        "其他收益_万元": 231.867622,
        "投资收益_万元": -2.456188,
        "其中对联营企业投资收益_万元": null,
        "公允价值变动收益_万元": null,
        "信用减值损失_万元": -71.272203,
        "资产减值损失_万元": 1.265059,
        "资产处置收益_万元": 0.125587,
        "营业总支出_万元": null,
        "营业利润_万元": -2001.474638,
        "营业外收入_万元": 1.591659,
        "营业外支出_万元": 67.142972,
        "利润总额_万元": -2067.025951,
        "所得税费用_万元": 260.61775,
        "净利润_万元": -2327.643701,
        "归母净利润_万元": -2339.463004,
        "少数股东损益_万元": 11.819303,
        "持续经营净利润_万元": -2327.643701,
        "终止经营净利润_万元": null,
        "其他综合收益_万元": null,
        "综合收益总额_万元": -2327.643701,
        "归母综合收益总额_万元": -2339.463004
    },
    "现金流量表": {
        "销售商品收到现金_万元": 23048.419117,
        "收到的税费返还_万元": null,
        "收到其他经营活动现金_万元": 1103.576585,
        "经营活动现金流入_万元": 24151.995702,
        "购买商品支付现金_万元": 8741.083541,
        "支付职工现金_万元": 8017.130025,
        "支付税费_万元": 2480.277525,
        "支付其他经营活动现金_万元": 3704.028021,
        "经营活动现金流出_万元": 22942.519112,
        "经营现金流净额_万元": 1209.47659,
        "经营现金流净额同比增长_百分比": 130.21,
        "收回投资现金_万元": 7000.0,
        "取得投资收益现金_万元": 13.970812,
        "处置资产收回现金_万元": null,
        "收到其他投资活动现金_万元": null,
        "投资活动现金流入_万元": 7013.970812,
        "投资支付现金_万元": 9000.0,
        "购建资产支付现金_万元": 726.55974,
        "支付其他投资活动现金_万元": null,
        "投资活动现金流出_万元": 9726.55974,
        "投资现金流净额_万元": -2712.588928,
        "吸收投资现金_万元": 35.0,
        "取得借款现金_万元": 2473.792,
        "收到其他筹资活动现金_万元": 10.0,
        "筹资活动现金流入_万元": 2518.792,
        "偿还债务现金_万元": 2500.0,
        "分配股利现金_万元": 177.969854,
        "支付其他筹资活动现金_万元": 157.875799,
        "筹资活动现金流出_万元": 2835.845653,
        "融资现金流净额_万元": -317.053653,
        "汇率变动影响_万元": null,
        "现金及等价物净增加额_万元": -1820.165991,
        "净现金流_元": null,
        "净现金流同比增长_百分比": 50.0,
        "期初现金及等价物_万元": 18976.984604,
        "期末现金及等价物_万元": 18066.960545,
        "经营现金流占比_百分比": null,
        "投资现金流占比_百分比": null,
        "融资现金流占比_百分比": null
    }
}