{
    "报告信息": {
        "序号": null,
        "股票代码": "000590",
        "股票简称": "启迪药业",
        "报告年份": "2025",
        "报告期": "第三季度",
        "总股本_股": 239471267,
        "流通股本_股": null,
        "报告日期": "2025-09-30",
        "审计意见": "未经审计",
        "会计师事务所": null,
        "期": "Q3"
    },
    "核心业绩指标": {
        "每股收益_元": -0.0619,
        "稀释每股收益_元": -0.0619,
        "营业总收入_万元": 22481.575188,
        "营业总收入_亿元": 2.2481575188,
        "营收同比增长_百分比": 3.97,
        "营收环比增长_百分比": null,
        "净利润_万元": -1506.294583,
        "净利润_亿元": -0.1506294583,
        "净利润同比增长_百分比": 46.65,
        "净利润环比增长_百分比": null,
        "归母净利润_万元": -1482.060447,
        "少数股东损益_万元": -24.234136,
        "每股净资产_元": null,
        "净资产收益率_百分比": null,
        "扣非净资产收益率_百分比": null,
        "每股经营现金流_元": null,
        "扣非净利润_万元": -2068.182854,
        "扣非净利润同比增长_百分比": 35.13,
        "销售毛利率_百分比": null,
        "销售净利率_百分比": null,
        "加权平均净资产收益率_百分比": -2.51,
        "扣非加权净资产收益率_百分比": null,
        "总资产收益率_百分比": null,
        "主营业务收入_万元": 22481.575188,
        "主营业务成本_万元": 11989.926337,
        "主营业务利润_万元": null
    },
    "资产负债表": {
        "货币资金_万元": 15573.068391,
        "应收账款_万元": 323.45789,
        "应收票据_万元": 1722.148441,
        "应收款项融资_万元": 5156.582627,
        "预付款项_万元": 1844.685109,
        "其他应收款_万元": 3375.229045,
        "存货_万元": 11490.518111,
        "合同资产_万元": null,
        "一年内到期的非流动资产_万元": 157.630748,
        "其他流动资产_万元": 179.638576,
        "流动资产合计_万元": 43122.958938,
        "交易性金融资产_万元": 3300.0,
        "债权投资_万元": null,
        "其他债权投资_万元": null,
        "长期应收款_万元": 209.068507,
        "长期股权投资_万元": 359.640943,
        "其他权益工具投资_万元": null,
        "投资性房地产_万元": 1710.49631,
        "固定资产_万元": 28459.046848,
        "在建工程_万元": 2560.668386,
        "生产性生物资产_万元": null,
        "油气资产_万元": null,
        "使用权资产_万元": 277.556717,
        "无形资产_万元": 12612.633915,
        "开发支出_万元": null,
        "商誉_万元": 1320.359827,
        "长期待摊费用_万元": 658.131688,
        "递延所得税资产_万元": 1156.464869,
        "其他非流动资产_万元": 109.098,
        "非流动资产合计_万元": 51435.970982,
        "总资产_万元": 94558.92992,
        "总资产同比增长_百分比": -6.69,
        "短期借款_万元": 0.0,
        "交易性金融负债_万元": null,
        "应付票据_万元": 3174.083467,
        "应付账款_万元": 3030.882786,
        "预收款项_万元": null,
        "合同负债_万元": 2434.751116,
        "应付职工薪酬_万元": 1932.013103,
        "应交税费_万元": 602.439953,
        "其他应付款_万元": 4152.911897,
        "一年内到期的非流动负债_万元": 723.366248,
        "其他流动负债_万元": 195.808667,
        "流动负债合计_万元": 16246.257237,
        "长期借款_万元": 9912.375969,
        "应付债券_万元": null,
        "租赁负债_万元": 187.680664,
        "长期应付款_万元": null,
        "预计负债_万元": null,
        "递延收益_万元": 4572.642993,
        "递延所得税负债_万元": 475.199994,
        "其他非流动负债_万元": 25.287493,
        "非流动负债合计_万元": 19727.419249,
        "总负债_万元": 35973.676486,
        "总负债同比增长_百分比": null,
        "资产负债率_百分比": 38.04,
        "实收资本_万元": 23947.1267,
        "资本公积_万元": 47406.429256,
        "盈余公积_万元": 4589.852736,
        "未分配利润_万元": -17600.857197,
        "其他综合收益_万元": null,
        "专项储备_万元": null,
        "归属于母公司所有者权益合计_万元": 58342.551495,
        "少数股东权益_万元": 242.701939,
        "股东权益合计_万元": 58585.253434
    },
    "利润表": {
        "营业总收入_万元": 22481.575188,
        "营业收入_万元": 22481.575188,
        "营业总收入同比增长_百分比": 3.97,
        "营业成本_万元": 11989.926337,
        "税金及附加_万元": 542.478608,
        "销售费用_万元": 4541.841626,
        "管理费用_万元": 6605.306867,
        "研发费用_万元": 1166.308302,
        "财务费用_万元": 222.938358,
        "其中利息费用_万元": 265.462275,
        "其中利息收入_万元": 47.651479,
        "其他收益_万元": 334.772256,
        "投资收益_万元": 9.233912,
        "其中对联营企业投资收益_万元": -26.359057,
        "公允价值变动收益_万元": null,
        "信用减值损失_万元": 655.420025,
        "资产减值损失_万元": -4.646687,
        "资产处置收益_万元": 353.763601,
        "营业总支出_万元": 25068.800098,
        "营业利润_万元": -1238.681803,
        "营业外收入_万元": 122.435497,
        "营业外支出_万元": 157.369711,
        "利润总额_万元": -1273.616017,
        "所得税费用_万元": 232.678566,
        "净利润_万元": -1506.294583,
        "归母净利润_万元": -1482.060447,
        "少数股东损益_万元": -24.234136,
        "持续经营净利润_万元": -1506.294583,
        "终止经营净利润_万元": null,
        "其他综合收益_万元": null,
        "综合收益总额_万元": -1506.294583,
        "归母综合收益总额_万元": -1482.060447
    },
    "现金流量表": {
        "销售商品收到现金_万元": 25810.547845,
        "收到的税费返还_万元": null,
        "收到其他经营活动现金_万元": 7149.415395,
        "经营活动现金流入_万元": 32959.96324,
        "购买商品支付现金_万元": 11248.678809,
        "支付职工现金_万元": 10508.994464,
        "支付税费_万元": 3590.479092,
        "支付其他经营活动现金_万元": 4298.638086,
        "经营活动现金流出_万元": 29646.790451,
        "经营现金流净额_万元": 3313.172789,
        "经营现金流净额同比增长_百分比": 138.24,
        "收回投资现金_万元": 16800.0,
        "取得投资收益现金_万元": 35.592969,
        "处置资产收回现金_万元": 12.6069,
        "收到其他投资活动现金_万元": null,
        "投资活动现金流入_万元": 16848.199869,
        "投资支付现金_万元": 20100.0,
        "购建资产支付现金_万元": 3233.304945,
        "支付其他投资活动现金_万元": null,
        "投资活动现金流出_万元": 23333.304945,
        "投资现金流净额_万元": -6485.105076,
        "吸收投资现金_万元": 35.0,
        "取得借款现金_万元": 4689.978877,
        "收到其他筹资活动现金_万元": 500.0,
        "筹资活动现金流入_万元": 5189.978877,
        "偿还债务现金_万元": 3500.0,
        "分配股利现金_万元": 284.866991,
        "支付其他筹资活动现金_万元": 192.261804,
        "筹资活动现金流出_万元": 3977.128795,
        "融资现金流净额_万元": 1212.850082,
        "汇率变动影响_万元": null,
        "现金及等价物净增加额_万元": -1959.082205,
        "净现金流_元": null,
        "净现金流同比增长_百分比": null,
        "期初现金及等价物_万元": 16058.868775,
        "期末现金及等价物_万元": 14099.78657,
        "经营现金流占比_百分比": null,
        "投资现金流占比_百分比": null,
        "融资现金流占比_百分比": null
    }
}