{
    "报告信息": {
        "序号": null,
        "股票代码": "000590",
        "股票简称": "启迪药业",
        "报告年份": "2023",
        "报告期": "Q1",
        "总股本_股": 239471267,
        "流通股本_股": null,
        "报告日期": "2023-03-31",
        "审计意见": "未经审计",
        "会计师事务所": null
    },
    "核心业绩指标": {
        "每股收益_元": 0.0275,
        "稀释每股收益_元": 0.0275,
        "营业总收入_万元": 10119.988345,
        "营业总收入_亿元": 1.0119988345,
        "营收同比增长_百分比": 10.76,
        "营收环比增长_百分比": null,
        "净利润_万元": 660.851061,
        "净利润_亿元": 0.0660851061,
        "净利润同比增长_百分比": -46.92,
        "净利润环比增长_百分比": null,
        "归母净利润_万元": 658.480039,
        "少数股东损益_万元": 2.371022,
        "每股净资产_元": null,
        "净资产收益率_百分比": null,
        "扣非净资产收益率_百分比": null,
        "每股经营现金流_元": null,
        "扣非净利润_万元": 498.265104,
        "扣非净利润同比增长_百分比": -52.87,
        "销售毛利率_百分比": null,
        "销售净利率_百分比": null,
        "加权平均净资产收益率_百分比": 0.94,
        "扣非加权净资产收益率_百分比": null,
        "总资产收益率_百分比": null,
        "主营业务收入_万元": null,
        "主营业务成本_万元": null,
        "主营业务利润_万元": null
    },
    "资产负债表": {
        "货币资金_万元": 18492.723802,
        "应收账款_万元": 1886.710901,
        "应收票据_万元": 4327.940996,
        "应收款项融资_万元": 8675.057395,
        "预付款项_万元": 341.275711,
        "其他应收款_万元": 3162.82604,
        "存货_万元": 13336.44837,
        "合同资产_万元": null,
        "一年内到期的非流动资产_万元": 239.994405,
        "其他流动资产_万元": 78.084792,
        "流动资产合计_万元": 52550.895745,
        "交易性金融资产_万元": 2009.833333,
        "债权投资_万元": null,
        "其他债权投资_万元": null,
        "长期应收款_万元": 685.462105,
        "长期股权投资_万元": null,
        "其他权益工具投资_万元": null,
        "投资性房地产_万元": 1695.56727,
        "固定资产_万元": 26280.974673,
        "在建工程_万元": 2065.208493,
        "生产性生物资产_万元": null,
        "油气资产_万元": null,
        "使用权资产_万元": 735.324581,
        "无形资产_万元": 15588.581663,
        "开发支出_万元": null,
        "商誉_万元": 13714.397234,
        "长期待摊费用_万元": 278.06958,
        "递延所得税资产_万元": 474.962074,
        "其他非流动资产_万元": 117.018,
        "非流动资产合计_万元": 63535.565673,
        "总资产_万元": 116086.461418,
        "总资产同比增长_百分比": -0.5,
        "短期借款_万元": 3500.0,
        "交易性金融负债_万元": null,
        "应付票据_万元": 1189.10379,
        "应付账款_万元": 6112.361242,
        "预收款项_万元": null,
        "合同负债_万元": 5669.686233,
        "应付职工薪酬_万元": 1675.044786,
        "应交税费_万元": 514.847402,
        "其他应付款_万元": 4929.503965,
        "一年内到期的非流动负债_万元": 1261.00227,
        "其他流动负债_万元": 961.561834,
        "流动负债合计_万元": 25813.111522,
        "长期借款_万元": 9000.0,
        "应付债券_万元": null,
        "租赁负债_万元": 544.288188,
        "长期应付款_万元": null,
        "预计负债_万元": null,
        "递延收益_万元": 4388.496644,
        "递延所得税负债_万元": 705.669857,
        "其他非流动负债_万元": 65.892134,
        "非流动负债合计_万元": 19363.111714,
        "总负债_万元": 45176.223236,
        "总负债同比增长_百分比": null,
        "资产负债率_百分比": null,
        "实收资本_万元": 23947.1267,
        "资本公积_万元": 47406.429256,
        "盈余公积_万元": 4589.852736,
        "未分配利润_万元": -5438.086655,
        "其他综合收益_万元": null,
        "专项储备_万元": null,
        "归属于母公司所有者权益合计_万元": 70505.322037,
        "少数股东权益_万元": 404.916145,
        "股东权益合计_万元": 70910.238182
    },
    "利润表": {
        "营业总收入_万元": 10119.988345,
        "营业收入_万元": 10119.988345,
        "营业总收入同比增长_百分比": 10.76,
        "营业成本_万元": 4728.000971,
        "税金及附加_万元": 214.217264,
        "销售费用_万元": 2292.392851,
        "管理费用_万元": 1916.228767,
        "研发费用_万元": 303.508394,
        "财务费用_万元": 30.848824,
        "其中利息费用_万元": 105.103462,
        "其中利息收入_万元": 68.695978,
        "其他收益_万元": 143.606961,
        "投资收益_万元": 34.66289,
        "其中对联营企业投资收益_万元": null,
        "公允价值变动收益_万元": null,
        "信用减值损失_万元": -0.450991,
        "资产减值损失_万元": null,
        "资产处置收益_万元": 14.907924,
        "营业总支出_万元": null,
        "营业利润_万元": 827.518058,
        "营业外收入_万元": 0.084064,
        "营业外支出_万元": 0.171552,
        "利润总额_万元": 827.43057,
        "所得税费用_万元": 166.579509,
        "净利润_万元": 660.851061,
        "归母净利润_万元": 658.480039,
        "少数股东损益_万元": 2.371022,
        "持续经营净利润_万元": 660.851061,
        "终止经营净利润_万元": null,
        "其他综合收益_万元": null,
        "综合收益总额_万元": null,
        "归母综合收益总额_万元": null
    },
    "现金流量表": {
        "销售商品收到现金_万元": 6415.50428,
        "收到的税费返还_万元": null,
        "收到其他经营活动现金_万元": 702.233015,
        "经营活动现金流入_万元": 7117.737295,
        "购买商品支付现金_万元": 4597.98819,
        "支付职工现金_万元": 5087.385882,
        "支付税费_万元": 2342.695524,
        "支付其他经营活动现金_万元": 2230.875579,
        "经营活动现金流出_万元": 14258.945175,
        "经营现金流净额_万元": -7141.20788,
        "经营现金流净额同比增长_百分比": -87.61,
        "收回投资现金_万元": 12700.0,
        "取得投资收益现金_万元": 35.693446,
        "处置资产收回现金_万元": 14.0,
        "收到其他投资活动现金_万元": null,
        "投资活动现金流入_万元": 12749.693446,
        "投资支付现金_万元": 12200.0,
        "购建资产支付现金_万元": 573.312174,
        "支付其他投资活动现金_万元": null,
        "投资活动现金流出_万元": 12773.312174,
        "投资现金流净额_万元": -23.618728,
        "吸收投资现金_万元": null,
        "取得借款现金_万元": 2000.0,
        "收到其他筹资活动现金_万元": null,
        "筹资活动现金流入_万元": 2000.0,
        "偿还债务现金_万元": 10.138889,
        "分配股利现金_万元": 97.04861,
        "支付其他筹资活动现金_万元": 25.75956,
        "筹资活动现金流出_万元": 132.947059,
        "融资现金流净额_万元": 1867.052941,
        "汇率变动影响_万元": null,
        "现金及等价物净增加额_万元": -5297.773667,
        "净现金流_元": null,
        "净现金流同比增长_百分比": null,
        "期初现金及等价物_万元": 23481.322469,
        "期末现金及等价物_万元": 18183.548802,
        "经营现金流占比_百分比": null,
        "投资现金流占比_百分比": null,
        "融资现金流占比_百分比": null
    }
}