{
    "报告信息": {
        "序号": "2024-035",
        "股票代码": "002752",
        "股票简称": "嘉应制药",
        "报告年份": "2024",
        "报告期": "HY",
        "总股本_股": 507509848,
        "流通股本_股": 507509848,
        "报告日期": "2024-08-27",
        "审计意见": null,
        "会计师事务所": null
    },
    "核心业绩指标": {
        "每股收益_元": 0.0112,
        "稀释每股收益_元": 0.0112,
        "营业总收入_万元": 18020.156726,
        "营业总收入_亿元": 1.8020156726,
        "营收同比增长_百分比": -30.0,
        "营收环比增长_百分比": null,
        "净利润_万元": 566.773992,
        "净利润_亿元": 0.0566773992,
        "净利润同比增长_百分比": -68.94,
        "净利润环比增长_百分比": null,
        "归母净利润_万元": 566.773992,
        "少数股东损益_万元": 0.0,
        "每股净资产_元": 1.4646,
        "净资产收益率_百分比": null,
        "扣非净资产收益率_百分比": null,
        "每股经营现金流_元": 0.0411,
        "扣非净利润_万元": 116.262341,
        "扣非净利润同比增长_百分比": -93.07,
        "销售毛利率_百分比": 56.2,
        "销售净利率_百分比": 3.14,
        "加权平均净资产收益率_百分比": 0.75,
        "扣非加权净资产收益率_百分比": null,
        "总资产收益率_百分比": null,
        "主营业务收入_万元": 18004.746371,
        "主营业务成本_万元": 7886.562527,
        "主营业务利润_万元": 10118.183844
    },
    "资产负债表": {
        "货币资金_万元": 17151.932883,
        "应收账款_万元": 9902.490773,
        "应收票据_万元": 1199.700169,
        "应收款项融资_万元": 856.164571,
        "预付款项_万元": 229.650827,
        "其他应收款_万元": 664.748172,
        "存货_万元": 9743.199,
        "合同资产_万元": 0.0,
        "一年内到期的非流动资产_万元": 0.0,
        "其他流动资产_万元": 161.182851,
        "流动资产合计_万元": 53925.363997,
        "交易性金融资产_万元": 14016.294751,
        "债权投资_万元": 0.0,
        "其他债权投资_万元": 0.0,
        "长期应收款_万元": 0.0,
        "长期股权投资_万元": 2531.353243,
        "其他权益工具投资_万元": 0.0,
        "投资性房地产_万元": 0.0,
        "固定资产_万元": 18105.900369,
        "在建工程_万元": 670.552412,
        "生产性生物资产_万元": 0.0,
        "油气资产_万元": 0.0,
        "使用权资产_万元": 0.0,
        "无形资产_万元": 4654.960515,
        "开发支出_万元": 0.0,
        "商誉_万元": 0.0,
        "长期待摊费用_万元": 19.07738,
        "递延所得税资产_万元": 255.333241,
        "其他非流动资产_万元": 1441.9832,
        "非流动资产合计_万元": 27679.16036,
        "总资产_万元": 81604.524357,
        "总资产同比增长_百分比": -3.72,
        "短期借款_万元": 0.0,
        "交易性金融负债_万元": 0.0,
        "应付票据_万元": 0.0,
        "应付账款_万元": 1390.693933,
        "预收款项_万元": 0.0,
        "合同负债_万元": 247.718487,
        "应付职工薪酬_万元": 321.61463,
        "应交税费_万元": 341.252471,
        "其他应付款_万元": 1226.838325,
        "一年内到期的非流动负债_万元": 0.0,
        "其他流动负债_万元": 236.552052,
        "流动负债合计_万元": 3764.669898,
        "长期借款_万元": 0.0,
        "应付债券_万元": 0.0,
        "租赁负债_万元": 0.0,
        "长期应付款_万元": 0.0,
        "预计负债_万元": 0.0,
        "递延收益_万元": 35.047123,
        "递延所得税负债_万元": 3477.117789,
        "其他非流动负债_万元": 0.0,
        "非流动负债合计_万元": 3512.164912,
        "总负债_万元": 7276.83481,
        "总负债同比增长_百分比": -13.95,
        "资产负债率_百分比": 8.92,
        "实收资本_万元": 50750.9848,
        "资本公积_万元": 12365.293139,
        "盈余公积_万元": 2722.30046,
        "未分配利润_万元": 8489.111148,
        "其他综合收益_万元": 0.0,
        "专项储备_万元": 0.0,
        "归属于母公司所有者权益合计_万元": 74327.689547,
        "少数股东权益_万元": 0.0,
        "股东权益合计_万元": 74327.689547
    },
    "利润表": {
        "营业总收入_万元": 18020.156726,
        "营业收入_万元": 18020.156726,
        "营业总收入同比增长_百分比": -30.0,
        "营业成本_万元": 7886.562527,
        "税金及附加_万元": 325.958697,
        "销售费用_万元": 7041.633335,
        "管理费用_万元": 1952.335514,
        "研发费用_万元": 415.155122,
        "财务费用_万元": -84.154674,
        "其中利息费用_万元": 0.021254,
        "其中利息收入_万元": 86.184443,
        "其他收益_万元": 37.652784,
        "投资收益_万元": 98.887528,
        "其中对联营企业投资收益_万元": -178.037758,
        "公允价值变动收益_万元": 16.294751,
        "信用减值损失_万元": -30.141486,
        "资产减值损失_万元": -122.700776,
        "资产处置收益_万元": 160.224441,
        "营业总支出_万元": 17537.490521,
        "营业利润_万元": 642.883447,
        "营业外收入_万元": 27.192076,
        "营业外支出_万元": 10.765,
        "利润总额_万元": 659.310523,
        "所得税费用_万元": 92.536531,
        "净利润_万元": 566.773992,
        "归母净利润_万元": 566.773992,
        "少数股东损益_万元": 0.0,
        "持续经营净利润_万元": 566.773992,
        "终止经营净利润_万元": 0.0,
        "其他综合收益_万元": 0.0,
        "综合收益总额_万元": 566.773992,
        "归母综合收益总额_万元": 566.773992
    },
    "现金流量表": {
        "销售商品收到现金_万元": 22439.954188,
        "收到的税费返还_万元": 0.0,
        "收到其他经营活动现金_万元": 342.673078,
        "经营活动现金流入_万元": 22782.627266,
        "购买商品支付现金_万元": 6786.086554,
        "支付职工现金_万元": 2895.766985,
        "支付税费_万元": 2311.912157,
        "支付其他经营活动现金_万元": 8702.20871,
        "经营活动现金流出_万元": 20695.974406,
        "经营现金流净额_万元": 2086.65286,
        "经营现金流净额同比增长_百分比": -47.89,
        "收回投资现金_万元": 0.0,
        "取得投资收益现金_万元": 329.920586,
        "处置资产收回现金_万元": 70.250173,
        "收到其他投资活动现金_万元": 45000.0,
        "投资活动现金流入_万元": 45400.170759,
        "投资支付现金_万元": 0.0,
        "购建资产支付现金_万元": 2145.594512,
        "支付其他投资活动现金_万元": 39000.0,
        "投资活动现金流出_万元": 41145.594512,
        "投资现金流净额_万元": 4254.576247,
        "吸收投资现金_万元": 0.0,
        "取得借款现金_万元": 0.0,
        "收到其他筹资活动现金_万元": 0.0,
        "筹资活动现金流入_万元": 0.0,
        "偿还债务现金_万元": 0.0,
        "分配股利现金_万元": 2540.108043,
        "支付其他筹资活动现金_万元": 0.0,
        "筹资活动现金流出_万元": 2540.108043,
        "融资现金流净额_万元": -2540.108043,
        "汇率变动影响_万元": 0.0,
        "现金及等价物净增加额_万元": 3801.121064,
        "净现金流_元": 38011210.64,
        "净现金流同比增长_百分比": 29.7,
        "期初现金及等价物_万元": 13207.256092,
        "期末现金及等价物_万元": 17008.377156,
        "经营现金流占比_百分比": 54.88,
        "投资现金流占比_百分比": 111.93,
        "融资现金流占比_百分比": -66.81
    }
}