{
    "报告信息": {
        "序号": "2025-046",
        "股票代码": "002752",
        "股票简称": "嘉应制药",
        "报告年份": "2025",
        "报告期": "HY",
        "总股本_股": 507509848,
        "流通股本_股": 507480748,
        "报告日期": "2025-08-26",
        "审计意见": null,
        "会计师事务所": null
    },
    "核心业绩指标": {
        "每股收益_元": 0.0396,
        "稀释每股收益_元": 0.0396,
        "营业总收入_万元": 19893.766409,
        "营业总收入_亿元": 1.9893766409,
        "营收同比增长_百分比": 10.4,
        "营收环比增长_百分比": null,
        "净利润_万元": 2008.255948,
        "净利润_亿元": 0.2008255948,
        "净利润同比增长_百分比": 254.33,
        "净利润环比增长_百分比": null,
        "归母净利润_万元": 2008.255948,
        "少数股东损益_万元": null,
        "每股净资产_元": null,
        "净资产收益率_百分比": null,
        "扣非净资产收益率_百分比": null,
        "每股经营现金流_元": null,
        "扣非净利润_万元": 1878.863768,
        "扣非净利润同比增长_百分比": 1516.06,
        "销售毛利率_百分比": null,
        "销售净利率_百分比": null,
        "加权平均净资产收益率_百分比": 2.72,
        "扣非加权净资产收益率_百分比": null,
        "总资产收益率_百分比": null,
        "主营业务收入_万元": 19886.269329,
        "主营业务成本_万元": 7450.909431,
        "主营业务利润_万元": null
    },
    "资产负债表": {
        "货币资金_万元": 20125.993375,
        "应收账款_万元": 13701.125322,
        "应收票据_万元": 1516.769994,
        "应收款项融资_万元": 538.626285,
        "预付款项_万元": 850.172531,
        "其他应收款_万元": 2312.546397,
        "存货_万元": 8307.741275,
        "合同资产_万元": null,
        "一年内到期的非流动资产_万元": null,
        "其他流动资产_万元": 22.25869,
        "流动资产合计_万元": 47854.619669,
        "交易性金融资产_万元": 479.3858,
        "债权投资_万元": null,
        "其他债权投资_万元": null,
        "长期应收款_万元": null,
        "长期股权投资_万元": 4224.668498,
        "其他权益工具投资_万元": null,
        "投资性房地产_万元": null,
        "固定资产_万元": 17390.787401,
        "在建工程_万元": 3280.370185,
        "生产性生物资产_万元": null,
        "油气资产_万元": null,
        "使用权资产_万元": null,
        "无形资产_万元": 4712.554911,
        "开发支出_万元": 892.735849,
        "商誉_万元": 36091.899448,
        "长期待摊费用_万元": 252.127207,
        "递延所得税资产_万元": 464.298626,
        "其他非流动资产_万元": null,
        "非流动资产合计_万元": 31217.542677,
        "总资产_万元": 79072.162346,
        "总资产同比增长_百分比": -5.73,
        "短期借款_万元": null,
        "交易性金融负债_万元": null,
        "应付票据_万元": null,
        "应付账款_万元": 1182.777813,
        "预收款项_万元": null,
        "合同负债_万元": 277.814549,
        "应付职工薪酬_万元": 491.010665,
        "应交税费_万元": 465.18346,
        "其他应付款_万元": 602.889378,
        "一年内到期的非流动负债_万元": null,
        "其他流动负债_万元": 960.866771,
        "流动负债合计_万元": 3980.542636,
        "长期借款_万元": null,
        "应付债券_万元": null,
        "租赁负债_万元": null,
        "长期应付款_万元": null,
        "预计负债_万元": null,
        "递延收益_万元": 23.026829,
        "递延所得税负债_万元": 3474.673576,
        "其他非流动负债_万元": null,
        "非流动负债合计_万元": 3497.700405,
        "总负债_万元": 7478.243041,
        "总负债同比增长_百分比": null,
        "资产负债率_百分比": null,
        "实收资本_万元": 50750.9848,
        "资本公积_万元": 12365.293139,
        "盈余公积_万元": 2767.745089,
        "未分配利润_万元": 11937.30843,
        "其他综合收益_万元": -106.25,
        "专项储备_万元": null,
        "归属于母公司所有者权益合计_万元": 71593.919305,
        "少数股东权益_万元": null,
        "股东权益合计_万元": 71593.919305
    },
    "利润表": {
        "营业总收入_万元": 19893.766409,
        "营业收入_万元": 19893.766409,
        "营业总收入同比增长_百分比": 10.4,
        "营业成本_万元": 7450.909431,
        "税金及附加_万元": 339.407361,
        "销售费用_万元": 7243.589748,
        "管理费用_万元": 1946.013048,
        "研发费用_万元": 481.36565,
        "财务费用_万元": -28.923634,
        "其中利息费用_万元": null,
        "其中利息收入_万元": 31.851676,
        "其他收益_万元": 12.918239,
        "投资收益_万元": 41.566313,
        "其中对联营企业投资收益_万元": -105.703254,
        "公允价值变动收益_万元": -36.16676,
        "信用减值损失_万元": -129.608672,
        "资产减值损失_万元": null,
        "资产处置收益_万元": 0.012092,
        "营业总支出_万元": 17432.361604,
        "营业利润_万元": 2350.126017,
        "营业外收入_万元": 16.561782,
        "营业外支出_万元": 6.900213,
        "利润总额_万元": 2359.787586,
        "所得税费用_万元": 351.531638,
        "净利润_万元": 2008.255948,
        "归母净利润_万元": 2008.255948,
        "少数股东损益_万元": null,
        "持续经营净利润_万元": 2008.255948,
        "终止经营净利润_万元": null,
        "其他综合收益_万元": -106.25,
        "综合收益总额_万元": 1902.005948,
        "归母综合收益总额_万元": 1902.005948
    },
    "现金流量表": {
        "销售商品收到现金_万元": 18781.072556,
        "收到的税费返还_万元": 9.364165,
        "收到其他经营活动现金_万元": 5207.355472,
        "经营活动现金流入_万元": 23997.792193,
        "购买商品支付现金_万元": 5057.008967,
        "支付职工现金_万元": 2852.378181,
        "支付税费_万元": 2777.454758,
        "支付其他经营活动现金_万元": 15849.48583,
        "经营活动现金流出_万元": 26536.327736,
        "经营现金流净额_万元": -2538.535543,
        "经营现金流净额同比增长_百分比": -221.66,
        "收回投资现金_万元": 100.859915,
        "取得投资收益现金_万元": 171.417752,
        "处置资产收回现金_万元": null,
        "收到其他投资活动现金_万元": null,
        "投资活动现金流入_万元": 272.277667,
        "投资支付现金_万元": 2950.56066,
        "购建资产支付现金_万元": 1891.305636,
        "支付其他投资活动现金_万元": null,
        "投资活动现金流出_万元": 4841.866296,
        "投资现金流净额_万元": -4569.588629,
        "吸收投资现金_万元": null,
        "取得借款现金_万元": null,
        "收到其他筹资活动现金_万元": null,
        "筹资活动现金流入_万元": null,
        "偿还债务现金_万元": null,
        "分配股利现金_万元": 2540.108043,
        "支付其他筹资活动现金_万元": 6130.162153,
        "筹资活动现金流出_万元": 6130.162153,
        "融资现金流净额_万元": -6130.162153,
        "汇率变动影响_万元": -106.25,
        "现金及等价物净增加额_万元": -13344.536325,
        "净现金流_元": null,
        "净现金流同比增长_百分比": -451.07,
        "期初现金及等价物_万元": 33470.5297,
        "期末现金及等价物_万元": 20125.993375,
        "经营现金流占比_百分比": null,
        "投资现金流占比_百分比": null,
        "融资现金流占比_百分比": null
    }
}