{
    "报告信息": {
        "序号": "2024-002",
        "股票代码": "002752",
        "股票简称": "嘉应制药",
        "报告年份": "2023",
        "报告期": "年度",
        "总股本_股": 507509848,
        "流通股本_股": null,
        "报告日期": "2024-04-26",
        "审计意见": "标准的无保留意见",
        "会计师事务所": "众华会计师事务所（特殊普通合伙）",
        "期": "FY"
    },
    "核心业绩指标": {
        "每股收益_元": 0.0676,
        "稀释每股收益_元": 0.0676,
        "营业总收入_万元": 53323.320229,
        "营业总收入_亿元": 5.3323320229,
        "营收同比增长_百分比": -19.11,
        "营收环比增长_百分比": null,
        "净利润_万元": 3432.023464,
        "净利润_亿元": 0.3432023464,
        "净利润同比增长_百分比": -21.88,
        "净利润环比增长_百分比": null,
        "归母净利润_万元": 3432.023464,
        "少数股东损益_万元": null,
        "每股净资产_元": null,
        "净资产收益率_百分比": null,
        "扣非净资产收益率_百分比": null,
        "每股经营现金流_元": 0.194,
        "扣非净利润_万元": 3084.527089,
        "扣非净利润同比增长_百分比": -29.85,
        "销售毛利率_百分比": 65.21,
        "销售净利率_百分比": 6.44,
        "加权平均净资产收益率_百分比": 4.6,
        "扣非加权净资产收益率_百分比": 4.14,
        "总资产收益率_百分比": null,
        "主营业务收入_万元": 53303.413014,
        "主营业务成本_万元": 18551.30611,
        "主营业务利润_万元": 34752.106904
    },
    "资产负债表": {
        "货币资金_万元": 13350.691966,
        "应收账款_万元": 9758.479174,
        "应收票据_万元": 2785.921037,
        "应收款项融资_万元": 2860.364456,
        "预付款项_万元": 437.271479,
        "其他应收款_万元": 200.314759,
        "存货_万元": 8460.006949,
        "合同资产_万元": null,
        "一年内到期的非流动资产_万元": null,
        "其他流动资产_万元": 111.324786,
        "流动资产合计_万元": 58017.369906,
        "交易性金融资产_万元": 20052.9953,
        "债权投资_万元": null,
        "其他债权投资_万元": null,
        "长期应收款_万元": null,
        "长期股权投资_万元": 2709.391001,
        "其他权益工具投资_万元": null,
        "投资性房地产_万元": null,
        "固定资产_万元": 18874.809453,
        "在建工程_万元": 166.076981,
        "生产性生物资产_万元": null,
        "油气资产_万元": null,
        "使用权资产_万元": null,
        "无形资产_万元": 4720.816965,
        "开发支出_万元": null,
        "商誉_万元": 36091.899448,
        "长期待摊费用_万元": null,
        "递延所得税资产_万元": 218.527015,
        "其他非流动资产_万元": 49.32,
        "非流动资产合计_万元": 26738.941415,
        "总资产_万元": 84756.311321,
        "总资产同比增长_百分比": 0.11,
        "短期借款_万元": null,
        "交易性金融负债_万元": null,
        "应付票据_万元": null,
        "应付账款_万元": 915.620035,
        "预收款项_万元": 104.671281,
        "合同负债_万元": 221.053873,
        "应付职工薪酬_万元": 604.139076,
        "应交税费_万元": 745.43632,
        "其他应付款_万元": 1878.120422,
        "一年内到期的非流动负债_万元": null,
        "其他流动负债_万元": 464.847891,
        "流动负债合计_万元": 4933.888898,
        "长期借款_万元": null,
        "应付债券_万元": null,
        "租赁负债_万元": null,
        "长期应付款_万元": null,
        "预计负债_万元": null,
        "递延收益_万元": 41.334757,
        "递延所得税负债_万元": 3482.622871,
        "其他非流动负债_万元": null,
        "非流动负债合计_万元": 3523.957628,
        "总负债_万元": 8457.846526,
        "总负债同比增长_百分比": -28.49,
        "资产负债率_百分比": 9.98,
        "实收资本_万元": 50750.9848,
        "资本公积_万元": 12365.293139,
        "盈余公积_万元": 2722.30046,
        "未分配利润_万元": 10459.886396,
        "其他综合收益_万元": null,
        "专项储备_万元": null,
        "归属于母公司所有者权益合计_万元": 76298.464795,
        "少数股东权益_万元": null,
        "股东权益合计_万元": 76298.464795
    },
    "利润表": {
        "营业总收入_万元": 53323.320229,
        "营业收入_万元": 53323.320229,
        "营业总收入同比增长_百分比": -19.11,
        "营业成本_万元": 18551.30611,
        "税金及附加_万元": 906.693633,
        "销售费用_万元": 24476.545269,
        "管理费用_万元": 4805.935066,
        "研发费用_万元": 1009.849762,
        "财务费用_万元": -209.042769,
        "其中利息费用_万元": 0.044534,
        "其中利息收入_万元": 212.402958,
        "其他收益_万元": 158.05556,
        "投资收益_万元": 57.83744,
        "其中对联营企业投资收益_万元": -253.144396,
        "公允价值变动收益_万元": 52.9953,
        "信用减值损失_万元": 69.525784,
        "资产减值损失_万元": -82.424264,
        "资产处置收益_万元": 13.525674,
        "营业总支出_万元": 49541.287071,
        "营业利润_万元": 4051.548652,
        "营业外收入_万元": 22.593527,
        "营业外支出_万元": 136.775394,
        "利润总额_万元": 3937.366785,
        "所得税费用_万元": 505.343321,
        "净利润_万元": 3432.023464,
        "归母净利润_万元": 3432.023464,
        "少数股东损益_万元": null,
        "持续经营净利润_万元": 3432.023464,
        "终止经营净利润_万元": null,
        "其他综合收益_万元": null,
        "综合收益总额_万元": 3432.023464,
        "归母综合收益总额_万元": 3432.023464
    },
    "现金流量表": {
        "销售商品收到现金_万元": 63122.392283,
        "收到的税费返还_万元": null,
        "收到其他经营活动现金_万元": 497.116473,
        "经营活动现金流入_万元": 63619.508756,
        "购买商品支付现金_万元": 14408.052505,
        "支付职工现金_万元": 5403.27553,
        "支付税费_万元": 7207.937415,
        "支付其他经营活动现金_万元": 26754.868297,
        "经营活动现金流出_万元": 53774.133747,
        "经营现金流净额_万元": 9845.375009,
        "经营现金流净额同比增长_百分比": 262.57,
        "收回投资现金_万元": null,
        "取得投资收益现金_万元": 337.064028,
        "处置资产收回现金_万元": 145.173469,
        "收到其他投资活动现金_万元": 31000.0,
        "投资活动现金流入_万元": 31482.237497,
        "投资支付现金_万元": null,
        "购建资产支付现金_万元": 506.11527,
        "支付其他投资活动现金_万元": 46000.0,
        "投资活动现金流出_万元": 46506.11527,
        "投资现金流净额_万元": -15023.877773,
        "吸收投资现金_万元": null,
        "取得借款现金_万元": null,
        "收到其他筹资活动现金_万元": null,
        "筹资活动现金流入_万元": null,
        "偿还债务现金_万元": null,
        "分配股利现金_万元": 0.044534,
        "支付其他筹资活动现金_万元": null,
        "筹资活动现金流出_万元": 0.044534,
        "融资现金流净额_万元": -0.044534,
        "汇率变动影响_万元": null,
        "现金及等价物净增加额_万元": -5178.547298,
        "净现金流_元": -51785472.98,
        "净现金流同比增长_百分比": -6.59,
        "期初现金及等价物_万元": 18385.80339,
        "期末现金及等价物_万元": 13207.256092,
        "经营现金流占比_百分比": 190.12,
        "投资现金流占比_百分比": -290.14,
        "融资现金流占比_百分比": 0.09
    }
}