{
    "报告信息": {
        "序号": null,
        "股票代码": "002752",
        "股票简称": "嘉应制药",
        "报告年份": "2025",
        "报告期": "Q1",
        "总股本_股": 507509848,
        "流通股本_股": 507509848,
        "报告日期": "2025-03-31",
        "审计意见": "未经审计",
        "会计师事务所": null
    },
    "核心业绩指标": {
        "每股收益_元": 0.0304,
        "稀释每股收益_元": 0.0304,
        "营业总收入_万元": 12163.294406,
        "营业总收入_亿元": 1.2163294406,
        "营收同比增长_百分比": 28.83,
        "营收环比增长_百分比": null,
        "净利润_万元": 1540.325718,
        "净利润_亿元": 0.1540325718,
        "净利润同比增长_百分比": 197.23,
        "净利润环比增长_百分比": null,
        "归母净利润_万元": 1540.325718,
        "少数股东损益_万元": 0,
        "每股净资产_元": 1.426,
        "净资产收益率_百分比": 2.08,
        "扣非净资产收益率_百分比": null,
        "每股经营现金流_元": -0.0233,
        "扣非净利润_万元": 1575.101859,
        "扣非净利润同比增长_百分比": 315.11,
        "销售毛利率_百分比": 66.79,
        "销售净利率_百分比": 12.66,
        "加权平均净资产收益率_百分比": 2.08,
        "扣非加权净资产收益率_百分比": null,
        "总资产收益率_百分比": 1.9,
        "主营业务收入_万元": 12163.294406,
        "主营业务成本_万元": 4036.956036,
        "主营业务利润_万元": 8126.33837
    },
    "资产负债表": {
        "货币资金_万元": 26496.017644,
        "应收账款_万元": 13157.110723,
        "应收票据_万元": 2775.114443,
        "应收款项融资_万元": 2427.455759,
        "预付款项_万元": 101.134051,
        "其他应收款_万元": 108.326807,
        "存货_万元": 7429.487518,
        "合同资产_万元": null,
        "一年内到期的非流动资产_万元": null,
        "其他流动资产_万元": 90.876557,
        "流动资产合计_万元": 52934.561102,
        "交易性金融资产_万元": 349.0376,
        "债权投资_万元": null,
        "其他债权投资_万元": null,
        "长期应收款_万元": null,
        "长期股权投资_万元": 2289.706505,
        "其他权益工具投资_万元": null,
        "投资性房地产_万元": null,
        "固定资产_万元": 17645.077113,
        "在建工程_万元": 3134.038436,
        "生产性生物资产_万元": null,
        "油气资产_万元": null,
        "使用权资产_万元": null,
        "无形资产_万元": 4558.789555,
        "开发支出_万元": null,
        "商誉_万元": null,
        "长期待摊费用_万元": 169.749671,
        "递延所得税资产_万元": 302.743027,
        "其他非流动资产_万元": 228.9264,
        "非流动资产合计_万元": 28329.030707,
        "总资产_万元": 81263.591809,
        "总资产同比增长_百分比": -3.12,
        "短期借款_万元": null,
        "交易性金融负债_万元": null,
        "应付票据_万元": null,
        "应付账款_万元": 1160.661768,
        "预收款项_万元": null,
        "合同负债_万元": 192.63904,
        "应付职工薪酬_万元": 321.65467,
        "应交税费_万元": 1339.529892,
        "其他应付款_万元": 2308.972527,
        "一年内到期的非流动负债_万元": null,
        "其他流动负债_万元": 25.043076,
        "流动负债合计_万元": 5348.500973,
        "长期借款_万元": null,
        "应付债券_万元": null,
        "租赁负债_万元": null,
        "长期应付款_万元": null,
        "预计负债_万元": null,
        "递延收益_万元": 25.615672,
        "递延所得税负债_万元": 3474.673576,
        "其他非流动负债_万元": null,
        "非流动负债合计_万元": 3500.289248,
        "总负债_万元": 8848.790221,
        "总负债同比增长_百分比": 9.79,
        "资产负债率_百分比": 10.91,
        "实收资本_万元": 50750.9848,
        "资本公积_万元": 12365.293139,
        "盈余公积_万元": 2776.745089,
        "未分配利润_万元": 11469.3782,
        "其他综合收益_万元": null,
        "专项储备_万元": null,
        "归属于母公司所有者权益合计_万元": 72414.801588,
        "少数股东权益_万元": 0,
        "股东权益合计_万元": 72414.801588
    },
    "利润表": {
        "营业总收入_万元": 12163.294406,
        "营业收入_万元": 12163.294406,
        "营业总收入同比增长_百分比": 28.83,
        "营业成本_万元": 4036.956036,
        "税金及附加_万元": 196.222432,
        "销售费用_万元": 4420.643098,
        "管理费用_万元": 1347.482862,
        "研发费用_万元": 169.911363,
        "财务费用_万元": -16.788271,
        "其中利息费用_万元": null,
        "其中利息收入_万元": 18.288175,
        "其他收益_万元": 9.026376,
        "投资收益_万元": -35.228,
        "其中对联营企业投资收益_万元": null,
        "公允价值变动收益_万元": -49.9543,
        "信用减值损失_万元": null,
        "资产减值损失_万元": null,
        "资产处置收益_万元": 0.012092,
        "营业总支出_万元": 10154.42752,
        "营业利润_万元": 1932.723054,
        "营业外收入_万元": 9.900213,
        "营业外支出_万元": 8.691996,
        "利润总额_万元": 1933.931271,
        "所得税费用_万元": 393.605553,
        "净利润_万元": 1540.325718,
        "归母净利润_万元": 1540.325718,
        "少数股东损益_万元": 0,
        "持续经营净利润_万元": 1540.325718,
        "终止经营净利润_万元": null,
        "其他综合收益_万元": null,
        "综合收益总额_万元": 1540.325718,
        "归母综合收益总额_万元": 1540.325718
    },
    "现金流量表": {
        "销售商品收到现金_万元": 7610.658241,
        "收到的税费返还_万元": null,
        "收到其他经营活动现金_万元": 5140.63974,
        "经营活动现金流入_万元": 12751.297981,
        "购买商品支付现金_万元": 1980.191882,
        "支付职工现金_万元": 1422.913733,
        "支付税费_万元": 990.806443,
        "支付其他经营活动现金_万元": 9540.761406,
        "经营活动现金流出_万元": 13934.673464,
        "经营现金流净额_万元": -1183.375483,
        "经营现金流净额同比增长_百分比": -193.73,
        "收回投资现金_万元": null,
        "取得投资收益现金_万元": 3.583333,
        "处置资产收回现金_万元": 143.587837,
        "收到其他投资活动现金_万元": 1653.389843,
        "投资活动现金流入_万元": 1800.561013,
        "投资支付现金_万元": null,
        "购建资产支付现金_万元": 735.283324,
        "支付其他投资活动现金_万元": 2000.0,
        "投资活动现金流出_万元": 2735.283324,
        "投资现金流净额_万元": -934.722311,
        "吸收投资现金_万元": null,
        "取得借款现金_万元": null,
        "收到其他筹资活动现金_万元": null,
        "筹资活动现金流入_万元": null,
        "偿还债务现金_万元": null,
        "分配股利现金_万元": 0.0,
        "支付其他筹资活动现金_万元": 5000.0,
        "筹资活动现金流出_万元": 5000.0,
        "融资现金流净额_万元": -5000.0,
        "汇率变动影响_万元": null,
        "现金及等价物净增加额_万元": -7118.097794,
        "净现金流_元": -71180977.94,
        "净现金流同比增长_百分比": null,
        "期初现金及等价物_万元": 33614.115438,
        "期末现金及等价物_万元": 26496.017644,
        "经营现金流占比_百分比": 16.62,
        "投资现金流占比_百分比": 13.14,
        "融资现金流占比_百分比": 70.24
    }
}