{
    "报告信息": {
        "序号": null,
        "股票代码": "002287",
        "股票简称": "奇正藏药",
        "报告年份": "2025",
        "报告期": "第三季度",
        "总股本_股": 572118203,
        "流通股本_股": null,
        "报告日期": "2025-09-30",
        "审计意见": "未经审计",
        "会计师事务所": null,
        "期": "Q3"
    },
    "核心业绩指标": {
        "每股收益_元": 0.7912,
        "稀释每股收益_元": 0.7912,
        "营业总收入_万元": 152294.381843,
        "营业总收入_亿元": 15.2294381843,
        "营收同比增长_百分比": 3.48,
        "营收环比增长_百分比": null,
        "净利润_万元": 42356.324508,
        "净利润_亿元": 4.2356324508,
        "净利润同比增长_百分比": 7.66,
        "净利润环比增长_百分比": null,
        "归母净利润_万元": 42351.903246,
        "少数股东损益_万元": 4.421262,
        "每股净资产_元": null,
        "净资产收益率_百分比": 9.88,
        "扣非净资产收益率_百分比": null,
        "每股经营现金流_元": null,
        "扣非净利润_万元": 28192.813323,
        "扣非净利润同比增长_百分比": 4.21,
        "销售毛利率_百分比": null,
        "销售净利率_百分比": null,
        "加权平均净资产收益率_百分比": 9.88,
        "扣非加权净资产收益率_百分比": null,
        "总资产收益率_百分比": null,
        "主营业务收入_万元": 152294.381843,
        "主营业务成本_万元": 27026.084007,
        "主营业务利润_万元": null
    },
    "资产负债表": {
        "货币资金_万元": 28368.424409,
        "应收账款_万元": 25327.258561,
        "应收票据_万元": null,
        "应收款项融资_万元": 40121.692383,
        "预付款项_万元": 2471.558744,
        "其他应收款_万元": 755.295884,
        "存货_万元": 28015.761532,
        "合同资产_万元": null,
        "一年内到期的非流动资产_万元": 5392.336,
        "其他流动资产_万元": 1400.484618,
        "流动资产合计_万元": 405696.092668,
        "交易性金融资产_万元": 273843.280537,
        "债权投资_万元": null,
        "其他债权投资_万元": null,
        "长期应收款_万元": null,
        "长期股权投资_万元": 5586.107604,
        "其他权益工具投资_万元": null,
        "投资性房地产_万元": 384.334531,
        "固定资产_万元": 136650.549769,
        "在建工程_万元": 33241.574262,
        "生产性生物资产_万元": null,
        "油气资产_万元": null,
        "使用权资产_万元": 1079.220338,
        "无形资产_万元": 30665.088283,
        "开发支出_万元": null,
        "商誉_万元": null,
        "长期待摊费用_万元": 329.457458,
        "递延所得税资产_万元": 4048.130415,
        "其他非流动资产_万元": 5254.159608,
        "非流动资产合计_万元": 258138.501303,
        "总资产_万元": 663834.593971,
        "总资产同比增长_百分比": -2.24,
        "短期借款_万元": 95537.94305,
        "交易性金融负债_万元": null,
        "应付票据_万元": 8232.362869,
        "应付账款_万元": 15975.871758,
        "预收款项_万元": 0.0,
        "合同负债_万元": 9747.279788,
        "应付职工薪酬_万元": 8311.208064,
        "应交税费_万元": 4721.679375,
        "其他应付款_万元": 8669.248281,
        "一年内到期的非流动负债_万元": 2821.640684,
        "其他流动负债_万元": 160.415439,
        "流动负债合计_万元": 154177.649308,
        "长期借款_万元": null,
        "应付债券_万元": 0.0,
        "租赁负债_万元": 360.860814,
        "长期应付款_万元": 260.0,
        "预计负债_万元": null,
        "递延收益_万元": 21400.731746,
        "递延所得税负债_万元": 2533.783795,
        "其他非流动负债_万元": null,
        "非流动负债合计_万元": 24555.376355,
        "总负债_万元": 178733.025663,
        "总负债同比增长_百分比": null,
        "资产负债率_百分比": null,
        "实收资本_万元": 57211.8203,
        "资本公积_万元": 140274.880339,
        "盈余公积_万元": 52019.271005,
        "未分配利润_万元": 236392.449572,
        "其他综合收益_万元": 56.501839,
        "专项储备_万元": 139.03153,
        "归属于母公司所有者权益合计_万元": 480201.00226,
        "少数股东权益_万元": 4900.566048,
        "股东权益合计_万元": 485101.568308
    },
    "利润表": {
        "营业总收入_万元": 152294.381843,
        "营业收入_万元": 152294.381843,
        "营业总收入同比增长_百分比": 3.48,
        "营业成本_万元": 27026.084007,
        "税金及附加_万元": 2900.25932,
        "销售费用_万元": 68547.614553,
        "管理费用_万元": 13214.863495,
        "研发费用_万元": 4965.117873,
        "财务费用_万元": 3450.775857,
        "其中利息费用_万元": 3930.928282,
        "其中利息收入_万元": 497.426296,
        "其他收益_万元": 10823.78851,
        "投资收益_万元": -596.19418,
        "其中对联营企业投资收益_万元": -427.37337,
        "公允价值变动收益_万元": 6464.996287,
        "信用减值损失_万元": -66.523322,
        "资产减值损失_万元": 58.66283,
        "资产处置收益_万元": 312.214744,
        "营业总支出_万元": null,
        "营业利润_万元": 49186.611607,
        "营业外收入_万元": 5.677426,
        "营业外支出_万元": 1967.761513,
        "利润总额_万元": 47224.52752,
        "所得税费用_万元": 4868.203012,
        "净利润_万元": 42356.324508,
        "归母净利润_万元": 42351.903246,
        "少数股东损益_万元": 4.421262,
        "持续经营净利润_万元": 42356.324508,
        "终止经营净利润_万元": null,
        "其他综合收益_万元": -180.516544,
        "综合收益总额_万元": 42175.807964,
        "归母综合收益总额_万元": 42171.386702
    },
    "现金流量表": {
        "销售商品收到现金_万元": 187061.680713,
        "收到的税费返还_万元": 0.0,
        "收到其他经营活动现金_万元": 14025.992724,
        "经营活动现金流入_万元": 201087.673437,
        "购买商品支付现金_万元": 19241.969679,
        "支付职工现金_万元": 45275.035679,
        "支付税费_万元": 26430.966998,
        "支付其他经营活动现金_万元": 59885.826762,
        "经营活动现金流出_万元": 150833.799118,
        "经营现金流净额_万元": 50253.874319,
        "经营现金流净额同比增长_百分比": 117.35,
        "收回投资现金_万元": 121735.671269,
        "取得投资收益现金_万元": 6067.646392,
        "处置资产收回现金_万元": 5.420346,
        "收到其他投资活动现金_万元": null,
        "投资活动现金流入_万元": 127808.738007,
        "投资支付现金_万元": 115243.0,
        "购建资产支付现金_万元": 10727.947653,
        "支付其他投资活动现金_万元": null,
        "投资活动现金流出_万元": 125970.947653,
        "投资现金流净额_万元": 1837.790354,
        "吸收投资现金_万元": null,
        "取得借款现金_万元": 89562.73495,
        "收到其他筹资活动现金_万元": 120.0,
        "筹资活动现金流入_万元": 89682.73495,
        "偿还债务现金_万元": 80789.74,
        "分配股利现金_万元": 45066.98911,
        "支付其他筹资活动现金_万元": 6327.824164,
        "筹资活动现金流出_万元": 132184.553274,
        "融资现金流净额_万元": -42501.818324,
        "汇率变动影响_万元": -180.57129,
        "现金及等价物净增加额_万元": 9409.275059,
        "净现金流_元": null,
        "净现金流同比增长_百分比": null,
        "期初现金及等价物_万元": 18959.14935,
        "期末现金及等价物_万元": 28368.424409,
        "经营现金流占比_百分比": null,
        "投资现金流占比_百分比": null,
        "融资现金流占比_百分比": null
    }
}