{
    "报告信息": {
        "序号": null,
        "股票代码": "002287",
        "股票简称": "奇正藏药",
        "报告年份": "2023",
        "报告期": "第一季度",
        "总股本_股": 530190974,
        "流通股本_股": null,
        "报告日期": "2023-03-31",
        "审计意见": "未经审计",
        "会计师事务所": null,
        "期": "Q1"
    },
    "核心业绩指标": {
        "每股收益_元": 0.1752,
        "稀释每股收益_元": 0.1751,
        "营业总收入_万元": 29593.34669,
        "营业总收入_亿元": 2.959334669,
        "营收同比增长_百分比": -27.39,
        "营收环比增长_百分比": null,
        "净利润_万元": 9247.76015,
        "净利润_亿元": 0.924776015,
        "净利润同比增长_百分比": 6.52,
        "净利润环比增长_百分比": null,
        "归母净利润_万元": 9276.315733,
        "少数股东损益_万元": -28.555583,
        "每股净资产_元": null,
        "净资产收益率_百分比": null,
        "扣非净资产收益率_百分比": null,
        "每股经营现金流_元": null,
        "扣非净利润_万元": 3157.908546,
        "扣非净利润同比增长_百分比": -73.17,
        "销售毛利率_百分比": null,
        "销售净利率_百分比": null,
        "加权平均净资产收益率_百分比": 2.74,
        "扣非加权净资产收益率_百分比": null,
        "总资产收益率_百分比": null,
        "主营业务收入_万元": null,
        "主营业务成本_万元": null,
        "主营业务利润_万元": null
    },
    "资产负债表": {
        "货币资金_万元": 15514.050455,
        "应收账款_万元": 17457.260499,
        "应收票据_万元": 21.147,
        "应收款项融资_万元": 65383.798661,
        "预付款项_万元": 715.109027,
        "其他应收款_万元": 4063.310639,
        "存货_万元": 15485.460747,
        "合同资产_万元": null,
        "一年内到期的非流动资产_万元": 0.0,
        "其他流动资产_万元": 2449.681567,
        "流动资产合计_万元": 322118.485824,
        "交易性金融资产_万元": 201028.667229,
        "债权投资_万元": null,
        "其他债权投资_万元": null,
        "长期应收款_万元": null,
        "长期股权投资_万元": 53216.49978,
        "其他权益工具投资_万元": null,
        "投资性房地产_万元": 2215.064199,
        "固定资产_万元": 58991.594993,
        "在建工程_万元": 55838.850859,
        "生产性生物资产_万元": null,
        "油气资产_万元": null,
        "使用权资产_万元": 1261.09529,
        "无形资产_万元": 36814.892498,
        "开发支出_万元": null,
        "商誉_万元": null,
        "长期待摊费用_万元": 286.469878,
        "递延所得税资产_万元": 3206.281139,
        "其他非流动资产_万元": 702.782002,
        "非流动资产合计_万元": 276279.530638,
        "总资产_万元": 598398.016462,
        "总资产同比增长_百分比": 1.65,
        "短期借款_万元": 70251.763889,
        "交易性金融负债_万元": null,
        "应付票据_万元": 3553.418757,
        "应付账款_万元": 5073.664725,
        "预收款项_万元": 0.0,
        "合同负债_万元": 5309.503919,
        "应付职工薪酬_万元": 10247.360545,
        "应交税费_万元": 3877.405346,
        "其他应付款_万元": 20088.492435,
        "一年内到期的非流动负债_万元": 6269.595279,
        "其他流动负债_万元": 58.113553,
        "流动负债合计_万元": 124729.318448,
        "长期借款_万元": 28688.782143,
        "应付债券_万元": 75251.851024,
        "租赁负债_万元": 492.780769,
        "长期应付款_万元": 260.0,
        "预计负债_万元": null,
        "递延收益_万元": 17403.916298,
        "递延所得税负债_万元": 3627.943282,
        "其他非流动负债_万元": null,
        "非流动负债合计_万元": 125725.273516,
        "总负债_万元": 250454.591964,
        "总负债同比增长_百分比": 0.22,
        "资产负债率_百分比": 41.85,
        "实收资本_万元": 53019.0974,
        "资本公积_万元": null,
        "盈余公积_万元": null,
        "未分配利润_万元": 187756.550336,
        "其他综合收益_万元": null,
        "专项储备_万元": null,
        "归属于母公司所有者权益合计_万元": 342805.252496,
        "少数股东权益_万元": 5138.172002,
        "股东权益合计_万元": 347943.424498
    },
    "利润表": {
        "营业总收入_万元": 29593.34669,
        "营业收入_万元": 29593.34669,
        "营业总收入同比增长_百分比": -27.39,
        "营业成本_万元": 5698.376785,
        "税金及附加_万元": 447.670077,
        "销售费用_万元": 14282.181788,
        "管理费用_万元": 3653.017515,
        "研发费用_万元": 1013.832697,
        "财务费用_万元": 1268.043821,
        "其中利息费用_万元": 1567.025815,
        "其中利息收入_万元": 306.625914,
        "其他收益_万元": 373.477379,
        "投资收益_万元": 5191.087157,
        "其中对联营企业投资收益_万元": 3978.110463,
        "公允价值变动收益_万元": 1217.686264,
        "信用减值损失_万元": -76.83343,
        "资产减值损失_万元": null,
        "资产处置收益_万元": null,
        "营业总支出_万元": 26363.122683,
        "营业利润_万元": 9935.641377,
        "营业外收入_万元": 3.624937,
        "营业外支出_万元": 12.595781,
        "利润总额_万元": 9926.670533,
        "所得税费用_万元": 678.910383,
        "净利润_万元": 9247.76015,
        "归母净利润_万元": 9276.315733,
        "少数股东损益_万元": -28.555583,
        "持续经营净利润_万元": 9247.76015,
        "终止经营净利润_万元": null,
        "其他综合收益_万元": -45.964703,
        "综合收益总额_万元": 9201.795447,
        "归母综合收益总额_万元": 9230.35103
    },
    "现金流量表": {
        "销售商品收到现金_万元": 23320.388728,
        "收到的税费返还_万元": 453.979537,
        "收到其他经营活动现金_万元": 2113.270317,
        "经营活动现金流入_万元": 25887.638582,
        "购买商品支付现金_万元": 3989.673594,
        "支付职工现金_万元": 13588.739592,
        "支付税费_万元": 6117.855799,
        "支付其他经营活动现金_万元": 20348.308892,
        "经营活动现金流出_万元": 44044.577877,
        "经营现金流净额_万元": -18156.939295,
        "经营现金流净额同比增长_百分比": -2056.63,
        "收回投资现金_万元": 40000.0,
        "取得投资收益现金_万元": 1273.688607,
        "处置资产收回现金_万元": null,
        "收到其他投资活动现金_万元": null,
        "投资活动现金流入_万元": 41273.688607,
        "投资支付现金_万元": 58243.0,
        "购建资产支付现金_万元": 2678.418979,
        "支付其他投资活动现金_万元": null,
        "投资活动现金流出_万元": 60921.418979,
        "投资现金流净额_万元": -19647.730372,
        "吸收投资现金_万元": null,
        "取得借款现金_万元": 10000.0,
        "收到其他筹资活动现金_万元": null,
        "筹资活动现金流入_万元": 10000.0,
        "偿还债务现金_万元": null,
        "分配股利现金_万元": 341.326164,
        "支付其他筹资活动现金_万元": 51.126928,
        "筹资活动现金流出_万元": 392.453092,
        "融资现金流净额_万元": 9607.546908,
        "汇率变动影响_万元": -45.964703,
        "现金及等价物净增加额_万元": -28243.087462,
        "净现金流_元": null,
        "净现金流同比增长_百分比": null,
        "期初现金及等价物_万元": 43757.137917,
        "期末现金及等价物_万元": 15514.050455,
        "经营现金流占比_百分比": null,
        "投资现金流占比_百分比": null,
        "融资现金流占比_百分比": null
    }
}