{
    "报告信息": {
        "序号": null,
        "股票代码": "002287",
        "股票简称": "奇正藏药",
        "报告年份": "2025",
        "报告期": "第一季度",
        "总股本_股": 531085974,
        "流通股本_股": null,
        "报告日期": "2025-03-31",
        "审计意见": "未经审计",
        "会计师事务所": null,
        "期": "Q1"
    },
    "核心业绩指标": {
        "每股收益_元": 0.1425,
        "稀释每股收益_元": 0.1425,
        "营业总收入_万元": 40301.530971,
        "营业总收入_亿元": 4.0301530971,
        "营收同比增长_百分比": 10.39,
        "营收环比增长_百分比": null,
        "净利润_万元": 7509.451994,
        "净利润_亿元": 0.7509451994,
        "净利润同比增长_百分比": -23.89,
        "净利润环比增长_百分比": null,
        "归母净利润_万元": 7567.979349,
        "少数股东损益_万元": -58.527355,
        "每股净资产_元": null,
        "净资产收益率_百分比": null,
        "扣非净资产收益率_百分比": null,
        "每股经营现金流_元": null,
        "扣非净利润_万元": 6518.348942,
        "扣非净利润同比增长_百分比": 16.34,
        "销售毛利率_百分比": null,
        "销售净利率_百分比": null,
        "加权平均净资产收益率_百分比": 1.84,
        "扣非加权净资产收益率_百分比": null,
        "总资产收益率_百分比": null,
        "主营业务收入_万元": 40301.530971,
        "主营业务成本_万元": 7445.669524,
        "主营业务利润_万元": null
    },
    "资产负债表": {
        "货币资金_万元": 52308.998662,
        "应收账款_万元": 19022.866906,
        "应收票据_万元": null,
        "应收款项融资_万元": 42785.353213,
        "预付款项_万元": 1576.805764,
        "其他应收款_万元": 1128.968867,
        "存货_万元": 21935.679051,
        "合同资产_万元": null,
        "一年内到期的非流动资产_万元": null,
        "其他流动资产_万元": 1165.158483,
        "流动资产合计_万元": 407369.209581,
        "交易性金融资产_万元": 267445.378635,
        "债权投资_万元": null,
        "其他债权投资_万元": null,
        "长期应收款_万元": null,
        "长期股权投资_万元": 5612.26745,
        "其他权益工具投资_万元": null,
        "投资性房地产_万元": 669.590747,
        "固定资产_万元": 137343.25508,
        "在建工程_万元": 29805.240771,
        "生产性生物资产_万元": null,
        "油气资产_万元": null,
        "使用权资产_万元": 558.617238,
        "无形资产_万元": 31874.570982,
        "开发支出_万元": null,
        "商誉_万元": null,
        "长期待摊费用_万元": 369.314154,
        "递延所得税资产_万元": 3449.745171,
        "其他非流动资产_万元": 9139.277949,
        "非流动资产合计_万元": 264105.854471,
        "总资产_万元": 671475.064052,
        "总资产同比增长_百分比": -1.11,
        "短期借款_万元": 91148.025574,
        "交易性金融负债_万元": null,
        "应付票据_万元": 4336.362386,
        "应付账款_万元": 18990.689662,
        "预收款项_万元": 12.704135,
        "合同负债_万元": 6703.637095,
        "应付职工薪酬_万元": 8547.890139,
        "应交税费_万元": 3931.406493,
        "其他应付款_万元": 15645.502153,
        "一年内到期的非流动负债_万元": 8910.308869,
        "其他流动负债_万元": 559.77536,
        "流动负债合计_万元": 158786.301866,
        "长期借款_万元": null,
        "应付债券_万元": 80651.721607,
        "租赁负债_万元": 158.138547,
        "长期应付款_万元": 260.0,
        "预计负债_万元": null,
        "递延收益_万元": 22152.390286,
        "递延所得税负债_万元": 2561.03227,
        "其他非流动负债_万元": null,
        "非流动负债合计_万元": 105783.28271,
        "总负债_万元": 264569.584576,
        "总负债同比增长_百分比": null,
        "资产负债率_百分比": 39.4,
        "实收资本_万元": 53108.5974,
        "资本公积_万元": null,
        "盈余公积_万元": 52019.271005,
        "未分配利润_万元": 234256.600303,
        "其他综合收益_万元": 231.567577,
        "专项储备_万元": 142.438237,
        "归属于母公司所有者权益合计_万元": 402066.871925,
        "少数股东权益_万元": 4838.607551,
        "股东权益合计_万元": 406905.479476
    },
    "利润表": {
        "营业总收入_万元": 40301.530971,
        "营业收入_万元": 40301.530971,
        "营业总收入同比增长_百分比": 10.39,
        "营业成本_万元": 7445.669524,
        "税金及附加_万元": 565.329477,
        "销售费用_万元": 17781.481553,
        "管理费用_万元": 3962.967549,
        "研发费用_万元": 1147.252665,
        "财务费用_万元": 1433.306035,
        "其中利息费用_万元": 1487.004596,
        "其中利息收入_万元": 130.68835,
        "其他收益_万元": 353.508498,
        "投资收益_万元": -333.445119,
        "其中对联营企业投资收益_万元": -158.213524,
        "公允价值变动收益_万元": 1866.920606,
        "信用减值损失_万元": -63.478961,
        "资产减值损失_万元": 87.900686,
        "资产处置收益_万元": null,
        "营业总支出_万元": 32336.006803,
        "营业利润_万元": 9876.929878,
        "营业外收入_万元": 6.3e-05,
        "营业外支出_万元": 974.107579,
        "利润总额_万元": 8902.822362,
        "所得税费用_万元": 1393.370368,
        "净利润_万元": 7509.451994,
        "归母净利润_万元": 7567.979349,
        "少数股东损益_万元": -58.527355,
        "持续经营净利润_万元": 7509.451994,
        "终止经营净利润_万元": null,
        "其他综合收益_万元": -5.450806,
        "综合收益总额_万元": 7504.001188,
        "归母综合收益总额_万元": 7562.528543
    },
    "现金流量表": {
        "销售商品收到现金_万元": 72712.053353,
        "收到的税费返还_万元": null,
        "收到其他经营活动现金_万元": 5209.872423,
        "经营活动现金流入_万元": 77921.925776,
        "购买商品支付现金_万元": 5582.877101,
        "支付职工现金_万元": 19630.370665,
        "支付税费_万元": 8027.560143,
        "支付其他经营活动现金_万元": 19099.262972,
        "经营活动现金流出_万元": 52340.070881,
        "经营现金流净额_万元": 25581.854895,
        "经营现金流净额同比增长_百分比": 233.71,
        "收回投资现金_万元": 63063.609178,
        "取得投资收益现金_万元": 1895.43926,
        "处置资产收回现金_万元": null,
        "收到其他投资活动现金_万元": null,
        "投资活动现金流入_万元": 64959.048438,
        "投资支付现金_万元": 50000.0,
        "购建资产支付现金_万元": 4799.666245,
        "支付其他投资活动现金_万元": null,
        "投资活动现金流出_万元": 54799.666245,
        "投资现金流净额_万元": 10159.382193,
        "吸收投资现金_万元": null,
        "取得借款现金_万元": 55152.73495,
        "收到其他筹资活动现金_万元": 50.0,
        "筹资活动现金流入_万元": 55202.73495,
        "偿还债务现金_万元": 45393.5,
        "分配股利现金_万元": null,
        "支付其他筹资活动现金_万元": 340.849907,
        "筹资活动现金流出_万元": 57588.67192,
        "融资现金流净额_万元": -2385.93697,
        "汇率变动影响_万元": -5.450806,
        "现金及等价物净增加额_万元": 33349.849312,
        "净现金流_元": null,
        "净现金流同比增长_百分比": 1132.45,
        "期初现金及等价物_万元": 18959.14935,
        "期末现金及等价物_万元": 52308.998662,
        "经营现金流占比_百分比": null,
        "投资现金流占比_百分比": null,
        "融资现金流占比_百分比": null
    }
}