{
    "报告信息": {
        "序号": null,
        "股票代码": "002287",
        "股票简称": "奇正藏药",
        "报告年份": "2024",
        "报告期": "第一季度",
        "总股本_股": 530173477,
        "流通股本_股": null,
        "报告日期": "2024-03-31",
        "审计意见": null,
        "会计师事务所": null,
        "期": "Q1"
    },
    "核心业绩指标": {
        "每股收益_元": 0.1838,
        "稀释每股收益_元": 0.1838,
        "营业总收入_万元": 36509.875648,
        "营业总收入_亿元": 3.6509875648,
        "营收同比增长_百分比": 23.37,
        "营收环比增长_百分比": null,
        "净利润_万元": 9869.417845,
        "净利润_亿元": 0.9869417845,
        "净利润同比增长_百分比": null,
        "净利润环比增长_百分比": null,
        "归母净利润_万元": 9746.083734,
        "少数股东损益_万元": 123.334111,
        "每股净资产_元": null,
        "净资产收益率_百分比": null,
        "扣非净资产收益率_百分比": null,
        "每股经营现金流_元": null,
        "扣非净利润_万元": 5602.848572,
        "扣非净利润同比增长_百分比": 77.42,
        "销售毛利率_百分比": null,
        "销售净利率_百分比": null,
        "加权平均净资产收益率_百分比": 2.59,
        "扣非加权净资产收益率_百分比": null,
        "总资产收益率_百分比": null,
        "主营业务收入_万元": null,
        "主营业务成本_万元": null,
        "主营业务利润_万元": null
    },
    "资产负债表": {
        "货币资金_万元": 35724.186672,
        "应收账款_万元": 24128.691221,
        "应收票据_万元": null,
        "应收款项融资_万元": 58956.316047,
        "预付款项_万元": 2846.559646,
        "其他应收款_万元": 2568.969278,
        "存货_万元": 16901.85733,
        "合同资产_万元": null,
        "一年内到期的非流动资产_万元": null,
        "其他流动资产_万元": 3503.120627,
        "流动资产合计_万元": 365464.221368,
        "交易性金融资产_万元": 220834.520547,
        "债权投资_万元": null,
        "其他债权投资_万元": null,
        "长期应收款_万元": null,
        "长期股权投资_万元": 6026.813756,
        "其他权益工具投资_万元": null,
        "投资性房地产_万元": 1315.470636,
        "固定资产_万元": 130586.284826,
        "在建工程_万元": 32076.38728,
        "生产性生物资产_万元": null,
        "油气资产_万元": null,
        "使用权资产_万元": 1397.599535,
        "无形资产_万元": 34527.439396,
        "开发支出_万元": null,
        "商誉_万元": null,
        "长期待摊费用_万元": 469.110364,
        "递延所得税资产_万元": 3385.996561,
        "其他非流动资产_万元": 36248.253173,
        "非流动资产合计_万元": 311074.914088,
        "总资产_万元": 676539.135456,
        "总资产同比增长_百分比": 7.41,
        "短期借款_万元": 89159.609168,
        "交易性金融负债_万元": null,
        "应付票据_万元": null,
        "应付账款_万元": 24687.428932,
        "预收款项_万元": null,
        "合同负债_万元": 9903.911184,
        "应付职工薪酬_万元": 6761.625667,
        "应交税费_万元": 6608.950978,
        "其他应付款_万元": 19836.469164,
        "一年内到期的非流动负债_万元": 1845.158947,
        "其他流动负债_万元": 1285.626472,
        "流动负债合计_万元": 160088.780512,
        "长期借款_万元": 28128.782143,
        "应付债券_万元": 78903.967166,
        "租赁负债_万元": 699.238907,
        "长期应付款_万元": 260.0,
        "预计负债_万元": null,
        "递延收益_万元": 19130.472583,
        "递延所得税负债_万元": 2397.247414,
        "其他非流动负债_万元": null,
        "非流动负债合计_万元": 129519.708213,
        "总负债_万元": 289608.488725,
        "总负债同比增长_百分比": null,
        "资产负债率_百分比": null,
        "实收资本_万元": 53017.3477,
        "资本公积_万元": 47725.511914,
        "盈余公积_万元": 47197.582778,
        "未分配利润_万元": 220160.495028,
        "其他综合收益_万元": 187.221685,
        "专项储备_万元": 129.945053,
        "归属于母公司所有者权益合计_万元": 381822.661605,
        "少数股东权益_万元": 5107.985126,
        "股东权益合计_万元": 386930.646731
    },
    "利润表": {
        "营业总收入_万元": 36509.875648,
        "营业收入_万元": 36509.875648,
        "营业总收入同比增长_百分比": null,
        "营业成本_万元": 6802.867483,
        "税金及附加_万元": 573.310107,
        "销售费用_万元": 16967.951901,
        "管理费用_万元": 3410.482267,
        "研发费用_万元": 1201.894257,
        "财务费用_万元": 1032.376031,
        "其中利息费用_万元": 1593.423846,
        "其中利息收入_万元": 566.740137,
        "其他收益_万元": 980.879023,
        "投资收益_万元": 1028.574277,
        "其中对联营企业投资收益_万元": -66.312381,
        "公允价值变动收益_万元": 2811.997991,
        "信用减值损失_万元": -6.295226,
        "资产减值损失_万元": null,
        "资产处置收益_万元": null,
        "营业总支出_万元": null,
        "营业利润_万元": 11336.149667,
        "营业外收入_万元": 7.971377,
        "营业外支出_万元": 14.899972,
        "利润总额_万元": 11329.221072,
        "所得税费用_万元": 1459.803227,
        "净利润_万元": 9869.417845,
        "归母净利润_万元": 9746.083734,
        "少数股东损益_万元": 123.334111,
        "持续经营净利润_万元": 9869.417845,
        "终止经营净利润_万元": null,
        "其他综合收益_万元": 6.374645,
        "综合收益总额_万元": 9875.79249,
        "归母综合收益总额_万元": 9752.458379
    },
    "现金流量表": {
        "销售商品收到现金_万元": 20450.080583,
        "收到的税费返还_万元": null,
        "收到其他经营活动现金_万元": 1377.529809,
        "经营活动现金流入_万元": 21827.610392,
        "购买商品支付现金_万元": 2924.469183,
        "支付职工现金_万元": 17640.080419,
        "支付税费_万元": 8638.175609,
        "支付其他经营活动现金_万元": 11757.734164,
        "经营活动现金流出_万元": 40960.459375,
        "经营现金流净额_万元": -19132.848983,
        "经营现金流净额同比增长_百分比": -5.37,
        "收回投资现金_万元": 29900.0,
        "取得投资收益现金_万元": 1102.312695,
        "处置资产收回现金_万元": null,
        "收到其他投资活动现金_万元": null,
        "投资活动现金流入_万元": 31002.312695,
        "投资支付现金_万元": 54000.0,
        "购建资产支付现金_万元": 4690.533462,
        "支付其他投资活动现金_万元": null,
        "投资活动现金流出_万元": 58690.533462,
        "投资现金流净额_万元": -27688.220767,
        "吸收投资现金_万元": null,
        "取得借款现金_万元": 43920.0,
        "收到其他筹资活动现金_万元": null,
        "筹资活动现金流入_万元": 43920.0,
        "偿还债务现金_万元": 10000.0,
        "分配股利现金_万元": 297.187717,
        "支付其他筹资活动现金_万元": null,
        "筹资活动现金流出_万元": 335.475314,
        "融资现金流净额_万元": 43584.524686,
        "汇率变动影响_万元": 6.374645,
        "现金及等价物净增加额_万元": -3230.170419,
        "净现金流_元": null,
        "净现金流同比增长_百分比": null,
        "期初现金及等价物_万元": 38850.377491,
        "期末现金及等价物_万元": 35620.207072,
        "经营现金流占比_百分比": null,
        "投资现金流占比_百分比": null,
        "融资现金流占比_百分比": null
    }
}