{
    "报告信息": {
        "序号": null,
        "股票代码": "002287",
        "股票简称": "奇正藏药",
        "报告年份": "2023",
        "报告期": "HY",
        "总股本_股": 530191359,
        "流通股本_股": null,
        "报告日期": "2023年08月",
        "审计意见": "未经审计",
        "会计师事务所": null
    },
    "核心业绩指标": {
        "每股收益_元": 0.5893,
        "稀释每股收益_元": 0.5888,
        "营业总收入_万元": 82980.662016,
        "营业总收入_亿元": 8.2980662016,
        "营收同比增长_百分比": -7.48,
        "营收环比增长_百分比": null,
        "净利润_万元": 31070.020259,
        "净利润_亿元": 3.1070020259,
        "净利润同比增长_百分比": null,
        "净利润环比增长_百分比": null,
        "归母净利润_万元": 31226.714668,
        "少数股东损益_万元": -156.694409,
        "每股净资产_元": null,
        "净资产收益率_百分比": null,
        "扣非净资产收益率_百分比": null,
        "每股经营现金流_元": null,
        "扣非净利润_万元": 21824.0144,
        "扣非净利润同比增长_百分比": -11.32,
        "销售毛利率_百分比": null,
        "销售净利率_百分比": null,
        "加权平均净资产收益率_百分比": 8.94,
        "扣非加权净资产收益率_百分比": 6.25,
        "总资产收益率_百分比": null,
        "主营业务收入_万元": null,
        "主营业务成本_万元": null,
        "主营业务利润_万元": null
    },
    "资产负债表": {
        "货币资金_万元": 59008.983954,
        "应收账款_万元": 27720.561757,
        "应收票据_万元": 11.571,
        "应收款项融资_万元": 30739.669945,
        "预付款项_万元": 1797.180733,
        "其他应收款_万元": 25955.659848,
        "存货_万元": 15366.356045,
        "合同资产_万元": null,
        "一年内到期的非流动资产_万元": null,
        "其他流动资产_万元": 2111.908094,
        "流动资产合计_万元": 383774.180435,
        "交易性金融资产_万元": 221062.289059,
        "债权投资_万元": null,
        "其他债权投资_万元": null,
        "长期应收款_万元": null,
        "长期股权投资_万元": 34593.21398,
        "其他权益工具投资_万元": null,
        "投资性房地产_万元": 2166.256902,
        "固定资产_万元": 58043.662376,
        "在建工程_万元": 66159.013889,
        "生产性生物资产_万元": null,
        "油气资产_万元": null,
        "使用权资产_万元": 901.137578,
        "无形资产_万元": 36149.041214,
        "开发支出_万元": null,
        "商誉_万元": null,
        "长期待摊费用_万元": 283.089975,
        "递延所得税资产_万元": 3024.583704,
        "其他非流动资产_万元": 202.774009,
        "非流动资产合计_万元": 265928.773627,
        "总资产_万元": 649702.954062,
        "总资产同比增长_百分比": 10.37,
        "短期借款_万元": 100353.465277,
        "交易性金融负债_万元": null,
        "应付票据_万元": 5502.152957,
        "应付账款_万元": 6568.787499,
        "预收款项_万元": null,
        "合同负债_万元": 6416.621922,
        "应付职工薪酬_万元": 7459.305471,
        "应交税费_万元": 6058.396828,
        "其他应付款_万元": 38566.463253,
        "一年内到期的非流动负债_万元": 1609.818111,
        "其他流动负债_万元": 815.364173,
        "流动负债合计_万元": 173350.375491,
        "长期借款_万元": 28688.782143,
        "应付债券_万元": 76156.49634,
        "租赁负债_万元": 433.973158,
        "长期应付款_万元": 260.0,
        "预计负债_万元": null,
        "递延收益_万元": 17147.031519,
        "递延所得税负债_万元": 4324.917765,
        "其他非流动负债_万元": null,
        "非流动负债合计_万元": 127011.200925,
        "总负债_万元": 300361.576416,
        "总负债同比增长_百分比": null,
        "资产负债率_百分比": 46.23,
        "实收资本_万元": 53019.1359,
        "资本公积_万元": 47635.287298,
        "盈余公积_万元": 41694.448356,
        "未分配利润_万元": 189029.48627,
        "其他综合收益_万元": 254.939247,
        "专项储备_万元": 110.421141,
        "归属于母公司所有者权益合计_万元": 344329.593647,
        "少数股东权益_万元": 5011.783999,
        "股东权益合计_万元": 349341.377646
    },
    "利润表": {
        "营业总收入_万元": 82980.662016,
        "营业收入_万元": 82980.662016,
        "营业总收入同比增长_百分比": -7.48,
        "营业成本_万元": 12959.479997,
        "税金及附加_万元": 1414.883901,
        "销售费用_万元": 31121.434763,
        "管理费用_万元": 7798.35673,
        "研发费用_万元": 2715.783309,
        "财务费用_万元": 3130.575462,
        "其中利息费用_万元": 3565.280051,
        "其中利息收入_万元": 448.748603,
        "其他收益_万元": 643.622734,
        "投资收益_万元": 6909.935705,
        "其中对联营企业投资收益_万元": 4814.642747,
        "公允价值变动收益_万元": 2804.832752,
        "信用减值损失_万元": -173.261245,
        "资产减值损失_万元": 5.628487,
        "资产处置收益_万元": 14.343127,
        "营业总支出_万元": 59140.514162,
        "营业利润_万元": 34045.249414,
        "营业外收入_万元": 4.79137,
        "营业外支出_万元": 166.414808,
        "利润总额_万元": 33883.625976,
        "所得税费用_万元": 2813.605717,
        "净利润_万元": 31070.020259,
        "归母净利润_万元": 31226.714668,
        "少数股东损益_万元": -156.694409,
        "持续经营净利润_万元": 31070.020259,
        "终止经营净利润_万元": null,
        "其他综合收益_万元": 135.556008,
        "综合收益总额_万元": 31205.576267,
        "归母综合收益总额_万元": 31362.270676
    },
    "现金流量表": {
        "销售商品收到现金_万元": 103452.706114,
        "收到的税费返还_万元": 453.979537,
        "收到其他经营活动现金_万元": 2217.807014,
        "经营活动现金流入_万元": 106124.492665,
        "购买商品支付现金_万元": 6551.33553,
        "支付职工现金_万元": 25367.652129,
        "支付税费_万元": 11846.589778,
        "支付其他经营活动现金_万元": 39743.452028,
        "经营活动现金流出_万元": 83509.029465,
        "经营现金流净额_万元": 22615.4632,
        "经营现金流净额同比增长_百分比": -5.48,
        "收回投资现金_万元": 65055.45,
        "取得投资收益现金_万元": 2082.290867,
        "处置资产收回现金_万元": 3.5728,
        "收到其他投资活动现金_万元": null,
        "投资活动现金流入_万元": 67141.313667,
        "投资支付现金_万元": 102243.0,
        "购建资产支付现金_万元": 6491.506976,
        "支付其他投资活动现金_万元": null,
        "投资活动现金流出_万元": 108734.506976,
        "投资现金流净额_万元": -41593.193309,
        "吸收投资现金_万元": null,
        "取得借款现金_万元": 50000.0,
        "收到其他筹资活动现金_万元": null,
        "筹资活动现金流入_万元": 50000.0,
        "偿还债务现金_万元": 14904.604167,
        "分配股利现金_万元": 939.543267,
        "支付其他筹资活动现金_万元": 61.832428,
        "筹资活动现金流出_万元": 15905.979862,
        "融资现金流净额_万元": 34094.020138,
        "汇率变动影响_万元": 135.556008,
        "现金及等价物净增加额_万元": 15251.846037,
        "净现金流_元": null,
        "净现金流同比增长_百分比": null,
        "期初现金及等价物_万元": 43757.137917,
        "期末现金及等价物_万元": 59008.983954,
        "经营现金流占比_百分比": null,
        "投资现金流占比_百分比": null,
        "融资现金流占比_百分比": null
    }
}