{
    "报告信息": {
        "序号": null,
        "股票代码": "002287",
        "股票简称": "奇正藏药",
        "报告年份": "2024",
        "报告期": "半年度",
        "总股本_股": 530173477,
        "流通股本_股": 528971263,
        "报告日期": "2024-08-22",
        "审计意见": null,
        "会计师事务所": null,
        "期": "HY"
    },
    "核心业绩指标": {
        "每股收益_元": 0.6143,
        "稀释每股收益_元": 0.6143,
        "营业总收入_万元": 100983.367427,
        "营业总收入_亿元": 10.0983367427,
        "营收同比增长_百分比": 21.7,
        "营收环比增长_百分比": null,
        "净利润_万元": 32708.816116,
        "净利润_亿元": 3.2708816116,
        "净利润同比增长_百分比": 5.26,
        "净利润环比增长_百分比": null,
        "归母净利润_万元": 32568.5757,
        "少数股东损益_万元": 140.240416,
        "每股净资产_元": 6.9004,
        "净资产收益率_百分比": null,
        "扣非净资产收益率_百分比": null,
        "每股经营现金流_元": 0.0848,
        "扣非净利润_万元": 22729.224301,
        "扣非净利润同比增长_百分比": 4.15,
        "销售毛利率_百分比": 81.9,
        "销售净利率_百分比": 32.36,
        "加权平均净资产收益率_百分比": 8.48,
        "扣非加权净资产收益率_百分比": 5.92,
        "总资产收益率_百分比": null,
        "主营业务收入_万元": 100983.367427,
        "主营业务成本_万元": 18287.594463,
        "主营业务利润_万元": null
    },
    "资产负债表": {
        "货币资金_万元": 87574.594624,
        "应收账款_万元": 33391.413834,
        "应收票据_万元": null,
        "应收款项融资_万元": 50891.16353,
        "预付款项_万元": 2152.515123,
        "其他应收款_万元": 2064.950517,
        "存货_万元": 16434.215671,
        "合同资产_万元": null,
        "一年内到期的非流动资产_万元": null,
        "其他流动资产_万元": 2765.23724,
        "流动资产合计_万元": 411562.330423,
        "交易性金融资产_万元": 216287.238884,
        "债权投资_万元": null,
        "其他债权投资_万元": null,
        "长期应收款_万元": null,
        "长期股权投资_万元": 6172.89635,
        "其他权益工具投资_万元": null,
        "投资性房地产_万元": 1557.307435,
        "固定资产_万元": 129045.928735,
        "在建工程_万元": 37625.992429,
        "生产性生物资产_万元": null,
        "油气资产_万元": null,
        "使用权资产_万元": 1102.411656,
        "无形资产_万元": 33855.697805,
        "开发支出_万元": null,
        "商誉_万元": null,
        "长期待摊费用_万元": 443.409325,
        "递延所得税资产_万元": 3335.297186,
        "其他非流动资产_万元": 5773.111356,
        "非流动资产合计_万元": 262856.421976,
        "总资产_万元": 674418.752399,
        "总资产同比增长_百分比": 7.08,
        "短期借款_万元": 75424.626876,
        "交易性金融负债_万元": null,
        "应付票据_万元": null,
        "应付账款_万元": 17077.874347,
        "预收款项_万元": null,
        "合同负债_万元": 7310.409179,
        "应付职工薪酬_万元": 7824.396106,
        "应交税费_万元": 6604.446393,
        "其他应付款_万元": 43597.751887,
        "一年内到期的非流动负债_万元": 7544.051302,
        "其他流动负债_万元": 165.493011,
        "流动负债合计_万元": 165549.055101,
        "长期借款_万元": 22308.782143,
        "应付债券_万元": 79808.315536,
        "租赁负债_万元": 562.545427,
        "长期应付款_万元": 260.0,
        "预计负债_万元": null,
        "递延收益_万元": 18783.508852,
        "递延所得税负债_万元": 2762.095379,
        "其他非流动负债_万元": null,
        "非流动负债合计_万元": 124485.247337,
        "总负债_万元": 290034.302438,
        "总负债同比增长_百分比": null,
        "资产负债率_百分比": 43.01,
        "实收资本_万元": 53017.3477,
        "资本公积_万元": 47752.344109,
        "盈余公积_万元": 47197.582778,
        "未分配利润_万元": 217534.660098,
        "其他综合收益_万元": 203.925902,
        "专项储备_万元": 136.453804,
        "归属于母公司所有者权益合计_万元": 379256.671838,
        "少数股东权益_万元": 5126.783123,
        "股东权益合计_万元": 384384.449961
    },
    "利润表": {
        "营业总收入_万元": 100983.367427,
        "营业收入_万元": 100983.367427,
        "营业总收入同比增长_百分比": 21.7,
        "营业成本_万元": 18287.594463,
        "税金及附加_万元": 2114.055066,
        "销售费用_万元": 41920.905364,
        "管理费用_万元": 7568.18296,
        "研发费用_万元": 2732.188068,
        "财务费用_万元": 2914.47884,
        "其中利息费用_万元": 3027.643026,
        "其中利息收入_万元": 126.458813,
        "其他收益_万元": 5452.355154,
        "投资收益_万元": 498.297134,
        "其中对联营企业投资收益_万元": -244.229787,
        "公允价值变动收益_万元": 5314.514688,
        "信用减值损失_万元": -49.388915,
        "资产减值损失_万元": -8.799689,
        "资产处置收益_万元": -1.438606,
        "营业总支出_万元": 75537.404761,
        "营业利润_万元": 36652.941038,
        "营业外收入_万元": 8.172161,
        "营业外支出_万元": 144.869228,
        "利润总额_万元": 36516.243971,
        "所得税费用_万元": 3807.427855,
        "净利润_万元": 32708.816116,
        "归母净利润_万元": 32568.5757,
        "少数股东损益_万元": 140.240416,
        "持续经营净利润_万元": 32708.816116,
        "终止经营净利润_万元": null,
        "其他综合收益_万元": 23.078862,
        "综合收益总额_万元": 32731.894978,
        "归母综合收益总额_万元": 32591.654562
    },
    "现金流量表": {
        "销售商品收到现金_万元": 84228.98896,
        "收到的税费返还_万元": 1725.490705,
        "收到其他经营活动现金_万元": 5990.530098,
        "经营活动现金流入_万元": 91945.009763,
        "购买商品支付现金_万元": 5468.322196,
        "支付职工现金_万元": 30018.170112,
        "支付税费_万元": 18617.033319,
        "支付其他经营活动现金_万元": 33349.956366,
        "经营活动现金流出_万元": 87453.481993,
        "经营现金流净额_万元": 4491.52777,
        "经营现金流净额同比增长_百分比": -80.14,
        "收回投资现金_万元": 132174.88191,
        "取得投资收益现金_万元": 1637.978449,
        "处置资产收回现金_万元": null,
        "收到其他投资活动现金_万元": null,
        "投资活动现金流入_万元": 133812.860359,
        "投资支付现金_万元": 99324.0,
        "购建资产支付现金_万元": 19366.436093,
        "支付其他投资活动现金_万元": null,
        "投资活动现金流出_万元": 118690.436093,
        "投资现金流净额_万元": 15122.424266,
        "吸收投资现金_万元": null,
        "取得借款现金_万元": 65350.0,
        "收到其他筹资活动现金_万元": null,
        "筹资活动现金流入_万元": 65350.0,
        "偿还债务现金_万元": 35270.0,
        "分配股利现金_万元": 882.676445,
        "支付其他筹资活动现金_万元": 219.784153,
        "筹资活动现金流出_万元": 36372.460598,
        "融资现金流净额_万元": 28977.539402,
        "汇率变动影响_万元": 23.078862,
        "现金及等价物净增加额_万元": 48614.5703,
        "净现金流_元": null,
        "净现金流同比增长_百分比": null,
        "期初现金及等价物_万元": 38850.377491,
        "期末现金及等价物_万元": 87464.947791,
        "经营现金流占比_百分比": 9.24,
        "投资现金流占比_百分比": 31.15,
        "融资现金流占比_百分比": 59.61
    }
}