{
    "报告信息": {
        "序号": null,
        "股票代码": "002773",
        "股票简称": "康弘药业",
        "报告年份": "2024",
        "报告期": "Q3",
        "总股本_股": 919778254,
        "流通股本_股": null,
        "报告日期": "2024-09-30",
        "审计意见": "未经审计",
        "会计师事务所": null
    },
    "核心业绩指标": {
        "每股收益_元": 1.06,
        "稀释每股收益_元": 1.06,
        "营业总收入_万元": 341129.319361,
        "营业总收入_亿元": 34.1129319361,
        "营收同比增长_百分比": 13.75,
        "营收环比增长_百分比": null,
        "净利润_万元": 96488.983003,
        "净利润_亿元": 9.6488983003,
        "净利润同比增长_百分比": null,
        "净利润环比增长_百分比": null,
        "归母净利润_万元": 97371.157804,
        "少数股东损益_万元": -882.174801,
        "每股净资产_元": null,
        "净资产收益率_百分比": null,
        "扣非净资产收益率_百分比": null,
        "每股经营现金流_元": null,
        "扣非净利润_万元": 95900.602869,
        "扣非净利润同比增长_百分比": 19.57,
        "销售毛利率_百分比": null,
        "销售净利率_百分比": null,
        "加权平均净资产收益率_百分比": 11.96,
        "扣非加权净资产收益率_百分比": null,
        "总资产收益率_百分比": null,
        "主营业务收入_万元": 341129.319361,
        "主营业务成本_万元": 34530.602789,
        "主营业务利润_万元": null
    },
    "资产负债表": {
        "货币资金_万元": 332505.881152,
        "应收账款_万元": 17408.807423,
        "应收票据_万元": 53.20806,
        "应收款项融资_万元": null,
        "预付款项_万元": 4158.991699,
        "其他应收款_万元": 1653.015599,
        "存货_万元": 40442.300553,
        "合同资产_万元": null,
        "一年内到期的非流动资产_万元": null,
        "其他流动资产_万元": 2104.767639,
        "流动资产合计_万元": 620326.972125,
        "交易性金融资产_万元": 222000.0,
        "债权投资_万元": null,
        "其他债权投资_万元": null,
        "长期应收款_万元": null,
        "长期股权投资_万元": 1657.66026,
        "其他权益工具投资_万元": null,
        "投资性房地产_万元": null,
        "固定资产_万元": 222263.561451,
        "在建工程_万元": 8955.17085,
        "生产性生物资产_万元": 543.381085,
        "油气资产_万元": null,
        "使用权资产_万元": 593.945696,
        "无形资产_万元": 29359.890532,
        "开发支出_万元": 10620.993704,
        "商誉_万元": null,
        "长期待摊费用_万元": 481.159245,
        "递延所得税资产_万元": 24266.148749,
        "其他非流动资产_万元": 2214.025647,
        "非流动资产合计_万元": 300955.937219,
        "总资产_万元": 921282.909344,
        "总资产同比增长_百分比": 8.01,
        "短期借款_万元": null,
        "交易性金融负债_万元": null,
        "应付票据_万元": null,
        "应付账款_万元": 24373.557647,
        "预收款项_万元": 485.350252,
        "合同负债_万元": 381.590229,
        "应付职工薪酬_万元": 2445.232941,
        "应交税费_万元": 5119.541018,
        "其他应付款_万元": 33663.517641,
        "一年内到期的非流动负债_万元": 240.691538,
        "其他流动负债_万元": 6839.733091,
        "流动负债合计_万元": 73549.214357,
        "长期借款_万元": null,
        "应付债券_万元": null,
        "租赁负债_万元": 387.587637,
        "长期应付款_万元": 1012.209341,
        "预计负债_万元": null,
        "递延收益_万元": 1770.40423,
        "递延所得税负债_万元": 1105.455241,
        "其他非流动负债_万元": null,
        "非流动负债合计_万元": 4275.656449,
        "总负债_万元": 77824.870806,
        "总负债同比增长_百分比": null,
        "资产负债率_百分比": null,
        "实收资本_万元": 91977.8254,
        "资本公积_万元": 199660.078593,
        "盈余公积_万元": 51531.520697,
        "未分配利润_万元": 500530.977487,
        "其他综合收益_万元": -148.953004,
        "专项储备_万元": null,
        "归属于母公司所有者权益合计_万元": 843551.449173,
        "少数股东权益_万元": -93.410635,
        "股东权益合计_万元": 843458.038538
    },
    "利润表": {
        "营业总收入_万元": 341129.319361,
        "营业收入_万元": 341129.319361,
        "营业总收入同比增长_百分比": 13.75,
        "营业成本_万元": 34530.602789,
        "税金及附加_万元": 4256.579028,
        "销售费用_万元": 128780.570252,
        "管理费用_万元": 34030.748238,
        "研发费用_万元": 34215.808875,
        "财务费用_万元": -4637.675316,
        "其中利息费用_万元": null,
        "其中利息收入_万元": 4700.81832,
        "其他收益_万元": 3297.976034,
        "投资收益_万元": 2031.817416,
        "其中对联营企业投资收益_万元": -20.010892,
        "公允价值变动收益_万元": -138.72,
        "信用减值损失_万元": -198.32505,
        "资产减值损失_万元": -74.631613,
        "资产处置收益_万元": 1.459148,
        "营业总支出_万元": 231176.633866,
        "营业利润_万元": 114872.26143,
        "营业外收入_万元": 233.973471,
        "营业外支出_万元": 1289.184886,
        "利润总额_万元": 113817.050015,
        "所得税费用_万元": 17328.067012,
        "净利润_万元": 96488.983003,
        "归母净利润_万元": 97371.157804,
        "少数股东损益_万元": -882.174801,
        "持续经营净利润_万元": 96488.983003,
        "终止经营净利润_万元": null,
        "其他综合收益_万元": -14.808722,
        "综合收益总额_万元": 96474.174281,
        "归母综合收益总额_万元": 97356.349082
    },
    "现金流量表": {
        "销售商品收到现金_万元": 364930.955309,
        "收到的税费返还_万元": 255.237517,
        "收到其他经营活动现金_万元": 3266.435177,
        "经营活动现金流入_万元": 368452.628003,
        "购买商品支付现金_万元": 27593.176142,
        "支付职工现金_万元": 89159.535948,
        "支付税费_万元": 29952.576783,
        "支付其他经营活动现金_万元": 96300.577968,
        "经营活动现金流出_万元": 243005.866841,
        "经营现金流净额_万元": 125446.761162,
        "经营现金流净额同比增长_百分比": 24.72,
        "收回投资现金_万元": 211079.0,
        "取得投资收益现金_万元": 2051.828308,
        "处置资产收回现金_万元": 34.837887,
        "收到其他投资活动现金_万元": 38.730859,
        "投资活动现金流入_万元": 213204.397054,
        "投资支付现金_万元": 433079.0,
        "购建资产支付现金_万元": 11758.073172,
        "支付其他投资活动现金_万元": 61.0,
        "投资活动现金流出_万元": 444898.073172,
        "投资现金流净额_万元": -231693.676118,
        "吸收投资现金_万元": 674.71494,
        "取得借款现金_万元": null,
        "收到其他筹资活动现金_万元": null,
        "筹资活动现金流入_万元": 674.71494,
        "偿还债务现金_万元": null,
        "分配股利现金_万元": 34939.630252,
        "支付其他筹资活动现金_万元": 54.922136,
        "筹资活动现金流出_万元": 34994.552388,
        "融资现金流净额_万元": -34319.837448,
        "汇率变动影响_万元": -74.625711,
        "现金及等价物净增加额_万元": -140641.378115,
        "净现金流_元": null,
        "净现金流同比增长_百分比": null,
        "期初现金及等价物_万元": 466999.42206,
        "期末现金及等价物_万元": 326358.043945,
        "经营现金流占比_百分比": null,
        "投资现金流占比_百分比": null,
        "融资现金流占比_百分比": null
    }
}