{
    "报告信息": {
        "序号": "2025-018",
        "股票代码": "300869",
        "股票简称": "康泰医学",
        "报告年份": "2024",
        "报告期": "年度",
        "总股本_股": 401802977,
        "流通股本_股": null,
        "报告日期": null,
        "审计意见": "标准的无保留意见",
        "会计师事务所": "德勤华永会计师事务所（特殊普通合伙）",
        "期": "FY"
    },
    "核心业绩指标": {
        "每股收益_元": -0.19,
        "稀释每股收益_元": -0.17,
        "营业总收入_万元": 47980.517409,
        "营业总收入_亿元": 4.7980517409,
        "营收同比增长_百分比": -35.76,
        "营收环比增长_百分比": null,
        "净利润_万元": -7790.256468,
        "净利润_亿元": -0.7790256468,
        "净利润同比增长_百分比": -147.0,
        "净利润环比增长_百分比": null,
        "归母净利润_万元": -7790.256468,
        "少数股东损益_万元": null,
        "每股净资产_元": null,
        "净资产收益率_百分比": -4.02,
        "扣非净资产收益率_百分比": null,
        "每股经营现金流_元": null,
        "扣非净利润_万元": -9507.925137,
        "扣非净利润同比增长_百分比": -163.49,
        "销售毛利率_百分比": null,
        "销售净利率_百分比": null,
        "加权平均净资产收益率_百分比": -4.02,
        "扣非加权净资产收益率_百分比": null,
        "总资产收益率_百分比": null,
        "主营业务收入_万元": 47607.275691,
        "主营业务成本_万元": 24065.378951,
        "主营业务利润_万元": null
    },
    "资产负债表": {
        "货币资金_万元": 68430.777148,
        "应收账款_万元": 4599.878184,
        "应收票据_万元": null,
        "应收款项融资_万元": null,
        "预付款项_万元": 617.848889,
        "其他应收款_万元": 734.182752,
        "存货_万元": 27232.295649,
        "合同资产_万元": null,
        "一年内到期的非流动资产_万元": 25202.834247,
        "其他流动资产_万元": 48145.3009,
        "流动资产合计_万元": 192121.926088,
        "交易性金融资产_万元": 17158.808319,
        "债权投资_万元": null,
        "其他债权投资_万元": null,
        "长期应收款_万元": null,
        "长期股权投资_万元": null,
        "其他权益工具投资_万元": null,
        "投资性房地产_万元": 826.587777,
        "固定资产_万元": 25935.278407,
        "在建工程_万元": 7284.729884,
        "生产性生物资产_万元": null,
        "油气资产_万元": null,
        "使用权资产_万元": 386.765158,
        "无形资产_万元": 5207.350519,
        "开发支出_万元": null,
        "商誉_万元": null,
        "长期待摊费用_万元": 7.052601,
        "递延所得税资产_万元": 377.970893,
        "其他非流动资产_万元": 40404.057376,
        "非流动资产合计_万元": 80429.792615,
        "总资产_万元": 272551.718703,
        "总资产同比增长_百分比": -15.14,
        "短期借款_万元": 6000.0,
        "交易性金融负债_万元": null,
        "应付票据_万元": 1839.377257,
        "应付账款_万元": 3203.693034,
        "预收款项_万元": null,
        "合同负债_万元": 3203.693034,
        "应付职工薪酬_万元": 1130.486891,
        "应交税费_万元": 152.886275,
        "其他应付款_万元": 1010.586034,
        "一年内到期的非流动负债_万元": 141.820579,
        "其他流动负债_万元": null,
        "流动负债合计_万元": 13478.85007,
        "长期借款_万元": null,
        "应付债券_万元": 72352.170993,
        "租赁负债_万元": 183.47004,
        "长期应付款_万元": null,
        "预计负债_万元": null,
        "递延收益_万元": 781.003322,
        "递延所得税负债_万元": 14.649286,
        "其他非流动负债_万元": null,
        "非流动负债合计_万元": 73331.293641,
        "总负债_万元": 86810.143711,
        "总负债同比增长_百分比": -25.64,
        "资产负债率_百分比": 31.85,
        "实收资本_万元": null,
        "资本公积_万元": 35234.002382,
        "盈余公积_万元": 17445.661855,
        "未分配利润_万元": 89240.652633,
        "其他综合收益_万元": 332.623941,
        "专项储备_万元": 346.942806,
        "归属于母公司所有者权益合计_万元": 185741.574992,
        "少数股东权益_万元": null,
        "股东权益合计_万元": 185741.574992
    },
    "利润表": {
        "营业总收入_万元": 47980.517409,
        "营业收入_万元": 47980.517409,
        "营业总收入同比增长_百分比": -35.76,
        "营业成本_万元": 24302.261299,
        "税金及附加_万元": 846.322661,
        "销售费用_万元": 8852.70301,
        "管理费用_万元": 4082.215541,
        "研发费用_万元": 10515.637917,
        "财务费用_万元": -1831.910615,
        "其中利息费用_万元": 3529.99893,
        "其中利息收入_万元": 4853.943867,
        "其他收益_万元": 731.007554,
        "投资收益_万元": 2251.883481,
        "其中对联营企业投资收益_万元": null,
        "公允价值变动收益_万元": 158.808319,
        "信用减值损失_万元": -182.071408,
        "资产减值损失_万元": -10944.571665,
        "资产处置收益_万元": 16.624178,
        "营业总支出_万元": null,
        "营业利润_万元": -6755.031945,
        "营业外收入_万元": 162.773734,
        "营业外支出_万元": 796.474443,
        "利润总额_万元": -7388.732654,
        "所得税费用_万元": 401.523814,
        "净利润_万元": -7790.256468,
        "归母净利润_万元": -7790.256468,
        "少数股东损益_万元": null,
        "持续经营净利润_万元": -7790.256468,
        "终止经营净利润_万元": null,
        "其他综合收益_万元": 39.662848,
        "综合收益总额_万元": -7750.59362,
        "归母综合收益总额_万元": -7750.59362
    },
    "现金流量表": {
        "销售商品收到现金_万元": 49157.648876,
        "收到的税费返还_万元": 632.050823,
        "收到其他经营活动现金_万元": 2839.958383,
        "经营活动现金流入_万元": 52629.658082,
        "购买商品支付现金_万元": 12031.841964,
        "支付职工现金_万元": 18505.634755,
        "支付税费_万元": 4700.55106,
        "支付其他经营活动现金_万元": 11157.372421,
        "经营活动现金流出_万元": 46395.4002,
        "经营现金流净额_万元": 6234.257882,
        "经营现金流净额同比增长_百分比": -65.56,
        "收回投资现金_万元": 525006.41436,
        "取得投资收益现金_万元": 11807.664682,
        "处置资产收回现金_万元": 94.710301,
        "收到其他投资活动现金_万元": null,
        "投资活动现金流入_万元": 536908.789343,
        "投资支付现金_万元": 515030.402384,
        "购建资产支付现金_万元": 5446.071253,
        "支付其他投资活动现金_万元": 27000.0,
        "投资活动现金流出_万元": 547476.447363,
        "投资现金流净额_万元": -10567.65802,
        "吸收投资现金_万元": null,
        "取得借款现金_万元": 9000.0,
        "收到其他筹资活动现金_万元": 67318.76,
        "筹资活动现金流入_万元": 76318.76,
        "偿还债务现金_万元": 37700.0,
        "分配股利现金_万元": 12771.676846,
        "支付其他筹资活动现金_万元": 220.983126,
        "筹资活动现金流出_万元": 50692.659972,
        "融资现金流净额_万元": 25626.100028,
        "汇率变动影响_万元": 415.778859,
        "现金及等价物净增加额_万元": 21708.452475,
        "净现金流_元": null,
        "净现金流同比增长_百分比": null,
        "期初现金及等价物_万元": 46722.324673,
        "期末现金及等价物_万元": 68430.777148,
        "经营现金流占比_百分比": null,
        "投资现金流占比_百分比": null,
        "融资现金流占比_百分比": null
    }
}