{
    "报告信息": {
        "序号": null,
        "股票代码": "300869",
        "股票简称": "康泰医学",
        "报告年份": "2023",
        "报告期": "Q3",
        "总股本_股": 401802671,
        "流通股本_股": null,
        "报告日期": "2023-09-30",
        "审计意见": null,
        "会计师事务所": null
    },
    "核心业绩指标": {
        "每股收益_元": 0.4856,
        "稀释每股收益_元": 0.4625,
        "营业总收入_万元": 61722.711911,
        "营业总收入_亿元": 6.1722711911,
        "营收同比增长_百分比": 33.55,
        "营收环比增长_百分比": null,
        "净利润_万元": 19511.755443,
        "净利润_亿元": 1.9511755443,
        "净利润同比增长_百分比": 12.0,
        "净利润环比增长_百分比": null,
        "归母净利润_万元": 19511.755443,
        "少数股东损益_万元": null,
        "每股净资产_元": null,
        "净资产收益率_百分比": 9.71,
        "扣非净资产收益率_百分比": null,
        "每股经营现金流_元": null,
        "扣非净利润_万元": 18290.147918,
        "扣非净利润同比增长_百分比": 6.46,
        "销售毛利率_百分比": null,
        "销售净利率_百分比": null,
        "加权平均净资产收益率_百分比": 9.71,
        "扣非加权净资产收益率_百分比": null,
        "总资产收益率_百分比": null,
        "主营业务收入_万元": 61722.711911,
        "主营业务成本_万元": 25823.690902,
        "主营业务利润_万元": null
    },
    "资产负债表": {
        "货币资金_万元": 36296.448715,
        "应收账款_万元": 5088.134223,
        "应收票据_万元": 120.75,
        "应收款项融资_万元": null,
        "预付款项_万元": 1227.327863,
        "其他应收款_万元": 1089.360854,
        "存货_万元": 51078.763105,
        "合同资产_万元": null,
        "一年内到期的非流动资产_万元": 93571.309726,
        "其他流动资产_万元": 10128.82807,
        "流动资产合计_万元": 263606.741734,
        "交易性金融资产_万元": 65005.819178,
        "债权投资_万元": null,
        "其他债权投资_万元": null,
        "长期应收款_万元": null,
        "长期股权投资_万元": null,
        "其他权益工具投资_万元": null,
        "投资性房地产_万元": 1794.327636,
        "固定资产_万元": 27021.182439,
        "在建工程_万元": 1648.58779,
        "生产性生物资产_万元": null,
        "油气资产_万元": null,
        "使用权资产_万元": 446.671356,
        "无形资产_万元": 5541.146542,
        "开发支出_万元": null,
        "商誉_万元": null,
        "长期待摊费用_万元": null,
        "递延所得税资产_万元": 136.079234,
        "其他非流动资产_万元": 46428.444643,
        "非流动资产合计_万元": 83016.43964,
        "总资产_万元": 346623.181374,
        "总资产同比增长_百分比": -7.14,
        "短期借款_万元": 56287.84,
        "交易性金融负债_万元": null,
        "应付票据_万元": null,
        "应付账款_万元": 2270.504845,
        "预收款项_万元": null,
        "合同负债_万元": 4432.984572,
        "应付职工薪酬_万元": 1204.373205,
        "应交税费_万元": 3840.134268,
        "其他应付款_万元": 1038.01174,
        "一年内到期的非流动负债_万元": 151.362071,
        "其他流动负债_万元": null,
        "流动负债合计_万元": 69225.210701,
        "长期借款_万元": null,
        "应付债券_万元": 68748.862932,
        "租赁负债_万元": 287.038053,
        "长期应付款_万元": null,
        "预计负债_万元": null,
        "递延收益_万元": 800.557287,
        "递延所得税负债_万元": 89.698177,
        "其他非流动负债_万元": null,
        "非流动负债合计_万元": 69926.156449,
        "总负债_万元": 139151.36715,
        "总负债同比增长_百分比": null,
        "资产负债率_百分比": null,
        "实收资本_万元": 40180.2671,
        "资本公积_万元": 34529.299908,
        "盈余公积_万元": 15753.09433,
        "未分配利润_万元": 113712.716439,
        "其他综合收益_万元": 350.000721,
        "专项储备_万元": null,
        "归属于母公司所有者权益合计_万元": 207471.814224,
        "少数股东权益_万元": null,
        "股东权益合计_万元": 207471.814224
    },
    "利润表": {
        "营业总收入_万元": 61722.711911,
        "营业收入_万元": 61722.711911,
        "营业总收入同比增长_百分比": 33.55,
        "营业成本_万元": 25823.690902,
        "税金及附加_万元": 1097.500266,
        "销售费用_万元": 7909.526326,
        "管理费用_万元": 3239.539677,
        "研发费用_万元": 7980.643964,
        "财务费用_万元": -3135.467338,
        "其中利息费用_万元": null,
        "其中利息收入_万元": null,
        "其他收益_万元": 2990.398833,
        "投资收益_万元": 5710.660877,
        "其中对联营企业投资收益_万元": null,
        "公允价值变动收益_万元": -4657.825852,
        "信用减值损失_万元": 33.374017,
        "资产减值损失_万元": -849.341076,
        "资产处置收益_万元": -0.563527,
        "营业总支出_万元": 42915.433797,
        "营业利润_万元": 22033.981386,
        "营业外收入_万元": 43.227526,
        "营业外支出_万元": 60.616698,
        "利润总额_万元": 22016.592214,
        "所得税费用_万元": 2504.836771,
        "净利润_万元": 19511.755443,
        "归母净利润_万元": 19511.755443,
        "少数股东损益_万元": null,
        "持续经营净利润_万元": 19511.755443,
        "终止经营净利润_万元": null,
        "其他综合收益_万元": 133.219588,
        "综合收益总额_万元": 19644.975031,
        "归母综合收益总额_万元": 19644.975031
    },
    "现金流量表": {
        "销售商品收到现金_万元": 75405.004478,
        "收到的税费返还_万元": 4481.159449,
        "收到其他经营活动现金_万元": 3939.913567,
        "经营活动现金流入_万元": 83826.077494,
        "购买商品支付现金_万元": 33140.11213,
        "支付职工现金_万元": 15956.002946,
        "支付税费_万元": 6862.237483,
        "支付其他经营活动现金_万元": 10095.493537,
        "经营活动现金流出_万元": 66053.846096,
        "经营现金流净额_万元": 17772.231398,
        "经营现金流净额同比增长_百分比": 164.98,
        "收回投资现金_万元": null,
        "取得投资收益现金_万元": 5569.036433,
        "处置资产收回现金_万元": 6.439524,
        "收到其他投资活动现金_万元": 6600.0,
        "投资活动现金流入_万元": 12175.475957,
        "投资支付现金_万元": 65000.0,
        "购建资产支付现金_万元": 3877.372934,
        "支付其他投资活动现金_万元": 15000.0,
        "投资活动现金流出_万元": 83877.372934,
        "投资现金流净额_万元": -71701.896977,
        "吸收投资现金_万元": null,
        "取得借款现金_万元": 63287.84,
        "收到其他筹资活动现金_万元": 11949.320044,
        "筹资活动现金流入_万元": 75237.160044,
        "偿还债务现金_万元": 97681.01259,
        "分配股利现金_万元": 6494.239595,
        "支付其他筹资活动现金_万元": 20256.284672,
        "筹资活动现金流出_万元": 124431.536857,
        "融资现金流净额_万元": -49194.376813,
        "汇率变动影响_万元": 688.181301,
        "现金及等价物净增加额_万元": -102435.861091,
        "净现金流_元": null,
        "净现金流同比增长_百分比": null,
        "期初现金及等价物_万元": 138732.309806,
        "期末现金及等价物_万元": 36296.448715,
        "经营现金流占比_百分比": null,
        "投资现金流占比_百分比": null,
        "融资现金流占比_百分比": null
    }
}