{
    "报告信息": {
        "序号": null,
        "股票代码": "301334",
        "股票简称": "恩威医药",
        "报告年份": "2024",
        "报告期": "FY",
        "总股本_股": 102891887,
        "流通股本_股": 33101703,
        "报告日期": null,
        "审计意见": "标准的无保留意见",
        "会计师事务所": "信永中和会计师事务所（特殊普通合伙）"
    },
    "核心业绩指标": {
        "每股收益_元": 0.3728,
        "稀释每股收益_元": 0.3714,
        "营业总收入_万元": 81212.743113,
        "营业总收入_亿元": 8.1212743113,
        "营收同比增长_百分比": 3.43,
        "营收环比增长_百分比": null,
        "净利润_万元": 3749.754435,
        "净利润_亿元": 0.3749754435,
        "净利润同比增长_百分比": -56.55,
        "净利润环比增长_百分比": null,
        "归母净利润_万元": 3749.754435,
        "少数股东损益_万元": null,
        "每股净资产_元": 10.28,
        "净资产收益率_百分比": 3.55,
        "扣非净资产收益率_百分比": null,
        "每股经营现金流_元": 0.767,
        "扣非净利润_万元": 3472.963724,
        "扣非净利润同比增长_百分比": -52.8,
        "销售毛利率_百分比": 50.81,
        "销售净利率_百分比": 4.62,
        "加权平均净资产收益率_百分比": 3.55,
        "扣非加权净资产收益率_百分比": null,
        "总资产收益率_百分比": 2.49,
        "主营业务收入_万元": 80818.837012,
        "主营业务成本_万元": 39704.699546,
        "主营业务利润_万元": 41114.137466
    },
    "资产负债表": {
        "货币资金_万元": 37027.449359,
        "应收账款_万元": 12024.224529,
        "应收票据_万元": null,
        "应收款项融资_万元": 17628.64636,
        "预付款项_万元": 2112.360607,
        "其他应收款_万元": 369.021926,
        "存货_万元": 11555.155367,
        "合同资产_万元": null,
        "一年内到期的非流动资产_万元": null,
        "其他流动资产_万元": 14.52161,
        "流动资产合计_万元": 95203.715723,
        "交易性金融资产_万元": 14472.335965,
        "债权投资_万元": null,
        "其他债权投资_万元": null,
        "长期应收款_万元": null,
        "长期股权投资_万元": 37.440042,
        "其他权益工具投资_万元": null,
        "投资性房地产_万元": 2847.61706,
        "固定资产_万元": 20311.58333,
        "在建工程_万元": 4036.789007,
        "生产性生物资产_万元": null,
        "油气资产_万元": null,
        "使用权资产_万元": 306.759755,
        "无形资产_万元": 13337.368511,
        "开发支出_万元": null,
        "商誉_万元": 1005.526,
        "长期待摊费用_万元": 869.500489,
        "递延所得税资产_万元": 464.049101,
        "其他非流动资产_万元": 2982.8077,
        "非流动资产合计_万元": 55249.176082,
        "总资产_万元": 150452.891805,
        "总资产同比增长_百分比": 12.49,
        "短期借款_万元": null,
        "交易性金融负债_万元": null,
        "应付票据_万元": null,
        "应付账款_万元": 4949.317061,
        "预收款项_万元": null,
        "合同负债_万元": 2461.198613,
        "应付职工薪酬_万元": 3408.976695,
        "应交税费_万元": 1523.790561,
        "其他应付款_万元": 10042.895166,
        "一年内到期的非流动负债_万元": 1136.080926,
        "其他流动负债_万元": 319.955819,
        "流动负债合计_万元": 23842.214841,
        "长期借款_万元": 18500.0,
        "应付债券_万元": null,
        "租赁负债_万元": 152.076619,
        "长期应付款_万元": null,
        "预计负债_万元": null,
        "递延收益_万元": 995.742951,
        "递延所得税负债_万元": 1195.749045,
        "其他非流动负债_万元": null,
        "非流动负债合计_万元": 20843.568615,
        "总负债_万元": 44685.783456,
        "总负债同比增长_百分比": 90.71,
        "资产负债率_百分比": 29.7,
        "实收资本_万元": 10289.1887,
        "资本公积_万元": 63871.09755,
        "盈余公积_万元": 3690.930803,
        "未分配利润_万元": 33833.577984,
        "其他综合收益_万元": null,
        "专项储备_万元": null,
        "归属于母公司所有者权益合计_万元": 105767.108349,
        "少数股东权益_万元": null,
        "股东权益合计_万元": 105767.108349
    },
    "利润表": {
        "营业总收入_万元": 81212.743113,
        "营业收入_万元": 81212.743113,
        "营业总收入同比增长_百分比": 3.43,
        "营业成本_万元": 39944.693966,
        "税金及附加_万元": 1255.505815,
        "销售费用_万元": 26714.500109,
        "管理费用_万元": 7622.620319,
        "研发费用_万元": 907.391583,
        "财务费用_万元": -127.164345,
        "其中利息费用_万元": 242.642462,
        "其中利息收入_万元": 409.06939,
        "其他收益_万元": 288.493995,
        "投资收益_万元": 349.442127,
        "其中对联营企业投资收益_万元": 0.041107,
        "公允价值变动收益_万元": null,
        "信用减值损失_万元": -150.637682,
        "资产减值损失_万元": -387.7937,
        "资产处置收益_万元": -26.348807,
        "营业总支出_万元": 76317.247447,
        "营业利润_万元": 4968.651599,
        "营业外收入_万元": 22.399878,
        "营业外支出_万元": -322.668045,
        "利润总额_万元": 4668.383432,
        "所得税费用_万元": 918.628997,
        "净利润_万元": 3749.754435,
        "归母净利润_万元": 3749.754435,
        "少数股东损益_万元": null,
        "持续经营净利润_万元": 3749.754435,
        "终止经营净利润_万元": null,
        "其他综合收益_万元": null,
        "综合收益总额_万元": 3749.754435,
        "归母综合收益总额_万元": 3749.754435
    },
    "现金流量表": {
        "销售商品收到现金_万元": 74571.277463,
        "收到的税费返还_万元": null,
        "收到其他经营活动现金_万元": 397.5507,
        "经营活动现金流入_万元": 74968.828163,
        "购买商品支付现金_万元": 27513.793542,
        "支付职工现金_万元": 19645.647592,
        "支付税费_万元": 8086.54414,
        "支付其他经营活动现金_万元": 11830.870906,
        "经营活动现金流出_万元": 67076.85618,
        "经营现金流净额_万元": 7891.971983,
        "经营现金流净额同比增长_百分比": -6.06,
        "收回投资现金_万元": null,
        "取得投资收益现金_万元": 393.050034,
        "处置资产收回现金_万元": 34.408,
        "收到其他投资活动现金_万元": 95344.297679,
        "投资活动现金流入_万元": 95771.755713,
        "投资支付现金_万元": null,
        "购建资产支付现金_万元": 5023.242994,
        "支付其他投资活动现金_万元": 101810.25,
        "投资活动现金流出_万元": 106833.492994,
        "投资现金流净额_万元": -11061.737281,
        "吸收投资现金_万元": 1836.361113,
        "取得借款现金_万元": 24180.0,
        "收到其他筹资活动现金_万元": null,
        "筹资活动现金流入_万元": 26016.361113,
        "偿还债务现金_万元": 4680.0,
        "分配股利现金_万元": 5695.719604,
        "支付其他筹资活动现金_万元": 7130.184507,
        "筹资活动现金流出_万元": 17505.904111,
        "融资现金流净额_万元": 8510.457002,
        "汇率变动影响_万元": 0.00903,
        "现金及等价物净增加额_万元": 5340.700734,
        "净现金流_元": null,
        "净现金流同比增长_百分比": 150.66,
        "期初现金及等价物_万元": 23612.051471,
        "期末现金及等价物_万元": 37027.449359,
        "经营现金流占比_百分比": 147.8,
        "投资现金流占比_百分比": -207.2,
        "融资现金流占比_百分比": 159.4
    }
}