{
    "报告信息": {
        "序号": null,
        "股票代码": "301334",
        "股票简称": "恩威医药",
        "报告年份": "2024",
        "报告期": "半年度",
        "总股本_股": 102891887,
        "流通股本_股": null,
        "报告日期": "2024年8月30日",
        "审计意见": "未经审计",
        "会计师事务所": null,
        "期": "HY"
    },
    "核心业绩指标": {
        "每股收益_元": 0.1769,
        "稀释每股收益_元": 0.176,
        "营业总收入_万元": 38814.954527,
        "营业总收入_亿元": 3.8814954527,
        "营收同比增长_百分比": -1.8,
        "营收环比增长_百分比": null,
        "净利润_万元": 1793.444273,
        "净利润_亿元": 0.1793444273,
        "净利润同比增长_百分比": -71.96,
        "净利润环比增长_百分比": null,
        "归母净利润_万元": 1793.444273,
        "少数股东损益_万元": null,
        "每股净资产_元": 9.83,
        "净资产收益率_百分比": null,
        "扣非净资产收益率_百分比": null,
        "每股经营现金流_元": null,
        "扣非净利润_万元": 1517.447386,
        "扣非净利润同比增长_百分比": -71.57,
        "销售毛利率_百分比": 59.86,
        "销售净利率_百分比": 4.62,
        "加权平均净资产收益率_百分比": 1.66,
        "扣非加权净资产收益率_百分比": null,
        "总资产收益率_百分比": null,
        "主营业务收入_万元": 38575.196866,
        "主营业务成本_万元": 18559.912446,
        "主营业务利润_万元": null
    },
    "资产负债表": {
        "货币资金_万元": 45362.236733,
        "应收账款_万元": 11562.317407,
        "应收票据_万元": null,
        "应收款项融资_万元": 9877.303037,
        "预付款项_万元": 1411.203468,
        "其他应收款_万元": 469.598832,
        "存货_万元": 12772.728578,
        "合同资产_万元": null,
        "一年内到期的非流动资产_万元": null,
        "其他流动资产_万元": 180.44849,
        "流动资产合计_万元": 91633.027824,
        "交易性金融资产_万元": 9997.191279,
        "债权投资_万元": null,
        "其他债权投资_万元": null,
        "长期应收款_万元": null,
        "长期股权投资_万元": 38.000603,
        "其他权益工具投资_万元": null,
        "投资性房地产_万元": 2967.46427,
        "固定资产_万元": 21094.393492,
        "在建工程_万元": 2129.114343,
        "生产性生物资产_万元": null,
        "油气资产_万元": null,
        "使用权资产_万元": 166.009384,
        "无形资产_万元": 13998.748754,
        "开发支出_万元": null,
        "商誉_万元": 10055.261087,
        "长期待摊费用_万元": 865.918884,
        "递延所得税资产_万元": 566.149853,
        "其他非流动资产_万元": 3618.50378,
        "非流动资产合计_万元": 55499.56445,
        "总资产_万元": 147132.592274,
        "总资产同比增长_百分比": null,
        "短期借款_万元": null,
        "交易性金融负债_万元": null,
        "应付票据_万元": null,
        "应付账款_万元": 4464.003851,
        "预收款项_万元": null,
        "合同负债_万元": 1994.202217,
        "应付职工薪酬_万元": 3260.929005,
        "应交税费_万元": 1439.643537,
        "其他应付款_万元": 9934.70703,
        "一年内到期的非流动负债_万元": 129.807924,
        "其他流动负债_万元": 259.246287,
        "流动负债合计_万元": 21482.539851,
        "长期借款_万元": 22000.0,
        "应付债券_万元": null,
        "租赁负债_万元": null,
        "长期应付款_万元": null,
        "预计负债_万元": null,
        "递延收益_万元": 1077.918608,
        "递延所得税负债_万元": 1216.076083,
        "其他非流动负债_万元": null,
        "非流动负债合计_万元": 24293.994691,
        "总负债_万元": 45776.534542,
        "总负债同比增长_百分比": null,
        "资产负债率_百分比": null,
        "实收资本_万元": 10289.1887,
        "资本公积_万元": 65454.089779,
        "盈余公积_万元": 3506.91795,
        "未分配利润_万元": 32061.280675,
        "其他综合收益_万元": null,
        "专项储备_万元": null,
        "归属于母公司所有者权益合计_万元": 101356.057732,
        "少数股东权益_万元": null,
        "股东权益合计_万元": 101356.057732
    },
    "利润表": {
        "营业总收入_万元": 38814.954527,
        "营业收入_万元": 38814.954527,
        "营业总收入同比增长_百分比": -1.8,
        "营业成本_万元": 18679.759656,
        "税金及附加_万元": 646.608053,
        "销售费用_万元": 13207.979846,
        "管理费用_万元": 3726.167514,
        "研发费用_万元": 336.777005,
        "财务费用_万元": -36.386447,
        "其中利息费用_万元": 56.876937,
        "其中利息收入_万元": 123.606281,
        "其他收益_万元": 194.245874,
        "投资收益_万元": 184.886359,
        "其中对联营企业投资收益_万元": 0.601668,
        "公允价值变动收益_万元": null,
        "信用减值损失_万元": -168.166722,
        "资产减值损失_万元": -117.912247,
        "资产处置收益_万元": -12.192403,
        "营业总支出_万元": null,
        "营业利润_万元": 2334.909761,
        "营业外收入_万元": 0.61212,
        "营业外支出_万元": 41.736405,
        "利润总额_万元": 2293.785476,
        "所得税费用_万元": 500.341203,
        "净利润_万元": 1793.444273,
        "归母净利润_万元": 1793.444273,
        "少数股东损益_万元": null,
        "持续经营净利润_万元": 1793.444273,
        "终止经营净利润_万元": null,
        "其他综合收益_万元": null,
        "综合收益总额_万元": 1793.444273,
        "归母综合收益总额_万元": 1793.444273
    },
    "现金流量表": {
        "销售商品收到现金_万元": 42247.875754,
        "收到的税费返还_万元": null,
        "收到其他经营活动现金_万元": 79.124637,
        "经营活动现金流入_万元": 42327.000391,
        "购买商品支付现金_万元": 12915.9874,
        "支付职工现金_万元": 10056.661381,
        "支付税费_万元": 4480.363639,
        "支付其他经营活动现金_万元": 5846.890665,
        "经营活动现金流出_万元": 33299.903085,
        "经营现金流净额_万元": 9027.097306,
        "经营现金流净额同比增长_百分比": 202.98,
        "收回投资现金_万元": null,
        "取得投资收益现金_万元": 203.078391,
        "处置资产收回现金_万元": 9.0842,
        "收到其他投资活动现金_万元": 44032.771893,
        "投资活动现金流入_万元": 44244.934484,
        "投资支付现金_万元": null,
        "购建资产支付现金_万元": 2966.393546,
        "支付其他投资活动现金_万元": 38200.0,
        "投资活动现金流出_万元": 41166.393546,
        "投资现金流净额_万元": 3078.540938,
        "吸收投资现金_万元": null,
        "取得借款现金_万元": 24180.0,
        "收到其他筹资活动现金_万元": null,
        "筹资活动现金流入_万元": 24180.0,
        "偿还债务现金_万元": 2180.0,
        "分配股利现金_万元": 5519.036271,
        "支付其他筹资活动现金_万元": 6827.0,
        "筹资活动现金流出_万元": 14526.036271,
        "融资现金流净额_万元": 9653.963729,
        "汇率变动影响_万元": 0.004039,
        "现金及等价物净增加额_万元": 21759.606012,
        "净现金流_元": null,
        "净现金流同比增长_百分比": null,
        "期初现金及等价物_万元": 23581.678221,
        "期末现金及等价物_万元": 45341.284233,
        "经营现金流占比_百分比": null,
        "投资现金流占比_百分比": null,
        "融资现金流占比_百分比": null
    }
}