{
    "报告信息": {
        "序号": null,
        "股票代码": "301334",
        "股票简称": "恩威医药",
        "报告年份": "2023",
        "报告期": "HY",
        "总股本_股": 70138359,
        "流通股本_股": 17540000,
        "报告日期": null,
        "审计意见": null,
        "会计师事务所": null
    },
    "核心业绩指标": {
        "每股收益_元": 0.9119,
        "稀释每股收益_元": 0.9119,
        "营业总收入_万元": 39524.835956,
        "营业总收入_亿元": 3.9524835956,
        "营收同比增长_百分比": 18.06,
        "营收环比增长_百分比": null,
        "净利润_万元": 6396.204192,
        "净利润_亿元": 0.6396204192,
        "净利润同比增长_百分比": 63.22,
        "净利润环比增长_百分比": null,
        "归母净利润_万元": 6396.204192,
        "少数股东损益_万元": null,
        "每股净资产_元": null,
        "净资产收益率_百分比": 5.48,
        "扣非净资产收益率_百分比": 4.58,
        "每股经营现金流_元": null,
        "扣非净利润_万元": 5338.357628,
        "扣非净利润同比增长_百分比": 45.53,
        "销售毛利率_百分比": null,
        "销售净利率_百分比": null,
        "加权平均净资产收益率_百分比": 5.48,
        "扣非加权净资产收益率_百分比": 4.58,
        "总资产收益率_百分比": null,
        "主营业务收入_万元": 39334.415634,
        "主营业务成本_万元": 19134.005922,
        "主营业务利润_万元": null
    },
    "资产负债表": {
        "货币资金_万元": 32854.03281,
        "应收账款_万元": 9862.050098,
        "应收票据_万元": null,
        "应收款项融资_万元": 14273.64143,
        "预付款项_万元": 1302.579923,
        "其他应收款_万元": 2212.948401,
        "存货_万元": 12347.529218,
        "合同资产_万元": null,
        "一年内到期的非流动资产_万元": null,
        "其他流动资产_万元": 106.59818,
        "流动资产合计_万元": 88868.272789,
        "交易性金融资产_万元": 15908.892729,
        "债权投资_万元": null,
        "其他债权投资_万元": null,
        "长期应收款_万元": null,
        "长期股权投资_万元": 35.614266,
        "其他权益工具投资_万元": null,
        "投资性房地产_万元": 3207.15869,
        "固定资产_万元": 22757.304942,
        "在建工程_万元": 926.346789,
        "生产性生物资产_万元": null,
        "油气资产_万元": null,
        "使用权资产_万元": null,
        "无形资产_万元": 3939.619321,
        "开发支出_万元": null,
        "商誉_万元": 10055.261087,
        "长期待摊费用_万元": 1383.682082,
        "递延所得税资产_万元": 192.795456,
        "其他非流动资产_万元": 1812.29174,
        "非流动资产合计_万元": 44310.074373,
        "总资产_万元": 133178.347162,
        "总资产同比增长_百分比": -5.28,
        "短期借款_万元": null,
        "交易性金融负债_万元": null,
        "应付票据_万元": null,
        "应付账款_万元": 3744.257298,
        "预收款项_万元": null,
        "合同负债_万元": 1963.316029,
        "应付职工薪酬_万元": 3774.178791,
        "应交税费_万元": 1103.472726,
        "其他应付款_万元": 9333.110096,
        "一年内到期的非流动负债_万元": null,
        "其他流动负债_万元": 255.231083,
        "流动负债合计_万元": 20173.566023,
        "长期借款_万元": null,
        "应付债券_万元": null,
        "租赁负债_万元": null,
        "长期应付款_万元": null,
        "预计负债_万元": null,
        "递延收益_万元": 1292.558892,
        "递延所得税负债_万元": 1237.823837,
        "其他非流动负债_万元": null,
        "非流动负债合计_万元": 2530.382729,
        "总负债_万元": 22703.948752,
        "总负债同比增长_百分比": null,
        "资产负债率_百分比": null,
        "实收资本_万元": 7013.8359,
        "资本公积_万元": 66463.360079,
        "盈余公积_万元": 3506.91795,
        "未分配利润_万元": 33490.284481,
        "其他综合收益_万元": null,
        "专项储备_万元": null,
        "归属于母公司所有者权益合计_万元": 110474.39841,
        "少数股东权益_万元": null,
        "股东权益合计_万元": 110474.39841
    },
    "利润表": {
        "营业总收入_万元": 39524.835956,
        "营业收入_万元": 39524.835956,
        "营业总收入同比增长_百分比": 18.06,
        "营业成本_万元": 19253.853132,
        "税金及附加_万元": 528.649734,
        "销售费用_万元": 10473.498159,
        "管理费用_万元": 2550.185542,
        "研发费用_万元": 806.774439,
        "财务费用_万元": -365.823883,
        "其中利息费用_万元": null,
        "其中利息收入_万元": 376.51585,
        "其他收益_万元": 1044.030811,
        "投资收益_万元": 205.927388,
        "其中对联营企业投资收益_万元": 0.39958,
        "公允价值变动收益_万元": null,
        "信用减值损失_万元": -121.2786,
        "资产减值损失_万元": -2.221436,
        "资产处置收益_万元": -4.12039,
        "营业总支出_万元": null,
        "营业利润_万元": 7400.036606,
        "营业外收入_万元": 1.007357,
        "营业外支出_万元": 1.808944,
        "利润总额_万元": 7399.235019,
        "所得税费用_万元": 1003.030827,
        "净利润_万元": 6396.204192,
        "归母净利润_万元": 6396.204192,
        "少数股东损益_万元": null,
        "持续经营净利润_万元": null,
        "终止经营净利润_万元": null,
        "其他综合收益_万元": null,
        "综合收益总额_万元": 6396.204192,
        "归母综合收益总额_万元": 6396.204192
    },
    "现金流量表": {
        "销售商品收到现金_万元": 36716.676919,
        "收到的税费返还_万元": null,
        "收到其他经营活动现金_万元": 931.935998,
        "经营活动现金流入_万元": 37648.612917,
        "购买商品支付现金_万元": 12931.608815,
        "支付职工现金_万元": 10042.500867,
        "支付税费_万元": 5182.12363,
        "支付其他经营活动现金_万元": 6512.916393,
        "经营活动现金流出_万元": 34669.149705,
        "经营现金流净额_万元": 2979.463212,
        "经营现金流净额同比增长_百分比": -2.26,
        "收回投资现金_万元": null,
        "取得投资收益现金_万元": null,
        "处置资产收回现金_万元": 3.6,
        "收到其他投资活动现金_万元": 45477.948024,
        "投资活动现金流入_万元": 45481.548024,
        "投资支付现金_万元": null,
        "购建资产支付现金_万元": 1387.984587,
        "支付其他投资活动现金_万元": 37150.002,
        "投资活动现金流出_万元": 38537.986587,
        "投资现金流净额_万元": 6943.561437,
        "吸收投资现金_万元": null,
        "取得借款现金_万元": null,
        "收到其他筹资活动现金_万元": null,
        "筹资活动现金流入_万元": null,
        "偿还债务现金_万元": null,
        "分配股利现金_万元": 11222.13744,
        "支付其他筹资活动现金_万元": 2.803631,
        "筹资活动现金流出_万元": 11224.941071,
        "融资现金流净额_万元": -11224.941071,
        "汇率变动影响_万元": -2.788042,
        "现金及等价物净增加额_万元": -1304.704464,
        "净现金流_元": null,
        "净现金流同比增长_百分比": -190.05,
        "期初现金及等价物_万元": 34123.116024,
        "期末现金及等价物_万元": 32818.41156,
        "经营现金流占比_百分比": null,
        "投资现金流占比_百分比": null,
        "融资现金流占比_百分比": null
    }
}