{
    "报告信息": {
        "序号": null,
        "股票代码": "301334",
        "股票简称": "恩威医药",
        "报告年份": "2022",
        "报告期": "FY",
        "总股本_股": 70138359,
        "流通股本_股": 17540000,
        "报告日期": "2023-04-22",
        "审计意见": "标准的无保留意见",
        "会计师事务所": "信永中和会计师事务所（特殊普通合伙）"
    },
    "核心业绩指标": {
        "每股收益_元": 1.1898,
        "稀释每股收益_元": 1.1898,
        "营业总收入_万元": 69157.400385,
        "营业总收入_亿元": 6.9157400385,
        "营收同比增长_百分比": 1.75,
        "营收环比增长_百分比": null,
        "净利润_万元": 6780.127637,
        "净利润_亿元": 0.6780127637,
        "净利润同比增长_百分比": -33.35,
        "净利润环比增长_百分比": null,
        "归母净利润_万元": 6780.127637,
        "少数股东损益_万元": null,
        "每股净资产_元": null,
        "净资产收益率_百分比": 8.62,
        "扣非净资产收益率_百分比": null,
        "每股经营现金流_元": null,
        "扣非净利润_万元": 5720.944094,
        "扣非净利润同比增长_百分比": -32.34,
        "销售毛利率_百分比": null,
        "销售净利率_百分比": null,
        "加权平均净资产收益率_百分比": 8.62,
        "扣非加权净资产收益率_百分比": null,
        "总资产收益率_百分比": null,
        "主营业务收入_万元": 69157.400385,
        "主营业务成本_万元": 34442.85693,
        "主营业务利润_万元": null
    },
    "资产负债表": {
        "货币资金_万元": 34157.832124,
        "应收账款_万元": 9833.075615,
        "应收票据_万元": null,
        "应收款项融资_万元": 14695.188387,
        "预付款项_万元": 2496.077225,
        "其他应收款_万元": 416.510647,
        "存货_万元": 10464.604728,
        "合同资产_万元": null,
        "一年内到期的非流动资产_万元": null,
        "其他流动资产_万元": 9.740333,
        "流动资产合计_万元": 95728.737417,
        "交易性金融资产_万元": 23655.708358,
        "债权投资_万元": null,
        "其他债权投资_万元": null,
        "长期应收款_万元": null,
        "长期股权投资_万元": 35.214686,
        "其他权益工具投资_万元": null,
        "投资性房地产_万元": 3327.0059,
        "固定资产_万元": 20431.368239,
        "在建工程_万元": 3568.429704,
        "生产性生物资产_万元": null,
        "油气资产_万元": null,
        "使用权资产_万元": null,
        "无形资产_万元": 4208.304614,
        "开发支出_万元": null,
        "商誉_万元": 10055.261087,
        "长期待摊费用_万元": 1682.697643,
        "递延所得税资产_万元": 180.3845,
        "其他非流动资产_万元": 1390.65157,
        "非流动资产合计_万元": 44879.317943,
        "总资产_万元": 140608.05536,
        "总资产同比增长_百分比": 61.79,
        "短期借款_万元": null,
        "交易性金融负债_万元": null,
        "应付票据_万元": null,
        "应付账款_万元": 3687.631182,
        "预收款项_万元": null,
        "合同负债_万元": 2814.852605,
        "应付职工薪酬_万元": 4498.588317,
        "应交税费_万元": 2372.305515,
        "其他应付款_万元": 9019.124247,
        "一年内到期的非流动负债_万元": null,
        "其他流动负债_万元": 365.930838,
        "流动负债合计_万元": 22758.432704,
        "长期借款_万元": null,
        "应付债券_万元": null,
        "租赁负债_万元": null,
        "长期应付款_万元": null,
        "预计负债_万元": null,
        "递延收益_万元": 1404.787686,
        "递延所得税负债_万元": 1144.503312,
        "其他非流动负债_万元": null,
        "非流动负债合计_万元": 2549.290998,
        "总负债_万元": 25307.723702,
        "总负债同比增长_百分比": null,
        "资产负债率_百分比": null,
        "实收资本_万元": null,
        "资本公积_万元": 66463.360079,
        "盈余公积_万元": 3506.91795,
        "未分配利润_万元": 38316.217729,
        "其他综合收益_万元": null,
        "专项储备_万元": null,
        "归属于母公司所有者权益合计_万元": 115300.331658,
        "少数股东权益_万元": null,
        "股东权益合计_万元": 115300.331658
    },
    "利润表": {
        "营业总收入_万元": 69157.400385,
        "营业收入_万元": 69157.400385,
        "营业总收入同比增长_百分比": 1.75,
        "营业成本_万元": 34442.85693,
        "税金及附加_万元": 988.932811,
        "销售费用_万元": 20050.770373,
        "管理费用_万元": 5947.732227,
        "研发费用_万元": 751.697388,
        "财务费用_万元": -133.888911,
        "其中利息费用_万元": null,
        "其中利息收入_万元": 139.771602,
        "其他收益_万元": 1186.127767,
        "投资收益_万元": 59.047606,
        "其中对联营企业投资收益_万元": -6.660752,
        "公允价值变动收益_万元": null,
        "信用减值损失_万元": -168.660784,
        "资产减值损失_万元": 3.757212,
        "资产处置收益_万元": null,
        "营业总支出_万元": null,
        "营业利润_万元": 8189.571368,
        "营业外收入_万元": 40.885107,
        "营业外支出_万元": 44.216701,
        "利润总额_万元": 8186.239774,
        "所得税费用_万元": 1406.112137,
        "净利润_万元": 6780.127637,
        "归母净利润_万元": 6780.127637,
        "少数股东损益_万元": null,
        "持续经营净利润_万元": 6780.127637,
        "终止经营净利润_万元": null,
        "其他综合收益_万元": null,
        "综合收益总额_万元": 6780.127637,
        "归母综合收益总额_万元": 6780.127637
    },
    "现金流量表": {
        "销售商品收到现金_万元": 62975.710505,
        "收到的税费返还_万元": 172.720691,
        "收到其他经营活动现金_万元": 1005.541106,
        "经营活动现金流入_万元": 64153.972302,
        "购买商品支付现金_万元": 24069.253808,
        "支付职工现金_万元": 19098.991156,
        "支付税费_万元": 6066.085537,
        "支付其他经营活动现金_万元": 8684.221477,
        "经营活动现金流出_万元": 57918.551978,
        "经营现金流净额_万元": 6235.420324,
        "经营现金流净额同比增长_百分比": -28.8,
        "收回投资现金_万元": null,
        "取得投资收益现金_万元": null,
        "处置资产收回现金_万元": null,
        "收到其他投资活动现金_万元": 105.055502,
        "投资活动现金流入_万元": 105.055502,
        "投资支付现金_万元": null,
        "购建资产支付现金_万元": 2355.814398,
        "支付其他投资活动现金_万元": 22150,
        "投资活动现金流出_万元": 24505.814398,
        "投资现金流净额_万元": -24400.758896,
        "吸收投资现金_万元": 47075.2,
        "取得借款现金_万元": null,
        "收到其他筹资活动现金_万元": null,
        "筹资活动现金流入_万元": 47075.2,
        "偿还债务现金_万元": null,
        "分配股利现金_万元": 4600,
        "支付其他筹资活动现金_万元": 1228.136918,
        "筹资活动现金流出_万元": 1228.136918,
        "融资现金流净额_万元": 45847.063082,
        "汇率变动影响_万元": 16.382865,
        "现金及等价物净增加额_万元": 27698.107375,
        "净现金流_元": null,
        "净现金流同比增长_百分比": null,
        "期初现金及等价物_万元": 6425.008649,
        "期末现金及等价物_万元": 34123.116024,
        "经营现金流占比_百分比": null,
        "投资现金流占比_百分比": null,
        "融资现金流占比_百分比": null
    }
}