{
    "报告信息": {
        "序号": null,
        "股票代码": "301334",
        "股票简称": "恩威医药",
        "报告年份": "2023",
        "报告期": "Q1",
        "总股本_股": 70138359,
        "流通股本_股": null,
        "报告日期": "2023-04-22",
        "审计意见": null,
        "会计师事务所": null
    },
    "核心业绩指标": {
        "每股收益_元": 0.3945,
        "稀释每股收益_元": 0.3945,
        "营业总收入_万元": 20080.038747,
        "营业总收入_亿元": 2.0080038747,
        "营收同比增长_百分比": 27.41,
        "营收环比增长_百分比": null,
        "净利润_万元": 2766.962976,
        "净利润_亿元": 0.2766962976,
        "净利润同比增长_百分比": 36.58,
        "净利润环比增长_百分比": null,
        "归母净利润_万元": 2766.962976,
        "少数股东损益_万元": 0.0,
        "每股净资产_元": null,
        "净资产收益率_百分比": null,
        "扣非净资产收益率_百分比": null,
        "每股经营现金流_元": 0.007207,
        "扣非净利润_万元": 2579.320195,
        "扣非净利润同比增长_百分比": 30.49,
        "销售毛利率_百分比": null,
        "销售净利率_百分比": null,
        "加权平均净资产收益率_百分比": 2.37,
        "扣非加权净资产收益率_百分比": null,
        "总资产收益率_百分比": null,
        "主营业务收入_万元": 20080.038747,
        "主营业务成本_万元": 9415.324128,
        "主营业务利润_万元": null
    },
    "资产负债表": {
        "货币资金_万元": 36412.029146,
        "应收账款_万元": 11057.256346,
        "应收票据_万元": 0.0,
        "应收款项融资_万元": 15996.638922,
        "预付款项_万元": 1208.800824,
        "其他应收款_万元": 441.520056,
        "存货_万元": 12387.729806,
        "合同资产_万元": 0.0,
        "一年内到期的非流动资产_万元": 0.0,
        "其他流动资产_万元": 1.744406,
        "流动资产合计_万元": 98719.414353,
        "交易性金融资产_万元": 21213.694847,
        "债权投资_万元": 0.0,
        "其他债权投资_万元": 0.0,
        "长期应收款_万元": 0.0,
        "长期股权投资_万元": 35.214686,
        "其他权益工具投资_万元": 0.0,
        "投资性房地产_万元": 3267.082295,
        "固定资产_万元": 20440.21336,
        "在建工程_万元": 3546.917747,
        "生产性生物资产_万元": 0.0,
        "油气资产_万元": 0.0,
        "使用权资产_万元": 0.0,
        "无形资产_万元": 4073.961963,
        "开发支出_万元": 0.0,
        "商誉_万元": 10055.261087,
        "长期待摊费用_万元": 1547.638635,
        "递延所得税资产_万元": 188.265779,
        "其他非流动资产_万元": 1293.53174,
        "非流动资产合计_万元": 44448.087292,
        "总资产_万元": 143167.501645,
        "总资产同比增长_百分比": 1.82,
        "短期借款_万元": 0.0,
        "交易性金融负债_万元": 0.0,
        "应付票据_万元": 0.0,
        "应付账款_万元": 4286.88082,
        "预收款项_万元": 0.0,
        "合同负债_万元": 2349.612265,
        "应付职工薪酬_万元": 3952.473453,
        "应交税费_万元": 1575.912441,
        "其他应付款_万元": 10075.205807,
        "一年内到期的非流动负债_万元": 0.0,
        "其他流动负债_万元": 305.449595,
        "流动负债合计_万元": 22545.534381,
        "长期借款_万元": 0.0,
        "应付债券_万元": 0.0,
        "租赁负债_万元": 0.0,
        "长期应付款_万元": 0.0,
        "预计负债_万元": 0.0,
        "递延收益_万元": 1348.673289,
        "递延所得税负债_万元": 1205.999341,
        "其他非流动负债_万元": 0.0,
        "非流动负债合计_万元": 2554.67263,
        "总负债_万元": 25100.207011,
        "总负债同比增长_百分比": null,
        "资产负债率_百分比": null,
        "实收资本_万元": 7013.8359,
        "资本公积_万元": 66463.360079,
        "盈余公积_万元": 3506.91795,
        "未分配利润_万元": 41083.180705,
        "其他综合收益_万元": 0.0,
        "专项储备_万元": 0.0,
        "归属于母公司所有者权益合计_万元": 118067.294634,
        "少数股东权益_万元": 0.0,
        "股东权益合计_万元": 118067.294634
    },
    "利润表": {
        "营业总收入_万元": 20080.038747,
        "营业收入_万元": 20080.038747,
        "营业总收入同比增长_百分比": 27.41,
        "营业成本_万元": 9415.324128,
        "税金及附加_万元": 276.453666,
        "销售费用_万元": 5901.954845,
        "管理费用_万元": 1195.124951,
        "研发费用_万元": 212.767584,
        "财务费用_万元": -187.605512,
        "其中利息费用_万元": 0.0,
        "其中利息收入_万元": 193.629759,
        "其他收益_万元": 117.443523,
        "投资收益_万元": 106.591213,
        "其中对联营企业投资收益_万元": 0.0,
        "公允价值变动收益_万元": 0.0,
        "信用减值损失_万元": -68.251446,
        "资产减值损失_万元": -3.938104,
        "资产处置收益_万元": -4.12039,
        "营业总支出_万元": 16814.019662,
        "营业利润_万元": 3413.743881,
        "营业外收入_万元": 1.007357,
        "营业外支出_万元": 0.0,
        "利润总额_万元": 3414.751238,
        "所得税费用_万元": 647.788262,
        "净利润_万元": 2766.962976,
        "归母净利润_万元": 2766.962976,
        "少数股东损益_万元": 0.0,
        "持续经营净利润_万元": 2766.962976,
        "终止经营净利润_万元": 0.0,
        "其他综合收益_万元": 0.0,
        "综合收益总额_万元": 2766.962976,
        "归母综合收益总额_万元": 2766.962976
    },
    "现金流量表": {
        "销售商品收到现金_万元": 15843.689159,
        "收到的税费返还_万元": 0.0,
        "收到其他经营活动现金_万元": 70.052189,
        "经营活动现金流入_万元": 15913.741348,
        "购买商品支付现金_万元": 5716.308598,
        "支付职工现金_万元": 5392.043527,
        "支付税费_万元": 2708.862394,
        "支付其他经营活动现金_万元": 2045.961313,
        "经营活动现金流出_万元": 15863.175832,
        "经营现金流净额_万元": 50.565516,
        "经营现金流净额同比增长_百分比": 111.51,
        "收回投资现金_万元": 0.0,
        "取得投资收益现金_万元": 0.0,
        "处置资产收回现金_万元": 1.3,
        "收到其他投资活动现金_万元": 22490.40953,
        "投资活动现金流入_万元": 22491.70953,
        "投资支付现金_万元": 0.0,
        "购建资产支付现金_万元": 535.48629,
        "支付其他投资活动现金_万元": 19750.002,
        "投资活动现金流出_万元": 20285.48829,
        "投资现金流净额_万元": 2206.22124,
        "吸收投资现金_万元": 0.0,
        "取得借款现金_万元": 0.0,
        "收到其他筹资活动现金_万元": 0.0,
        "筹资活动现金流入_万元": 0.0,
        "偿还债务现金_万元": 0.0,
        "分配股利现金_万元": 0.0,
        "支付其他筹资活动现金_万元": 35.2,
        "筹资活动现金流出_万元": 35.2,
        "融资现金流净额_万元": -35.2,
        "汇率变动影响_万元": -2.589734,
        "现金及等价物净增加额_万元": 2254.197022,
        "净现金流_元": 22541970.22,
        "净现金流同比增长_百分比": null,
        "期初现金及等价物_万元": 34157.832124,
        "期末现金及等价物_万元": 36412.029146,
        "经营现金流占比_百分比": null,
        "投资现金流占比_百分比": null,
        "融资现金流占比_百分比": null
    }
}