{
    "报告信息": {
        "序号": null,
        "股票代码": "301334",
        "股票简称": "恩威医药",
        "报告年份": "2024",
        "报告期": "Q1",
        "总股本_股": 70138359,
        "流通股本_股": null,
        "报告日期": "2024-04-19",
        "审计意见": "未经审计",
        "会计师事务所": null
    },
    "核心业绩指标": {
        "每股收益_元": 0.122,
        "稀释每股收益_元": 0.1219,
        "营业总收入_万元": 18347.593551,
        "营业总收入_亿元": 1.8347593551,
        "营收同比增长_百分比": -8.63,
        "营收环比增长_百分比": null,
        "净利润_万元": 842.392999,
        "净利润_亿元": 0.0842392999,
        "净利润同比增长_百分比": -69.56,
        "净利润环比增长_百分比": null,
        "归母净利润_万元": 842.392999,
        "少数股东损益_万元": 0.0,
        "每股净资产_元": null,
        "净资产收益率_百分比": null,
        "扣非净资产收益率_百分比": null,
        "每股经营现金流_元": null,
        "扣非净利润_万元": 668.019289,
        "扣非净利润同比增长_百分比": -74.1,
        "销售毛利率_百分比": null,
        "销售净利率_百分比": null,
        "加权平均净资产收益率_百分比": 0.77,
        "扣非加权净资产收益率_百分比": null,
        "总资产收益率_百分比": null,
        "主营业务收入_万元": null,
        "主营业务成本_万元": null,
        "主营业务利润_万元": null
    },
    "资产负债表": {
        "货币资金_万元": 22112.320557,
        "应收账款_万元": 9780.24191,
        "应收票据_万元": 0.0,
        "应收款项融资_万元": 17934.847751,
        "预付款项_万元": 1224.021393,
        "其他应收款_万元": 442.275756,
        "存货_万元": 12760.831547,
        "合同资产_万元": 0.0,
        "一年内到期的非流动资产_万元": 0.0,
        "其他流动资产_万元": 343.581689,
        "流动资产合计_万元": 79638.380955,
        "交易性金融资产_万元": 15040.260352,
        "债权投资_万元": 0.0,
        "其他债权投资_万元": 0.0,
        "长期应收款_万元": 0.0,
        "长期股权投资_万元": 37.398935,
        "其他权益工具投资_万元": 0.0,
        "投资性房地产_万元": 3027.387875,
        "固定资产_万元": 21648.962712,
        "在建工程_万元": 2086.66845,
        "生产性生物资产_万元": 0.0,
        "油气资产_万元": 0.0,
        "使用权资产_万元": 199.21126,
        "无形资产_万元": 14401.564853,
        "开发支出_万元": 0.0,
        "商誉_万元": 10055.261087,
        "长期待摊费用_万元": 1007.785734,
        "递延所得税资产_万元": 417.603588,
        "其他非流动资产_万元": 3033.51178,
        "非流动资产合计_万元": 55915.356274,
        "总资产_万元": 135553.737229,
        "总资产同比增长_百分比": 1.35,
        "短期借款_万元": 0.0,
        "交易性金融负债_万元": 0.0,
        "应付票据_万元": 0.0,
        "应付账款_万元": 4854.470466,
        "预收款项_万元": 0.0,
        "合同负债_万元": 2159.938756,
        "应付职工薪酬_万元": 3353.86422,
        "应交税费_万元": 1131.111035,
        "其他应付款_万元": 10025.969687,
        "一年内到期的非流动负债_万元": 128.461936,
        "其他流动负债_万元": 280.792039,
        "流动负债合计_万元": 21916.608139,
        "长期借款_万元": 3300.0,
        "应付债券_万元": 0.0,
        "租赁负债_万元": 0.0,
        "长期应付款_万元": 0.0,
        "预计负债_万元": 0.0,
        "递延收益_万元": 1134.710891,
        "递延所得税负债_万元": 1247.219862,
        "其他非流动负债_万元": 0.0,
        "非流动负债合计_万元": 5681.930753,
        "总负债_万元": 27598.538892,
        "总负债同比增长_百分比": null,
        "资产负债率_百分比": null,
        "实收资本_万元": 7013.8359,
        "资本公积_万元": 67940.131329,
        "盈余公积_万元": 3506.91795,
        "未分配利润_万元": 36567.700809,
        "其他综合收益_万元": 0.0,
        "专项储备_万元": 0.0,
        "归属于母公司所有者权益合计_万元": 107955.198337,
        "少数股东权益_万元": 0.0,
        "股东权益合计_万元": 107955.198337
    },
    "利润表": {
        "营业总收入_万元": 18347.593551,
        "营业收入_万元": 18347.593551,
        "营业总收入同比增长_百分比": -8.63,
        "营业成本_万元": 9125.999406,
        "税金及附加_万元": 253.995652,
        "销售费用_万元": 6089.859376,
        "管理费用_万元": 1820.833097,
        "研发费用_万元": 161.719972,
        "财务费用_万元": -40.699005,
        "其中利息费用_万元": 14.4375,
        "其中利息收入_万元": 59.039323,
        "其他收益_万元": 107.622052,
        "投资收益_万元": 105.722931,
        "其中对联营企业投资收益_万元": 0.0,
        "公允价值变动收益_万元": 0.0,
        "信用减值损失_万元": -38.315461,
        "资产减值损失_万元": -53.801626,
        "资产处置收益_万元": -7.856723,
        "营业总支出_万元": 17411.708498,
        "营业利润_万元": 1049.256226,
        "营业外收入_万元": 0.0,
        "营业外支出_万元": 0.057195,
        "利润总额_万元": 1049.199031,
        "所得税费用_万元": 206.806032,
        "净利润_万元": 842.392999,
        "归母净利润_万元": 842.392999,
        "少数股东损益_万元": 0.0,
        "持续经营净利润_万元": 842.392999,
        "终止经营净利润_万元": 0.0,
        "其他综合收益_万元": 0.0,
        "综合收益总额_万元": 842.392999,
        "归母综合收益总额_万元": 842.392999
    },
    "现金流量表": {
        "销售商品收到现金_万元": 17048.318701,
        "收到的税费返还_万元": 0.0,
        "收到其他经营活动现金_万元": 76.959904,
        "经营活动现金流入_万元": 17125.278605,
        "购买商品支付现金_万元": 6271.593328,
        "支付职工现金_万元": 5325.535978,
        "支付税费_万元": 2432.274329,
        "支付其他经营活动现金_万元": 2489.188592,
        "经营活动现金流出_万元": 16518.592227,
        "经营现金流净额_万元": 606.686378,
        "经营现金流净额同比增长_百分比": 1099.8,
        "收回投资现金_万元": 0.0,
        "取得投资收益现金_万元": 81.447558,
        "处置资产收回现金_万元": 0.2,
        "收到其他投资活动现金_万元": 21754.571842,
        "投资活动现金流入_万元": 21836.2194,
        "投资支付现金_万元": 0.0,
        "购建资产支付现金_万元": 2141.438935,
        "支付其他投资活动现金_万元": 21000.0,
        "投资活动现金流出_万元": 23141.438935,
        "投资现金流净额_万元": -1305.219535,
        "吸收投资现金_万元": 0.0,
        "取得借款现金_万元": 3300.0,
        "收到其他筹资活动现金_万元": 0.0,
        "筹资活动现金流入_万元": 3300.0,
        "偿还债务现金_万元": 0.0,
        "分配股利现金_万元": 14.4375,
        "支付其他筹资活动现金_万元": 4100.0,
        "筹资活动现金流出_万元": 4114.4375,
        "融资现金流净额_万元": -814.4375,
        "汇率变动影响_万元": 0.001049,
        "现金及等价物净增加额_万元": -1512.969608,
        "净现金流_元": null,
        "净现金流同比增长_百分比": null,
        "期初现金及等价物_万元": 23581.678221,
        "期末现金及等价物_万元": 22068.708613,
        "经营现金流占比_百分比": null,
        "投资现金流占比_百分比": null,
        "融资现金流占比_百分比": null
    }
}