{
    "报告信息": {
        "序号": null,
        "股票代码": "301334",
        "股票简称": "恩威医药",
        "报告年份": "2025",
        "报告期": "Q1",
        "总股本_股": 102891887,
        "流通股本_股": null,
        "报告日期": null,
        "审计意见": "未经审计",
        "会计师事务所": null
    },
    "核心业绩指标": {
        "每股收益_元": 0.1635,
        "稀释每股收益_元": 0.1631,
        "营业总收入_万元": 19649.949135,
        "营业总收入_亿元": 1.9649949135,
        "营收同比增长_百分比": 7.1,
        "营收环比增长_百分比": null,
        "净利润_万元": 1630.512689,
        "净利润_亿元": 0.1630512689,
        "净利润同比增长_百分比": 93.56,
        "净利润环比增长_百分比": null,
        "归母净利润_万元": 1630.512689,
        "少数股东损益_万元": 0,
        "每股净资产_元": null,
        "净资产收益率_百分比": null,
        "扣非净资产收益率_百分比": null,
        "每股经营现金流_元": null,
        "扣非净利润_万元": 1462.480181,
        "扣非净利润同比增长_百分比": 118.93,
        "销售毛利率_百分比": null,
        "销售净利率_百分比": null,
        "加权平均净资产收益率_百分比": 1.53,
        "扣非加权净资产收益率_百分比": null,
        "总资产收益率_百分比": null,
        "主营业务收入_万元": 19649.949135,
        "主营业务成本_万元": 10192.89079,
        "主营业务利润_万元": null
    },
    "资产负债表": {
        "货币资金_万元": 37354.558969,
        "应收账款_万元": 12928.073192,
        "应收票据_万元": 0,
        "应收款项融资_万元": 13974.815481,
        "预付款项_万元": 2791.318573,
        "其他应收款_万元": 503.845666,
        "存货_万元": 11662.392461,
        "合同资产_万元": 0,
        "一年内到期的非流动资产_万元": 0,
        "其他流动资产_万元": 10.359213,
        "流动资产合计_万元": 94202.565966,
        "交易性金融资产_万元": 14977.202411,
        "债权投资_万元": 0,
        "其他债权投资_万元": 0,
        "长期应收款_万元": 0,
        "长期股权投资_万元": 37.440042,
        "其他权益工具投资_万元": 0,
        "投资性房地产_万元": 2787.693455,
        "固定资产_万元": 19737.978712,
        "在建工程_万元": 5282.110215,
        "生产性生物资产_万元": 0,
        "油气资产_万元": 0,
        "使用权资产_万元": 275.239874,
        "无形资产_万元": 12935.094522,
        "开发支出_万元": 0,
        "商誉_万元": 10055.261087,
        "长期待摊费用_万元": 865.398489,
        "递延所得税资产_万元": 467.532345,
        "其他非流动资产_万元": 2980.6977,
        "非流动资产合计_万元": 55424.446441,
        "总资产_万元": 149627.012407,
        "总资产同比增长_百分比": -0.55,
        "短期借款_万元": 0,
        "交易性金融负债_万元": 0,
        "应付票据_万元": 0,
        "应付账款_万元": 4776.619303,
        "预收款项_万元": 0,
        "合同负债_万元": 2732.82678,
        "应付职工薪酬_万元": 2891.733683,
        "应交税费_万元": 1077.351456,
        "其他应付款_万元": 8281.989846,
        "一年内到期的非流动负债_万元": 1137.411803,
        "其他流动负债_万元": 355.267481,
        "流动负债合计_万元": 21253.200352,
        "长期借款_万元": 18500,
        "应付债券_万元": 0,
        "租赁负债_万元": 137.632497,
        "长期应付款_万元": 0,
        "预计负债_万元": 0,
        "递延收益_万元": 937.860141,
        "递延所得税负债_万元": 1147.82256,
        "其他非流动负债_万元": 0,
        "非流动负债合计_万元": 20723.315198,
        "总负债_万元": 41976.51555,
        "总负债同比增长_百分比": null,
        "资产负债率_百分比": 28.05,
        "实收资本_万元": 10289.1887,
        "资本公积_万元": 64123.973369,
        "盈余公积_万元": 3690.930803,
        "未分配利润_万元": 35464.090673,
        "其他综合收益_万元": 0,
        "专项储备_万元": 0,
        "归属于母公司所有者权益合计_万元": 107650.496857,
        "少数股东权益_万元": 0,
        "股东权益合计_万元": 107650.496857
    },
    "利润表": {
        "营业总收入_万元": 19649.949135,
        "营业收入_万元": 19649.949135,
        "营业总收入同比增长_百分比": 7.1,
        "营业成本_万元": 10192.89079,
        "税金及附加_万元": 205.666859,
        "销售费用_万元": 6084.202531,
        "管理费用_万元": 1772.294771,
        "研发费用_万元": 108.554914,
        "财务费用_万元": 9.763604,
        "其中利息费用_万元": 82.875,
        "其中利息收入_万元": 79.165807,
        "其他收益_万元": 105.334616,
        "投资收益_万元": 113.246842,
        "其中对联营企业投资收益_万元": 0,
        "公允价值变动收益_万元": 0,
        "信用减值损失_万元": 60.127429,
        "资产减值损失_万元": 264.309955,
        "资产处置收益_万元": 0,
        "营业总支出_万元": 18373.373469,
        "营业利润_万元": 1819.594508,
        "营业外收入_万元": 0.15068,
        "营业外支出_万元": 21.081214,
        "利润总额_万元": 1798.663974,
        "所得税费用_万元": 168.151285,
        "净利润_万元": 1630.512689,
        "归母净利润_万元": 1630.512689,
        "少数股东损益_万元": 0,
        "持续经营净利润_万元": 1630.512689,
        "终止经营净利润_万元": 0,
        "其他综合收益_万元": 0,
        "综合收益总额_万元": 1630.512689,
        "归母综合收益总额_万元": 1630.512689
    },
    "现金流量表": {
        "销售商品收到现金_万元": 19942.577638,
        "收到的税费返还_万元": 0,
        "收到其他经营活动现金_万元": 47.602661,
        "经营活动现金流入_万元": 19990.180299,
        "购买商品支付现金_万元": 6874.492424,
        "支付职工现金_万元": 5030.934403,
        "支付税费_万元": 1864.941524,
        "支付其他经营活动现金_万元": 3751.999399,
        "经营活动现金流出_万元": 17522.36775,
        "经营现金流净额_万元": 2467.812549,
        "经营现金流净额同比增长_百分比": 306.77,
        "收回投资现金_万元": 0,
        "取得投资收益现金_万元": 108.380396,
        "处置资产收回现金_万元": 0,
        "收到其他投资活动现金_万元": 42139.552322,
        "投资活动现金流入_万元": 42247.932718,
        "投资支付现金_万元": 0,
        "购建资产支付现金_万元": 1745.373273,
        "支付其他投资活动现金_万元": 42500,
        "投资活动现金流出_万元": 44245.373273,
        "投资现金流净额_万元": -1997.440555,
        "吸收投资现金_万元": 0,
        "取得借款现金_万元": 0,
        "收到其他筹资活动现金_万元": 0,
        "筹资活动现金流入_万元": 0,
        "偿还债务现金_万元": 0,
        "分配股利现金_万元": 82.875,
        "支付其他筹资活动现金_万元": 0,
        "筹资活动现金流出_万元": 82.875,
        "融资现金流净额_万元": -82.875,
        "汇率变动影响_万元": -0.000869,
        "现金及等价物净增加额_万元": 387.496125,
        "净现金流_元": null,
        "净现金流同比增长_百分比": 125.61,
        "期初现金及等价物_万元": 28922.378955,
        "期末现金及等价物_万元": 29309.87508,
        "经营现金流占比_百分比": 636.92,
        "投资现金流占比_百分比": -515.43,
        "融资现金流占比_百分比": -21.38
    }
}