{
    "报告信息": {
        "序号": null,
        "股票代码": "301334",
        "股票简称": "恩威医药",
        "报告年份": "2025",
        "报告期": "半年度",
        "总股本_股": 102891887,
        "流通股本_股": null,
        "报告日期": "2025年8月26日",
        "审计意见": "未经审计",
        "会计师事务所": null,
        "期": "HY"
    },
    "核心业绩指标": {
        "每股收益_元": 0.3845,
        "稀释每股收益_元": 0.3838,
        "营业总收入_万元": 44922.145275,
        "营业总收入_亿元": 4.4922145275,
        "营收同比增长_百分比": 15.73,
        "营收环比增长_百分比": null,
        "净利润_万元": 3834.418125,
        "净利润_亿元": 0.3834418125,
        "净利润同比增长_百分比": 113.8,
        "净利润环比增长_百分比": null,
        "归母净利润_万元": 3834.418125,
        "少数股东损益_万元": null,
        "每股净资产_元": null,
        "净资产收益率_百分比": null,
        "扣非净资产收益率_百分比": null,
        "每股经营现金流_元": null,
        "扣非净利润_万元": 3527.571698,
        "扣非净利润同比增长_百分比": 132.47,
        "销售毛利率_百分比": null,
        "销售净利率_百分比": null,
        "加权平均净资产收益率_百分比": 3.57,
        "扣非加权净资产收益率_百分比": null,
        "总资产收益率_百分比": null,
        "主营业务收入_万元": 44724.853038,
        "主营业务成本_万元": 22746.724861,
        "主营业务利润_万元": null
    },
    "资产负债表": {
        "货币资金_万元": 36009.07349,
        "应收账款_万元": 17127.532436,
        "应收票据_万元": null,
        "应收款项融资_万元": 11015.739247,
        "预付款项_万元": 2243.154626,
        "其他应收款_万元": 449.189159,
        "存货_万元": 11289.017233,
        "合同资产_万元": null,
        "一年内到期的非流动资产_万元": null,
        "其他流动资产_万元": 5.78416,
        "流动资产合计_万元": 95637.84387,
        "交易性金融资产_万元": 17498.353519,
        "债权投资_万元": null,
        "其他债权投资_万元": null,
        "长期应收款_万元": null,
        "长期股权投资_万元": 37.440042,
        "其他权益工具投资_万元": null,
        "投资性房地产_万元": 2727.76985,
        "固定资产_万元": 20834.796191,
        "在建工程_万元": 5484.556479,
        "生产性生物资产_万元": null,
        "油气资产_万元": null,
        "使用权资产_万元": 243.719993,
        "无形资产_万元": 12532.820532,
        "开发支出_万元": null,
        "商誉_万元": 10055.261087,
        "长期待摊费用_万元": 789.278029,
        "递延所得税资产_万元": 535.173698,
        "其他非流动资产_万元": 2757.26,
        "非流动资产合计_万元": 55960.635859,
        "总资产_万元": 151598.479729,
        "总资产同比增长_百分比": 0.76,
        "短期借款_万元": null,
        "交易性金融负债_万元": null,
        "应付票据_万元": 5671.583188,
        "应付账款_万元": 1694.228277,
        "预收款项_万元": null,
        "合同负债_万元": 1694.228277,
        "应付职工薪酬_万元": 2836.25647,
        "应交税费_万元": 2212.506505,
        "其他应付款_万元": 9485.275325,
        "一年内到期的非流动负债_万元": 1136.177548,
        "其他流动负债_万元": 220.249676,
        "流动负债合计_万元": 23256.276989,
        "长期借款_万元": 18000.0,
        "应付债券_万元": null,
        "租赁负债_万元": 86.566657,
        "长期应付款_万元": null,
        "预计负债_万元": null,
        "递延收益_万元": 879.977331,
        "递延所得税负债_万元": 1087.755138,
        "其他非流动负债_万元": null,
        "非流动负债合计_万元": 20054.299126,
        "总负债_万元": 43310.576115,
        "总负债同比增长_百分比": null,
        "资产负债率_百分比": null,
        "实收资本_万元": 10289.1887,
        "资本公积_万元": 64376.849188,
        "盈余公积_万元": 3690.930803,
        "未分配利润_万元": 35848.621611,
        "其他综合收益_万元": null,
        "专项储备_万元": null,
        "归属于母公司所有者权益合计_万元": 108287.903614,
        "少数股东权益_万元": null,
        "股东权益合计_万元": 108287.903614
    },
    "利润表": {
        "营业总收入_万元": 44922.145275,
        "营业收入_万元": 44922.145275,
        "营业总收入同比增长_百分比": null,
        "营业成本_万元": 22866.572071,
        "税金及附加_万元": 535.151043,
        "销售费用_万元": 13675.098816,
        "管理费用_万元": 3464.023672,
        "研发费用_万元": 253.886532,
        "财务费用_万元": 30.549034,
        "其中利息费用_万元": 164.528824,
        "其中利息收入_万元": 144.894799,
        "其他收益_万元": 170.753587,
        "投资收益_万元": 281.880074,
        "其中对联营企业投资收益_万元": null,
        "公允价值变动收益_万元": null,
        "信用减值损失_万元": -127.880458,
        "资产减值损失_万元": 194.850626,
        "资产处置收益_万元": -26.327466,
        "营业总支出_万元": null,
        "营业利润_万元": 4590.14047,
        "营业外收入_万元": 4.113313,
        "营业外支出_万元": 21.309844,
        "利润总额_万元": 4572.943939,
        "所得税费用_万元": 738.525814,
        "净利润_万元": 3834.418125,
        "归母净利润_万元": 3834.418125,
        "少数股东损益_万元": null,
        "持续经营净利润_万元": 3834.418125,
        "终止经营净利润_万元": null,
        "其他综合收益_万元": null,
        "综合收益总额_万元": 3834.418125,
        "归母综合收益总额_万元": 3834.418125
    },
    "现金流量表": {
        "销售商品收到现金_万元": 42461.282123,
        "收到的税费返还_万元": null,
        "收到其他经营活动现金_万元": 59.731285,
        "经营活动现金流入_万元": 42521.013408,
        "购买商品支付现金_万元": 13896.934005,
        "支付职工现金_万元": 9597.677765,
        "支付税费_万元": 3520.694592,
        "支付其他经营活动现金_万元": 7987.490964,
        "经营活动现金流出_万元": 35002.797326,
        "经营现金流净额_万元": 7518.216082,
        "经营现金流净额同比增长_百分比": -16.72,
        "收回投资现金_万元": 81.82,
        "取得投资收益现金_万元": 212.492562,
        "处置资产收回现金_万元": 4.11,
        "收到其他投资活动现金_万元": 86246.658953,
        "投资活动现金流入_万元": 86545.081515,
        "投资支付现金_万元": null,
        "购建资产支付现金_万元": 3420.817807,
        "支付其他投资活动现金_万元": 87001.01,
        "投资活动现金流出_万元": 90421.827807,
        "投资现金流净额_万元": -3876.746292,
        "吸收投资现金_万元": null,
        "取得借款现金_万元": null,
        "收到其他筹资活动现金_万元": null,
        "筹资活动现金流入_万元": null,
        "偿还债务现金_万元": 571.600298,
        "分配股利现金_万元": 1986.478665,
        "支付其他筹资活动现金_万元": null,
        "筹资活动现金流出_万元": 2558.078963,
        "融资现金流净额_万元": -2558.078963,
        "汇率变动影响_万元": -0.002542,
        "现金及等价物净增加额_万元": 1083.388285,
        "净现金流_元": null,
        "净现金流同比增长_百分比": -95.02,
        "期初现金及等价物_万元": 28922.378955,
        "期末现金及等价物_万元": 30005.76724,
        "经营现金流占比_百分比": null,
        "投资现金流占比_百分比": null,
        "融资现金流占比_百分比": null
    }
}