{
    "报告信息": {
        "序号": "2023-055",
        "股票代码": "300158",
        "股票简称": "振东制药",
        "报告年份": "2023",
        "报告期": "HY",
        "总股本_股": 1027494660,
        "流通股本_股": 1024133250,
        "报告日期": "2023年8月",
        "审计意见": null,
        "会计师事务所": null
    },
    "核心业绩指标": {
        "每股收益_元": 0.0142,
        "稀释每股收益_元": 0.0142,
        "营业总收入_万元": 193288.884205,
        "营业总收入_亿元": 19.33,
        "营收同比增长_百分比": 12.01,
        "营收环比增长_百分比": null,
        "净利润_万元": 1220.932025,
        "净利润_亿元": 0.12,
        "净利润同比增长_百分比": -46.72,
        "净利润环比增长_百分比": null,
        "归母净利润_万元": 1454.241037,
        "少数股东损益_万元": -233.309012,
        "每股净资产_元": 5.097,
        "净资产收益率_百分比": null,
        "扣非净资产收益率_百分比": null,
        "每股经营现金流_元": -0.1049,
        "扣非净利润_万元": -1355.764009,
        "扣非净利润同比增长_百分比": 55.58,
        "销售毛利率_百分比": 49.15,
        "销售净利率_百分比": 0.63,
        "加权平均净资产收益率_百分比": 0.28,
        "扣非加权净资产收益率_百分比": -0.26,
        "总资产收益率_百分比": 0.2,
        "主营业务收入_万元": null,
        "主营业务成本_万元": null,
        "主营业务利润_万元": null
    },
    "资产负债表": {
        "货币资金_万元": 88523.563716,
        "应收账款_万元": 63788.62037,
        "应收票据_万元": 15712.801419,
        "应收款项融资_万元": null,
        "预付款项_万元": 13820.691353,
        "其他应收款_万元": 4880.972465,
        "存货_万元": 113449.509175,
        "合同资产_万元": 0.0,
        "一年内到期的非流动资产_万元": null,
        "其他流动资产_万元": 969.782335,
        "流动资产合计_万元": 455666.314536,
        "交易性金融资产_万元": 154520.373703,
        "债权投资_万元": null,
        "其他债权投资_万元": null,
        "长期应收款_万元": 0.0,
        "长期股权投资_万元": null,
        "其他权益工具投资_万元": 3694.386936,
        "投资性房地产_万元": 1605.336112,
        "固定资产_万元": 94189.153814,
        "在建工程_万元": 3583.70404,
        "生产性生物资产_万元": 106.950171,
        "油气资产_万元": null,
        "使用权资产_万元": 283.585644,
        "无形资产_万元": 25587.261449,
        "开发支出_万元": 19819.772314,
        "商誉_万元": 4023.961418,
        "长期待摊费用_万元": 684.195583,
        "递延所得税资产_万元": 1998.705116,
        "其他非流动资产_万元": 8856.654073,
        "非流动资产合计_万元": 164433.66667,
        "总资产_万元": 620099.981206,
        "总资产同比增长_百分比": -5.34,
        "短期借款_万元": 0.0,
        "交易性金融负债_万元": null,
        "应付票据_万元": 3774.103366,
        "应付账款_万元": 45333.462203,
        "预收款项_万元": null,
        "合同负债_万元": 8676.075284,
        "应付职工薪酬_万元": 2171.244483,
        "应交税费_万元": 4590.55932,
        "其他应付款_万元": 21528.978938,
        "一年内到期的非流动负债_万元": 80.657339,
        "其他流动负债_万元": 1706.85755,
        "流动负债合计_万元": 87861.938483,
        "长期借款_万元": null,
        "应付债券_万元": null,
        "租赁负债_万元": 188.048143,
        "长期应付款_万元": 7591.517303,
        "预计负债_万元": null,
        "递延收益_万元": 4042.040219,
        "递延所得税负债_万元": null,
        "其他非流动负债_万元": null,
        "非流动负债合计_万元": 11821.605665,
        "总负债_万元": 99683.544148,
        "总负债同比增长_百分比": -24.92,
        "资产负债率_百分比": 16.08,
        "实收资本_万元": 102749.466,
        "资本公积_万元": 376231.423772,
        "盈余公积_万元": 48134.61186,
        "未分配利润_万元": -106.382126,
        "其他综合收益_万元": -3273.055168,
        "专项储备_万元": null,
        "归属于母公司所有者权益合计_万元": 523736.064338,
        "少数股东权益_万元": -3319.62728,
        "股东权益合计_万元": 520416.437058
    },
    "利润表": {
        "营业总收入_万元": 193288.884205,
        "营业收入_万元": 193288.884205,
        "营业总收入同比增长_百分比": 12.01,
        "营业成本_万元": 98289.932205,
        "税金及附加_万元": 1820.47054,
        "销售费用_万元": 71564.526043,
        "管理费用_万元": 12255.033759,
        "研发费用_万元": 8874.020671,
        "财务费用_万元": -669.994143,
        "其中利息费用_万元": 94.161542,
        "其中利息收入_万元": 791.142134,
        "其他收益_万元": 2815.842779,
        "投资收益_万元": 1693.456739,
        "其中对联营企业投资收益_万元": null,
        "公允价值变动收益_万元": 466.384367,
        "信用减值损失_万元": -2203.563453,
        "资产减值损失_万元": -1085.815425,
        "资产处置收益_万元": 17.01476,
        "营业总支出_万元": 192133.989075,
        "营业利润_万元": 2858.214897,
        "营业外收入_万元": 164.740838,
        "营业外支出_万元": 73.951524,
        "利润总额_万元": 2949.004211,
        "所得税费用_万元": 1728.072186,
        "净利润_万元": 1220.932025,
        "归母净利润_万元": 1454.241037,
        "少数股东损益_万元": -233.309012,
        "持续经营净利润_万元": 1220.932025,
        "终止经营净利润_万元": null,
        "其他综合收益_万元": -3133.573108,
        "综合收益总额_万元": -1912.641083,
        "归母综合收益总额_万元": -1679.332071
    },
    "现金流量表": {
        "销售商品收到现金_万元": 194149.637745,
        "收到的税费返还_万元": 2369.316859,
        "收到其他经营活动现金_万元": 1678.714892,
        "经营活动现金流入_万元": 198197.669496,
        "购买商品支付现金_万元": 94983.376356,
        "支付职工现金_万元": 22656.897691,
        "支付税费_万元": 15610.483949,
        "支付其他经营活动现金_万元": 75726.202041,
        "经营活动现金流出_万元": 208976.960037,
        "经营现金流净额_万元": -10779.290541,
        "经营现金流净额同比增长_百分比": -421.48,
        "收回投资现金_万元": 397485.52233,
        "取得投资收益现金_万元": 2298.921704,
        "处置资产收回现金_万元": null,
        "收到其他投资活动现金_万元": null,
        "投资活动现金流入_万元": 399784.444034,
        "投资支付现金_万元": 352137.612017,
        "购建资产支付现金_万元": 4835.822324,
        "支付其他投资活动现金_万元": null,
        "投资活动现金流出_万元": 356973.434341,
        "投资现金流净额_万元": 42811.009693,
        "吸收投资现金_万元": null,
        "取得借款现金_万元": null,
        "收到其他筹资活动现金_万元": 4866.700374,
        "筹资活动现金流入_万元": 4866.700374,
        "偿还债务现金_万元": 2000.0,
        "分配股利现金_万元": 67.78,
        "支付其他筹资活动现金_万元": 18468.675611,
        "筹资活动现金流出_万元": 20536.455611,
        "融资现金流净额_万元": -1566.9755237,
        "汇率变动影响_万元": null,
        "现金及等价物净增加额_万元": 16361.963915,
        "净现金流_元": null,
        "净现金流同比增长_百分比": 34.9,
        "期初现金及等价物_万元": 68372.273428,
        "期末现金及等价物_万元": 84734.237343,
        "经营现金流占比_百分比": -65.89,
        "投资现金流占比_百分比": 261.67,
        "融资现金流占比_百分比": -95.78
    }
}