{
    "报告信息": {
        "序号": null,
        "股票代码": "300158",
        "股票简称": "振东制药",
        "报告年份": "2024",
        "报告期": "第一季度",
        "总股本_股": 1027494660,
        "流通股本_股": null,
        "报告日期": null,
        "审计意见": "未经审计",
        "会计师事务所": null,
        "期": "Q1"
    },
    "核心业绩指标": {
        "每股收益_元": 0.0225,
        "稀释每股收益_元": 0.0225,
        "营业总收入_万元": 78213.026905,
        "营业总收入_亿元": 7.8213026905,
        "营收同比增长_百分比": -17.79,
        "营收环比增长_百分比": null,
        "净利润_万元": 2234.712436,
        "净利润_亿元": 0.2234712436,
        "净利润同比增长_百分比": null,
        "净利润环比增长_百分比": null,
        "归母净利润_万元": 2310.155795,
        "少数股东损益_万元": -75.443359,
        "每股净资产_元": null,
        "净资产收益率_百分比": null,
        "扣非净资产收益率_百分比": null,
        "每股经营现金流_元": null,
        "扣非净利润_万元": -859.241741,
        "扣非净利润同比增长_百分比": 51.35,
        "销售毛利率_百分比": null,
        "销售净利率_百分比": null,
        "加权平均净资产收益率_百分比": 0.45,
        "扣非加权净资产收益率_百分比": null,
        "总资产收益率_百分比": null,
        "主营业务收入_万元": null,
        "主营业务成本_万元": null,
        "主营业务利润_万元": null
    },
    "资产负债表": {
        "货币资金_万元": 65219.270252,
        "应收账款_万元": 64526.926104,
        "应收票据_万元": 6839.897632,
        "应收款项融资_万元": 8721.452439,
        "预付款项_万元": 10633.259286,
        "其他应收款_万元": 7317.88666,
        "存货_万元": 113053.130443,
        "合同资产_万元": null,
        "一年内到期的非流动资产_万元": null,
        "其他流动资产_万元": 1192.323264,
        "流动资产合计_万元": 418928.022591,
        "交易性金融资产_万元": 141423.876511,
        "债权投资_万元": null,
        "其他债权投资_万元": null,
        "长期应收款_万元": null,
        "长期股权投资_万元": null,
        "其他权益工具投资_万元": 8701.528568,
        "投资性房地产_万元": 1486.6864,
        "固定资产_万元": 92711.224922,
        "在建工程_万元": 5412.642332,
        "生产性生物资产_万元": 98.723235,
        "油气资产_万元": null,
        "使用权资产_万元": 251.307386,
        "无形资产_万元": 25094.01645,
        "开发支出_万元": 19445.148827,
        "商誉_万元": 4023.961418,
        "长期待摊费用_万元": 548.015382,
        "递延所得税资产_万元": 2115.910637,
        "其他非流动资产_万元": 19631.600898,
        "非流动资产合计_万元": 179520.766455,
        "总资产_万元": 598448.789046,
        "总资产同比增长_百分比": -3.17,
        "短期借款_万元": 9.780111,
        "交易性金融负债_万元": null,
        "应付票据_万元": 4094.550112,
        "应付账款_万元": 29594.779117,
        "预收款项_万元": null,
        "合同负债_万元": 8002.708856,
        "应付职工薪酬_万元": 2745.061692,
        "应交税费_万元": 3068.372197,
        "其他应付款_万元": 27188.413693,
        "一年内到期的非流动负债_万元": 123.078726,
        "其他流动负债_万元": 3583.477858,
        "流动负债合计_万元": 78410.222362,
        "长期借款_万元": null,
        "应付债券_万元": null,
        "租赁负债_万元": 98.533304,
        "长期应付款_万元": 7446.517303,
        "预计负债_万元": null,
        "递延收益_万元": 4240.787195,
        "递延所得税负债_万元": 29.683688,
        "其他非流动负债_万元": null,
        "非流动负债合计_万元": 11815.52149,
        "总负债_万元": 90225.743852,
        "总负债同比增长_百分比": null,
        "资产负债率_百分比": null,
        "实收资本_万元": 102749.466,
        "资本公积_万元": 376231.423772,
        "盈余公积_万元": 48134.61186,
        "未分配利润_万元": -3648.878991,
        "其他综合收益_万元": -3270.794938,
        "专项储备_万元": null,
        "归属于母公司所有者权益合计_万元": 511773.31545,
        "少数股东权益_万元": -3550.270256,
        "股东权益合计_万元": 508223.045194
    },
    "利润表": {
        "营业总收入_万元": 78213.026905,
        "营业收入_万元": 78213.026905,
        "营业总收入同比增长_百分比": -17.79,
        "营业成本_万元": 43491.877398,
        "税金及附加_万元": 836.875049,
        "销售费用_万元": 26526.392442,
        "管理费用_万元": 4859.74107,
        "研发费用_万元": 3844.773367,
        "财务费用_万元": -44.896043,
        "其中利息费用_万元": 29.517914,
        "其中利息收入_万元": 101.055068,
        "其他收益_万元": 1453.525803,
        "投资收益_万元": 1688.880504,
        "其中对联营企业投资收益_万元": null,
        "公允价值变动收益_万元": 264.926136,
        "信用减值损失_万元": -60.497544,
        "资产减值损失_万元": 163.094308,
        "资产处置收益_万元": 1020.773819,
        "营业总支出_万元": 79514.763283,
        "营业利润_万元": 3228.966648,
        "营业外收入_万元": 31.089687,
        "营业外支出_万元": 160.737025,
        "利润总额_万元": 3099.31931,
        "所得税费用_万元": 864.606874,
        "净利润_万元": 2234.712436,
        "归母净利润_万元": 2310.155795,
        "少数股东损益_万元": -75.443359,
        "持续经营净利润_万元": 2234.712436,
        "终止经营净利润_万元": null,
        "其他综合收益_万元": -0.000444,
        "综合收益总额_万元": 2234.711992,
        "归母综合收益总额_万元": 2310.155351
    },
    "现金流量表": {
        "销售商品收到现金_万元": 80052.533992,
        "收到的税费返还_万元": 649.461407,
        "收到其他经营活动现金_万元": 1089.353402,
        "经营活动现金流入_万元": 81791.348801,
        "购买商品支付现金_万元": 42496.950967,
        "支付职工现金_万元": 11305.881264,
        "支付税费_万元": 4984.216249,
        "支付其他经营活动现金_万元": 25391.740854,
        "经营活动现金流出_万元": 84178.789334,
        "经营现金流净额_万元": -2387.440533,
        "经营现金流净额同比增长_百分比": 89.22,
        "收回投资现金_万元": 217028.607441,
        "取得投资收益现金_万元": 1662.925135,
        "处置资产收回现金_万元": 505.27,
        "收到其他投资活动现金_万元": null,
        "投资活动现金流入_万元": 219196.802576,
        "投资支付现金_万元": 216396.29,
        "购建资产支付现金_万元": 7184.856347,
        "支付其他投资活动现金_万元": null,
        "投资活动现金流出_万元": 223581.146347,
        "投资现金流净额_万元": -4384.343771,
        "吸收投资现金_万元": null,
        "取得借款现金_万元": 356.29714,
        "收到其他筹资活动现金_万元": 2011.997642,
        "筹资活动现金流入_万元": 2368.294782,
        "偿还债务现金_万元": null,
        "分配股利现金_万元": 22.719469,
        "支付其他筹资活动现金_万元": 10730.937342,
        "筹资活动现金流出_万元": 10753.656811,
        "融资现金流净额_万元": -8385.362029,
        "汇率变动影响_万元": null,
        "现金及等价物净增加额_万元": -15157.146333,
        "净现金流_元": null,
        "净现金流同比增长_百分比": null,
        "期初现金及等价物_万元": 76281.866473,
        "期末现金及等价物_万元": 61124.72014,
        "经营现金流占比_百分比": null,
        "投资现金流占比_百分比": null,
        "融资现金流占比_百分比": null
    }
}