{
    "报告信息": {
        "序号": null,
        "股票代码": "300158",
        "股票简称": "振东制药",
        "报告年份": "2025",
        "报告期": "Q1",
        "总股本_股": 1005319756,
        "流通股本_股": null,
        "报告日期": "2025-03-31",
        "审计意见": null,
        "会计师事务所": null
    },
    "核心业绩指标": {
        "每股收益_元": 0.0012,
        "稀释每股收益_元": 0.0012,
        "营业总收入_万元": 75453.259177,
        "营业总收入_亿元": 7.5453259177,
        "营收同比增长_百分比": -3.53,
        "营收环比增长_百分比": null,
        "净利润_万元": 100.576843,
        "净利润_亿元": 0.0100576843,
        "净利润同比增长_百分比": -95.5,
        "净利润环比增长_百分比": null,
        "归母净利润_万元": 115.717686,
        "少数股东损益_万元": -15.140843,
        "每股净资产_元": null,
        "净资产收益率_百分比": 0.03,
        "扣非净资产收益率_百分比": null,
        "每股经营现金流_元": -0.3283,
        "扣非净利润_万元": 28.961669,
        "扣非净利润同比增长_百分比": 103.37,
        "销售毛利率_百分比": null,
        "销售净利率_百分比": null,
        "加权平均净资产收益率_百分比": 0.03,
        "扣非加权净资产收益率_百分比": null,
        "总资产收益率_百分比": null,
        "主营业务收入_万元": null,
        "主营业务成本_万元": null,
        "主营业务利润_万元": null
    },
    "资产负债表": {
        "货币资金_万元": 46617.105982,
        "应收账款_万元": 66690.787,
        "应收票据_万元": 4664.152245,
        "应收款项融资_万元": 16972.294562,
        "预付款项_万元": 6514.981534,
        "其他应收款_万元": 7352.2297,
        "存货_万元": 64305.976136,
        "合同资产_万元": null,
        "一年内到期的非流动资产_万元": null,
        "其他流动资产_万元": 1875.629784,
        "流动资产合计_万元": 285812.239626,
        "交易性金融资产_万元": 70819.082683,
        "债权投资_万元": null,
        "其他债权投资_万元": null,
        "长期应收款_万元": null,
        "长期股权投资_万元": 2863.128785,
        "其他权益工具投资_万元": 1490.960616,
        "投资性房地产_万元": 1406.08375,
        "固定资产_万元": 90980.5743,
        "在建工程_万元": 12302.135011,
        "生产性生物资产_万元": null,
        "油气资产_万元": null,
        "使用权资产_万元": 230.460765,
        "无形资产_万元": 28365.819063,
        "开发支出_万元": 8481.651342,
        "商誉_万元": 1549.981418,
        "长期待摊费用_万元": 1665.949309,
        "递延所得税资产_万元": 2540.300207,
        "其他非流动资产_万元": 25768.597086,
        "非流动资产合计_万元": 177645.641652,
        "总资产_万元": 463457.881278,
        "总资产同比增长_百分比": -6.99,
        "短期借款_万元": 1525.247764,
        "交易性金融负债_万元": null,
        "应付票据_万元": 1919.500823,
        "应付账款_万元": 26112.70472,
        "预收款项_万元": null,
        "合同负债_万元": 4996.614487,
        "应付职工薪酬_万元": 2232.767467,
        "应交税费_万元": 3469.200811,
        "其他应付款_万元": 52988.51664,
        "一年内到期的非流动负债_万元": 56.913795,
        "其他流动负债_万元": 1156.813151,
        "流动负债合计_万元": 94458.279658,
        "长期借款_万元": null,
        "应付债券_万元": null,
        "租赁负债_万元": 94.821627,
        "长期应付款_万元": 2771.517303,
        "预计负债_万元": null,
        "递延收益_万元": 3665.51365,
        "递延所得税负债_万元": 95.759945,
        "其他非流动负债_万元": null,
        "非流动负债合计_万元": 6627.612525,
        "总负债_万元": 101085.892183,
        "总负债同比增长_百分比": -23.57,
        "资产负债率_百分比": 21.81,
        "实收资本_万元": 100531.9756,
        "资本公积_万元": 368173.355819,
        "盈余公积_万元": 48134.61186,
        "未分配利润_万元": -138699.647481,
        "其他综合收益_万元": -7977.753024,
        "专项储备_万元": null,
        "归属于母公司所有者权益合计_万元": 366124.431923,
        "少数股东权益_万元": -3752.442828,
        "股东权益合计_万元": 362371.989095
    },
    "利润表": {
        "营业总收入_万元": 75453.259177,
        "营业收入_万元": 75453.259177,
        "营业总收入同比增长_百分比": -3.53,
        "营业成本_万元": 38413.347479,
        "税金及附加_万元": 765.918276,
        "销售费用_万元": 25536.891103,
        "管理费用_万元": 6312.696131,
        "研发费用_万元": 4843.54925,
        "财务费用_万元": 31.146142,
        "其中利息费用_万元": 55.811752,
        "其中利息收入_万元": 47.232953,
        "其他收益_万元": 617.685262,
        "投资收益_万元": 341.61868,
        "其中对联营企业投资收益_万元": null,
        "公允价值变动收益_万元": 84.502358,
        "信用减值损失_万元": -79.789223,
        "资产减值损失_万元": 735.801791,
        "资产处置收益_万元": 0.025,
        "营业总支出_万元": null,
        "营业利润_万元": 1249.554665,
        "营业外收入_万元": 31.678849,
        "营业外支出_万元": 619.325349,
        "利润总额_万元": 661.908165,
        "所得税费用_万元": 561.331322,
        "净利润_万元": 100.576843,
        "归母净利润_万元": 115.717686,
        "少数股东损益_万元": -15.140843,
        "持续经营净利润_万元": 100.576843,
        "终止经营净利润_万元": null,
        "其他综合收益_万元": 0.065232,
        "综合收益总额_万元": 100.642075,
        "归母综合收益总额_万元": 115.782918
    },
    "现金流量表": {
        "销售商品收到现金_万元": 59792.674345,
        "收到的税费返还_万元": 220.222544,
        "收到其他经营活动现金_万元": 275.52819,
        "经营活动现金流入_万元": 60288.425079,
        "购买商品支付现金_万元": 26638.353707,
        "支付职工现金_万元": 10557.950957,
        "支付税费_万元": 3071.384579,
        "支付其他经营活动现金_万元": 53021.729553,
        "经营活动现金流出_万元": 93289.418796,
        "经营现金流净额_万元": -33000.993717,
        "经营现金流净额同比增长_百分比": -1282.28,
        "收回投资现金_万元": 124849.9,
        "取得投资收益现金_万元": 415.758656,
        "处置资产收回现金_万元": 0,
        "收到其他投资活动现金_万元": null,
        "投资活动现金流入_万元": 125265.658656,
        "投资支付现金_万元": 96700.3,
        "购建资产支付现金_万元": 2657.915177,
        "支付其他投资活动现金_万元": null,
        "投资活动现金流出_万元": 99358.215177,
        "投资现金流净额_万元": 25907.443479,
        "吸收投资现金_万元": 0,
        "取得借款现金_万元": 0,
        "收到其他筹资活动现金_万元": 2176.695799,
        "筹资活动现金流入_万元": 2176.695799,
        "偿还债务现金_万元": 15,
        "分配股利现金_万元": 8.24622,
        "支付其他筹资活动现金_万元": 6163.821431,
        "筹资活动现金流出_万元": 6187.067651,
        "融资现金流净额_万元": -4010.371852,
        "汇率变动影响_万元": 0,
        "现金及等价物净增加额_万元": -11103.92209,
        "净现金流_元": -111039220.9,
        "净现金流同比增长_百分比": -26.73,
        "期初现金及等价物_万元": 55801.527249,
        "期末现金及等价物_万元": 44697.605159,
        "经营现金流占比_百分比": null,
        "投资现金流占比_百分比": null,
        "融资现金流占比_百分比": null
    }
}