{
    "报告信息": {
        "序号": "2025-043",
        "股票代码": "300158",
        "股票简称": "振东制药",
        "报告年份": "2025",
        "报告期": "HY",
        "总股本_股": 1005319756,
        "流通股本_股": null,
        "报告日期": "2025-08",
        "审计意见": "未经审计",
        "会计师事务所": null
    },
    "核心业绩指标": {
        "每股收益_元": 0.0077,
        "稀释每股收益_元": 0.0077,
        "营业总收入_万元": 145694.2,
        "营业总收入_亿元": 14.569420034,
        "营收同比增长_百分比": -3.3,
        "营收环比增长_百分比": null,
        "净利润_万元": 650.359716,
        "净利润_亿元": 0.0650359716,
        "净利润同比增长_百分比": null,
        "净利润环比增长_百分比": null,
        "归母净利润_万元": 793.130293,
        "少数股东损益_万元": -142.770577,
        "每股净资产_元": null,
        "净资产收益率_百分比": null,
        "扣非净资产收益率_百分比": null,
        "每股经营现金流_元": null,
        "扣非净利润_万元": -817.640891,
        "扣非净利润同比增长_百分比": 73.42,
        "销售毛利率_百分比": null,
        "销售净利率_百分比": null,
        "加权平均净资产收益率_百分比": 0.21,
        "扣非加权净资产收益率_百分比": null,
        "总资产收益率_百分比": null,
        "主营业务收入_万元": 144234.999669,
        "主营业务成本_万元": 70584.318408,
        "主营业务利润_万元": null
    },
    "资产负债表": {
        "货币资金_万元": 43919.793042,
        "应收账款_万元": 73256.742971,
        "应收票据_万元": 5043.745564,
        "应收款项融资_万元": 7603.402445,
        "预付款项_万元": 7738.062899,
        "其他应收款_万元": 6774.219765,
        "存货_万元": 63734.991993,
        "合同资产_万元": null,
        "一年内到期的非流动资产_万元": null,
        "其他流动资产_万元": 1169.883299,
        "流动资产合计_万元": 268307.853493,
        "交易性金融资产_万元": 59067.011515,
        "债权投资_万元": null,
        "其他债权投资_万元": null,
        "长期应收款_万元": null,
        "长期股权投资_万元": 2824.017119,
        "其他权益工具投资_万元": 914.091121,
        "投资性房地产_万元": 1444.130812,
        "固定资产_万元": 89075.239882,
        "在建工程_万元": 14485.102254,
        "生产性生物资产_万元": null,
        "油气资产_万元": null,
        "使用权资产_万元": 197.763361,
        "无形资产_万元": 29147.36703,
        "开发支出_万元": 9730.491982,
        "商誉_万元": 1549.981418,
        "长期待摊费用_万元": 2325.110788,
        "递延所得税资产_万元": 2399.957854,
        "其他非流动资产_万元": 27479.603772,
        "非流动资产合计_万元": 181572.857393,
        "总资产_万元": 449880.710886,
        "总资产同比增长_百分比": -9.71,
        "短期借款_万元": 0.0,
        "交易性金融负债_万元": null,
        "应付票据_万元": 1011.379037,
        "应付账款_万元": 30182.828934,
        "预收款项_万元": null,
        "合同负债_万元": 6473.647659,
        "应付职工薪酬_万元": 2244.148476,
        "应交税费_万元": 3378.661894,
        "其他应付款_万元": 37254.42191,
        "一年内到期的非流动负债_万元": 178.377894,
        "其他流动负债_万元": 3494.823668,
        "流动负债合计_万元": 84218.289472,
        "长期借款_万元": null,
        "应付债券_万元": null,
        "租赁负债_万元": 72.238107,
        "长期应付款_万元": 22.777303,
        "预计负债_万元": null,
        "递延收益_万元": 3717.677619,
        "递延所得税负债_万元": 109.669564,
        "其他非流动负债_万元": null,
        "非流动负债合计_万元": 3922.362593,
        "总负债_万元": 88140.652065,
        "总负债同比增长_百分比": null,
        "资产负债率_百分比": null,
        "实收资本_万元": 100531.9756,
        "资本公积_万元": 368171.612112,
        "盈余公积_万元": 48134.61186,
        "未分配利润_万元": -138022.234874,
        "其他综合收益_万元": -8092.541873,
        "专项储备_万元": null,
        "归属于母公司所有者权益合计_万元": 365620.131384,
        "少数股东权益_万元": -3880.072563,
        "股东权益合计_万元": 361740.058821
    },
    "利润表": {
        "营业总收入_万元": 145694.200334,
        "营业收入_万元": 145694.200334,
        "营业总收入同比增长_百分比": -3.3,
        "营业成本_万元": 71175.673599,
        "税金及附加_万元": 1646.168026,
        "销售费用_万元": 51726.905771,
        "管理费用_万元": 13683.564167,
        "研发费用_万元": 7744.327528,
        "财务费用_万元": 0.582647,
        "其中利息费用_万元": 73.851579,
        "其中利息收入_万元": 149.827723,
        "其他收益_万元": 3225.434679,
        "投资收益_万元": 651.914108,
        "其中对联营企业投资收益_万元": -50.25294,
        "公允价值变动收益_万元": 132.871016,
        "信用减值损失_万元": -178.944956,
        "资产减值损失_万元": -894.740213,
        "资产处置收益_万元": 0.460473,
        "营业总支出_万元": null,
        "营业利润_万元": 2653.973703,
        "营业外收入_万元": 106.647761,
        "营业外支出_万元": 669.517832,
        "利润总额_万元": 2091.103632,
        "所得税费用_万元": 1440.743916,
        "净利润_万元": 650.359716,
        "归母净利润_万元": 793.130293,
        "少数股东损益_万元": -142.770577,
        "持续经营净利润_万元": 650.359716,
        "终止经营净利润_万元": null,
        "其他综合收益_万元": -114.723617,
        "综合收益总额_万元": 535.636099,
        "归母综合收益总额_万元": 678.406676
    },
    "现金流量表": {
        "销售商品收到现金_万元": 125059.783931,
        "收到的税费返还_万元": 1266.522136,
        "收到其他经营活动现金_万元": 2086.197038,
        "经营活动现金流入_万元": 128412.503105,
        "购买商品支付现金_万元": 55567.752368,
        "支付职工现金_万元": 26232.940619,
        "支付税费_万元": 7707.059437,
        "支付其他经营活动现金_万元": 79107.766714,
        "经营活动现金流出_万元": 168706.519138,
        "经营现金流净额_万元": -40294.016033,
        "经营现金流净额同比增长_百分比": -1177.57,
        "收回投资现金_万元": 211249.9,
        "取得投资收益现金_万元": 889.547002,
        "处置资产收回现金_万元": 2.426613,
        "收到其他投资活动现金_万元": null,
        "投资活动现金流入_万元": 212141.873615,
        "投资支付现金_万元": 170800.3,
        "购建资产支付现金_万元": 6830.595077,
        "支付其他投资活动现金_万元": null,
        "投资活动现金流出_万元": 177630.895077,
        "投资现金流净额_万元": 34510.978538,
        "吸收投资现金_万元": null,
        "取得借款现金_万元": null,
        "收到其他筹资活动现金_万元": 2625.46867,
        "筹资活动现金流入_万元": 2625.46867,
        "偿还债务现金_万元": 3063.74,
        "分配股利现金_万元": 14.834821,
        "支付其他筹资活动现金_万元": 6663.602111,
        "筹资活动现金流出_万元": 9742.176932,
        "融资现金流净额_万元": -7116.708262,
        "汇率变动影响_万元": null,
        "现金及等价物净增加额_万元": -12899.745757,
        "净现金流_元": null,
        "净现金流同比增长_百分比": 59.9,
        "期初现金及等价物_万元": 55801.527249,
        "期末现金及等价物_万元": 42901.781492,
        "经营现金流占比_百分比": null,
        "投资现金流占比_百分比": null,
        "融资现金流占比_百分比": null
    }
}