{
    "报告信息": {
        "序号": 1,
        "股票代码": "300158",
        "股票简称": "振东制药",
        "报告年份": "2024",
        "报告期": "年度报告",
        "总股本_股": 1005319756,
        "流通股本_股": null,
        "报告日期": null,
        "审计意见": "标准的无保留意见",
        "会计师事务所": "中审华会计师事务所（特殊普通合伙）",
        "期": "FY"
    },
    "核心业绩指标": {
        "每股收益_元": -1.2977,
        "稀释每股收益_元": -1.2977,
        "营业总收入_万元": 297112.757267,
        "营业总收入_亿元": 29.7112757267,
        "营收同比增长_百分比": -18.06,
        "营收环比增长_百分比": null,
        "净利润_万元": -132856.392826,
        "净利润_亿元": -13.2856392826,
        "净利润同比增长_百分比": -2920.55,
        "净利润环比增长_百分比": null,
        "归母净利润_万元": -132856.392826,
        "少数股东损益_万元": null,
        "每股净资产_元": null,
        "净资产收益率_百分比": -29.43,
        "扣非净资产收益率_百分比": null,
        "每股经营现金流_元": null,
        "扣非净利润_万元": -68633.992676,
        "扣非净利润同比增长_百分比": -491.35,
        "销售毛利率_百分比": null,
        "销售净利率_百分比": null,
        "加权平均净资产收益率_百分比": -29.43,
        "扣非加权净资产收益率_百分比": -15.2,
        "总资产收益率_百分比": null,
        "主营业务收入_万元": 294752.94331,
        "主营业务成本_万元": 155473.395751,
        "主营业务利润_万元": null
    },
    "资产负债表": {
        "货币资金_万元": 58459.202836,
        "应收账款_万元": 51954.975654,
        "应收票据_万元": 5585.409412,
        "应收款项融资_万元": 14266.41975,
        "预付款项_万元": 6618.10198,
        "其他应收款_万元": 5774.507409,
        "存货_万元": 77597.831486,
        "合同资产_万元": null,
        "一年内到期的非流动资产_万元": null,
        "其他流动资产_万元": 2342.752351,
        "流动资产合计_万元": 321561.676,
        "交易性金融资产_万元": 98962.475122,
        "债权投资_万元": null,
        "其他债权投资_万元": null,
        "长期应收款_万元": 0.0,
        "长期股权投资_万元": 2874.270059,
        "其他权益工具投资_万元": 990.960616,
        "投资性房地产_万元": 1484.432137,
        "固定资产_万元": 92446.842255,
        "在建工程_万元": 11939.590633,
        "生产性生物资产_万元": 0.0,
        "油气资产_万元": null,
        "使用权资产_万元": 262.491568,
        "无形资产_万元": 28884.589124,
        "开发支出_万元": 851.865,
        "商誉_万元": 1549.981418,
        "长期待摊费用_万元": 1830.751185,
        "递延所得税资产_万元": 2496.635808,
        "其他非流动资产_万元": 23644.484378,
        "非流动资产合计_万元": 176710.778573,
        "总资产_万元": 498272.454573,
        "总资产同比增长_百分比": -19.38,
        "短期借款_万元": 3810.964777,
        "交易性金融负债_万元": 0,
        "应付票据_万元": 2625.46867,
        "应付账款_万元": 30175.554062,
        "预收款项_万元": null,
        "合同负债_万元": 5141.504896,
        "应付职工薪酬_万元": 3741.187439,
        "应交税费_万元": 1449.082656,
        "其他应付款_万元": 77222.26555,
        "一年内到期的非流动负债_万元": 201.294315,
        "其他流动负债_万元": 1136.204459,
        "流动负债合计_万元": 125503.526824,
        "长期借款_万元": 0,
        "应付债券_万元": null,
        "租赁负债_万元": 108.862895,
        "长期应付款_万元": 2771.517303,
        "预计负债_万元": null,
        "递延收益_万元": 3765.065497,
        "递延所得税负债_万元": 97.855395,
        "其他非流动负债_万元": null,
        "非流动负债合计_万元": 6743.30109,
        "总负债_万元": 132246.827914,
        "总负债同比增长_百分比": null,
        "资产负债率_百分比": null,
        "实收资本_万元": 100531.9756,
        "资本公积_万元": 368173.355819,
        "盈余公积_万元": 48134.61186,
        "未分配利润_万元": -138815.365167,
        "其他综合收益_万元": -7977.818256,
        "专项储备_万元": null,
        "归属于母公司所有者权益合计_万元": 369762.928645,
        "少数股东权益_万元": -3737.301986,
        "股东权益合计_万元": 366025.626659
    },
    "利润表": {
        "营业总收入_万元": 297112.757267,
        "营业收入_万元": 297112.757267,
        "营业总收入同比增长_百分比": -18.06,
        "营业成本_万元": 156012.522431,
        "税金及附加_万元": 3085.212921,
        "销售费用_万元": 113945.699136,
        "管理费用_万元": 30117.851188,
        "研发费用_万元": 35147.778137,
        "财务费用_万元": -121.003443,
        "其中利息费用_万元": 360.555857,
        "其中利息收入_万元": 567.122946,
        "其他收益_万元": 5006.548176,
        "投资收益_万元": 4197.282758,
        "其中对联营企业投资收益_万元": -125.729941,
        "公允价值变动收益_万元": -13944.01217,
        "信用减值损失_万元": 319.789244,
        "资产减值损失_万元": -29407.344553,
        "资产处置收益_万元": 1054.414255,
        "营业总支出_万元": null,
        "营业利润_万元": -71470.664744,
        "营业外收入_万元": 929.041166,
        "营业外支出_万元": 60960.574666,
        "利润总额_万元": -131502.198244,
        "所得税费用_万元": 1791.711301,
        "净利润_万元": -132856.392826,
        "归母净利润_万元": -132856.392826,
        "少数股东损益_万元": null,
        "持续经营净利润_万元": null,
        "终止经营净利润_万元": null,
        "其他综合收益_万元": -4707.023762,
        "综合收益总额_万元": -138000.933307,
        "归母综合收益总额_万元": -137563.416588
    },
    "现金流量表": {
        "销售商品收到现金_万元": 331961.151192,
        "收到的税费返还_万元": 1880.725569,
        "收到其他经营活动现金_万元": 4634.274642,
        "经营活动现金流入_万元": 338476.151403,
        "购买商品支付现金_万元": 157889.226937,
        "支付职工现金_万元": 49061.48087,
        "支付税费_万元": 20221.593781,
        "支付其他经营活动现金_万元": 126286.075124,
        "经营活动现金流出_万元": 353458.376712,
        "经营现金流净额_万元": -14982.225309,
        "经营现金流净额同比增长_百分比": 39.87,
        "收回投资现金_万元": 634647.771416,
        "取得投资收益现金_万元": 4696.886897,
        "处置资产收回现金_万元": 777.08366,
        "收到其他投资活动现金_万元": 98.83841,
        "投资活动现金流入_万元": 640220.580383,
        "投资支付现金_万元": 606421.755434,
        "购建资产支付现金_万元": 29847.62284,
        "支付其他投资活动现金_万元": null,
        "投资活动现金流出_万元": 636269.378274,
        "投资现金流净额_万元": 3951.202109,
        "吸收投资现金_万元": null,
        "取得借款现金_万元": 3810.964777,
        "收到其他筹资活动现金_万元": 9185.024131,
        "筹资活动现金流入_万元": 12995.988908,
        "偿还债务现金_万元": 5335.0,
        "分配股利现金_万元": 58.465253,
        "支付其他筹资活动现金_万元": 17051.839679,
        "筹资活动现金流出_万元": 22445.304932,
        "融资现金流净额_万元": -9449.316024,
        "汇率变动影响_万元": null,
        "现金及等价物净增加额_万元": -20480.339224,
        "净现金流_元": -204803392.24,
        "净现金流同比增长_百分比": -358.93,
        "期初现金及等价物_万元": 76281.866473,
        "期末现金及等价物_万元": 55801.527249,
        "经营现金流占比_百分比": null,
        "投资现金流占比_百分比": null,
        "融资现金流占比_百分比": null
    }
}