{
    "报告信息": {
        "序号": null,
        "股票代码": "300158",
        "股票简称": "振东制药",
        "报告年份": "2023",
        "报告期": "Q3",
        "总股本_股": 1027494660,
        "流通股本_股": null,
        "报告日期": "2023-09-30",
        "审计意见": "未经审计",
        "会计师事务所": null
    },
    "核心业绩指标": {
        "每股收益_元": -0.0009,
        "稀释每股收益_元": -0.0009,
        "营业总收入_万元": 278374.544464,
        "营业总收入_亿元": 27.8374544464,
        "营收同比增长_百分比": -0.55,
        "营收环比增长_百分比": null,
        "净利润_万元": -413.407359,
        "净利润_亿元": -0.0413407359,
        "净利润同比增长_百分比": -119.79,
        "净利润环比增长_百分比": null,
        "归母净利润_万元": -87.420492,
        "少数股东损益_万元": -325.986867,
        "每股净资产_元": 5.08,
        "净资产收益率_百分比": -0.02,
        "扣非净资产收益率_百分比": null,
        "每股经营现金流_元": -0.2173,
        "扣非净利润_万元": -3393.299684,
        "扣非净利润同比增长_百分比": -28.27,
        "销售毛利率_百分比": null,
        "销售净利率_百分比": -0.15,
        "加权平均净资产收益率_百分比": -0.02,
        "扣非加权净资产收益率_百分比": null,
        "总资产收益率_百分比": -0.07,
        "主营业务收入_万元": 278374.544464,
        "主营业务成本_万元": 136960.939907,
        "主营业务利润_万元": null
    },
    "资产负债表": {
        "货币资金_万元": 97468.270726,
        "应收账款_万元": 64589.700198,
        "应收票据_万元": 13258.304168,
        "应收款项融资_万元": null,
        "预付款项_万元": 14845.078404,
        "其他应收款_万元": 5453.203016,
        "存货_万元": 121427.530991,
        "合同资产_万元": null,
        "一年内到期的非流动资产_万元": null,
        "其他流动资产_万元": 826.785093,
        "流动资产合计_万元": 449605.54229,
        "交易性金融资产_万元": 131736.669694,
        "债权投资_万元": null,
        "其他债权投资_万元": null,
        "长期应收款_万元": null,
        "长期股权投资_万元": null,
        "其他权益工具投资_万元": 3694.386936,
        "投资性房地产_万元": 1585.18545,
        "固定资产_万元": 92874.461667,
        "在建工程_万元": 4743.770122,
        "生产性生物资产_万元": 106.950171,
        "油气资产_万元": null,
        "使用权资产_万元": 259.604003,
        "无形资产_万元": 25586.459441,
        "开发支出_万元": 2008.2519894,
        "商誉_万元": 4023.961418,
        "长期待摊费用_万元": 522.282769,
        "递延所得税资产_万元": 1981.053035,
        "其他非流动资产_万元": 9008.3068,
        "非流动资产合计_万元": 164468.941706,
        "总资产_万元": 614074.483996,
        "总资产同比增长_百分比": -6.26,
        "短期借款_万元": null,
        "交易性金融负债_万元": null,
        "应付票据_万元": 3652.246338,
        "应付账款_万元": 41423.200876,
        "预收款项_万元": null,
        "合同负债_万元": 6192.193746,
        "应付职工薪酬_万元": 2724.988979,
        "应交税费_万元": 3743.585345,
        "其他应付款_万元": 24273.478628,
        "一年内到期的非流动负债_万元": 80.657339,
        "其他流动负债_万元": 1563.057794,
        "流动负债合计_万元": 83653.409045,
        "长期借款_万元": null,
        "应付债券_万元": null,
        "租赁负债_万元": 191.665627,
        "长期应付款_万元": null,
        "预计负债_万元": null,
        "递延收益_万元": 3957.503366,
        "递延所得税负债_万元": null,
        "其他非流动负债_万元": null,
        "非流动负债合计_万元": 11639.686296,
        "总负债_万元": 95293.095341,
        "总负债同比增长_百分比": -28.22,
        "资产负债率_百分比": 15.52,
        "实收资本_万元": 102749.466,
        "资本公积_万元": 376231.423772,
        "盈余公积_万元": 48134.61186,
        "未分配利润_万元": -1648.043654,
        "其他综合收益_万元": -3273.764189,
        "专项储备_万元": null,
        "归属于母公司所有者权益合计_万元": 522193.693789,
        "少数股东权益_万元": -3412.305134,
        "股东权益合计_万元": 518781.388655
    },
    "利润表": {
        "营业总收入_万元": 278374.544464,
        "营业收入_万元": 278374.544464,
        "营业总收入同比增长_百分比": -0.55,
        "营业成本_万元": 136960.939907,
        "税金及附加_万元": 2534.131303,
        "销售费用_万元": 107275.670101,
        "管理费用_万元": 19835.59114,
        "研发费用_万元": 13728.336779,
        "财务费用_万元": -783.581214,
        "其中利息费用_万元": 99.865159,
        "其中利息收入_万元": 998.317765,
        "其他收益_万元": 3334.500005,
        "投资收益_万元": 2373.614867,
        "其中对联营企业投资收益_万元": null,
        "公允价值变动收益_万元": 363.468417,
        "信用减值损失_万元": -2163.542784,
        "资产减值损失_万元": -1577.023063,
        "资产处置收益_万元": 19.26096,
        "营业总支出_万元": null,
        "营业利润_万元": 1173.73485,
        "营业外收入_万元": 207.130372,
        "营业外支出_万元": 265.126292,
        "利润总额_万元": 1115.73893,
        "所得税费用_万元": 1529.146289,
        "净利润_万元": -413.407359,
        "归母净利润_万元": -87.420492,
        "少数股东损益_万元": -325.986867,
        "持续经营净利润_万元": -413.407359,
        "终止经营净利润_万元": null,
        "其他综合收益_万元": -3134.282129,
        "综合收益总额_万元": -3547.689488,
        "归母综合收益总额_万元": -3221.702621
    },
    "现金流量表": {
        "销售商品收到现金_万元": 288306.169459,
        "收到的税费返还_万元": 2687.382475,
        "收到其他经营活动现金_万元": 1989.524118,
        "经营活动现金流入_万元": 292983.076052,
        "购买商品支付现金_万元": 141203.705349,
        "支付职工现金_万元": 29160.011525,
        "支付税费_万元": 22090.554802,
        "支付其他经营活动现金_万元": 122855.273148,
        "经营活动现金流出_万元": 315309.544824,
        "经营现金流净额_万元": -22326.468772,
        "经营现金流净额同比增长_百分比": -134.23,
        "收回投资现金_万元": 629462.55398,
        "取得投资收益现金_万元": 3163.355174,
        "处置资产收回现金_万元": 66.25,
        "收到其他投资活动现金_万元": null,
        "投资活动现金流入_万元": 632692.159154,
        "投资支付现金_万元": 562245.796171,
        "购建资产支付现金_万元": 7094.925383,
        "支付其他投资活动现金_万元": null,
        "投资活动现金流出_万元": 569340.721554,
        "投资现金流净额_万元": 63351.4376,
        "吸收投资现金_万元": null,
        "取得借款现金_万元": null,
        "收到其他筹资活动现金_万元": 6942.955044,
        "筹资活动现金流入_万元": 6942.955044,
        "偿还债务现金_万元": 2000.0,
        "分配股利现金_万元": 99.865159,
        "支付其他筹资活动现金_万元": 20424.307753,
        "筹资活动现金流出_万元": 22524.172912,
        "融资现金流净额_万元": -15581.217868,
        "汇率变动影响_万元": null,
        "现金及等价物净增加额_万元": 25443.75096,
        "净现金流_元": -0.2173,
        "净现金流同比增长_百分比": null,
        "期初现金及等价物_万元": 68372.273428,
        "期末现金及等价物_万元": 93816.024388,
        "经营现金流占比_百分比": -87.73,
        "投资现金流占比_百分比": 248.92,
        "融资现金流占比_百分比": -61.19
    }
}