{
    "报告信息": {
        "序号": null,
        "股票代码": "002873",
        "股票简称": "新天药业",
        "报告年份": "2025",
        "报告期": "Q3",
        "总股本_股": 244103806,
        "流通股本_股": null,
        "报告日期": "2025-09-30",
        "审计意见": null,
        "会计师事务所": null
    },
    "核心业绩指标": {
        "每股收益_元": 0.0663,
        "稀释每股收益_元": 0.0663,
        "营业总收入_万元": 55863.303072,
        "营业总收入_亿元": 5.5863303072,
        "营收同比增长_百分比": -15.47,
        "营收环比增长_百分比": null,
        "净利润_万元": 1618.094017,
        "净利润_亿元": 0.1618094017,
        "净利润同比增长_百分比": -73.47,
        "净利润环比增长_百分比": null,
        "归母净利润_万元": 1618.094017,
        "少数股东损益_万元": 0.0,
        "每股净资产_元": 5.17,
        "净资产收益率_百分比": 1.35,
        "扣非净资产收益率_百分比": null,
        "每股经营现金流_元": 0.475,
        "扣非净利润_万元": 1355.454775,
        "扣非净利润同比增长_百分比": -67.93,
        "销售毛利率_百分比": 71.8,
        "销售净利率_百分比": 2.9,
        "加权平均净资产收益率_百分比": 1.35,
        "扣非加权净资产收益率_百分比": null,
        "总资产收益率_百分比": 0.77,
        "主营业务收入_万元": 55863.303072,
        "主营业务成本_万元": 15757.825233,
        "主营业务利润_万元": 1693.907781
    },
    "资产负债表": {
        "货币资金_万元": 16942.527578,
        "应收账款_万元": 25258.82231,
        "应收票据_万元": 958.608657,
        "应收款项融资_万元": 167.775548,
        "预付款项_万元": 1251.957366,
        "其他应收款_万元": 2409.778927,
        "存货_万元": 18045.221323,
        "合同资产_万元": null,
        "一年内到期的非流动资产_万元": null,
        "其他流动资产_万元": 338.01851,
        "流动资产合计_万元": 65382.955255,
        "交易性金融资产_万元": 10.245036,
        "债权投资_万元": null,
        "其他债权投资_万元": null,
        "长期应收款_万元": null,
        "长期股权投资_万元": null,
        "其他权益工具投资_万元": 53032.2225,
        "投资性房地产_万元": 495.060652,
        "固定资产_万元": 62221.048705,
        "在建工程_万元": 5380.920067,
        "生产性生物资产_万元": null,
        "油气资产_万元": null,
        "使用权资产_万元": 1038.424823,
        "无形资产_万元": 10832.554357,
        "开发支出_万元": 8998.087081,
        "商誉_万元": null,
        "长期待摊费用_万元": 844.20948,
        "递延所得税资产_万元": 1065.592449,
        "其他非流动资产_万元": null,
        "非流动资产合计_万元": 143910.380284,
        "总资产_万元": 209293.335539,
        "总资产同比增长_百分比": 7.3,
        "短期借款_万元": 5901.827625,
        "交易性金融负债_万元": null,
        "应付票据_万元": null,
        "应付账款_万元": 10688.997308,
        "预收款项_万元": 0.458684,
        "合同负债_万元": 66.414129,
        "应付职工薪酬_万元": 2287.928298,
        "应交税费_万元": 1661.58209,
        "其他应付款_万元": 1998.904015,
        "一年内到期的非流动负债_万元": 7353.896411,
        "其他流动负债_万元": 216.393439,
        "流动负债合计_万元": 30176.401999,
        "长期借款_万元": 46324.0,
        "应付债券_万元": null,
        "租赁负债_万元": 614.781199,
        "长期应付款_万元": 52.840922,
        "预计负债_万元": null,
        "递延收益_万元": 2412.128455,
        "递延所得税负债_万元": 3381.786208,
        "其他非流动负债_万元": null,
        "非流动负债合计_万元": 52785.536784,
        "总负债_万元": 82961.938783,
        "总负债同比增长_百分比": 9.78,
        "资产负债率_百分比": 39.6,
        "实收资本_万元": 24410.3806,
        "资本公积_万元": 28235.29427,
        "盈余公积_万元": 10192.792167,
        "未分配利润_万元": null,
        "其他综合收益_万元": 14477.389125,
        "专项储备_万元": null,
        "归属于母公司所有者权益合计_万元": 126331.396756,
        "少数股东权益_万元": 0.0,
        "股东权益合计_万元": 126331.396756
    },
    "利润表": {
        "营业总收入_万元": 55863.303072,
        "营业收入_万元": 55863.303072,
        "营业总收入同比增长_百分比": -15.47,
        "营业成本_万元": 15757.825233,
        "税金及附加_万元": 1186.027208,
        "销售费用_万元": 23977.479496,
        "管理费用_万元": 9153.409433,
        "研发费用_万元": 3214.896309,
        "财务费用_万元": 1243.938683,
        "其中利息费用_万元": 1253.322855,
        "其中利息收入_万元": 29.194429,
        "其他收益_万元": 552.460546,
        "投资收益_万元": 0.672887,
        "其中对联营企业投资收益_万元": null,
        "公允价值变动收益_万元": -1.622976,
        "信用减值损失_万元": 136.32781,
        "资产减值损失_万元": -221.897218,
        "资产处置收益_万元": -101.759978,
        "营业总支出_万元": 54533.576362,
        "营业利润_万元": 1693.907781,
        "营业外收入_万元": 5.713675,
        "营业外支出_万元": 32.465717,
        "利润总额_万元": 1667.155739,
        "所得税费用_万元": 49.061722,
        "净利润_万元": 1618.094017,
        "归母净利润_万元": 1618.094017,
        "少数股东损益_万元": 0.0,
        "持续经营净利润_万元": 1618.094017,
        "终止经营净利润_万元": null,
        "其他综合收益_万元": 6653.504625,
        "综合收益总额_万元": 8271.598642,
        "归母综合收益总额_万元": 8271.598642
    },
    "现金流量表": {
        "销售商品收到现金_万元": 65354.464941,
        "收到的税费返还_万元": null,
        "收到其他经营活动现金_万元": 1131.945004,
        "经营活动现金流入_万元": 66486.409945,
        "购买商品支付现金_万元": 9957.395205,
        "支付职工现金_万元": 23613.295729,
        "支付税费_万元": 6505.150333,
        "支付其他经营活动现金_万元": 14810.976444,
        "经营活动现金流出_万元": 54886.817711,
        "经营现金流净额_万元": 11599.592234,
        "经营现金流净额同比增长_百分比": 112.07,
        "收回投资现金_万元": 1500.0,
        "取得投资收益现金_万元": 0.71326,
        "处置资产收回现金_万元": 188.0,
        "收到其他投资活动现金_万元": null,
        "投资活动现金流入_万元": 1688.71326,
        "投资支付现金_万元": 5500.0,
        "购建资产支付现金_万元": 2997.853293,
        "支付其他投资活动现金_万元": null,
        "投资活动现金流出_万元": 8497.853293,
        "投资现金流净额_万元": -6809.140033,
        "吸收投资现金_万元": null,
        "取得借款现金_万元": 43190.0,
        "收到其他筹资活动现金_万元": null,
        "筹资活动现金流入_万元": 43190.0,
        "偿还债务现金_万元": 38860.0,
        "分配股利现金_万元": 3606.124119,
        "支付其他筹资活动现金_万元": 388.243292,
        "筹资活动现金流出_万元": 42854.367411,
        "融资现金流净额_万元": 335.632589,
        "汇率变动影响_万元": null,
        "现金及等价物净增加额_万元": 5126.08479,
        "净现金流_元": 51260847.9,
        "净现金流同比增长_百分比": null,
        "期初现金及等价物_万元": 11816.442788,
        "期末现金及等价物_万元": 16942.527578,
        "经营现金流占比_百分比": 226.0,
        "投资现金流占比_百分比": -133.0,
        "融资现金流占比_百分比": 6.5
    }
}