{
    "报告信息": {
        "序号": null,
        "股票代码": "002873",
        "股票简称": "新天药业",
        "报告年份": "2023",
        "报告期": "HY",
        "总股本_股": 231786430,
        "流通股本_股": 223093064,
        "报告日期": "2023-08-25",
        "审计意见": null,
        "会计师事务所": "大华会计师事务所（特殊普通合伙）"
    },
    "核心业绩指标": {
        "每股收益_元": 0.1997,
        "稀释每股收益_元": 0.1887,
        "营业总收入_万元": 52590.63844,
        "营业总收入_亿元": 5.259063844,
        "营收同比增长_百分比": 0.26,
        "营收环比增长_百分比": null,
        "净利润_万元": 4632.763207,
        "净利润_亿元": 0.4632763207,
        "净利润同比增长_百分比": -19.36,
        "净利润环比增长_百分比": null,
        "归母净利润_万元": 4632.763207,
        "少数股东损益_万元": null,
        "每股净资产_元": null,
        "净资产收益率_百分比": 4.1,
        "扣非净资产收益率_百分比": null,
        "每股经营现金流_元": null,
        "扣非净利润_万元": 4236.235979,
        "扣非净利润同比增长_百分比": -23.63,
        "销售毛利率_百分比": null,
        "销售净利率_百分比": null,
        "加权平均净资产收益率_百分比": 4.1,
        "扣非加权净资产收益率_百分比": 3.75,
        "总资产收益率_百分比": null,
        "主营业务收入_万元": 52556.355149,
        "主营业务成本_万元": 12028.692987,
        "主营业务利润_万元": 40527.662162
    },
    "资产负债表": {
        "货币资金_万元": 12804.176978,
        "应收账款_万元": 31735.809332,
        "应收票据_万元": 1135.981709,
        "应收款项融资_万元": 982.864287,
        "预付款项_万元": 1283.875847,
        "其他应收款_万元": 3695.626555,
        "存货_万元": 17826.463978,
        "合同资产_万元": null,
        "一年内到期的非流动资产_万元": null,
        "其他流动资产_万元": 459.377287,
        "流动资产合计_万元": 69934.268855,
        "交易性金融资产_万元": 10.092882,
        "债权投资_万元": null,
        "其他债权投资_万元": null,
        "长期应收款_万元": null,
        "长期股权投资_万元": null,
        "其他权益工具投资_万元": 46154.787099,
        "投资性房地产_万元": 355.205858,
        "固定资产_万元": 36102.86416,
        "在建工程_万元": 27281.908814,
        "生产性生物资产_万元": null,
        "油气资产_万元": null,
        "使用权资产_万元": 673.404923,
        "无形资产_万元": 8421.985003,
        "开发支出_万元": 7409.540087,
        "商誉_万元": null,
        "长期待摊费用_万元": 697.959648,
        "递延所得税资产_万元": 1574.281898,
        "其他非流动资产_万元": null,
        "非流动资产合计_万元": 128674.422535,
        "总资产_万元": 198608.69139,
        "总资产同比增长_百分比": 7.71,
        "短期借款_万元": 38889.687779,
        "交易性金融负债_万元": null,
        "应付票据_万元": 810.993124,
        "应付账款_万元": 7510.42564,
        "预收款项_万元": null,
        "合同负债_万元": 985.919752,
        "应付职工薪酬_万元": 1050.50518,
        "应交税费_万元": 1958.030737,
        "其他应付款_万元": 3212.338332,
        "一年内到期的非流动负债_万元": 2654.507674,
        "其他流动负债_万元": 12.469568,
        "流动负债合计_万元": 57084.877786,
        "长期借款_万元": 6006.777778,
        "应付债券_万元": 14262.07098,
        "租赁负债_万元": 494.77692,
        "长期应付款_万元": 332.08263,
        "预计负债_万元": null,
        "递延收益_万元": 2086.880189,
        "递延所得税负债_万元": 2819.800983,
        "其他非流动负债_万元": null,
        "非流动负债合计_万元": 26002.38948,
        "总负债_万元": 83087.267266,
        "总负债同比增长_百分比": null,
        "资产负债率_百分比": 41.83,
        "实收资本_万元": null,
        "资本公积_万元": 18916.25394,
        "盈余公积_万元": 8484.897704,
        "未分配利润_万元": 52545.134205,
        "其他综合收益_万元": 12031.569034,
        "专项储备_万元": null,
        "归属于母公司所有者权益合计_万元": 115521.424124,
        "少数股东权益_万元": null,
        "股东权益合计_万元": 115521.424124
    },
    "利润表": {
        "营业总收入_万元": 52590.63844,
        "营业收入_万元": 52590.63844,
        "营业总收入同比增长_百分比": 0.26,
        "营业成本_万元": 12033.408213,
        "税金及附加_万元": 686.289046,
        "销售费用_万元": 25222.045472,
        "管理费用_万元": 7269.770027,
        "研发费用_万元": 1282.843619,
        "财务费用_万元": 695.985696,
        "其中利息费用_万元": 720.065195,
        "其中利息收入_万元": 32.478225,
        "其他收益_万元": 453.812182,
        "投资收益_万元": 2138.0,
        "其中对联营企业投资收益_万元": null,
        "公允价值变动收益_万元": -1.065078,
        "信用减值损失_万元": -267.704578,
        "资产减值损失_万元": -42.395697,
        "资产处置收益_万元": null,
        "营业总支出_万元": null,
        "营业利润_万元": 5542.943196,
        "营业外收入_万元": 21.538687,
        "营业外支出_万元": 7.610707,
        "利润总额_万元": 5556.871176,
        "所得税费用_万元": 924.107969,
        "净利润_万元": 4632.763207,
        "归母净利润_万元": 4632.763207,
        "少数股东损益_万元": null,
        "持续经营净利润_万元": 4632.763207,
        "终止经营净利润_万元": null,
        "其他综合收益_万元": null,
        "综合收益总额_万元": 4632.763207,
        "归母综合收益总额_万元": 4632.763207
    },
    "现金流量表": {
        "销售商品收到现金_万元": 48291.76029,
        "收到的税费返还_万元": 4.722046,
        "收到其他经营活动现金_万元": 985.028959,
        "经营活动现金流入_万元": 49281.511295,
        "购买商品支付现金_万元": 9207.667194,
        "支付职工现金_万元": 9275.125043,
        "支付税费_万元": 3863.835024,
        "支付其他经营活动现金_万元": 28385.659647,
        "经营活动现金流出_万元": 50732.286908,
        "经营现金流净额_万元": -1450.775613,
        "经营现金流净额同比增长_百分比": -133.0,
        "收回投资现金_万元": null,
        "取得投资收益现金_万元": null,
        "处置资产收回现金_万元": null,
        "收到其他投资活动现金_万元": null,
        "投资活动现金流入_万元": null,
        "投资支付现金_万元": null,
        "购建资产支付现金_万元": 5936.854125,
        "支付其他投资活动现金_万元": null,
        "投资活动现金流出_万元": 5936.854125,
        "投资现金流净额_万元": -5936.854125,
        "吸收投资现金_万元": null,
        "取得借款现金_万元": 30300.0,
        "收到其他筹资活动现金_万元": null,
        "筹资活动现金流入_万元": 30300.0,
        "偿还债务现金_万元": 17200.0,
        "分配股利现金_万元": 3048.998326,
        "支付其他筹资活动现金_万元": 88.160618,
        "筹资活动现金流出_万元": 20337.158944,
        "融资现金流净额_万元": 9962.841056,
        "汇率变动影响_万元": 0.012337,
        "现金及等价物净增加额_万元": 2575.223655,
        "净现金流_元": null,
        "净现金流同比增长_百分比": -53.32,
        "期初现金及等价物_万元": 10066.754698,
        "期末现金及等价物_万元": 12641.978353,
        "经营现金流占比_百分比": null,
        "投资现金流占比_百分比": null,
        "融资现金流占比_百分比": null
    }
}