{
    "报告信息": {
        "序号": null,
        "股票代码": "002873",
        "股票简称": "新天药业",
        "报告年份": "2023",
        "报告期": "第三季度",
        "总股本_股": 231808613,
        "流通股本_股": null,
        "报告日期": null,
        "审计意见": "未经审计",
        "会计师事务所": null,
        "期": "Q3"
    },
    "核心业绩指标": {
        "每股收益_元": 0.3782,
        "稀释每股收益_元": 0.3559,
        "营业总收入_万元": 77566.523878,
        "营业总收入_亿元": 7.7566523878,
        "营收同比增长_百分比": -10.76,
        "营收环比增长_百分比": null,
        "净利润_万元": 8771.166899,
        "净利润_亿元": 0.8771166899,
        "净利润同比增长_百分比": -16.38,
        "净利润环比增长_百分比": null,
        "归母净利润_万元": 8771.166899,
        "少数股东损益_万元": null,
        "每股净资产_元": null,
        "净资产收益率_百分比": 7.66,
        "扣非净资产收益率_百分比": null,
        "每股经营现金流_元": null,
        "扣非净利润_万元": 8320.164664,
        "扣非净利润同比增长_百分比": -18.12,
        "销售毛利率_百分比": null,
        "销售净利率_百分比": null,
        "加权平均净资产收益率_百分比": 7.66,
        "扣非加权净资产收益率_百分比": null,
        "总资产收益率_百分比": null,
        "主营业务收入_万元": null,
        "主营业务成本_万元": null,
        "主营业务利润_万元": null
    },
    "资产负债表": {
        "货币资金_万元": 20456.645433,
        "应收账款_万元": 27740.673212,
        "应收票据_万元": 1446.395065,
        "应收款项融资_万元": 1883.101339,
        "预付款项_万元": 1202.937315,
        "其他应收款_万元": 7429.710624,
        "存货_万元": 17033.324348,
        "合同资产_万元": null,
        "一年内到期的非流动资产_万元": null,
        "其他流动资产_万元": 209.134874,
        "流动资产合计_万元": 77411.355758,
        "交易性金融资产_万元": 9.433548,
        "债权投资_万元": null,
        "其他债权投资_万元": null,
        "长期应收款_万元": null,
        "长期股权投资_万元": null,
        "其他权益工具投资_万元": 46154.787099,
        "投资性房地产_万元": 352.848245,
        "固定资产_万元": 35876.656974,
        "在建工程_万元": 28276.447248,
        "生产性生物资产_万元": null,
        "油气资产_万元": null,
        "使用权资产_万元": 964.974506,
        "无形资产_万元": 8343.563203,
        "开发支出_万元": 7787.065477,
        "商誉_万元": null,
        "长期待摊费用_万元": 728.184133,
        "递延所得税资产_万元": 1306.639942,
        "其他非流动资产_万元": null,
        "非流动资产合计_万元": 129797.651872,
        "总资产_万元": 207209.00763,
        "总资产同比增长_百分比": 12.64,
        "短期借款_万元": 43300.0,
        "交易性金融负债_万元": null,
        "应付票据_万元": 810.993124,
        "应付账款_万元": 8044.271428,
        "预收款项_万元": null,
        "合同负债_万元": 333.032642,
        "应付职工薪酬_万元": 1397.132049,
        "应交税费_万元": 2514.887973,
        "其他应付款_万元": 2305.901379,
        "一年内到期的非流动负债_万元": 3151.475287,
        "其他流动负债_万元": 4.273704,
        "流动负债合计_万元": 61861.967586,
        "长期借款_万元": 5600.0,
        "应付债券_万元": null,
        "租赁负债_万元": 734.059125,
        "长期应付款_万元": 59.003198,
        "预计负债_万元": null,
        "递延收益_万元": 2122.965714,
        "递延所得税负债_万元": 2849.460054,
        "其他非流动负债_万元": null,
        "非流动负债合计_万元": 25804.5397,
        "总负债_万元": 87666.507286,
        "总负债同比增长_百分比": null,
        "资产负债率_百分比": null,
        "实收资本_万元": 23180.8613,
        "资本公积_万元": 19018.8766,
        "盈余公积_万元": 8412.203295,
        "未分配利润_万元": 56029.28822,
        "其他综合收益_万元": 12031.569034,
        "专项储备_万元": null,
        "归属于母公司所有者权益合计_万元": 119542.500344,
        "少数股东权益_万元": null,
        "股东权益合计_万元": 119542.500344
    },
    "利润表": {
        "营业总收入_万元": 77566.523878,
        "营业收入_万元": 77566.523878,
        "营业总收入同比增长_百分比": -10.76,
        "营业成本_万元": 17736.402695,
        "税金及附加_万元": 1143.617086,
        "销售费用_万元": 33880.695811,
        "管理费用_万元": 11193.665649,
        "研发费用_万元": 2291.611946,
        "财务费用_万元": 1106.695434,
        "其中利息费用_万元": 1155.076076,
        "其中利息收入_万元": 35.127387,
        "其他收益_万元": 535.46232,
        "投资收益_万元": 1.6e-05,
        "其中对联营企业投资收益_万元": null,
        "公允价值变动收益_万元": -1.724412,
        "信用减值损失_万元": -301.744217,
        "资产减值损失_万元": -45.129718,
        "资产处置收益_万元": null,
        "营业总支出_万元": null,
        "营业利润_万元": 10400.699246,
        "营业外收入_万元": 27.785953,
        "营业外支出_万元": 132.832587,
        "利润总额_万元": 10295.652612,
        "所得税费用_万元": 1524.485713,
        "净利润_万元": 8771.166899,
        "归母净利润_万元": 8771.166899,
        "少数股东损益_万元": null,
        "持续经营净利润_万元": 8771.166899,
        "终止经营净利润_万元": null,
        "其他综合收益_万元": null,
        "综合收益总额_万元": 8771.166899,
        "归母综合收益总额_万元": 8771.166899
    },
    "现金流量表": {
        "销售商品收到现金_万元": 77127.017053,
        "收到的税费返还_万元": 4.722046,
        "收到其他经营活动现金_万元": 2286.018489,
        "经营活动现金流入_万元": 79417.757588,
        "购买商品支付现金_万元": 11654.780116,
        "支付职工现金_万元": 14623.749131,
        "支付税费_万元": 6795.198234,
        "支付其他经营活动现金_万元": 42728.632965,
        "经营活动现金流出_万元": 75802.360446,
        "经营现金流净额_万元": 3615.397142,
        "经营现金流净额同比增长_百分比": -42.53,
        "收回投资现金_万元": 0.1,
        "取得投资收益现金_万元": 1.6e-05,
        "处置资产收回现金_万元": null,
        "收到其他投资活动现金_万元": null,
        "投资活动现金流入_万元": 0.100016,
        "投资支付现金_万元": 0.1,
        "购建资产支付现金_万元": 7274.831713,
        "支付其他投资活动现金_万元": null,
        "投资活动现金流出_万元": 7274.931713,
        "投资现金流净额_万元": -7274.831697,
        "吸收投资现金_万元": null,
        "取得借款现金_万元": 43800.0,
        "收到其他筹资活动现金_万元": null,
        "筹资活动现金流入_万元": 43800.0,
        "偿还债务现金_万元": 26200.0,
        "分配股利现金_万元": 3489.234992,
        "支付其他筹资活动现金_万元": 223.65068,
        "筹资活动现金流出_万元": 29912.885672,
        "融资现金流净额_万元": 13887.114328,
        "汇率变动影响_万元": 0.012337,
        "现金及等价物净增加额_万元": 10227.69211,
        "净现金流_元": null,
        "净现金流同比增长_百分比": null,
        "期初现金及等价物_万元": 10066.754698,
        "期末现金及等价物_万元": 20294.446808,
        "经营现金流占比_百分比": null,
        "投资现金流占比_百分比": null,
        "融资现金流占比_百分比": null
    }
}