{
    "报告信息": {
        "序号": null,
        "股票代码": "002873",
        "股票简称": "新天药业",
        "报告年份": "2024",
        "报告期": "Q1",
        "总股本_股": 231537450,
        "流通股本_股": null,
        "报告日期": "2024-03-31",
        "审计意见": "未经审计",
        "会计师事务所": null
    },
    "核心业绩指标": {
        "每股收益_元": 0.0673,
        "稀释每股收益_元": 0.0622,
        "营业总收入_万元": 17732.193457,
        "营业总收入_亿元": 0.17732193457,
        "营收同比增长_百分比": -15.06,
        "营收环比增长_百分比": null,
        "净利润_万元": 1557.195755,
        "净利润_亿元": 0.1557195755,
        "净利润同比增长_百分比": -37.94,
        "净利润环比增长_百分比": null,
        "归母净利润_万元": 1557.195755,
        "少数股东损益_万元": 0,
        "每股净资产_元": 4.382,
        "净资产收益率_百分比": 1.45,
        "扣非净资产收益率_百分比": null,
        "每股经营现金流_元": 0.089,
        "扣非净利润_万元": 1471.521015,
        "扣非净利润同比增长_百分比": -38.53,
        "销售毛利率_百分比": 77.82,
        "销售净利率_百分比": 8.78,
        "加权平均净资产收益率_百分比": 1.45,
        "扣非加权净资产收益率_百分比": null,
        "总资产收益率_百分比": 0.82,
        "主营业务收入_万元": 17732.193457,
        "主营业务成本_万元": 3931.012385,
        "主营业务利润_万元": 1854.569912
    },
    "资产负债表": {
        "货币资金_万元": 14060.593176,
        "应收账款_万元": 21380.117361,
        "应收票据_万元": 735.312625,
        "应收款项融资_万元": 364.815446,
        "预付款项_万元": 746.440607,
        "其他应收款_万元": 5270.044119,
        "存货_万元": 19222.810291,
        "合同资产_万元": null,
        "一年内到期的非流动资产_万元": null,
        "其他流动资产_万元": 572.364307,
        "流动资产合计_万元": 62363.503738,
        "交易性金融资产_万元": 11.005806,
        "债权投资_万元": null,
        "其他债权投资_万元": null,
        "长期应收款_万元": null,
        "长期股权投资_万元": null,
        "其他权益工具投资_万元": 38325.054205,
        "投资性房地产_万元": 348.133019,
        "固定资产_万元": 65438.779866,
        "在建工程_万元": 3422.520142,
        "生产性生物资产_万元": null,
        "油气资产_万元": null,
        "使用权资产_万元": 1266.014533,
        "无形资产_万元": 8267.656646,
        "开发支出_万元": 9057.532764,
        "商誉_万元": null,
        "长期待摊费用_万元": 651.99803,
        "递延所得税资产_万元": 1121.349209,
        "其他非流动资产_万元": null,
        "非流动资产合计_万元": 127901.394953,
        "总资产_万元": 190264.898691,
        "总资产同比增长_百分比": -0.48,
        "短期借款_万元": 48000,
        "交易性金融负债_万元": null,
        "应付票据_万元": null,
        "应付账款_万元": 8037.985092,
        "预收款项_万元": null,
        "合同负债_万元": 48.992823,
        "应付职工薪酬_万元": 1042.959279,
        "应交税费_万元": 1260.736056,
        "其他应付款_万元": 2991.543938,
        "一年内到期的非流动负债_万元": 3045.532953,
        "其他流动负债_万元": 26.495015,
        "流动负债合计_万元": 64454.245156,
        "长期借款_万元": 5200,
        "应付债券_万元": 14312.984609,
        "租赁负债_万元": 789.698995,
        "长期应付款_万元": 56.401998,
        "预计负债_万元": null,
        "递延收益_万元": 2026.804425,
        "递延所得税负债_万元": 1870.374324,
        "其他非流动负债_万元": null,
        "非流动负债合计_万元": 24256.264351,
        "总负债_万元": 88710.509507,
        "总负债同比增长_百分比": 11.09,
        "资产负债率_百分比": 46.66,
        "实收资本_万元": 23153.745,
        "资本公积_万元": 18007.980635,
        "盈余公积_万元": 9401.380678,
        "未分配利润_万元": 55913.2459,
        "其他综合收益_万元": 5376.296074,
        "专项储备_万元": null,
        "归属于母公司所有者权益合计_万元": 101554.389184,
        "少数股东权益_万元": 0,
        "股东权益合计_万元": 101554.389184
    },
    "利润表": {
        "营业总收入_万元": 17732.193457,
        "营业收入_万元": 17732.193457,
        "营业总收入同比增长_百分比": -15.06,
        "营业成本_万元": 3931.012385,
        "税金及附加_万元": 343.968993,
        "销售费用_万元": 7737.985799,
        "管理费用_万元": 2990.157365,
        "研发费用_万元": 523.357817,
        "财务费用_万元": 367.127335,
        "其中利息费用_万元": 384.976833,
        "其中利息收入_万元": 19.921287,
        "其他收益_万元": 120.018006,
        "投资收益_万元": null,
        "其中对联营企业投资收益_万元": null,
        "公允价值变动收益_万元": 1.572258,
        "信用减值损失_万元": -108.850726,
        "资产减值损失_万元": 0,
        "资产处置收益_万元": 3.246611,
        "营业总支出_万元": 15893.609694,
        "营业利润_万元": 1854.569912,
        "营业外收入_万元": 8.403661,
        "营业外支出_万元": 31.293277,
        "利润总额_万元": 1831.680296,
        "所得税费用_万元": 274.484541,
        "净利润_万元": 1557.195755,
        "归母净利润_万元": 1557.195755,
        "少数股东损益_万元": 0,
        "持续经营净利润_万元": 1557.195755,
        "终止经营净利润_万元": null,
        "其他综合收益_万元": null,
        "综合收益总额_万元": 1557.195755,
        "归母综合收益总额_万元": 1557.195755
    },
    "现金流量表": {
        "销售商品收到现金_万元": 20804.371726,
        "收到的税费返还_万元": 0,
        "收到其他经营活动现金_万元": 681.124952,
        "经营活动现金流入_万元": 21485.496678,
        "购买商品支付现金_万元": 3448.319597,
        "支付职工现金_万元": 8915.839769,
        "支付税费_万元": 1232.410536,
        "支付其他经营活动现金_万元": 5828.080986,
        "经营活动现金流出_万元": 19424.650888,
        "经营现金流净额_万元": 2060.84579,
        "经营现金流净额同比增长_百分比": 6716.13,
        "收回投资现金_万元": null,
        "取得投资收益现金_万元": null,
        "处置资产收回现金_万元": 8,
        "收到其他投资活动现金_万元": null,
        "投资活动现金流入_万元": 8,
        "投资支付现金_万元": null,
        "购建资产支付现金_万元": 1356.799239,
        "支付其他投资活动现金_万元": null,
        "投资活动现金流出_万元": 1356.799239,
        "投资现金流净额_万元": -1348.799239,
        "吸收投资现金_万元": null,
        "取得借款现金_万元": 18100,
        "收到其他筹资活动现金_万元": null,
        "筹资活动现金流入_万元": 18100,
        "偿还债务现金_万元": 6700,
        "分配股利现金_万元": 418.098615,
        "支付其他筹资活动现金_万元": 11457.048181,
        "筹资活动现金流出_万元": 18575.146796,
        "融资现金流净额_万元": -475.146796,
        "汇率变动影响_万元": null,
        "现金及等价物净增加额_万元": 236.899755,
        "净现金流_元": 2368997.55,
        "净现金流同比增长_百分比": -85.15,
        "期初现金及等价物_万元": 13823.693421,
        "期末现金及等价物_万元": 14060.593176,
        "经营现金流占比_百分比": 869.5,
        "投资现金流占比_百分比": -569.5,
        "融资现金流占比_百分比": -200
    }
}