{
    "报告信息": {
        "序号": null,
        "股票代码": "002873",
        "股票简称": "新天药业",
        "报告年份": "2025",
        "报告期": "第一季度",
        "总股本_股": 244103806,
        "流通股本_股": null,
        "报告日期": "2025-03-31",
        "审计意见": null,
        "会计师事务所": null,
        "期": "Q1"
    },
    "核心业绩指标": {
        "每股收益_元": 0.0172,
        "稀释每股收益_元": 0.0172,
        "营业总收入_万元": 19315.121498,
        "营业总收入_亿元": 1.9315121498,
        "营收同比增长_百分比": 8.93,
        "营收环比增长_百分比": null,
        "净利润_万元": 418.745445,
        "净利润_亿元": 0.0418745445,
        "净利润同比增长_百分比": -73.11,
        "净利润环比增长_百分比": null,
        "归母净利润_万元": 418.745445,
        "少数股东损益_万元": 0,
        "每股净资产_元": null,
        "净资产收益率_百分比": null,
        "扣非净资产收益率_百分比": null,
        "每股经营现金流_元": null,
        "扣非净利润_万元": 276.537635,
        "扣非净利润同比增长_百分比": -81.21,
        "销售毛利率_百分比": null,
        "销售净利率_百分比": null,
        "加权平均净资产收益率_百分比": 0.35,
        "扣非加权净资产收益率_百分比": null,
        "总资产收益率_百分比": null,
        "主营业务收入_万元": 19315.121498,
        "主营业务成本_万元": 5513.947803,
        "主营业务利润_万元": null
    },
    "资产负债表": {
        "货币资金_万元": 9975.802183,
        "应收账款_万元": 31950.709039,
        "应收票据_万元": 329.399028,
        "应收款项融资_万元": 590.806154,
        "预付款项_万元": 829.033857,
        "其他应收款_万元": 1893.393573,
        "存货_万元": 12951.501225,
        "合同资产_万元": 0,
        "一年内到期的非流动资产_万元": 0,
        "其他流动资产_万元": 349.703563,
        "流动资产合计_万元": 58880.948684,
        "交易性金融资产_万元": 10.600062,
        "债权投资_万元": 0,
        "其他债权投资_万元": 0,
        "长期应收款_万元": 0,
        "长期股权投资_万元": 0,
        "其他权益工具投资_万元": 41204.57,
        "投资性房地产_万元": 338.702567,
        "固定资产_万元": 63526.039391,
        "在建工程_万元": 5662.830676,
        "生产性生物资产_万元": 0,
        "油气资产_万元": 0,
        "使用权资产_万元": 1260.428356,
        "无形资产_万元": 10741.970253,
        "开发支出_万元": 8611.917982,
        "商誉_万元": 0,
        "长期待摊费用_万元": 490.663834,
        "递延所得税资产_万元": 1029.427967,
        "其他非流动资产_万元": 0,
        "非流动资产合计_万元": 132868.811196,
        "总资产_万元": 191749.75988,
        "总资产同比增长_百分比": -1.69,
        "短期借款_万元": 12113.418055,
        "交易性金融负债_万元": 0,
        "应付票据_万元": 0,
        "应付账款_万元": 6516.1887,
        "预收款项_万元": 0,
        "合同负债_万元": 55.228185,
        "应付职工薪酬_万元": 1370.857487,
        "应交税费_万元": 2148.3296,
        "其他应付款_万元": 1746.674491,
        "一年内到期的非流动负债_万元": 3235.971069,
        "其他流动负债_万元": 105.485899,
        "流动负债合计_万元": 27292.153486,
        "长期借款_万元": 39188,
        "应付债券_万元": 0,
        "租赁负债_万元": 775.482765,
        "长期应付款_万元": 53.200098,
        "预计负债_万元": 0,
        "递延收益_万元": 2344.431841,
        "递延所得税负债_万元": 2206.161475,
        "其他非流动负债_万元": 0,
        "非流动负债合计_万元": 44567.276179,
        "总负债_万元": 71859.429665,
        "总负债同比增长_百分比": null,
        "资产负债率_百分比": null,
        "实收资本_万元": 24410.3806,
        "资本公积_万元": 28235.29427,
        "盈余公积_万元": 10192.792167,
        "未分配利润_万元": 56758.375575,
        "其他综合收益_万元": 7823.8845,
        "专项储备_万元": 0,
        "归属于母公司所有者权益合计_万元": 119890.330215,
        "少数股东权益_万元": 0,
        "股东权益合计_万元": 119890.330215
    },
    "利润表": {
        "营业总收入_万元": 19315.121498,
        "营业收入_万元": 19315.121498,
        "营业总收入同比增长_百分比": 8.93,
        "营业成本_万元": 5513.947803,
        "税金及附加_万元": 480.161881,
        "销售费用_万元": 8436.628327,
        "管理费用_万元": 3194.088814,
        "研发费用_万元": 915.309349,
        "财务费用_万元": 457.573843,
        "其中利息费用_万元": 455.202801,
        "其中利息收入_万元": 11.053893,
        "其他收益_万元": 239.340728,
        "投资收益_万元": 0,
        "其中对联营企业投资收益_万元": 0,
        "公允价值变动收益_万元": -1.26795,
        "信用减值损失_万元": -77.419423,
        "资产减值损失_万元": -5.0373,
        "资产处置收益_万元": 6.725472,
        "营业总支出_万元": 18997.710017,
        "营业利润_万元": 479.753008,
        "营业外收入_万元": 0.578411,
        "营业外支出_万元": 33.203194,
        "利润总额_万元": 447.128225,
        "所得税费用_万元": 28.38278,
        "净利润_万元": 418.745445,
        "归母净利润_万元": 418.745445,
        "少数股东损益_万元": 0,
        "持续经营净利润_万元": 418.745445,
        "终止经营净利润_万元": 0,
        "其他综合收益_万元": 0,
        "综合收益总额_万元": 418.745445,
        "归母综合收益总额_万元": 418.745445
    },
    "现金流量表": {
        "销售商品收到现金_万元": 19627.203432,
        "收到的税费返还_万元": 0,
        "收到其他经营活动现金_万元": 306.857474,
        "经营活动现金流入_万元": 19934.060906,
        "购买商品支付现金_万元": 2794.27009,
        "支付职工现金_万元": 8246.35823,
        "支付税费_万元": 1773.987522,
        "支付其他经营活动现金_万元": 5520.831483,
        "经营活动现金流出_万元": 18335.447325,
        "经营现金流净额_万元": 1598.613581,
        "经营现金流净额同比增长_百分比": -22.43,
        "收回投资现金_万元": 0,
        "取得投资收益现金_万元": 0,
        "处置资产收回现金_万元": 0,
        "收到其他投资活动现金_万元": 0,
        "投资活动现金流入_万元": 0,
        "投资支付现金_万元": 0,
        "购建资产支付现金_万元": 1145.47545,
        "支付其他投资活动现金_万元": 0,
        "投资活动现金流出_万元": 1145.47545,
        "投资现金流净额_万元": -1145.47545,
        "吸收投资现金_万元": 0,
        "取得借款现金_万元": 18200,
        "收到其他筹资活动现金_万元": 0,
        "筹资活动现金流入_万元": 18200,
        "偿还债务现金_万元": 19010,
        "分配股利现金_万元": 1362.264064,
        "支付其他筹资活动现金_万元": 121.514672,
        "筹资活动现金流出_万元": 20493.778736,
        "融资现金流净额_万元": -2293.778736,
        "汇率变动影响_万元": 0,
        "现金及等价物净增加额_万元": -1840.640605,
        "净现金流_元": null,
        "净现金流同比增长_百分比": null,
        "期初现金及等价物_万元": 11816.442788,
        "期末现金及等价物_万元": 9975.802183,
        "经营现金流占比_百分比": null,
        "投资现金流占比_百分比": null,
        "融资现金流占比_百分比": null
    }
}