{
    "报告信息": {
        "序号": "2024-040",
        "股票代码": "002873",
        "股票简称": "新天药业",
        "报告年份": "2023",
        "报告期": "年度",
        "总股本_股": 231491231,
        "流通股本_股": 224090606,
        "报告日期": "2024-04-12",
        "审计意见": "标准的无保留意见",
        "会计师事务所": "北京大华国际会计师事务所(特殊普通合伙)",
        "期": "FY"
    },
    "核心业绩指标": {
        "每股收益_元": 0.3489,
        "稀释每股收益_元": 0.3307,
        "营业总收入_万元": 95398.187669,
        "营业总收入_亿元": 9.5398187669,
        "营收同比增长_百分比": -12.29,
        "营收环比增长_百分比": null,
        "净利润_万元": 8087.106207,
        "净利润_亿元": 0.8087106207,
        "净利润同比增长_百分比": -27.49,
        "净利润环比增长_百分比": null,
        "归母净利润_万元": 8087.106207,
        "少数股东损益_万元": null,
        "每股净资产_元": 4.81,
        "净资产收益率_百分比": 7.01,
        "扣非净资产收益率_百分比": null,
        "每股经营现金流_元": 0.336,
        "扣非净利润_万元": 7500.954939,
        "扣非净利润同比增长_百分比": -25.87,
        "销售毛利率_百分比": 77.08,
        "销售净利率_百分比": 8.48,
        "加权平均净资产收益率_百分比": 7.01,
        "扣非加权净资产收益率_百分比": null,
        "总资产收益率_百分比": null,
        "主营业务收入_万元": 95325.570469,
        "主营业务成本_万元": 21866.388407,
        "主营业务利润_万元": 73517.182262
    },
    "资产负债表": {
        "货币资金_万元": 13823.693421,
        "应收账款_万元": 22644.876116,
        "应收票据_万元": 1391.138187,
        "应收款项融资_万元": 1018.130146,
        "预付款项_万元": 959.673385,
        "其他应收款_万元": 4660.33941,
        "存货_万元": 18433.439187,
        "合同资产_万元": null,
        "一年内到期的非流动资产_万元": null,
        "其他流动资产_万元": 702.067624,
        "流动资产合计_万元": 63642.791024,
        "交易性金融资产_万元": 9.433548,
        "债权投资_万元": null,
        "其他债权投资_万元": null,
        "长期应收款_万元": null,
        "长期股权投资_万元": null,
        "其他权益工具投资_万元": 38325.054205,
        "投资性房地产_万元": 350.490632,
        "固定资产_万元": 65886.597644,
        "在建工程_万元": 3371.552912,
        "生产性生物资产_万元": null,
        "油气资产_万元": null,
        "使用权资产_万元": 1371.502,
        "无形资产_万元": 8352.143857,
        "开发支出_万元": 8152.202871,
        "商誉_万元": null,
        "长期待摊费用_万元": 692.331576,
        "递延所得税资产_万元": 1032.854113,
        "其他非流动资产_万元": null,
        "非流动资产合计_万元": 127537.086349,
        "总资产_万元": 191179.877373,
        "总资产同比增长_百分比": 3.93,
        "短期借款_万元": 36692.922223,
        "交易性金融负债_万元": null,
        "应付票据_万元": null,
        "应付账款_万元": 10507.922426,
        "预收款项_万元": null,
        "合同负债_万元": 100.102651,
        "应付职工薪酬_万元": 1242.746736,
        "应交税费_万元": 888.5053,
        "其他应付款_万元": 3078.859759,
        "一年内到期的非流动负债_万元": 3018.325197,
        "其他流动负债_万元": 13.013345,
        "流动负债合计_万元": 55542.397637,
        "长期借款_万元": 5205.88211,
        "应付债券_万元": 14348.310821,
        "租赁负债_万元": 935.414398,
        "长期应付款_万元": 58.869198,
        "预计负债_万元": null,
        "递延收益_万元": 2083.411911,
        "递延所得税负债_万元": 1672.477988,
        "其他非流动负债_万元": null,
        "非流动负债合计_万元": 24304.366426,
        "总负债_万元": 79846.764063,
        "总负债同比增长_百分比": 11.27,
        "资产负债率_百分比": 41.77,
        "实收资本_万元": 23149.1231,
        "资本公积_万元": 17972.289247,
        "盈余公积_万元": 9401.380678,
        "未分配利润_万元": 54356.050145,
        "其他综合收益_万元": 5376.296074,
        "专项储备_万元": null,
        "归属于母公司所有者权益合计_万元": 111333.11331,
        "少数股东权益_万元": null,
        "股东权益合计_万元": 111333.11331
    },
    "利润表": {
        "营业总收入_万元": 95398.187669,
        "营业收入_万元": 95398.187669,
        "营业总收入同比增长_百分比": -12.29,
        "营业成本_万元": 21875.818859,
        "税金及附加_万元": 1304.444545,
        "销售费用_万元": 43753.903798,
        "管理费用_万元": 15147.743498,
        "研发费用_万元": 3813.45962,
        "财务费用_万元": 1200.581348,
        "其中利息费用_万元": 1180.374265,
        "其中利息收入_万元": 92.433201,
        "其他收益_万元": 876.420242,
        "投资收益_万元": -70.720684,
        "其中对联营企业投资收益_万元": null,
        "公允价值变动收益_万元": -1.724412,
        "信用减值损失_万元": 331.054856,
        "资产减值损失_万元": -63.001553,
        "资产处置收益_万元": null,
        "营业总支出_万元": 87095.951668,
        "营业利润_万元": 9374.26445,
        "营业外收入_万元": 37.132617,
        "营业外支出_万元": 169.728537,
        "利润总额_万元": 9241.66853,
        "所得税费用_万元": 1154.562323,
        "净利润_万元": 8087.106207,
        "归母净利润_万元": 8087.106207,
        "少数股东损益_万元": null,
        "持续经营净利润_万元": 8087.106207,
        "终止经营净利润_万元": null,
        "其他综合收益_万元": -6655.27296,
        "综合收益总额_万元": 1431.833247,
        "归母综合收益总额_万元": 1431.833247
    },
    "现金流量表": {
        "销售商品收到现金_万元": 101344.406167,
        "收到的税费返还_万元": null,
        "收到其他经营活动现金_万元": 3108.539046,
        "经营活动现金流入_万元": 104452.945213,
        "购买商品支付现金_万元": 15823.786169,
        "支付职工现金_万元": 22640.647756,
        "支付税费_万元": 9762.582305,
        "支付其他经营活动现金_万元": 48447.696886,
        "经营活动现金流出_万元": 96674.713116,
        "经营现金流净额_万元": 7778.232097,
        "经营现金流净额同比增长_百分比": 2.59,
        "收回投资现金_万元": 0.282293,
        "取得投资收益现金_万元": 1.6e-05,
        "处置资产收回现金_万元": 500.35,
        "收到其他投资活动现金_万元": null,
        "投资活动现金流入_万元": 500.632309,
        "投资支付现金_万元": 0.1,
        "购建资产支付现金_万元": 10170.185113,
        "支付其他投资活动现金_万元": null,
        "投资活动现金流出_万元": 10170.285113,
        "投资现金流净额_万元": -9669.652804,
        "吸收投资现金_万元": null,
        "取得借款现金_万元": 50600,
        "收到其他筹资活动现金_万元": null,
        "筹资活动现金流入_万元": 50600,
        "偿还债务现金_万元": 40400,
        "分配股利现金_万元": 4252.738227,
        "支付其他筹资活动现金_万元": 298.91468,
        "筹资活动现金流出_万元": 44951.652907,
        "融资现金流净额_万元": 5648.347093,
        "汇率变动影响_万元": 0.012337,
        "现金及等价物净增加额_万元": 3756.938723,
        "净现金流_元": null,
        "净现金流同比增长_百分比": null,
        "期初现金及等价物_万元": 10066.754698,
        "期末现金及等价物_万元": 13823.693421,
        "经营现金流占比_百分比": null,
        "投资现金流占比_百分比": null,
        "融资现金流占比_百分比": null
    }
}