{
    "报告信息": {
        "序号": null,
        "股票代码": "002873",
        "股票简称": "新天药业",
        "报告年份": "2023",
        "报告期": "Q1",
        "总股本_股": null,
        "流通股本_股": null,
        "报告日期": "2023-04-27",
        "审计意见": null,
        "会计师事务所": null
    },
    "核心业绩指标": {
        "每股收益_元": 0.1082,
        "稀释每股收益_元": 0.1021,
        "营业总收入_万元": 20875.587911,
        "营业总收入_亿元": 2.0875587911,
        "营收同比增长_百分比": -16.24,
        "营收环比增长_百分比": null,
        "净利润_万元": 2509.233681,
        "净利润_亿元": 0.2509233681,
        "净利润同比增长_百分比": -18.74,
        "净利润环比增长_百分比": null,
        "归母净利润_万元": 2509.233681,
        "少数股东损益_万元": null,
        "每股净资产_元": null,
        "净资产收益率_百分比": null,
        "扣非净资产收益率_百分比": null,
        "每股经营现金流_元": null,
        "扣非净利润_万元": 2393.935004,
        "扣非净利润同比增长_百分比": -19.47,
        "销售毛利率_百分比": 78.05,
        "销售净利率_百分比": 12.02,
        "加权平均净资产收益率_百分比": 2.2,
        "扣非加权净资产收益率_百分比": null,
        "总资产收益率_百分比": null,
        "主营业务收入_万元": 20875.587911,
        "主营业务成本_万元": 4578.697094,
        "主营业务利润_万元": 16296.890817
    },
    "资产负债表": {
        "货币资金_万元": 11661.320061,
        "应收账款_万元": 22397.616805,
        "应收票据_万元": 1143.263481,
        "应收款项融资_万元": 0,
        "预付款项_万元": 1321.076014,
        "其他应收款_万元": 5430.008129,
        "存货_万元": 21069.098442,
        "合同资产_万元": null,
        "一年内到期的非流动资产_万元": null,
        "其他流动资产_万元": 845.073088,
        "流动资产合计_万元": 63877.951577,
        "交易性金融资产_万元": 10.495557,
        "债权投资_万元": null,
        "其他债权投资_万元": null,
        "长期应收款_万元": null,
        "长期股权投资_万元": null,
        "其他权益工具投资_万元": 46154.787099,
        "投资性房地产_万元": 357.563471,
        "固定资产_万元": 35505.042202,
        "在建工程_万元": 25908.295376,
        "生产性生物资产_万元": null,
        "油气资产_万元": null,
        "使用权资产_万元": 715.406954,
        "无形资产_万元": 8513.283701,
        "开发支出_万元": 6946.074871,
        "商誉_万元": null,
        "长期待摊费用_万元": 701.306572,
        "递延所得税资产_万元": 1573.612935,
        "其他非流动资产_万元": null,
        "非流动资产合计_万元": 126377.912013,
        "总资产_万元": 190255.86359,
        "总资产同比增长_百分比": 3.18,
        "短期借款_万元": 37755.48184,
        "交易性金融负债_万元": null,
        "应付票据_万元": null,
        "应付账款_万元": 8736.747135,
        "预收款项_万元": null,
        "合同负债_万元": 958.986703,
        "应付职工薪酬_万元": 579.255404,
        "应交税费_万元": 1315.420238,
        "其他应付款_万元": 2805.281447,
        "一年内到期的非流动负债_万元": 500,
        "其他流动负债_万元": 224.257345,
        "流动负债合计_万元": 52875.430112,
        "长期借款_万元": 2000,
        "应付债券_万元": 13853.450259,
        "租赁负债_万元": 682.546107,
        "长期应付款_万元": 332.40663,
        "预计负债_万元": null,
        "递延收益_万元": 2150.794664,
        "递延所得税负债_万元": 2807.539725,
        "其他非流动负债_万元": null,
        "非流动负债合计_万元": 21826.737385,
        "总负债_万元": 74702.167497,
        "总负债同比增长_百分比": 4.53,
        "资产负债率_百分比": 39.27,
        "实收资本_万元": null,
        "资本公积_万元": 18824.732888,
        "盈余公积_万元": 8484.897704,
        "未分配利润_万元": 52739.449259,
        "其他综合收益_万元": 12031.569034,
        "专项储备_万元": null,
        "归属于母公司所有者权益合计_万元": 11555.3696093,
        "少数股东权益_万元": null,
        "股东权益合计_万元": 11555.3696093
    },
    "利润表": {
        "营业总收入_万元": 20875.587911,
        "营业收入_万元": 20875.587911,
        "营业总收入同比增长_百分比": -16.24,
        "营业成本_万元": 4578.697094,
        "税金及附加_万元": 345.568848,
        "销售费用_万元": 10021.036791,
        "管理费用_万元": 2653.510778,
        "研发费用_万元": 399.002782,
        "财务费用_万元": 354.12856,
        "其中利息费用_万元": 371.39249,
        "其中利息收入_万元": 20.005288,
        "其他收益_万元": 111.68306,
        "投资收益_万元": null,
        "其中对联营企业投资收益_万元": null,
        "公允价值变动收益_万元": -0.608616,
        "信用减值损失_万元": -6.65315,
        "资产减值损失_万元": -38.335004,
        "资产处置收益_万元": null,
        "营业总支出_万元": 18351.944853,
        "营业利润_万元": 2589.729348,
        "营业外收入_万元": 28.728283,
        "营业外支出_万元": 3.56758,
        "利润总额_万元": 2614.890051,
        "所得税费用_万元": 105.65637,
        "净利润_万元": 2509.233681,
        "归母净利润_万元": 2509.233681,
        "少数股东损益_万元": null,
        "持续经营净利润_万元": 2509.233681,
        "终止经营净利润_万元": null,
        "其他综合收益_万元": null,
        "综合收益总额_万元": 2509.233681,
        "归母综合收益总额_万元": 2509.233681
    },
    "现金流量表": {
        "销售商品收到现金_万元": 24506.044225,
        "收到的税费返还_万元": 4.722046,
        "收到其他经营活动现金_万元": 268.760812,
        "经营活动现金流入_万元": 24779.527083,
        "购买商品支付现金_万元": 5583.456597,
        "支付职工现金_万元": 4991.698461,
        "支付税费_万元": 877.415434,
        "支付其他经营活动现金_万元": 13358.10538,
        "经营活动现金流出_万元": 24810.675872,
        "经营现金流净额_万元": -31.148789,
        "经营现金流净额同比增长_百分比": -108.43,
        "收回投资现金_万元": 0,
        "取得投资收益现金_万元": 0,
        "处置资产收回现金_万元": null,
        "收到其他投资活动现金_万元": null,
        "投资活动现金流入_万元": 0,
        "投资支付现金_万元": 0,
        "购建资产支付现金_万元": 3434.576682,
        "支付其他投资活动现金_万元": null,
        "投资活动现金流出_万元": 3434.576682,
        "投资现金流净额_万元": -3434.576682,
        "吸收投资现金_万元": 12700,
        "取得借款现金_万元": 8300,
        "收到其他筹资活动现金_万元": 339.709166,
        "筹资活动现金流入_万元": 7639.709166,
        "偿还债务现金_万元": 4599.48798,
        "分配股利现金_万元": 5060.290834,
        "支付其他筹资活动现金_万元": 1594.565363,
        "筹资活动现金流出_万元": 7188.001671,
        "融资现金流净额_万元": 5060.290834,
        "汇率变动影响_万元": null,
        "现金及等价物净增加额_万元": 1594.565363,
        "净现金流_元": 15945653.63,
        "净现金流同比增长_百分比": null,
        "期初现金及等价物_万元": 10066.754698,
        "期末现金及等价物_万元": 11661.320061,
        "经营现金流占比_百分比": null,
        "投资现金流占比_百分比": null,
        "融资现金流占比_百分比": null
    }
}