{
    "报告信息": {
        "序号": "2023-012",
        "股票代码": "002873",
        "股票简称": "新天药业",
        "报告年份": "2022",
        "报告期": "FY",
        "总股本_股": 231969454,
        "流通股本_股": 222284085,
        "报告日期": "2023年03月",
        "审计意见": "标准无保留意见",
        "会计师事务所": "大华会计师事务所（特殊普通合伙）"
    },
    "核心业绩指标": {
        "每股收益_元": 0.5007,
        "稀释每股收益_元": 0.4762,
        "营业总收入_万元": 108767.329488,
        "营业总收入_亿元": 10.8767,
        "营收同比增长_百分比": 12.15,
        "营收环比增长_百分比": null,
        "净利润_万元": 11610.189784,
        "净利润_亿元": 1.161,
        "净利润同比增长_百分比": 15.4,
        "净利润环比增长_百分比": null,
        "归母净利润_万元": 11610.189784,
        "少数股东损益_万元": null,
        "每股净资产_元": 4.8679,
        "净资产收益率_百分比": 12.05,
        "扣非净资产收益率_百分比": null,
        "每股经营现金流_元": 0.3268,
        "扣非净利润_万元": 10576.937989,
        "扣非净利润同比增长_百分比": 12.71,
        "销售毛利率_百分比": 77.26,
        "销售净利率_百分比": 10.68,
        "加权平均净资产收益率_百分比": 12.05,
        "扣非加权净资产收益率_百分比": null,
        "总资产收益率_百分比": 6.3,
        "主营业务收入_万元": 108678.840655,
        "主营业务成本_万元": 24717.965634,
        "主营业务利润_万元": 83960.875021
    },
    "资产负债表": {
        "货币资金_万元": 10066.754698,
        "应收账款_万元": 23298.892073,
        "应收票据_万元": 1746.97657,
        "应收款项融资_万元": 1150.400312,
        "预付款项_万元": 1515.65068,
        "其他应收款_万元": 4179.429211,
        "存货_万元": 18334.364768,
        "合同资产_万元": 0.0,
        "一年内到期的非流动资产_万元": null,
        "其他流动资产_万元": 1095.75429,
        "流动资产合计_万元": 61399.380562,
        "交易性金融资产_万元": 11.15796,
        "债权投资_万元": null,
        "其他债权投资_万元": null,
        "长期应收款_万元": null,
        "长期股权投资_万元": 0.0,
        "其他权益工具投资_万元": 46154.787099,
        "投资性房地产_万元": 359.921084,
        "固定资产_万元": 35781.126679,
        "在建工程_万元": 22836.172159,
        "生产性生物资产_万元": null,
        "油气资产_万元": null,
        "使用权资产_万元": 757.408984,
        "无形资产_万元": 8610.400874,
        "开发支出_万元": 6304.623006,
        "商誉_万元": null,
        "长期待摊费用_万元": 734.077943,
        "递延所得税资产_万元": 1444.640692,
        "其他非流动资产_万元": 2.538832,
        "非流动资产合计_万元": 122985.697352,
        "总资产_万元": 184385.077914,
        "总资产同比增长_百分比": 20.95,
        "短期借款_万元": 31736.695696,
        "交易性金融负债_万元": 0.0,
        "应付票据_万元": null,
        "应付账款_万元": 9566.706814,
        "预收款项_万元": null,
        "合同负债_万元": 1385.885305,
        "应付职工薪酬_万元": 1771.030095,
        "应交税费_万元": 593.357338,
        "其他应付款_万元": 3946.889153,
        "一年内到期的非流动负债_万元": 640.451347,
        "其他流动负债_万元": 234.460102,
        "流动负债合计_万元": 49875.47585,
        "长期借款_万元": 2002.368056,
        "应付债券_万元": 13665.702662,
        "租赁负债_万元": 572.05933,
        "长期应付款_万元": 335.73903,
        "预计负债_万元": null,
        "递延收益_万元": 2214.709139,
        "递延所得税负债_万元": 2798.844074,
        "其他非流动负债_万元": null,
        "非流动负债合计_万元": 21589.422291,
        "总负债_万元": 71464.898141,
        "总负债同比增长_百分比": null,
        "资产负债率_百分比": 38.76,
        "实收资本_万元": 23196.9454,
        "资本公积_万元": 18700.362981,
        "盈余公积_万元": 8484.897704,
        "未分配利润_万元": 48830.63989,
        "其他综合收益_万元": 12031.569034,
        "专项储备_万元": null,
        "归属于母公司所有者权益合计_万元": 112920.179773,
        "少数股东权益_万元": null,
        "股东权益合计_万元": 112920.179773
    },
    "利润表": {
        "营业总收入_万元": 108767.329488,
        "营业收入_万元": 108767.329488,
        "营业总收入同比增长_百分比": 12.15,
        "营业成本_万元": 24717.965634,
        "税金及附加_万元": 1317.559602,
        "销售费用_万元": 53197.840389,
        "管理费用_万元": 14179.124253,
        "研发费用_万元": 2158.486289,
        "财务费用_万元": 1116.786319,
        "其中利息费用_万元": 1067.475158,
        "其中利息收入_万元": 73.048366,
        "其他收益_万元": 823.461983,
        "投资收益_万元": 0.050718,
        "其中对联营企业投资收益_万元": null,
        "公允价值变动收益_万元": 119.04621578,
        "信用减值损失_万元": -470.920589,
        "资产减值损失_万元": -36.7966,
        "资产处置收益_万元": -13.455303,
        "营业总支出_万元": null,
        "营业利润_万元": 13615.160183,
        "营业外收入_万元": 25.452876,
        "营业外支出_万元": -45.494636,
        "利润总额_万元": 13569.665547,
        "所得税费用_万元": 1958.47763,
        "净利润_万元": 11610.189784,
        "归母净利润_万元": 11610.189784,
        "少数股东损益_万元": null,
        "持续经营净利润_万元": 11610.189784,
        "终止经营净利润_万元": null,
        "其他综合收益_万元": 10118.885231,
        "综合收益总额_万元": 21729.075015,
        "归母综合收益总额_万元": 21729.075015
    },
    "现金流量表": {
        "销售商品收到现金_万元": 113769.123453,
        "收到的税费返还_万元": 43.641074,
        "收到其他经营活动现金_万元": 1662.169415,
        "经营活动现金流入_万元": 115474.933942,
        "购买商品支付现金_万元": 17936.594354,
        "支付职工现金_万元": 16863.552738,
        "支付税费_万元": 11828.018861,
        "支付其他经营活动现金_万元": 61264.950588,
        "经营活动现金流出_万元": 107893.116541,
        "经营现金流净额_万元": 7581.817401,
        "经营现金流净额同比增长_百分比": -39.0,
        "收回投资现金_万元": 13500.0,
        "取得投资收益现金_万元": null,
        "处置资产收回现金_万元": 3.0,
        "收到其他投资活动现金_万元": null,
        "投资活动现金流入_万元": 13503.0,
        "投资支付现金_万元": 8500.0,
        "购建资产支付现金_万元": 12920.26113,
        "支付其他投资活动现金_万元": null,
        "投资活动现金流出_万元": 21420.26113,
        "投资现金流净额_万元": -7917.26113,
        "吸收投资现金_万元": null,
        "取得借款现金_万元": 34700.0,
        "收到其他筹资活动现金_万元": null,
        "筹资活动现金流入_万元": 34700.0,
        "偿还债务现金_万元": 27800.0,
        "分配股利现金_万元": 3435.463897,
        "支付其他筹资活动现金_万元": 310.147419,
        "筹资活动现金流出_万元": 31545.611316,
        "融资现金流净额_万元": 3154.388684,
        "汇率变动影响_万元": null,
        "现金及等价物净增加额_万元": 2818.944955,
        "净现金流_元": 28189449.55,
        "净现金流同比增长_百分比": 110.94,
        "期初现金及等价物_万元": 7247.809743,
        "期末现金及等价物_万元": 10066.754698,
        "经营现金流占比_百分比": 269.0,
        "投资现金流占比_百分比": -280.9,
        "融资现金流占比_百分比": 111.9
    }
}