{
    "报告信息": {
        "序号": "2025-020",
        "股票代码": "002873",
        "股票简称": "新天药业",
        "报告年份": "2024",
        "报告期": "FY",
        "总股本_股": 244103806,
        "流通股本_股": 238778880,
        "报告日期": "2025年4月",
        "审计意见": "标准的无保留意见",
        "会计师事务所": "北京德皓国际会计师事务所（特殊普通合伙）"
    },
    "核心业绩指标": {
        "每股收益_元": 0.2375,
        "稀释每股收益_元": 0.2375,
        "营业总收入_万元": 85754.865335,
        "营业总收入_亿元": 8.5754865335,
        "营收同比增长_百分比": -10.11,
        "营收环比增长_百分比": null,
        "净利润_万元": 5232.287714,
        "净利润_亿元": 0.5232287714,
        "净利润同比增长_百分比": -35.3,
        "净利润环比增长_百分比": null,
        "归母净利润_万元": 5232.287714,
        "少数股东损益_万元": null,
        "每股净资产_元": null,
        "净资产收益率_百分比": 5.02,
        "扣非净资产收益率_百分比": null,
        "每股经营现金流_元": null,
        "扣非净利润_万元": 3513.105277,
        "扣非净利润同比增长_百分比": -53.16,
        "销售毛利率_百分比": null,
        "销售净利率_百分比": null,
        "加权平均净资产收益率_百分比": 5.02,
        "扣非加权净资产收益率_百分比": null,
        "总资产收益率_百分比": null,
        "主营业务收入_万元": 85687.372873,
        "主营业务成本_万元": 22751.310777,
        "主营业务利润_万元": null
    },
    "资产负债表": {
        "货币资金_万元": 11816.442788,
        "应收账款_万元": 30844.393377,
        "应收票据_万元": 813.050929,
        "应收款项融资_万元": 909.979298,
        "预付款项_万元": 506.473415,
        "其他应收款_万元": 1869.516628,
        "存货_万元": 14547.815962,
        "合同资产_万元": null,
        "一年内到期的非流动资产_万元": null,
        "其他流动资产_万元": 361.164274,
        "流动资产合计_万元": 61680.704683,
        "交易性金融资产_万元": 11.868012,
        "债权投资_万元": null,
        "其他债权投资_万元": null,
        "长期应收款_万元": null,
        "长期股权投资_万元": null,
        "其他权益工具投资_万元": 41204.57,
        "投资性房地产_万元": 341.06018,
        "固定资产_万元": 64084.930008,
        "在建工程_万元": 5580.557221,
        "生产性生物资产_万元": null,
        "油气资产_万元": null,
        "使用权资产_万元": 1217.839118,
        "无形资产_万元": 10895.697816,
        "开发支出_万元": 8505.12849,
        "商誉_万元": 21.949217,
        "长期待摊费用_万元": 530.997385,
        "递延所得税资产_万元": 1006.386978,
        "其他非流动资产_万元": null,
        "非流动资产合计_万元": 133369.427366,
        "总资产_万元": 195050.132049,
        "总资产同比增长_百分比": 2.02,
        "短期借款_万元": 30624.229169,
        "交易性金融负债_万元": null,
        "应付票据_万元": null,
        "应付账款_万元": 8336.478796,
        "预收款项_万元": null,
        "合同负债_万元": 52.124865,
        "应付职工薪酬_万元": 1528.406037,
        "应交税费_万元": 1934.321365,
        "其他应付款_万元": 3038.280341,
        "一年内到期的非流动负债_万元": 2577.255207,
        "其他流动负债_万元": 46.804232,
        "流动负债合计_万元": 48137.900012,
        "长期借款_万元": 22140.0,
        "应付债券_万元": null,
        "租赁负债_万元": 676.920683,
        "长期应付款_万元": 55.024098,
        "预计负债_万元": null,
        "递延收益_万元": 2358.181975,
        "递延所得税负债_万元": 2210.520511,
        "其他非流动负债_万元": null,
        "非流动负债合计_万元": 27440.647267,
        "总负债_万元": 75578.547279,
        "总负债同比增长_百分比": null,
        "资产负债率_百分比": 38.75,
        "实收资本_万元": 24410.3806,
        "资本公积_万元": 28235.29427,
        "盈余公积_万元": 10192.792167,
        "未分配利润_万元": 56339.63013,
        "其他综合收益_万元": 7823.8845,
        "专项储备_万元": null,
        "归属于母公司所有者权益合计_万元": 119471.58477,
        "少数股东权益_万元": null,
        "股东权益合计_万元": 119471.58477
    },
    "利润表": {
        "营业总收入_万元": 85754.865335,
        "营业收入_万元": 85754.865335,
        "营业总收入同比增长_百分比": -10.11,
        "营业成本_万元": 22766.227468,
        "税金及附加_万元": 1484.027679,
        "销售费用_万元": 37163.597754,
        "管理费用_万元": 14200.476983,
        "研发费用_万元": 4047.391375,
        "财务费用_万元": 1818.177669,
        "其中利息费用_万元": 1757.075356,
        "其中利息收入_万元": 67.44842,
        "其他收益_万元": 609.084593,
        "投资收益_万元": null,
        "其中对联营企业投资收益_万元": null,
        "公允价值变动收益_万元": 2.434464,
        "信用减值损失_万元": -137.35171,
        "资产减值损失_万元": -319.382242,
        "资产处置收益_万元": 1890.039064,
        "营业总支出_万元": 81479.898928,
        "营业利润_万元": 6319.790576,
        "营业外收入_万元": 11.295739,
        "营业外支出_万元": 255.497382,
        "利润总额_万元": 6075.588933,
        "所得税费用_万元": 843.301219,
        "净利润_万元": 5232.287714,
        "归母净利润_万元": 5232.287714,
        "少数股东损益_万元": null,
        "持续经营净利润_万元": 5232.287714,
        "终止经营净利润_万元": null,
        "其他综合收益_万元": 2447.588426,
        "综合收益总额_万元": 7679.87614,
        "归母综合收益总额_万元": 7679.87614
    },
    "现金流量表": {
        "销售商品收到现金_万元": 83554.058647,
        "收到的税费返还_万元": null,
        "收到其他经营活动现金_万元": 1962.6219,
        "经营活动现金流入_万元": 85516.680547,
        "购买商品支付现金_万元": 11768.675886,
        "支付职工现金_万元": 34467.835136,
        "支付税费_万元": 7986.323948,
        "支付其他经营活动现金_万元": 22480.824144,
        "经营活动现金流出_万元": 76703.659114,
        "经营现金流净额_万元": 8813.021433,
        "经营现金流净额同比增长_百分比": 13.3,
        "收回投资现金_万元": 0.096369,
        "取得投资收益现金_万元": 1.6e-05,
        "处置资产收回现金_万元": 1508.0,
        "收到其他投资活动现金_万元": null,
        "投资活动现金流入_万元": 1508.096369,
        "投资支付现金_万元": 0.1,
        "购建资产支付现金_万元": 6145.225661,
        "支付其他投资活动现金_万元": null,
        "投资活动现金流出_万元": 6145.325661,
        "投资现金流净额_万元": -4637.229292,
        "吸收投资现金_万元": null,
        "取得借款现金_万元": 68000.0,
        "收到其他筹资活动现金_万元": null,
        "筹资活动现金流入_万元": 68000.0,
        "偿还债务现金_万元": 57729.03,
        "分配股利现金_万元": 3506.037018,
        "支付其他筹资活动现金_万元": 12947.975756,
        "筹资活动现金流出_万元": 74183.042774,
        "融资现金流净额_万元": -6183.042774,
        "汇率变动影响_万元": 0.012337,
        "现金及等价物净增加额_万元": -2007.250633,
        "净现金流_元": null,
        "净现金流同比增长_百分比": -153.43,
        "期初现金及等价物_万元": 13823.693421,
        "期末现金及等价物_万元": 11816.442788,
        "经营现金流占比_百分比": null,
        "投资现金流占比_百分比": null,
        "融资现金流占比_百分比": null
    }
}