{
    "报告信息": {
        "序号": "2025-045",
        "股票代码": "002873",
        "股票简称": "新天药业",
        "报告年份": "2025",
        "报告期": "半年度",
        "总股本_股": 244103806,
        "流通股本_股": null,
        "报告日期": "2025-07-29",
        "审计意见": "未经审计",
        "会计师事务所": "北京德皓国际会计师事务所（特殊普通合伙）",
        "期": "HY"
    },
    "核心业绩指标": {
        "每股收益_元": 0.0236,
        "稀释每股收益_元": 0.0236,
        "营业总收入_万元": 35828.611772,
        "营业总收入_亿元": 3.5828611772,
        "营收同比增长_百分比": -18.88,
        "营收环比增长_百分比": null,
        "净利润_万元": 576.607835,
        "净利润_亿元": 0.0576607835,
        "净利润同比增长_百分比": -80.99,
        "净利润环比增长_百分比": null,
        "归母净利润_万元": 576.607835,
        "少数股东损益_万元": null,
        "每股净资产_元": null,
        "净资产收益率_百分比": null,
        "扣非净资产收益率_百分比": null,
        "每股经营现金流_元": null,
        "扣非净利润_万元": 357.949468,
        "扣非净利润同比增长_百分比": -87.87,
        "销售毛利率_百分比": null,
        "销售净利率_百分比": null,
        "加权平均净资产收益率_百分比": 0.48,
        "扣非加权净资产收益率_百分比": null,
        "总资产收益率_百分比": null,
        "主营业务收入_万元": 35794.075759,
        "主营业务成本_万元": 10193.669483,
        "主营业务利润_万元": null
    },
    "资产负债表": {
        "货币资金_万元": 9446.756635,
        "应收账款_万元": 27640.658884,
        "应收票据_万元": 783.728824,
        "应收款项融资_万元": 632.93063,
        "预付款项_万元": 810.020584,
        "其他应收款_万元": 1657.667112,
        "存货_万元": 14619.948375,
        "合同资产_万元": null,
        "一年内到期的非流动资产_万元": null,
        "其他流动资产_万元": 398.482185,
        "流动资产合计_万元": 55999.778931,
        "交易性金融资产_万元": 9.585702,
        "债权投资_万元": null,
        "其他债权投资_万元": null,
        "长期应收款_万元": null,
        "长期股权投资_万元": null,
        "其他权益工具投资_万元": 41204.57,
        "投资性房地产_万元": 436.415204,
        "固定资产_万元": 62884.102229,
        "在建工程_万元": 5313.80916,
        "生产性生物资产_万元": null,
        "油气资产_万元": null,
        "使用权资产_万元": 1130.170966,
        "无形资产_万元": 10666.313644,
        "开发支出_万元": 8775.1035,
        "商誉_万元": 0.021949217,
        "长期待摊费用_万元": 955.732012,
        "递延所得税资产_万元": 1029.712676,
        "其他非流动资产_万元": null,
        "非流动资产合计_万元": 132398.189561,
        "总资产_万元": 188397.968492,
        "总资产同比增长_百分比": -3.41,
        "短期借款_万元": 7106.327626,
        "交易性金融负债_万元": null,
        "应付票据_万元": null,
        "应付账款_万元": 8229.588511,
        "预收款项_万元": 6.616541,
        "合同负债_万元": 43.827104,
        "应付职工薪酬_万元": 1375.214123,
        "应交税费_万元": 1437.565581,
        "其他应付款_万元": 1672.391328,
        "一年内到期的非流动负债_万元": 1093.470534,
        "其他流动负债_万元": 152.038127,
        "流动负债合计_万元": 21117.039475,
        "长期借款_万元": 43295.0,
        "应付债券_万元": null,
        "租赁负债_万元": 714.03001,
        "长期应付款_万元": 53.181122,
        "预计负债_万元": null,
        "递延收益_万元": 2376.626594,
        "递延所得税负债_万元": 2205.685342,
        "其他非流动负债_万元": null,
        "非流动负债合计_万元": 48644.523068,
        "总负债_万元": 69761.562543,
        "总负债同比增长_百分比": null,
        "资产负债率_百分比": null,
        "实收资本_万元": 24410.3806,
        "资本公积_万元": 28235.29427,
        "盈余公积_万元": 10192.792167,
        "未分配利润_万元": 55504.451309,
        "其他综合收益_万元": 7823.8845,
        "专项储备_万元": null,
        "归属于母公司所有者权益合计_万元": 118636.405949,
        "少数股东权益_万元": null,
        "股东权益合计_万元": 118636.405949
    },
    "利润表": {
        "营业总收入_万元": 35828.611772,
        "营业收入_万元": 35828.611772,
        "营业总收入同比增长_百分比": -18.88,
        "营业成本_万元": 10203.052606,
        "税金及附加_万元": 662.41322,
        "销售费用_万元": 15912.397603,
        "管理费用_万元": 5814.988918,
        "研发费用_万元": 2011.825616,
        "财务费用_万元": 853.631273,
        "其中利息费用_万元": 857.198017,
        "其中利息收入_万元": 20.768334,
        "其他收益_万元": 450.051331,
        "投资收益_万元": 0.672887,
        "其中对联营企业投资收益_万元": null,
        "公允价值变动收益_万元": -2.28231,
        "信用减值损失_万元": 66.764909,
        "资产减值损失_万元": -146.261093,
        "资产处置收益_万元": -84.540725,
        "营业总支出_万元": null,
        "营业利润_万元": 654.707535,
        "营业外收入_万元": 5.928417,
        "营业外支出_万元": 33.66685,
        "利润总额_万元": 626.969102,
        "所得税费用_万元": 50.361267,
        "净利润_万元": 576.607835,
        "归母净利润_万元": 576.607835,
        "少数股东损益_万元": null,
        "持续经营净利润_万元": 576.607835,
        "终止经营净利润_万元": null,
        "其他综合收益_万元": null,
        "综合收益总额_万元": 576.607835,
        "归母综合收益总额_万元": 576.607835
    },
    "现金流量表": {
        "销售商品收到现金_万元": 41224.694831,
        "收到的税费返还_万元": null,
        "收到其他经营活动现金_万元": 705.631039,
        "经营活动现金流入_万元": 41930.32587,
        "购买商品支付现金_万元": 5651.114619,
        "支付职工现金_万元": 15355.110673,
        "支付税费_万元": 4135.845379,
        "支付其他经营活动现金_万元": 10069.545185,
        "经营活动现金流出_万元": 35211.615856,
        "经营现金流净额_万元": 6718.710014,
        "经营现金流净额同比增长_百分比": 106.93,
        "收回投资现金_万元": 1500.0,
        "取得投资收益现金_万元": 0.71326,
        "处置资产收回现金_万元": 188.0,
        "收到其他投资活动现金_万元": null,
        "投资活动现金流入_万元": 1688.71326,
        "投资支付现金_万元": 1500.0,
        "购建资产支付现金_万元": 2057.734448,
        "支付其他投资活动现金_万元": null,
        "投资活动现金流出_万元": 3557.734448,
        "投资现金流净额_万元": -1869.021188,
        "吸收投资现金_万元": null,
        "取得借款现金_万元": 28700.0,
        "收到其他筹资活动现金_万元": null,
        "筹资活动现金流入_万元": 28700.0,
        "偿还债务现金_万元": 32470.0,
        "分配股利现金_万元": 3212.688033,
        "支付其他筹资活动现金_万元": 236.686946,
        "筹资活动现金流出_万元": 35919.374979,
        "融资现金流净额_万元": -7219.374979,
        "汇率变动影响_万元": null,
        "现金及等价物净增加额_万元": -2369.686153,
        "净现金流_元": null,
        "净现金流同比增长_百分比": 63.57,
        "期初现金及等价物_万元": 11816.442788,
        "期末现金及等价物_万元": 9446.756635,
        "经营现金流占比_百分比": null,
        "投资现金流占比_百分比": null,
        "融资现金流占比_百分比": null
    }
}