{
    "报告信息": {
        "序号": null,
        "股票代码": "002873",
        "股票简称": "新天药业",
        "报告年份": "2024",
        "报告期": "Q3",
        "总股本_股": 229450267,
        "流通股本_股": null,
        "报告日期": "2024-10-25",
        "审计意见": "未经审计",
        "会计师事务所": null
    },
    "核心业绩指标": {
        "每股收益_元": 0.2645,
        "稀释每股收益_元": 0.3559,
        "营业总收入_万元": 66084.525781,
        "营业总收入_亿元": 6.6084525781,
        "营收同比增长_百分比": -14.8,
        "营收环比增长_百分比": null,
        "净利润_万元": 6099.976123,
        "净利润_亿元": 0.6099976123,
        "净利润同比增长_百分比": -30.45,
        "净利润环比增长_百分比": null,
        "归母净利润_万元": 6099.976123,
        "少数股东损益_万元": 0,
        "每股净资产_元": null,
        "净资产收益率_百分比": 5.82,
        "扣非净资产收益率_百分比": null,
        "每股经营现金流_元": null,
        "扣非净利润_万元": 4226.513847,
        "扣非净利润同比增长_百分比": -49.2,
        "销售毛利率_百分比": null,
        "销售净利率_百分比": null,
        "加权平均净资产收益率_百分比": 5.82,
        "扣非加权净资产收益率_百分比": null,
        "总资产收益率_百分比": null,
        "主营业务收入_万元": 66084.525781,
        "主营业务成本_万元": 17246.740243,
        "主营业务利润_万元": null
    },
    "资产负债表": {
        "货币资金_万元": 13671.625472,
        "应收账款_万元": 32116.800015,
        "应收票据_万元": 535.533614,
        "应收款项融资_万元": 827.192382,
        "预付款项_万元": 338.537814,
        "其他应收款_万元": 3540.681323,
        "存货_万元": 14897.441646,
        "合同资产_万元": 0,
        "一年内到期的非流动资产_万元": 0,
        "其他流动资产_万元": 280.228683,
        "流动资产合计_万元": 66218.488857,
        "交易性金融资产_万元": 10.447908,
        "债权投资_万元": 0,
        "其他债权投资_万元": 0,
        "长期应收款_万元": 0,
        "长期股权投资_万元": 0,
        "其他权益工具投资_万元": 38325.054205,
        "投资性房地产_万元": 343.417793,
        "固定资产_万元": 65103.069988,
        "在建工程_万元": 5533.017026,
        "生产性生物资产_万元": 0,
        "油气资产_万元": 0,
        "使用权资产_万元": 1356.907247,
        "无形资产_万元": 8105.053265,
        "开发支出_万元": 9696.455776,
        "商誉_万元": 0,
        "长期待摊费用_万元": 571.330935,
        "递延所得税资产_万元": 1093.864866,
        "其他非流动资产_万元": 0,
        "非流动资产合计_万元": 130130.52764,
        "总资产_万元": 196349.016497,
        "总资产同比增长_百分比": 2.7,
        "短期借款_万元": 45200,
        "交易性金融负债_万元": 0,
        "应付票据_万元": 0,
        "应付账款_万元": 7223.291548,
        "预收款项_万元": 0,
        "合同负债_万元": 54.39698,
        "应付职工薪酬_万元": 1408.132298,
        "应交税费_万元": 2594.502444,
        "其他应付款_万元": 1123.255978,
        "一年内到期的非流动负债_万元": 3242.642858,
        "其他流动负债_万元": 7.071607,
        "流动负债合计_万元": 60853.293713,
        "长期借款_万元": 10995,
        "应付债券_万元": 14888.862875,
        "租赁负债_万元": 783.66708,
        "长期应付款_万元": 56.269998,
        "预计负债_万元": 0,
        "递延收益_万元": 2348.589453,
        "递延所得税负债_万元": 1757.547947,
        "其他非流动负债_万元": 0,
        "非流动负债合计_万元": 30829.937353,
        "总负债_万元": 91683.231066,
        "总负债同比增长_百分比": null,
        "资产负债率_百分比": null,
        "实收资本_万元": 22945.0267,
        "资本公积_万元": 17351.927415,
        "盈余公积_万元": 9401.380678,
        "未分配利润_万元": 58939.921132,
        "其他综合收益_万元": null,
        "专项储备_万元": 0,
        "归属于母公司所有者权益合计_万元": 104665.785431,
        "少数股东权益_万元": 0,
        "股东权益合计_万元": 104665.785431
    },
    "利润表": {
        "营业总收入_万元": 66084.525781,
        "营业收入_万元": 66084.525781,
        "营业总收入同比增长_百分比": -14.8,
        "营业成本_万元": 17246.740243,
        "税金及附加_万元": 1262.047855,
        "销售费用_万元": 27129.80759,
        "管理费用_万元": 10389.680132,
        "研发费用_万元": 2991.396265,
        "财务费用_万元": 1930.109644,
        "其中利息费用_万元": 1961.058226,
        "其中利息收入_万元": 53.265904,
        "其他收益_万元": 383.261372,
        "投资收益_万元": 1.6e-05,
        "其中对联营企业投资收益_万元": 0,
        "公允价值变动收益_万元": 1.01436,
        "信用减值损失_万元": -406.642371,
        "资产减值损失_万元": -1.003331,
        "资产处置收益_万元": 1890.039064,
        "营业总支出_万元": null,
        "营业利润_万元": 7001.413146,
        "营业外收入_万元": 10.854839,
        "营业外支出_万元": 185.513306,
        "利润总额_万元": 6826.754679,
        "所得税费用_万元": 726.778556,
        "净利润_万元": 6099.976123,
        "归母净利润_万元": 6099.976123,
        "少数股东损益_万元": 0,
        "持续经营净利润_万元": 6099.976123,
        "终止经营净利润_万元": 0,
        "其他综合收益_万元": 0,
        "综合收益总额_万元": 6099.976123,
        "归母综合收益总额_万元": 6099.976123
    },
    "现金流量表": {
        "销售商品收到现金_万元": 61544.434549,
        "收到的税费返还_万元": 0,
        "收到其他经营活动现金_万元": 1507.897898,
        "经营活动现金流入_万元": 63052.332447,
        "购买商品支付现金_万元": 9403.84083,
        "支付职工现金_万元": 25248.437261,
        "支付税费_万元": 5464.754735,
        "支付其他经营活动现金_万元": 17465.476041,
        "经营活动现金流出_万元": 57582.508867,
        "经营现金流净额_万元": 5469.82358,
        "经营现金流净额同比增长_百分比": 51.29,
        "收回投资现金_万元": 0,
        "取得投资收益现金_万元": 0,
        "处置资产收回现金_万元": 0,
        "收到其他投资活动现金_万元": 0,
        "投资活动现金流入_万元": 0,
        "投资支付现金_万元": 0,
        "购建资产支付现金_万元": 4999.777024,
        "支付其他投资活动现金_万元": 0,
        "投资活动现金流出_万元": 4999.777024,
        "投资现金流净额_万元": -4491.777024,
        "吸收投资现金_万元": 0,
        "取得借款现金_万元": 50900,
        "收到其他筹资活动现金_万元": 0,
        "筹资活动现金流入_万元": 50900,
        "偿还债务现金_万元": 36400,
        "分配股利现金_万元": 2985.800669,
        "支付其他筹资活动现金_万元": 12644.313836,
        "筹资活动现金流出_万元": 52030.114505,
        "融资现金流净额_万元": -1130.114505,
        "汇率变动影响_万元": 0.012337,
        "现金及等价物净增加额_万元": -152.067949,
        "净现金流_元": null,
        "净现金流同比增长_百分比": null,
        "期初现金及等价物_万元": 13823.693421,
        "期末现金及等价物_万元": 13671.625472,
        "经营现金流占比_百分比": null,
        "投资现金流占比_百分比": null,
        "融资现金流占比_百分比": null
    }
}