{
    "报告信息": {
        "序号": null,
        "股票代码": "002219",
        "股票简称": "新里程",
        "报告年份": "2025",
        "报告期": "Q1",
        "总股本_股": 3387381753,
        "流通股本_股": null,
        "报告日期": null,
        "审计意见": "未经审计",
        "会计师事务所": null
    },
    "核心业绩指标": {
        "每股收益_元": 0.0076,
        "稀释每股收益_元": 0.0076,
        "营业总收入_万元": 79615.215894,
        "营业总收入_亿元": 7.9615215894,
        "营收同比增长_百分比": -16.49,
        "营收环比增长_百分比": null,
        "净利润_万元": 2456.886412,
        "净利润_亿元": 0.2456886412,
        "净利润同比增长_百分比": null,
        "净利润环比增长_百分比": null,
        "归母净利润_万元": 2565.187115,
        "少数股东损益_万元": -108.300703,
        "每股净资产_元": null,
        "净资产收益率_百分比": null,
        "扣非净资产收益率_百分比": null,
        "每股经营现金流_元": null,
        "扣非净利润_万元": 2651.802749,
        "扣非净利润同比增长_百分比": -9.26,
        "销售毛利率_百分比": null,
        "销售净利率_百分比": null,
        "加权平均净资产收益率_百分比": 1.28,
        "扣非加权净资产收益率_百分比": null,
        "总资产收益率_百分比": null,
        "主营业务收入_万元": 79615.215894,
        "主营业务成本_万元": 57357.032906,
        "主营业务利润_万元": null
    },
    "资产负债表": {
        "货币资金_万元": 41424.157287,
        "应收账款_万元": 130066.488984,
        "应收票据_万元": 517.783227,
        "应收款项融资_万元": 871.378712,
        "预付款项_万元": 2222.564869,
        "其他应收款_万元": 10213.733194,
        "存货_万元": 19301.844185,
        "合同资产_万元": null,
        "一年内到期的非流动资产_万元": null,
        "其他流动资产_万元": 1463.367973,
        "流动资产合计_万元": 206732.633178,
        "交易性金融资产_万元": 651.314747,
        "债权投资_万元": null,
        "其他债权投资_万元": null,
        "长期应收款_万元": null,
        "长期股权投资_万元": 612.141621,
        "其他权益工具投资_万元": null,
        "投资性房地产_万元": null,
        "固定资产_万元": 186392.643413,
        "在建工程_万元": 81671.097283,
        "生产性生物资产_万元": 82.500003,
        "油气资产_万元": null,
        "使用权资产_万元": 15089.601073,
        "无形资产_万元": 40218.259204,
        "开发支出_万元": null,
        "商誉_万元": 111224.367843,
        "长期待摊费用_万元": 7145.075538,
        "递延所得税资产_万元": 16291.6614,
        "其他非流动资产_万元": 4288.038321,
        "非流动资产合计_万元": 463015.385699,
        "总资产_万元": 669748.018877,
        "总资产同比增长_百分比": 0.3,
        "短期借款_万元": 99981.361965,
        "交易性金融负债_万元": null,
        "应付票据_万元": 5395.678286,
        "应付账款_万元": 139294.205952,
        "预收款项_万元": 6580.402429,
        "合同负债_万元": 531.098835,
        "应付职工薪酬_万元": 10067.936887,
        "应交税费_万元": 2037.502613,
        "其他应付款_万元": 42681.970269,
        "一年内到期的非流动负债_万元": 39458.399409,
        "其他流动负债_万元": 505.446146,
        "流动负债合计_万元": 346534.002791,
        "长期借款_万元": 47387.434236,
        "应付债券_万元": null,
        "租赁负债_万元": 9005.432335,
        "长期应付款_万元": 35312.929855,
        "预计负债_万元": null,
        "递延收益_万元": 130.31893,
        "递延所得税负债_万元": 3861.421602,
        "其他非流动负债_万元": 20286.0,
        "非流动负债合计_万元": 115983.536958,
        "总负债_万元": 462517.539749,
        "总负债同比增长_百分比": null,
        "资产负债率_百分比": null,
        "实收资本_万元": 338738.1753,
        "资本公积_万元": 160520.132688,
        "盈余公积_万元": 12945.464154,
        "未分配利润_万元": -293745.359107,
        "其他综合收益_万元": null,
        "专项储备_万元": null,
        "归属于母公司所有者权益合计_万元": 201763.743035,
        "少数股东权益_万元": 5466.736093,
        "股东权益合计_万元": null
    },
    "利润表": {
        "营业总收入_万元": 79615.215894,
        "营业收入_万元": 79615.215894,
        "营业总收入同比增长_百分比": -16.49,
        "营业成本_万元": 57357.032906,
        "税金及附加_万元": 425.75826,
        "销售费用_万元": 2843.173203,
        "管理费用_万元": 11813.20524,
        "研发费用_万元": 439.865382,
        "财务费用_万元": 2944.334,
        "其中利息费用_万元": 2936.857771,
        "其中利息收入_万元": 68.371402,
        "其他收益_万元": 162.162629,
        "投资收益_万元": 98.29455,
        "其中对联营企业投资收益_万元": null,
        "公允价值变动收益_万元": -4.698491,
        "信用减值损失_万元": -412.336188,
        "资产减值损失_万元": null,
        "资产处置收益_万元": -13.795324,
        "营业总支出_万元": null,
        "营业利润_万元": 3621.474079,
        "营业外收入_万元": 17.849468,
        "营业外支出_万元": 434.605159,
        "利润总额_万元": 3204.718388,
        "所得税费用_万元": 747.831976,
        "净利润_万元": 2456.886412,
        "归母净利润_万元": 2565.187115,
        "少数股东损益_万元": -108.300703,
        "持续经营净利润_万元": 2456.886412,
        "终止经营净利润_万元": null,
        "其他综合收益_万元": null,
        "综合收益总额_万元": 2456.886412,
        "归母综合收益总额_万元": 2565.187115
    },
    "现金流量表": {
        "销售商品收到现金_万元": 71610.067697,
        "收到的税费返还_万元": null,
        "收到其他经营活动现金_万元": 1314.148946,
        "经营活动现金流入_万元": 72924.216643,
        "购买商品支付现金_万元": 28498.8439,
        "支付职工现金_万元": 31015.319137,
        "支付税费_万元": 2848.406986,
        "支付其他经营活动现金_万元": 14361.135936,
        "经营活动现金流出_万元": 76723.705959,
        "经营现金流净额_万元": -3799.489316,
        "经营现金流净额同比增长_百分比": -295.69,
        "收回投资现金_万元": null,
        "取得投资收益现金_万元": null,
        "处置资产收回现金_万元": 4.3425,
        "收到其他投资活动现金_万元": null,
        "投资活动现金流入_万元": 4.394692,
        "投资支付现金_万元": null,
        "购建资产支付现金_万元": 12127.596545,
        "支付其他投资活动现金_万元": null,
        "投资活动现金流出_万元": 28127.596545,
        "投资现金流净额_万元": -28123.201853,
        "吸收投资现金_万元": 11270.0,
        "取得借款现金_万元": 69294.643847,
        "收到其他筹资活动现金_万元": 9975.82,
        "筹资活动现金流入_万元": 90540.463847,
        "偿还债务现金_万元": 51037.365943,
        "分配股利现金_万元": 2671.275212,
        "支付其他筹资活动现金_万元": 10245.092751,
        "筹资活动现金流出_万元": 63953.733906,
        "融资现金流净额_万元": 26586.729941,
        "汇率变动影响_万元": -0.000358,
        "现金及等价物净增加额_万元": -5335.961586,
        "净现金流_元": null,
        "净现金流同比增长_百分比": null,
        "期初现金及等价物_万元": 41624.859197,
        "期末现金及等价物_万元": 36288.897611,
        "经营现金流占比_百分比": null,
        "投资现金流占比_百分比": null,
        "融资现金流占比_百分比": null
    }
}