{
    "报告信息": {
        "序号": null,
        "股票代码": "002219",
        "股票简称": "新里程",
        "报告年份": "2024",
        "报告期": "年度报告",
        "总股本_股": 3387381753,
        "流通股本_股": 3272043720,
        "报告日期": "2025年04月",
        "审计意见": "标准的无保留意见",
        "会计师事务所": "毕马威华振会计师事务所（特殊普通合伙）",
        "期": "FY"
    },
    "核心业绩指标": {
        "每股收益_元": 0.0349,
        "稀释每股收益_元": 0.0349,
        "营业总收入_万元": 379901.03134,
        "营业总收入_亿元": 37.990103134,
        "营收同比增长_百分比": -2.95,
        "营收环比增长_百分比": null,
        "净利润_万元": 120328.04371,
        "净利润_亿元": 12.032804371,
        "净利润同比增长_百分比": 296.13,
        "净利润环比增长_百分比": null,
        "归母净利润_万元": 114765.52194,
        "少数股东损益_万元": 5562.52177,
        "每股净资产_元": null,
        "净资产收益率_百分比": 5.16,
        "扣非净资产收益率_百分比": null,
        "每股经营现金流_元": null,
        "扣非净利润_万元": 97080.26094,
        "扣非净利润同比增长_百分比": 223.48,
        "销售毛利率_百分比": null,
        "销售净利率_百分比": null,
        "加权平均净资产收益率_百分比": 5.16,
        "扣非加权净资产收益率_百分比": null,
        "总资产收益率_百分比": null,
        "主营业务收入_万元": 379901.03134,
        "主营业务成本_万元": null,
        "主营业务利润_万元": null
    },
    "资产负债表": {
        "货币资金_万元": 47153.097605,
        "应收账款_万元": 119862.660531,
        "应收票据_万元": 608.744397,
        "应收款项融资_万元": 912.546574,
        "预付款项_万元": 1765.870977,
        "其他应收款_万元": 9913.056062,
        "存货_万元": 20235.359088,
        "合同资产_万元": null,
        "一年内到期的非流动资产_万元": null,
        "其他流动资产_万元": 1377.825965,
        "流动资产合计_万元": 202485.174437,
        "交易性金融资产_万元": 656.013238,
        "债权投资_万元": null,
        "其他债权投资_万元": null,
        "长期应收款_万元": null,
        "长期股权投资_万元": 612.141621,
        "其他权益工具投资_万元": null,
        "投资性房地产_万元": null,
        "固定资产_万元": 189729.557496,
        "在建工程_万元": 80589.535391,
        "生产性生物资产_万元": 85.0,
        "油气资产_万元": null,
        "使用权资产_万元": 15872.156202,
        "无形资产_万元": 40590.552617,
        "开发支出_万元": null,
        "商誉_万元": 111224.367843,
        "长期待摊费用_万元": 7126.522813,
        "递延所得税资产_万元": 15916.010181,
        "其他非流动资产_万元": 3488.20344,
        "非流动资产合计_万元": 465234.047604,
        "总资产_万元": 667719.222041,
        "总资产同比增长_百分比": 1.31,
        "短期借款_万元": 81855.340394,
        "交易性金融负债_万元": null,
        "应付票据_万元": 5652.887498,
        "应付账款_万元": 148768.652198,
        "预收款项_万元": 6906.48288,
        "合同负债_万元": 835.87634,
        "应付职工薪酬_万元": 13025.007584,
        "应交税费_万元": 2634.935194,
        "其他应付款_万元": 59847.543649,
        "一年内到期的非流动负债_万元": 35355.688135,
        "其他流动负债_万元": 542.118625,
        "流动负债合计_万元": 355424.532497,
        "长期借款_万元": 49489.434236,
        "应付债券_万元": null,
        "租赁负债_万元": 9793.560247,
        "长期应付款_万元": 34304.238335,
        "预计负债_万元": null,
        "递延收益_万元": 139.252562,
        "递延所得税负债_万元": 4352.240767,
        "其他非流动负债_万元": 10143.0,
        "非流动负债合计_万元": 108221.726147,
        "总负债_万元": 463646.258644,
        "总负债同比增长_百分比": null,
        "资产负债率_百分比": null,
        "实收资本_万元": null,
        "资本公积_万元": null,
        "盈余公积_万元": null,
        "未分配利润_万元": null,
        "其他综合收益_万元": null,
        "专项储备_万元": null,
        "归属于母公司所有者权益合计_万元": 198497.926601,
        "少数股东权益_万元": 5575.036796,
        "股东权益合计_万元": null
    },
    "利润表": {
        "营业总收入_万元": 379901.03134,
        "营业收入_万元": 379901.03134,
        "营业总收入同比增长_百分比": -2.95,
        "营业成本_万元": 262401.076868,
        "税金及附加_万元": 2472.420319,
        "销售费用_万元": 29438.071998,
        "管理费用_万元": 51077.72717,
        "研发费用_万元": 985.981335,
        "财务费用_万元": 12649.915738,
        "其中利息费用_万元": 13502.835932,
        "其中利息收入_万元": 1121.841531,
        "其他收益_万元": 1146.765266,
        "投资收益_万元": 256.697637,
        "其中对联营企业投资收益_万元": -33.368191,
        "公允价值变动收益_万元": 0.713238,
        "信用减值损失_万元": -6168.862816,
        "资产减值损失_万元": 141.381194,
        "资产处置收益_万元": -7.257988,
        "营业总支出_万元": null,
        "营业利润_万元": null,
        "营业外收入_万元": 670.279354,
        "营业外支出_万元": 1492.564114,
        "利润总额_万元": null,
        "所得税费用_万元": 3390.185312,
        "净利润_万元": 120328.04371,
        "归母净利润_万元": 114765.52194,
        "少数股东损益_万元": 5562.52177,
        "持续经营净利润_万元": null,
        "终止经营净利润_万元": null,
        "其他综合收益_万元": null,
        "综合收益总额_万元": null,
        "归母综合收益总额_万元": null
    },
    "现金流量表": {
        "销售商品收到现金_万元": 406100.362257,
        "收到的税费返还_万元": 185.932754,
        "收到其他经营活动现金_万元": 8088.333382,
        "经营活动现金流入_万元": 414374.628393,
        "购买商品支付现金_万元": 173053.716903,
        "支付职工现金_万元": 118662.281302,
        "支付税费_万元": 10904.630555,
        "支付其他经营活动现金_万元": 67903.414323,
        "经营活动现金流出_万元": 370524.043083,
        "经营现金流净额_万元": 43850.58531,
        "经营现金流净额同比增长_百分比": 36.64,
        "收回投资现金_万元": null,
        "取得投资收益现金_万元": null,
        "处置资产收回现金_万元": null,
        "收到其他投资活动现金_万元": null,
        "投资活动现金流入_万元": 399.515411,
        "投资活动现金流出_万元": 49430.307092,
        "投资现金流净额_万元": -49030.791681,
        "吸收投资现金_万元": null,
        "取得借款现金_万元": null,
        "收到其他筹资活动现金_万元": null,
        "筹资活动现金流入_万元": 172620.968763,
        "偿还债务现金_万元": null,
        "分配股利现金_万元": null,
        "支付其他筹资活动现金_万元": null,
        "筹资活动现金流出_万元": 183594.158803,
        "融资现金流净额_万元": -10973.19004,
        "汇率变动影响_万元": null,
        "现金及等价物净增加额_万元": -16153.394513,
        "净现金流_元": null,
        "净现金流同比增长_百分比": -1231.21,
        "期初现金及等价物_万元": null,
        "期末现金及等价物_万元": 41624.859197,
        "经营现金流占比_百分比": null,
        "投资现金流占比_百分比": null,
        "融资现金流占比_百分比": null
    }
}