{
    "报告信息": {
        "序号": null,
        "股票代码": "002219",
        "股票简称": "新里程",
        "报告年份": "2025",
        "报告期": "HY",
        "总股本_股": 3387381753,
        "流通股本_股": 3387381753,
        "报告日期": null,
        "审计意见": null,
        "会计师事务所": null
    },
    "核心业绩指标": {
        "每股收益_元": 0.0022,
        "稀释每股收益_元": 0.0022,
        "营业总收入_万元": 158788.963068,
        "营业总收入_亿元": 15.8788963068,
        "营收同比增长_百分比": -20.63,
        "营收环比增长_百分比": null,
        "净利润_万元": 743.105316,
        "净利润_亿元": 0.0743105316,
        "净利润同比增长_百分比": -88.25,
        "净利润环比增长_百分比": null,
        "归母净利润_万元": 743.105316,
        "少数股东损益_万元": -39.079124,
        "每股净资产_元": 0.5903,
        "净资产收益率_百分比": 0.37,
        "扣非净资产收益率_百分比": null,
        "每股经营现金流_元": 0.0417,
        "扣非净利润_万元": 936.872846,
        "扣非净利润同比增长_百分比": -84.93,
        "销售毛利率_百分比": null,
        "销售净利率_百分比": null,
        "加权平均净资产收益率_百分比": 0.37,
        "扣非加权净资产收益率_百分比": null,
        "总资产收益率_百分比": null,
        "主营业务收入_万元": 5943.111194,
        "主营业务成本_万元": 13.442856,
        "主营业务利润_万元": null
    },
    "资产负债表": {
        "货币资金_万元": 47026.920121,
        "应收账款_万元": 118686.541471,
        "应收票据_万元": 370.737283,
        "应收款项融资_万元": 856.784766,
        "预付款项_万元": 2740.848527,
        "其他应收款_万元": 15085.143579,
        "存货_万元": 18432.733622,
        "合同资产_万元": null,
        "一年内到期的非流动资产_万元": null,
        "其他流动资产_万元": 1621.44823,
        "流动资产合计_万元": 205470.701828,
        "交易性金融资产_万元": 649.544229,
        "债权投资_万元": null,
        "其他债权投资_万元": null,
        "长期应收款_万元": null,
        "长期股权投资_万元": 612.141621,
        "其他权益工具投资_万元": null,
        "投资性房地产_万元": null,
        "固定资产_万元": 183989.361409,
        "在建工程_万元": 89816.283966,
        "生产性生物资产_万元": 129.19581,
        "油气资产_万元": null,
        "使用权资产_万元": 14093.490322,
        "无形资产_万元": 39764.404368,
        "开发支出_万元": null,
        "商誉_万元": 111224.367843,
        "长期待摊费用_万元": 7396.092919,
        "递延所得税资产_万元": 16878.648186,
        "其他非流动资产_万元": 3335.657877,
        "非流动资产合计_万元": 467239.644321,
        "总资产_万元": 672710.346149,
        "总资产同比增长_百分比": 0.75,
        "短期借款_万元": 99640.774,
        "交易性金融负债_万元": null,
        "应付票据_万元": 6245.231704,
        "应付账款_万元": 147645.961105,
        "预收款项_万元": 6029.557371,
        "合同负债_万元": 516.755269,
        "应付职工薪酬_万元": 9808.034379,
        "应交税费_万元": 1640.949563,
        "其他应付款_万元": 42068.76967,
        "一年内到期的非流动负债_万元": 37784.886438,
        "其他流动负债_万元": 316.184082,
        "流动负债合计_万元": 351697.103581,
        "长期借款_万元": 44727.10242,
        "应付债券_万元": null,
        "租赁负债_万元": 8544.580197,
        "长期应付款_万元": 36846.46263,
        "预计负债_万元": null,
        "递延收益_万元": 129.318932,
        "递延所得税负债_万元": 4340.369403,
        "其他非流动负债_万元": 20286,
        "非流动负债合计_万元": 114873.833582,
        "总负债_万元": 466570.937163,
        "总负债同比增长_百分比": null,
        "资产负债率_百分比": 69.74,
        "实收资本_万元": null,
        "资本公积_万元": 161181.922766,
        "盈余公积_万元": 12945.464154,
        "未分配利润_万元": -295567.440906,
        "其他综合收益_万元": null,
        "专项储备_万元": null,
        "归属于母公司所有者权益合计_万元": 200603.451314,
        "少数股东权益_万元": 5535.957672,
        "股东权益合计_万元": 206139.408986
    },
    "利润表": {
        "营业总收入_万元": 158788.963068,
        "营业收入_万元": 158788.963068,
        "营业总收入同比增长_百分比": -20.63,
        "营业成本_万元": 114020.414549,
        "税金及附加_万元": 952.167837,
        "销售费用_万元": 8647.63608,
        "管理费用_万元": 21926.281016,
        "研发费用_万元": 1047.652699,
        "财务费用_万元": 6144.063159,
        "其中利息费用_万元": 6123.326132,
        "其中利息收入_万元": 107.144871,
        "其他收益_万元": 311.182318,
        "投资收益_万元": 32.2846,
        "其中对联营企业投资收益_万元": null,
        "公允价值变动收益_万元": -6.469009,
        "信用减值损失_万元": -2904.446554,
        "资产减值损失_万元": -92.100956,
        "资产处置收益_万元": -13.770083,
        "营业总支出_万元": null,
        "营业利润_万元": 3377.428044,
        "营业外收入_万元": 104.018807,
        "营业外支出_万元": 907.176695,
        "利润总额_万元": 2574.270156,
        "所得税费用_万元": 1870.243964,
        "净利润_万元": 704.026192,
        "归母净利润_万元": 743.105316,
        "少数股东损益_万元": -39.079124,
        "持续经营净利润_万元": 704.026192,
        "终止经营净利润_万元": null,
        "其他综合收益_万元": null,
        "综合收益总额_万元": 704.026192,
        "归母综合收益总额_万元": 743.105316
    },
    "现金流量表": {
        "销售商品收到现金_万元": 156671.480526,
        "收到的税费返还_万元": null,
        "收到其他经营活动现金_万元": 4053.218255,
        "经营活动现金流入_万元": 160724.698781,
        "购买商品支付现金_万元": 55033.388897,
        "支付职工现金_万元": 57220.349129,
        "支付税费_万元": 6339.736161,
        "支付其他经营活动现金_万元": 27970.568526,
        "经营活动现金流出_万元": 146564.042713,
        "经营现金流净额_万元": 14160.656068,
        "经营现金流净额同比增长_百分比": -15.91,
        "收回投资现金_万元": null,
        "取得投资收益现金_万元": null,
        "处置资产收回现金_万元": 9.9795,
        "收到其他投资活动现金_万元": 10.031692,
        "投资活动现金流入_万元": 227.202884,
        "投资支付现金_万元": null,
        "购建资产支付现金_万元": 16313.443638,
        "支付其他投资活动现金_万元": 392.02158,
        "投资活动现金流出_万元": 32313.443638,
        "投资现金流净额_万元": -3230.3411946,
        "吸收投资现金_万元": null,
        "取得借款现金_万元": 11270,
        "收到其他筹资活动现金_万元": 85054.143504,
        "筹资活动现金流入_万元": 112499.963504,
        "偿还债务现金_万元": 71772.356998,
        "分配股利现金_万元": 5280.289747,
        "支付其他筹资活动现金_万元": 6343.564982,
        "筹资活动现金流出_万元": 95187.230726,
        "融资现金流净额_万元": 17312.726198,
        "汇率变动影响_万元": -0.001446,
        "现金及等价物净增加额_万元": -830.031126,
        "净现金流_元": null,
        "净现金流同比增长_百分比": 92.65,
        "期初现金及等价物_万元": 40794.828071,
        "期末现金及等价物_万元": 47026.920121,
        "经营现金流占比_百分比": null,
        "投资现金流占比_百分比": null,
        "融资现金流占比_百分比": null
    }
}