{
    "报告信息": {
        "序号": null,
        "股票代码": "002219",
        "股票简称": "新里程",
        "报告年份": "2024",
        "报告期": "Q1",
        "总股本_股": 3409621960.0,
        "流通股本_股": null,
        "报告日期": null,
        "审计意见": null,
        "会计师事务所": null
    },
    "核心业绩指标": {
        "每股收益_元": 0.0072,
        "稀释每股收益_元": 0.0072,
        "营业总收入_万元": 86283.756893,
        "营业总收入_亿元": 8.6283756893,
        "营收同比增长_百分比": 9.85,
        "营收环比增长_百分比": null,
        "净利润_万元": 2514.413245,
        "净利润_亿元": 0.2514413245,
        "净利润同比增长_百分比": null,
        "净利润环比增长_百分比": null,
        "归母净利润_万元": 2440.495903,
        "少数股东损益_万元": 73.917342,
        "每股净资产_元": null,
        "净资产收益率_百分比": null,
        "扣非净资产收益率_百分比": null,
        "每股经营现金流_元": null,
        "扣非净利润_万元": 2516.487495,
        "扣非净利润同比增长_百分比": 22.47,
        "销售毛利率_百分比": null,
        "销售净利率_百分比": null,
        "加权平均净资产收益率_百分比": 1.1,
        "扣非加权净资产收益率_百分比": null,
        "总资产收益率_百分比": null,
        "主营业务收入_万元": null,
        "主营业务成本_万元": null,
        "主营业务利润_万元": null
    },
    "资产负债表": {
        "货币资金_万元": 49371.147786,
        "应收账款_万元": 108585.920378,
        "应收票据_万元": 455.895832,
        "应收款项融资_万元": null,
        "预付款项_万元": 2541.041518,
        "其他应收款_万元": 16640.171855,
        "存货_万元": 22999.455969,
        "合同资产_万元": null,
        "一年内到期的非流动资产_万元": null,
        "其他流动资产_万元": 2109.957257,
        "流动资产合计_万元": 202703.590595,
        "交易性金融资产_万元": null,
        "债权投资_万元": null,
        "其他债权投资_万元": null,
        "长期应收款_万元": null,
        "长期股权投资_万元": 686.966894,
        "其他权益工具投资_万元": null,
        "投资性房地产_万元": null,
        "固定资产_万元": 188916.108946,
        "在建工程_万元": 65333.966887,
        "生产性生物资产_万元": 92.5,
        "油气资产_万元": null,
        "使用权资产_万元": 10463.765076,
        "无形资产_万元": 30131.180938,
        "开发支出_万元": null,
        "商誉_万元": 94900.566144,
        "长期待摊费用_万元": 6650.626709,
        "递延所得税资产_万元": 16490.763333,
        "其他非流动资产_万元": 2456.791972,
        "非流动资产合计_万元": 416123.236899,
        "总资产_万元": 618826.827494,
        "总资产同比增长_百分比": 1.78,
        "短期借款_万元": 76897.330913,
        "交易性金融负债_万元": null,
        "应付票据_万元": 4818.801071,
        "应付账款_万元": 137619.848744,
        "预收款项_万元": 5609.535406,
        "合同负债_万元": 392.889195,
        "应付职工薪酬_万元": 10404.644985,
        "应交税费_万元": 2291.064178,
        "其他应付款_万元": 40714.44724,
        "一年内到期的非流动负债_万元": 21936.113695,
        "其他流动负债_万元": 36.786334,
        "流动负债合计_万元": 300721.461761,
        "长期借款_万元": 69731.079762,
        "应付债券_万元": null,
        "租赁负债_万元": 6587.203395,
        "长期应付款_万元": 9889.536678,
        "预计负债_万元": 157.602523,
        "递延收益_万元": 226.060779,
        "递延所得税负债_万元": 2924.231509,
        "其他非流动负债_万元": null,
        "非流动负债合计_万元": 89515.714646,
        "总负债_万元": 390237.176407,
        "总负债同比增长_百分比": null,
        "资产负债率_百分比": null,
        "实收资本_万元": null,
        "资本公积_万元": null,
        "盈余公积_万元": 12945.464154,
        "未分配利润_万元": -303760.787512,
        "其他综合收益_万元": null,
        "专项储备_万元": 12945.464154,
        "归属于母公司所有者权益合计_万元": 224735.848145,
        "少数股东权益_万元": 3853.802942,
        "股东权益合计_万元": 228589.651087
    },
    "利润表": {
        "营业总收入_万元": 86283.756893,
        "营业收入_万元": 86283.756893,
        "营业总收入同比增长_百分比": 9.85,
        "营业成本_万元": 61433.707797,
        "税金及附加_万元": 394.734539,
        "销售费用_万元": 3688.541293,
        "管理费用_万元": 13395.098652,
        "研发费用_万元": 337.001131,
        "财务费用_万元": 3143.692051,
        "其中利息费用_万元": 3215.516776,
        "其中利息收入_万元": 140.226599,
        "其他收益_万元": 241.525644,
        "投资收益_万元": 33.685577,
        "其中对联营企业投资收益_万元": null,
        "公允价值变动收益_万元": null,
        "信用减值损失_万元": -965.374378,
        "资产减值损失_万元": null,
        "资产处置收益_万元": -0.696815,
        "营业总支出_万元": null,
        "营业利润_万元": 3200.121458,
        "营业外收入_万元": 34.003456,
        "营业外支出_万元": 417.393593,
        "利润总额_万元": 2816.731321,
        "所得税费用_万元": 302.318076,
        "净利润_万元": 2514.413245,
        "归母净利润_万元": 2440.495903,
        "少数股东损益_万元": 73.917342,
        "持续经营净利润_万元": 2514.413245,
        "终止经营净利润_万元": null,
        "其他综合收益_万元": null,
        "综合收益总额_万元": 2514.413245,
        "归母综合收益总额_万元": 2440.495903
    },
    "现金流量表": {
        "销售商品收到现金_万元": 80081.095587,
        "收到的税费返还_万元": null,
        "收到其他经营活动现金_万元": 1591.578743,
        "经营活动现金流入_万元": 81672.67433,
        "购买商品支付现金_万元": 36946.621101,
        "支付职工现金_万元": 28528.725338,
        "支付税费_万元": 3144.888416,
        "支付其他经营活动现金_万元": 11956.668716,
        "经营活动现金流出_万元": 80576.903571,
        "经营现金流净额_万元": 1095.770759,
        "经营现金流净额同比增长_百分比": -71.26,
        "收回投资现金_万元": null,
        "取得投资收益现金_万元": null,
        "处置资产收回现金_万元": 3.221,
        "收到其他投资活动现金_万元": null,
        "投资活动现金流入_万元": 23.575184,
        "投资支付现金_万元": null,
        "购建资产支付现金_万元": 9259.877952,
        "支付其他投资活动现金_万元": null,
        "投资活动现金流出_万元": 9259.877952,
        "投资现金流净额_万元": -9236.302768,
        "吸收投资现金_万元": null,
        "取得借款现金_万元": 47020.0,
        "收到其他筹资活动现金_万元": 4692.32,
        "筹资活动现金流入_万元": 51712.32,
        "偿还债务现金_万元": 45903.0,
        "分配股利现金_万元": null,
        "支付其他筹资活动现金_万元": 4423.654088,
        "筹资活动现金流出_万元": 52437.229629,
        "融资现金流净额_万元": -724.909629,
        "汇率变动影响_万元": -2.54e-07,
        "现金及等价物净增加额_万元": -8865.441892,
        "净现金流_元": null,
        "净现金流同比增长_百分比": null,
        "期初现金及等价物_万元": 55702.144892,
        "期末现金及等价物_万元": 46836.703,
        "经营现金流占比_百分比": null,
        "投资现金流占比_百分比": null,
        "融资现金流占比_百分比": null
    }
}