{
    "报告信息": {
        "序号": null,
        "股票代码": "002219",
        "股票简称": "新里程",
        "报告年份": "2025",
        "报告期": "第三季度",
        "总股本_股": 3387381753,
        "流通股本_股": null,
        "报告日期": "2025-09-30",
        "审计意见": "未经审计",
        "会计师事务所": null,
        "期": "Q3"
    },
    "核心业绩指标": {
        "每股收益_元": -0.0136,
        "稀释每股收益_元": -0.0136,
        "营业总收入_万元": 86050.555982,
        "营业总收入_亿元": 0.86050555982,
        "营收同比增长_百分比": -29.26,
        "营收环比增长_百分比": null,
        "净利润_万元": -735.010867,
        "净利润_亿元": -0.0735010867,
        "净利润同比增长_百分比": -604.29,
        "净利润环比增长_百分比": null,
        "归母净利润_万元": -735.010867,
        "少数股东损益_万元": null,
        "每股净资产_元": 0.5805,
        "净资产收益率_百分比": -2.31,
        "扣非净资产收益率_百分比": null,
        "每股经营现金流_元": 0.0446,
        "扣非净利润_万元": -993.344625,
        "扣非净利润同比增长_百分比": -330.77,
        "销售毛利率_百分比": 26.86,
        "销售净利率_百分比": -1.74,
        "加权平均净资产收益率_百分比": -2.31,
        "扣非加权净资产收益率_百分比": null,
        "总资产收益率_百分比": -0.6,
        "主营业务收入_万元": 86050.555982,
        "主营业务成本_万元": 164881.340011,
        "主营业务利润_万元": 184.073652
    },
    "资产负债表": {
        "货币资金_万元": 30781.892533,
        "应收账款_万元": 116293.629133,
        "应收票据_万元": 505.459434,
        "应收款项融资_万元": 2042.748505,
        "预付款项_万元": 3011.116,
        "其他应收款_万元": 15905.030893,
        "存货_万元": 19824.486308,
        "合同资产_万元": null,
        "一年内到期的非流动资产_万元": null,
        "其他流动资产_万元": 2361.741644,
        "流动资产合计_万元": 191368.1137,
        "交易性金融资产_万元": 642.00925,
        "债权投资_万元": null,
        "其他债权投资_万元": null,
        "长期应收款_万元": null,
        "长期股权投资_万元": 612.141621,
        "其他权益工具投资_万元": null,
        "投资性房地产_万元": null,
        "固定资产_万元": 183335.9788,
        "在建工程_万元": 89889.211743,
        "生产性生物资产_万元": 125.15844,
        "油气资产_万元": null,
        "使用权资产_万元": 13300.746671,
        "无形资产_万元": 39499.756394,
        "开发支出_万元": null,
        "商誉_万元": 111224.367843,
        "长期待摊费用_万元": 7031.459818,
        "递延所得税资产_万元": 16389.88025,
        "其他非流动资产_万元": 2572.640366,
        "非流动资产合计_万元": 463981.341946,
        "总资产_万元": 655349.455646,
        "总资产同比增长_百分比": -1.85,
        "短期借款_万元": 100918.7311,
        "交易性金融负债_万元": null,
        "应付票据_万元": 5932.756043,
        "应付账款_万元": 141843.445397,
        "预收款项_万元": 5038.587063,
        "合同负债_万元": 683.185858,
        "应付职工薪酬_万元": 9896.896718,
        "应交税费_万元": 1454.264412,
        "其他应付款_万元": 37546.761522,
        "一年内到期的非流动负债_万元": 36235.004948,
        "其他流动负债_万元": 155.967761,
        "流动负债合计_万元": 339705.600822,
        "长期借款_万元": 41733.32954,
        "应付债券_万元": null,
        "租赁负债_万元": 7997.597169,
        "长期应付款_万元": 38816.448548,
        "预计负债_万元": null,
        "递延收益_万元": 156.652266,
        "递延所得税负债_万元": 4334.433723,
        "其他非流动负债_万元": 20286,
        "非流动负债合计_万元": 113324.461246,
        "总负债_万元": 453030.062068,
        "总负债同比增长_百分比": null,
        "资产负债率_百分比": 69.07,
        "实收资本_万元": 338738.1753,
        "资本公积_万元": null,
        "盈余公积_万元": null,
        "未分配利润_万元": null,
        "其他综合收益_万元": null,
        "专项储备_万元": null,
        "归属于母公司所有者权益合计_万元": 196824.896517,
        "少数股东权益_万元": 5494.497061,
        "股东权益合计_万元": 202319.393578
    },
    "利润表": {
        "营业总收入_万元": 225609.546848,
        "营业收入_万元": 225609.546848,
        "营业总收入同比增长_百分比": -23.4,
        "营业成本_万元": 164881.340011,
        "税金及附加_万元": 1490.156186,
        "销售费用_万元": 12483.478937,
        "管理费用_万元": 33576.851235,
        "研发费用_万元": 1214.979069,
        "财务费用_万元": 9325.901964,
        "其中利息费用_万元": 9305.447146,
        "其中利息收入_万元": 128.651274,
        "其他收益_万元": 521.19202,
        "投资收益_万元": -2.911763,
        "其中对联营企业投资收益_万元": null,
        "公允价值变动收益_万元": -14.003988,
        "信用减值损失_万元": -2894.170918,
        "资产减值损失_万元": -46.641865,
        "资产处置收益_万元": -16.22928,
        "营业总支出_万元": 222972.707402,
        "营业利润_万元": 184.073652,
        "营业外收入_万元": 339.994336,
        "营业外支出_万元": 1743.602495,
        "利润总额_万元": -1219.534507,
        "所得税费用_万元": 2707.826452,
        "净利润_万元": -3927.360959,
        "归母净利润_万元": -3846.821224,
        "少数股东损益_万元": -80.539735,
        "持续经营净利润_万元": -3927.360959,
        "终止经营净利润_万元": null,
        "其他综合收益_万元": null,
        "综合收益总额_万元": -3927.360959,
        "归母综合收益总额_万元": -3846.821224
    },
    "现金流量表": {
        "销售商品收到现金_万元": 225946.87517,
        "收到的税费返还_万元": 15.01428,
        "收到其他经营活动现金_万元": 5977.633791,
        "经营活动现金流入_万元": 231939.523241,
        "购买商品支付现金_万元": 82827.791902,
        "支付职工现金_万元": 83451.627542,
        "支付税费_万元": 8209.733951,
        "支付其他经营活动现金_万元": 42354.763138,
        "经营活动现金流出_万元": 216843.916533,
        "经营现金流净额_万元": 15095.606708,
        "经营现金流净额同比增长_百分比": -31.88,
        "收回投资现金_万元": null,
        "取得投资收益现金_万元": null,
        "处置资产收回现金_万元": 14.191558,
        "收到其他投资活动现金_万元": null,
        "投资活动现金流入_万元": 14.24375,
        "投资支付现金_万元": null,
        "购建资产支付现金_万元": 21795.224768,
        "支付其他投资活动现金_万元": null,
        "投资活动现金流出_万元": 37795.224768,
        "投资现金流净额_万元": -37780.981018,
        "吸收投资现金_万元": 11270,
        "取得借款现金_万元": 93815.810626,
        "收到其他筹资活动现金_万元": 23828.479984,
        "筹资活动现金流入_万元": 128914.29061,
        "偿还债务现金_万元": 85637.060018,
        "分配股利现金_万元": 7315.321319,
        "支付其他筹资活动现金_万元": 28845.099394,
        "筹资活动现金流出_万元": 121797.480731,
        "融资现金流净额_万元": 7116.809879,
        "汇率变动影响_万元": -0.001331,
        "现金及等价物净增加额_万元": -15568.565762,
        "净现金流_元": -155685657.62,
        "净现金流同比增长_百分比": null,
        "期初现金及等价物_万元": 41624.859197,
        "期末现金及等价物_万元": 26056.293435,
        "经营现金流占比_百分比": null,
        "投资现金流占比_百分比": null,
        "融资现金流占比_百分比": null
    }
}