{
    "报告信息": {
        "序号": null,
        "股票代码": "002219",
        "股票简称": "新里程",
        "报告年份": "2023",
        "报告期": "Q1",
        "总股本_股": 3381758753,
        "流通股本_股": null,
        "报告日期": null,
        "审计意见": "未经审计",
        "会计师事务所": null
    },
    "核心业绩指标": {
        "每股收益_元": 0.0065,
        "稀释每股收益_元": 0.0065,
        "营业总收入_万元": 77818.061402,
        "营业总收入_亿元": 7.7818061402,
        "营收同比增长_百分比": 2.25,
        "营收环比增长_百分比": null,
        "净利润_万元": 2211.43625,
        "净利润_亿元": 0.221143625,
        "净利润同比增长_百分比": null,
        "净利润环比增长_百分比": null,
        "归母净利润_万元": 2157.424531,
        "少数股东损益_万元": 54.011719,
        "每股净资产_元": null,
        "净资产收益率_百分比": null,
        "扣非净资产收益率_百分比": null,
        "每股经营现金流_元": 0.011285,
        "扣非净利润_万元": 2036.888507,
        "扣非净利润同比增长_百分比": 1716.09,
        "销售毛利率_百分比": null,
        "销售净利率_百分比": null,
        "加权平均净资产收益率_百分比": 1.18,
        "扣非加权净资产收益率_百分比": null,
        "总资产收益率_百分比": null,
        "主营业务收入_万元": 77818.061402,
        "主营业务成本_万元": 54413.17363,
        "主营业务利润_万元": null
    },
    "资产负债表": {
        "货币资金_万元": 77988.56082,
        "应收账款_万元": 82448.255491,
        "应收票据_万元": 1445.819899,
        "应收款项融资_万元": null,
        "预付款项_万元": 5393.503838,
        "其他应收款_万元": 10725.411118,
        "存货_万元": 16942.550269,
        "合同资产_万元": null,
        "一年内到期的非流动资产_万元": null,
        "其他流动资产_万元": 1365.488413,
        "流动资产合计_万元": 196309.589848,
        "交易性金融资产_万元": null,
        "债权投资_万元": null,
        "其他债权投资_万元": null,
        "长期应收款_万元": null,
        "长期股权投资_万元": 589.707623,
        "其他权益工具投资_万元": null,
        "投资性房地产_万元": null,
        "固定资产_万元": 183812.241603,
        "在建工程_万元": 55738.785898,
        "生产性生物资产_万元": null,
        "油气资产_万元": null,
        "使用权资产_万元": 9046.344784,
        "无形资产_万元": 26269.630447,
        "开发支出_万元": null,
        "商誉_万元": 88410.480006,
        "长期待摊费用_万元": 6308.771472,
        "递延所得税资产_万元": 14631.729319,
        "其他非流动资产_万元": 2177.508671,
        "非流动资产合计_万元": 386985.199823,
        "总资产_万元": 583294.789671,
        "总资产同比增长_百分比": 3.38,
        "短期借款_万元": 68305.87625,
        "交易性金融负债_万元": null,
        "应付票据_万元": 4078.753308,
        "应付账款_万元": 111378.680927,
        "预收款项_万元": 4819.25299,
        "合同负债_万元": 246.052197,
        "应付职工薪酬_万元": 11821.976194,
        "应交税费_万元": 5012.538376,
        "其他应付款_万元": 56251.741223,
        "一年内到期的非流动负债_万元": 74063.147528,
        "其他流动负债_万元": 11.359153,
        "流动负债合计_万元": 335989.378146,
        "长期借款_万元": 28055.333183,
        "应付债券_万元": null,
        "租赁负债_万元": 4115.420073,
        "长期应付款_万元": null,
        "预计负债_万元": null,
        "递延收益_万元": null,
        "递延所得税负债_万元": null,
        "其他非流动负债_万元": null,
        "非流动负债合计_万元": 42466.62485,
        "总负债_万元": 378456.002996,
        "总负债同比增长_百分比": null,
        "资产负债率_百分比": 64.88,
        "实收资本_万元": 338175.8753,
        "资本公积_万元": 156710.50663,
        "盈余公积_万元": 12945.464154,
        "未分配利润_万元": -307179.028537,
        "其他综合收益_万元": null,
        "专项储备_万元": null,
        "归属于母公司所有者权益合计_万元": 200652.817547,
        "少数股东权益_万元": 4185.969128,
        "股东权益合计_万元": 204838.786675
    },
    "利润表": {
        "营业总收入_万元": 77818.061402,
        "营业收入_万元": 77818.061402,
        "营业总收入同比增长_百分比": 2.25,
        "营业成本_万元": 54413.17363,
        "税金及附加_万元": 448.353886,
        "销售费用_万元": 4091.42306,
        "管理费用_万元": 13282.170197,
        "研发费用_万元": 20.80126,
        "财务费用_万元": 2484.905086,
        "其中利息费用_万元": 2523.902001,
        "其中利息收入_万元": 96.219694,
        "其他收益_万元": 337.467927,
        "投资收益_万元": -10.035555,
        "其中对联营企业投资收益_万元": null,
        "公允价值变动收益_万元": null,
        "信用减值损失_万元": -924.015871,
        "资产减值损失_万元": null,
        "资产处置收益_万元": 0.624924,
        "营业总支出_万元": 74740.827119,
        "营业利润_万元": 2481.275708,
        "营业外收入_万元": 78.208704,
        "营业外支出_万元": 223.26717,
        "利润总额_万元": 2336.217242,
        "所得税费用_万元": 124.780992,
        "净利润_万元": 2211.43625,
        "归母净利润_万元": 2157.424531,
        "少数股东损益_万元": 54.011719,
        "持续经营净利润_万元": 2211.43625,
        "终止经营净利润_万元": null,
        "其他综合收益_万元": null,
        "综合收益总额_万元": 2211.43625,
        "归母综合收益总额_万元": 2157.424531
    },
    "现金流量表": {
        "销售商品收到现金_万元": 76297.496536,
        "收到的税费返还_万元": null,
        "收到其他经营活动现金_万元": 1444.601989,
        "经营活动现金流入_万元": 77742.098525,
        "购买商品支付现金_万元": 33079.575953,
        "支付职工现金_万元": 26386.071474,
        "支付税费_万元": 2860.240022,
        "支付其他经营活动现金_万元": 11599.868786,
        "经营活动现金流出_万元": 73925.756235,
        "经营现金流净额_万元": 3816.34229,
        "经营现金流净额同比增长_百分比": 19.08,
        "收回投资现金_万元": null,
        "取得投资收益现金_万元": null,
        "处置资产收回现金_万元": 3.611832,
        "收到其他投资活动现金_万元": null,
        "投资活动现金流入_万元": 3.611832,
        "投资支付现金_万元": null,
        "购建资产支付现金_万元": 7670.322944,
        "支付其他投资活动现金_万元": null,
        "投资活动现金流出_万元": 14870.322844,
        "投资现金流净额_万元": -14866.711012,
        "吸收投资现金_万元": 22813.43,
        "取得借款现金_万元": 46450.0,
        "收到其他筹资活动现金_万元": 1575.0,
        "筹资活动现金流入_万元": 70838.43,
        "偿还债务现金_万元": 25363.872049,
        "分配股利现金_万元": null,
        "支付其他筹资活动现金_万元": 10128.528873,
        "筹资活动现金流出_万元": 37760.86879,
        "融资现金流净额_万元": 33077.56121,
        "汇率变动影响_万元": -0.002144,
        "现金及等价物净增加额_万元": 22027.190344,
        "净现金流_元": null,
        "净现金流同比增长_百分比": null,
        "期初现金及等价物_万元": 53788.014907,
        "期末现金及等价物_万元": 75815.205251,
        "经营现金流占比_百分比": null,
        "投资现金流占比_百分比": null,
        "融资现金流占比_百分比": null
    }
}