{
    "报告信息": {
        "序号": null,
        "股票代码": "002219",
        "股票简称": "新里程",
        "报告年份": "2024",
        "报告期": "第三季度",
        "总股本_股": 3408388753,
        "流通股本_股": null,
        "报告日期": null,
        "审计意见": "未经审计",
        "会计师事务所": null,
        "期": "Q3"
    },
    "核心业绩指标": {
        "每股收益_元": 0.0155,
        "稀释每股收益_元": 0.0155,
        "营业总收入_万元": 268074.843788,
        "营业总收入_亿元": 26.8074843788,
        "营收同比增长_百分比": 6.93,
        "营收环比增长_百分比": null,
        "净利润_万元": 5649.136149,
        "净利润_亿元": 0.5649136149,
        "净利润同比增长_百分比": null,
        "净利润环比增长_百分比": null,
        "归母净利润_万元": 5279.440383,
        "少数股东损益_万元": 369.695766,
        "每股净资产_元": null,
        "净资产收益率_百分比": null,
        "扣非净资产收益率_百分比": null,
        "每股经营现金流_元": null,
        "扣非净利润_万元": 4778.024936,
        "扣非净利润同比增长_百分比": 60.95,
        "销售毛利率_百分比": null,
        "销售净利率_百分比": null,
        "加权平均净资产收益率_百分比": 2.34,
        "扣非加权净资产收益率_百分比": null,
        "总资产收益率_百分比": null,
        "主营业务收入_万元": 268074.843788,
        "主营业务成本_万元": 191155.138244,
        "主营业务利润_万元": null
    },
    "资产负债表": {
        "货币资金_万元": 43465.159942,
        "应收账款_万元": 113880.210835,
        "应收票据_万元": 1035.21857,
        "应收款项融资_万元": null,
        "预付款项_万元": 2235.215763,
        "其他应收款_万元": 15279.683113,
        "存货_万元": 20672.117212,
        "合同资产_万元": null,
        "一年内到期的非流动资产_万元": null,
        "其他流动资产_万元": 1633.406591,
        "流动资产合计_万元": 198533.361926,
        "交易性金融资产_万元": 332.3499,
        "债权投资_万元": null,
        "其他债权投资_万元": null,
        "长期应收款_万元": null,
        "长期股权投资_万元": 624.447427,
        "其他权益工具投资_万元": null,
        "投资性房地产_万元": null,
        "固定资产_万元": 187516.917884,
        "在建工程_万元": 71574.449819,
        "生产性生物资产_万元": 87.500001,
        "油气资产_万元": null,
        "使用权资产_万元": 9676.525218,
        "无形资产_万元": 29336.641604,
        "开发支出_万元": null,
        "商誉_万元": 94900.566144,
        "长期待摊费用_万元": 6556.341392,
        "递延所得税资产_万元": 16753.190884,
        "其他非流动资产_万元": 2623.693805,
        "非流动资产合计_万元": 419650.274178,
        "总资产_万元": 618183.636104,
        "总资产同比增长_百分比": 1.67,
        "短期借款_万元": 76891.942076,
        "交易性金融负债_万元": null,
        "应付票据_万元": 6408.819736,
        "应付账款_万元": 137643.446967,
        "预收款项_万元": 8308.408055,
        "合同负债_万元": 426.204683,
        "应付职工薪酬_万元": 8282.258542,
        "应交税费_万元": 2180.777079,
        "其他应付款_万元": 34310.395318,
        "一年内到期的非流动负债_万元": 36712.821868,
        "其他流动负债_万元": 132.720306,
        "流动负债合计_万元": 311297.79463,
        "长期借款_万元": 45892.799236,
        "应付债券_万元": null,
        "租赁负债_万元": 6206.092814,
        "长期应付款_万元": 16178.227509,
        "预计负债_万元": 37.602523,
        "递延收益_万元": 151.827563,
        "递延所得税负债_万元": 2961.351088,
        "其他非流动负债_万元": null,
        "非流动负债合计_万元": 71427.900733,
        "总负债_万元": 382725.695363,
        "总负债同比增长_百分比": null,
        "资产负债率_百分比": null,
        "实收资本_万元": 340838.8753,
        "资本公积_万元": 179447.856888,
        "盈余公积_万元": 12945.464154,
        "未分配利润_万元": -300921.843032,
        "其他综合收益_万元": null,
        "专项储备_万元": null,
        "归属于母公司所有者权益合计_万元": 231308.317774,
        "少数股东权益_万元": 4149.622967,
        "股东权益合计_万元": 235457.940741
    },
    "利润表": {
        "营业总收入_万元": 268074.843788,
        "营业收入_万元": 268074.843788,
        "营业总收入同比增长_百分比": 6.93,
        "营业成本_万元": 191155.138244,
        "税金及附加_万元": 1616.082761,
        "销售费用_万元": 18260.459748,
        "管理费用_万元": 38370.027018,
        "研发费用_万元": 751.425613,
        "财务费用_万元": 9285.563761,
        "其中利息费用_万元": 9350.664352,
        "其中利息收入_万元": 257.813688,
        "其他收益_万元": 780.089,
        "投资收益_万元": 291.125527,
        "其中对联营企业投资收益_万元": -21.062385,
        "公允价值变动收益_万元": 32.3499,
        "信用减值损失_万元": -2240.922101,
        "资产减值损失_万元": null,
        "资产处置收益_万元": -1.376623,
        "营业总支出_万元": 259438.697145,
        "营业利润_万元": 7497.412346,
        "营业外收入_万元": 330.97188,
        "营业外支出_万元": 1285.288782,
        "利润总额_万元": 6543.095444,
        "所得税费用_万元": 893.959295,
        "净利润_万元": 5649.136149,
        "归母净利润_万元": 5279.440383,
        "少数股东损益_万元": 369.695766,
        "持续经营净利润_万元": 5649.136149,
        "终止经营净利润_万元": null,
        "其他综合收益_万元": null,
        "综合收益总额_万元": 5649.136149,
        "归母综合收益总额_万元": 5279.440383
    },
    "现金流量表": {
        "销售商品收到现金_万元": 264047.336946,
        "收到的税费返还_万元": 92.529222,
        "收到其他经营活动现金_万元": 1425.886675,
        "经营活动现金流入_万元": 265565.752843,
        "购买商品支付现金_万元": 106761.717959,
        "支付职工现金_万元": 81770.101362,
        "支付税费_万元": 8082.220125,
        "支付其他经营活动现金_万元": 50718.428541,
        "经营活动现金流出_万元": 247332.467987,
        "经营现金流净额_万元": 18233.284856,
        "经营现金流净额同比增长_百分比": 1.68,
        "收回投资现金_万元": null,
        "取得投资收益现金_万元": 5.786029,
        "处置资产收回现金_万元": 19.088966,
        "收到其他投资活动现金_万元": 2700.0,
        "投资活动现金流入_万元": 204.3559,
        "投资支付现金_万元": 300.0,
        "购建资产支付现金_万元": 24597.257999,
        "支付其他投资活动现金_万元": 120.005,
        "投资活动现金流出_万元": 25017.262999,
        "投资现金流净额_万元": -24812.907099,
        "吸收投资现金_万元": 22823.13,
        "取得借款现金_万元": 69690.0,
        "收到其他筹资活动现金_万元": 10874.228059,
        "筹资活动现金流入_万元": 80564.228059,
        "偿还债务现金_万元": 76565.641949,
        "分配股利现金_万元": 8270.687301,
        "支付其他筹资活动现金_万元": 12647.272759,
        "筹资活动现金流出_万元": 97483.602009,
        "融资现金流净额_万元": -16919.37395,
        "汇率变动影响_万元": -0.000535,
        "现金及等价物净增加额_万元": -23498.996728,
        "净现金流_元": null,
        "净现金流同比增长_百分比": null,
        "期初现金及等价物_万元": 55702.144892,
        "期末现金及等价物_万元": 32203.148164,
        "经营现金流占比_百分比": null,
        "投资现金流占比_百分比": null,
        "融资现金流占比_百分比": null
    }
}