{
    "报告信息": {
        "序号": null,
        "股票代码": "002219",
        "股票简称": "新里程",
        "报告年份": "2023",
        "报告期": "半年度",
        "总股本_股": 3381758753,
        "流通股本_股": 3243098220,
        "报告日期": "2023-08",
        "审计意见": "未经审计",
        "会计师事务所": null,
        "期": "HY"
    },
    "核心业绩指标": {
        "每股收益_元": 0.0171,
        "稀释每股收益_元": 0.0171,
        "营业总收入_万元": 160672.336498,
        "营业总收入_亿元": 16.0672336498,
        "营收同比增长_百分比": 5.6,
        "营收环比增长_百分比": null,
        "净利润_万元": 6053.699195,
        "净利润_亿元": 0.6053699195,
        "净利润同比增长_百分比": null,
        "净利润环比增长_百分比": null,
        "归母净利润_万元": 5700.455673,
        "少数股东损益_万元": 353.243522,
        "每股净资产_元": null,
        "净资产收益率_百分比": null,
        "扣非净资产收益率_百分比": null,
        "每股经营现金流_元": null,
        "扣非净利润_万元": 4930.443447,
        "扣非净利润同比增长_百分比": 18.39,
        "销售毛利率_百分比": null,
        "销售净利率_百分比": null,
        "加权平均净资产收益率_百分比": 2.91,
        "扣非加权净资产收益率_百分比": null,
        "总资产收益率_百分比": null,
        "主营业务收入_万元": null,
        "主营业务成本_万元": null,
        "主营业务利润_万元": null
    },
    "资产负债表": {
        "货币资金_万元": 65668.120581,
        "应收账款_万元": 97107.723304,
        "应收票据_万元": 1005.787616,
        "应收款项融资_万元": null,
        "预付款项_万元": 3193.36013,
        "其他应收款_万元": 15923.706755,
        "存货_万元": 16112.189349,
        "合同资产_万元": null,
        "一年内到期的非流动资产_万元": null,
        "其他流动资产_万元": 1226.721165,
        "流动资产合计_万元": 203152.270641,
        "交易性金融资产_万元": null,
        "债权投资_万元": null,
        "其他债权投资_万元": null,
        "长期应收款_万元": null,
        "长期股权投资_万元": 589.707623,
        "其他权益工具投资_万元": null,
        "投资性房地产_万元": null,
        "固定资产_万元": 184921.043222,
        "在建工程_万元": 54728.753221,
        "生产性生物资产_万元": null,
        "油气资产_万元": null,
        "使用权资产_万元": 8479.345894,
        "无形资产_万元": 26287.999374,
        "开发支出_万元": null,
        "商誉_万元": 88410.480006,
        "长期待摊费用_万元": 6184.179617,
        "递延所得税资产_万元": 15397.662452,
        "其他非流动资产_万元": 2336.464907,
        "非流动资产合计_万元": 387345.623299,
        "总资产_万元": 590497.89394,
        "总资产同比增长_百分比": 4.66,
        "短期借款_万元": 69903.792917,
        "交易性金融负债_万元": null,
        "应付票据_万元": 5446.313421,
        "应付账款_万元": 117524.270921,
        "预收款项_万元": 6551.464126,
        "合同负债_万元": 244.820373,
        "应付职工薪酬_万元": 12119.761302,
        "应交税费_万元": 4493.446866,
        "其他应付款_万元": 56030.42638,
        "一年内到期的非流动负债_万元": 17093.881326,
        "其他流动负债_万元": 13.900324,
        "流动负债合计_万元": 289681.96655,
        "长期借款_万元": 70179.29438,
        "应付债券_万元": null,
        "租赁负债_万元": 5593.847127,
        "长期应付款_万元": 6158.401923,
        "预计负债_万元": 159.636123,
        "递延收益_万元": 208.529177,
        "递延所得税负债_万元": 4582.291049,
        "其他非流动负债_万元": null,
        "非流动负债合计_万元": 86881.999779,
        "总负债_万元": 376563.966329,
        "总负债同比增长_百分比": null,
        "资产负债率_百分比": null,
        "实收资本_万元": 338175.8753,
        "资本公积_万元": 161963.384621,
        "盈余公积_万元": 12945.464154,
        "未分配利润_万元": -303635.997395,
        "其他综合收益_万元": null,
        "专项储备_万元": null,
        "归属于母公司所有者权益合计_万元": 209448.72668,
        "少数股东权益_万元": 4485.200931,
        "股东权益合计_万元": 213933.927611
    },
    "利润表": {
        "营业总收入_万元": 160672.336498,
        "营业收入_万元": 160672.336498,
        "营业总收入同比增长_百分比": 5.6,
        "营业成本_万元": 108030.174628,
        "税金及附加_万元": 1070.826896,
        "销售费用_万元": 8078.203228,
        "管理费用_万元": 27890.439724,
        "研发费用_万元": 81.898675,
        "财务费用_万元": 5193.511803,
        "其中利息费用_万元": 5371.921846,
        "其中利息收入_万元": 359.667018,
        "其他收益_万元": 489.173744,
        "投资收益_万元": 62.54152,
        "其中对联营企业投资收益_万元": 9.986983,
        "公允价值变动收益_万元": null,
        "信用减值损失_万元": -1494.021549,
        "资产减值损失_万元": null,
        "资产处置收益_万元": -20.038577,
        "营业总支出_万元": 153000.426175,
        "营业利润_万元": 6709.565461,
        "营业外收入_万元": 247.251314,
        "营业外支出_万元": 532.587276,
        "利润总额_万元": 6424.229499,
        "所得税费用_万元": 370.530304,
        "净利润_万元": 6053.699195,
        "归母净利润_万元": 5700.455673,
        "少数股东损益_万元": 353.243522,
        "持续经营净利润_万元": 6053.699195,
        "终止经营净利润_万元": null,
        "其他综合收益_万元": null,
        "综合收益总额_万元": 6053.699195,
        "归母综合收益总额_万元": 5700.455673
    },
    "现金流量表": {
        "销售商品收到现金_万元": 150885.056626,
        "收到的税费返还_万元": 225.762394,
        "收到其他经营活动现金_万元": 4016.123337,
        "经营活动现金流入_万元": 155126.942357,
        "购买商品支付现金_万元": 61677.763018,
        "支付职工现金_万元": 52158.292603,
        "支付税费_万元": 6574.348424,
        "支付其他经营活动现金_万元": 22195.507,
        "经营活动现金流出_万元": 142605.911045,
        "经营现金流净额_万元": 12521.031312,
        "经营现金流净额同比增长_百分比": 364.99,
        "收回投资现金_万元": null,
        "取得投资收益现金_万元": null,
        "处置资产收回现金_万元": 15.689532,
        "收到其他投资活动现金_万元": null,
        "投资活动现金流入_万元": 15.904312,
        "投资支付现金_万元": 1608.885969,
        "购建资产支付现金_万元": 9039.705676,
        "支付其他投资活动现金_万元": 238.83834,
        "投资活动现金流出_万元": 18229.750616,
        "投资现金流净额_万元": -18213.846304,
        "吸收投资现金_万元": 22813.43,
        "取得借款现金_万元": 94330.0,
        "收到其他筹资活动现金_万元": 8850.0,
        "筹资活动现金流入_万元": 125993.43,
        "偿还债务现金_万元": 30003.514332,
        "分配股利现金_万元": 4318.360563,
        "支付其他筹资活动现金_万元": 76585.598782,
        "筹资活动现金流出_万元": 110907.473677,
        "融资现金流净额_万元": 15085.956323,
        "汇率变动影响_万元": 0.003557,
        "现金及等价物净增加额_万元": 9393.144888,
        "净现金流_元": null,
        "净现金流同比增长_百分比": 110.49,
        "期初现金及等价物_万元": 53788.014907,
        "期末现金及等价物_万元": 63181.159795,
        "经营现金流占比_百分比": null,
        "投资现金流占比_百分比": null,
        "融资现金流占比_百分比": null
    }
}