{
    "报告信息": {
        "序号": null,
        "股票代码": "002275",
        "股票简称": "桂林三金",
        "报告年份": "2024",
        "报告期": "第三季度",
        "总股本_股": 587568600.0,
        "流通股本_股": null,
        "报告日期": "2024-09-30",
        "审计意见": "未经审计",
        "会计师事务所": null,
        "期": "Q3"
    },
    "核心业绩指标": {
        "每股收益_元": 0.65,
        "稀释每股收益_元": 0.65,
        "营业总收入_万元": 157478.763933,
        "营业总收入_亿元": 15.7478763933,
        "营收同比增长_百分比": -3.49,
        "营收环比增长_百分比": null,
        "净利润_万元": 38387.58517,
        "净利润_亿元": 3.838758517,
        "净利润同比增长_百分比": -3.28,
        "净利润环比增长_百分比": null,
        "归母净利润_万元": 38387.58517,
        "少数股东损益_万元": null,
        "每股净资产_元": null,
        "净资产收益率_百分比": null,
        "扣非净资产收益率_百分比": null,
        "每股经营现金流_元": null,
        "扣非净利润_万元": 34695.727087,
        "扣非净利润同比增长_百分比": -7.78,
        "销售毛利率_百分比": null,
        "销售净利率_百分比": null,
        "加权平均净资产收益率_百分比": 12.76,
        "扣非加权净资产收益率_百分比": null,
        "总资产收益率_百分比": null,
        "主营业务收入_万元": null,
        "主营业务成本_万元": null,
        "主营业务利润_万元": null
    },
    "资产负债表": {
        "货币资金_万元": 117646.578365,
        "应收账款_万元": 18703.842053,
        "应收票据_万元": null,
        "应收款项融资_万元": 25170.398087,
        "预付款项_万元": 7181.69312,
        "其他应收款_万元": 3882.188888,
        "存货_万元": 25629.229287,
        "合同资产_万元": null,
        "一年内到期的非流动资产_万元": null,
        "其他流动资产_万元": 998.083059,
        "流动资产合计_万元": 226622.912221,
        "交易性金融资产_万元": 24109.148081,
        "债权投资_万元": null,
        "其他债权投资_万元": null,
        "长期应收款_万元": null,
        "长期股权投资_万元": 1036.179578,
        "其他权益工具投资_万元": 8119.47348,
        "投资性房地产_万元": null,
        "固定资产_万元": 100174.432766,
        "在建工程_万元": 5573.2142,
        "生产性生物资产_万元": null,
        "油气资产_万元": null,
        "使用权资产_万元": 4794.851264,
        "无形资产_万元": 14336.125865,
        "开发支出_万元": null,
        "商誉_万元": 569.850728,
        "长期待摊费用_万元": 11128.128836,
        "递延所得税资产_万元": 934.334051,
        "其他非流动资产_万元": 20140.329444,
        "非流动资产合计_万元": 166806.920212,
        "总资产_万元": 393429.832433,
        "总资产同比增长_百分比": -0.04,
        "短期借款_万元": 23397.831778,
        "交易性金融负债_万元": null,
        "应付票据_万元": 129.620375,
        "应付账款_万元": 2887.297356,
        "预收款项_万元": null,
        "合同负债_万元": 1937.465322,
        "应付职工薪酬_万元": 1505.90757,
        "应交税费_万元": 5798.266831,
        "其他应付款_万元": 20104.76007,
        "一年内到期的非流动负债_万元": 3695.674729,
        "其他流动负债_万元": 124.847323,
        "流动负债合计_万元": 59581.671354,
        "长期借款_万元": 19946.2,
        "应付债券_万元": null,
        "租赁负债_万元": 4489.929243,
        "长期应付款_万元": null,
        "预计负债_万元": 133.671315,
        "递延收益_万元": 7846.683014,
        "递延所得税负债_万元": null,
        "其他非流动负债_万元": null,
        "非流动负债合计_万元": 32434.483572,
        "总负债_万元": 92016.154926,
        "总负债同比增长_百分比": -17.76,
        "资产负债率_百分比": 23.38,
        "实收资本_万元": 58756.86,
        "资本公积_万元": 67208.884622,
        "盈余公积_万元": 32549.704654,
        "未分配利润_万元": 143303.565604,
        "其他综合收益_万元": -3604.436873,
        "专项储备_万元": null,
        "归属于母公司所有者权益合计_万元": 301413.677507,
        "少数股东权益_万元": null,
        "股东权益合计_万元": null
    },
    "利润表": {
        "营业总收入_万元": 157478.763933,
        "营业收入_万元": 157478.763933,
        "营业总收入同比增长_百分比": null,
        "营业成本_万元": 39620.047375,
        "税金及附加_万元": 2358.877078,
        "销售费用_万元": 50143.163627,
        "管理费用_万元": 10937.3644,
        "研发费用_万元": 11485.12419,
        "财务费用_万元": -469.085684,
        "其中利息费用_万元": 819.688561,
        "其中利息收入_万元": -674.272759,
        "其他收益_万元": 3267.546949,
        "投资收益_万元": 86.281264,
        "其中对联营企业投资收益_万元": null,
        "公允价值变动收益_万元": 158.452072,
        "信用减值损失_万元": -516.895551,
        "资产减值损失_万元": -306.698129,
        "资产处置收益_万元": 413.636782,
        "营业总支出_万元": null,
        "营业利润_万元": 46498.596334,
        "营业外收入_万元": 46.651044,
        "营业外支出_万元": 46.555049,
        "利润总额_万元": 46498.692329,
        "所得税费用_万元": 8111.107159,
        "净利润_万元": 38387.58517,
        "归母净利润_万元": 38387.58517,
        "少数股东损益_万元": null,
        "持续经营净利润_万元": 38387.58517,
        "终止经营净利润_万元": null,
        "其他综合收益_万元": -1332.930836,
        "综合收益总额_万元": 37054.654334,
        "归母综合收益总额_万元": 37054.654334
    },
    "现金流量表": {
        "销售商品收到现金_万元": 174641.697378,
        "收到的税费返还_万元": 14.084603,
        "收到其他经营活动现金_万元": 9893.12805,
        "经营活动现金流入_万元": 184548.910031,
        "购买商品支付现金_万元": 56406.583745,
        "支付职工现金_万元": 30312.641751,
        "支付税费_万元": 21028.456844,
        "支付其他经营活动现金_万元": 53421.75517,
        "经营活动现金流出_万元": 161169.43751,
        "经营现金流净额_万元": 23379.472521,
        "经营现金流净额同比增长_百分比": 1.45,
        "收回投资现金_万元": 38037.445123,
        "取得投资收益现金_万元": 8421.685759,
        "处置资产收回现金_万元": 292.037992,
        "收到其他投资活动现金_万元": 23756.965406,
        "投资活动现金流入_万元": 70508.13428,
        "投资支付现金_万元": 34800.252117,
        "购建资产支付现金_万元": 3795.496141,
        "支付其他投资活动现金_万元": 24054.0,
        "投资活动现金流出_万元": 62649.748258,
        "投资现金流净额_万元": 7858.386022,
        "吸收投资现金_万元": null,
        "取得借款现金_万元": 20000.0,
        "收到其他筹资活动现金_万元": null,
        "筹资活动现金流入_万元": 20000.0,
        "偿还债务现金_万元": 19698.361736,
        "分配股利现金_万元": 19357.760874,
        "支付其他筹资活动现金_万元": 498.384119,
        "筹资活动现金流出_万元": 39554.506729,
        "融资现金流净额_万元": -19554.506729,
        "汇率变动影响_万元": -60.892359,
        "现金及等价物净增加额_万元": 11622.459455,
        "净现金流_元": null,
        "净现金流同比增长_百分比": 642.58,
        "期初现金及等价物_万元": 85028.522786,
        "期末现金及等价物_万元": 96650.982241,
        "经营现金流占比_百分比": 201.17,
        "投资现金流占比_百分比": 67.66,
        "融资现金流占比_百分比": -168.42
    }
}