{
    "报告信息": {
        "序号": null,
        "股票代码": "002275",
        "股票简称": "桂林三金",
        "报告年份": "2025",
        "报告期": "第三季度",
        "总股本_股": 587568600,
        "流通股本_股": null,
        "报告日期": "2025年10月28日",
        "审计意见": "未经审计",
        "会计师事务所": null,
        "期": "Q3"
    },
    "核心业绩指标": {
        "每股收益_元": 0.66,
        "稀释每股收益_元": 0.66,
        "营业总收入_万元": 146238.20745,
        "营业总收入_亿元": 1.4623820745,
        "营收同比增长_百分比": -7.14,
        "营收环比增长_百分比": null,
        "净利润_万元": 38522.716713,
        "净利润_亿元": 3.8522716713,
        "净利润同比增长_百分比": 0.35,
        "净利润环比增长_百分比": null,
        "归母净利润_万元": 38522.716713,
        "少数股东损益_万元": null,
        "每股净资产_元": 5.53,
        "净资产收益率_百分比": 12.27,
        "扣非净资产收益率_百分比": null,
        "每股经营现金流_元": 0.74,
        "扣非净利润_万元": 35285.132239,
        "扣非净利润同比增长_百分比": 1.7,
        "销售毛利率_百分比": 75.24,
        "销售净利率_百分比": 26.26,
        "加权平均净资产收益率_百分比": 12.27,
        "扣非加权净资产收益率_百分比": null,
        "总资产收益率_百分比": 8.96,
        "主营业务收入_万元": 146238.20745,
        "主营业务成本_万元": 36227.409542,
        "主营业务利润_万元": 110010.707908
    },
    "资产负债表": {
        "货币资金_万元": 107792.846029,
        "应收账款_万元": 22117.652062,
        "应收票据_万元": null,
        "应收款项融资_万元": 13503.524707,
        "预付款项_万元": 5711.867744,
        "其他应收款_万元": 13232.743814,
        "存货_万元": 23092.750405,
        "合同资产_万元": null,
        "一年内到期的非流动资产_万元": null,
        "其他流动资产_万元": 1636.397156,
        "流动资产合计_万元": 250717.810141,
        "交易性金融资产_万元": 63630.028224,
        "债权投资_万元": null,
        "其他债权投资_万元": null,
        "长期应收款_万元": null,
        "长期股权投资_万元": 793.711611,
        "其他权益工具投资_万元": 14062.317805,
        "投资性房地产_万元": null,
        "固定资产_万元": 97001.724214,
        "在建工程_万元": 9695.828862,
        "生产性生物资产_万元": null,
        "油气资产_万元": null,
        "使用权资产_万元": 2903.896798,
        "无形资产_万元": 13639.472727,
        "开发支出_万元": null,
        "商誉_万元": 569.850728,
        "长期待摊费用_万元": 9732.997575,
        "递延所得税资产_万元": 1013.068216,
        "其他非流动资产_万元": 29846.377778,
        "非流动资产合计_万元": 179259.246314,
        "总资产_万元": 429977.056455,
        "总资产同比增长_百分比": 1.6,
        "短期借款_万元": 37849.862495,
        "交易性金融负债_万元": null,
        "应付票据_万元": null,
        "应付账款_万元": 8729.613758,
        "预收款项_万元": null,
        "合同负债_万元": 2383.641509,
        "应付职工薪酬_万元": 1435.750136,
        "应交税费_万元": 5099.055662,
        "其他应付款_万元": 15961.633315,
        "一年内到期的非流动负债_万元": 8465.559357,
        "其他流动负债_万元": 246.593094,
        "流动负债合计_万元": 80171.709326,
        "长期借款_万元": 14458.0,
        "应付债券_万元": null,
        "租赁负债_万元": 2816.876708,
        "长期应付款_万元": null,
        "预计负债_万元": 1332.479324,
        "递延收益_万元": 6697.768015,
        "递延所得税负债_万元": 7.770186,
        "其他非流动负债_万元": null,
        "非流动负债合计_万元": 25312.894233,
        "总负债_万元": 105484.603559,
        "总负债同比增长_百分比": -13.7,
        "资产负债率_百分比": 24.5,
        "实收资本_万元": 58756.86,
        "资本公积_万元": 67208.984622,
        "盈余公积_万元": 32549.704654,
        "未分配利润_万元": 163528.316842,
        "其他综合收益_万元": 2448.586778,
        "专项储备_万元": null,
        "归属于母公司所有者权益合计_万元": 324492.452896,
        "少数股东权益_万元": null,
        "股东权益合计_万元": 324492.452896
    },
    "利润表": {
        "营业总收入_万元": 146238.20745,
        "营业收入_万元": 146238.20745,
        "营业总收入同比增长_百分比": -7.14,
        "营业成本_万元": 36227.409542,
        "税金及附加_万元": 2066.810338,
        "销售费用_万元": 44998.666066,
        "管理费用_万元": 9766.670989,
        "研发费用_万元": 9105.477224,
        "财务费用_万元": -932.007263,
        "其中利息费用_万元": 314.414992,
        "其中利息收入_万元": -1414.705598,
        "其他收益_万元": 2062.153562,
        "投资收益_万元": 355.410872,
        "其中对联营企业投资收益_万元": null,
        "公允价值变动收益_万元": 533.668941,
        "信用减值损失_万元": -954.633229,
        "资产减值损失_万元": null,
        "资产处置收益_万元": 0.186198,
        "营业总支出_万元": 101233.026896,
        "营业利润_万元": 47001.966898,
        "营业外收入_万元": 46.86886,
        "营业外支出_万元": 94.448774,
        "利润总额_万元": 46954.386984,
        "所得税费用_万元": 8431.670271,
        "净利润_万元": 38522.716713,
        "归母净利润_万元": 38522.716713,
        "少数股东损益_万元": null,
        "持续经营净利润_万元": 38522.716713,
        "终止经营净利润_万元": null,
        "其他综合收益_万元": 5560.87365,
        "综合收益总额_万元": 44083.590363,
        "归母综合收益总额_万元": 44083.590363
    },
    "现金流量表": {
        "销售商品收到现金_万元": 174841.234333,
        "收到的税费返还_万元": 41.771186,
        "收到其他经营活动现金_万元": 9339.280898,
        "经营活动现金流入_万元": 184222.286417,
        "购买商品支付现金_万元": 42649.258765,
        "支付职工现金_万元": 29130.595185,
        "支付税费_万元": 24534.12184,
        "支付其他经营活动现金_万元": 44743.79173,
        "经营活动现金流出_万元": 141057.76752,
        "经营现金流净额_万元": 43164.518897,
        "经营现金流净额同比增长_百分比": 84.63,
        "收回投资现金_万元": 75853.414131,
        "取得投资收益现金_万元": 709.145792,
        "处置资产收回现金_万元": 121.479589,
        "收到其他投资活动现金_万元": 17823.340146,
        "投资活动现金流入_万元": 94507.379658,
        "投资支付现金_万元": 76365.681187,
        "购建资产支付现金_万元": 16245.882046,
        "支付其他投资活动现金_万元": 15418.407132,
        "投资活动现金流出_万元": 108029.970365,
        "投资现金流净额_万元": -13522.590707,
        "吸收投资现金_万元": null,
        "取得借款现金_万元": 27187.782034,
        "收到其他筹资活动现金_万元": null,
        "筹资活动现金流入_万元": 27187.782034,
        "偿还债务现金_万元": 22890.411985,
        "分配股利现金_万元": 22032.54613,
        "支付其他筹资活动现金_万元": 230.843929,
        "筹资活动现金流出_万元": 45153.802044,
        "融资现金流净额_万元": -17966.02001,
        "汇率变动影响_万元": 3.638077,
        "现金及等价物净增加额_万元": 11679.546257,
        "净现金流_元": 116795462.57,
        "净现金流同比增长_百分比": null,
        "期初现金及等价物_万元": 81558.333383,
        "期末现金及等价物_万元": null,
        "经营现金流占比_百分比": null,
        "投资现金流占比_百分比": null,
        "融资现金流占比_百分比": null
    }
}