{
    "报告信息": {
        "序号": null,
        "股票代码": "002275",
        "股票简称": "桂林三金",
        "报告年份": "2025",
        "报告期": "HY",
        "总股本_股": 587568600,
        "流通股本_股": 559041316,
        "报告日期": "2025-08-27",
        "审计意见": null,
        "会计师事务所": null
    },
    "核心业绩指标": {
        "每股收益_元": 0.49,
        "稀释每股收益_元": 0.49,
        "营业总收入_万元": 99833.937822,
        "营业总收入_亿元": 9.9833937822,
        "营收同比增长_百分比": -6.56,
        "营收环比增长_百分比": null,
        "净利润_万元": 28682.54642,
        "净利润_亿元": 2.868254642,
        "净利润同比增长_百分比": -4.7,
        "净利润环比增长_百分比": null,
        "归母净利润_万元": 28682.54642,
        "少数股东损益_万元": null,
        "每股净资产_元": null,
        "净资产收益率_百分比": null,
        "扣非净资产收益率_百分比": null,
        "每股经营现金流_元": null,
        "扣非净利润_万元": 26577.706152,
        "扣非净利润同比增长_百分比": -3.07,
        "销售毛利率_百分比": null,
        "销售净利率_百分比": null,
        "加权平均净资产收益率_百分比": 9.14,
        "扣非加权净资产收益率_百分比": null,
        "总资产收益率_百分比": null,
        "主营业务收入_万元": 99637.270046,
        "主营业务成本_万元": 24179.387332,
        "主营业务利润_万元": null
    },
    "资产负债表": {
        "货币资金_万元": 104846.07954,
        "应收账款_万元": 24404.833367,
        "应收票据_万元": null,
        "应收款项融资_万元": 10071.95015,
        "预付款项_万元": 2483.080481,
        "其他应收款_万元": 13679.731114,
        "存货_万元": 22132.188108,
        "合同资产_万元": null,
        "一年内到期的非流动资产_万元": null,
        "其他流动资产_万元": 1569.77221,
        "流动资产合计_万元": 240308.004837,
        "交易性金融资产_万元": 61120.369867,
        "债权投资_万元": null,
        "其他债权投资_万元": null,
        "长期应收款_万元": null,
        "长期股权投资_万元": 859.432866,
        "其他权益工具投资_万元": 12394.667335,
        "投资性房地产_万元": null,
        "固定资产_万元": 97521.678503,
        "在建工程_万元": 8665.847854,
        "生产性生物资产_万元": null,
        "油气资产_万元": null,
        "使用权资产_万元": 3173.206568,
        "无形资产_万元": 13783.4869,
        "开发支出_万元": null,
        "商誉_万元": 569.850728,
        "长期待摊费用_万元": 9882.643676,
        "递延所得税资产_万元": 1013.068216,
        "其他非流动资产_万元": 34806.408333,
        "非流动资产合计_万元": 182670.290979,
        "总资产_万元": 422978.295816,
        "总资产同比增长_百分比": -0.06,
        "短期借款_万元": 39046.376382,
        "交易性金融负债_万元": null,
        "应付票据_万元": null,
        "应付账款_万元": 9339.065538,
        "预收款项_万元": null,
        "合同负债_万元": 1288.529089,
        "应付职工薪酬_万元": 1256.476068,
        "应交税费_万元": 5781.776731,
        "其他应付款_万元": 19617.543939,
        "一年内到期的非流动负债_万元": 9614.989867,
        "其他流动负债_万元": 135.257809,
        "流动负债合计_万元": 86080.015423,
        "长期借款_万元": 12600.0,
        "应付债券_万元": null,
        "租赁负债_万元": 3065.224108,
        "长期应付款_万元": null,
        "预计负债_万元": 1332.479324,
        "递延收益_万元": 6891.823356,
        "递延所得税负债_万元": 7.770186,
        "其他非流动负债_万元": null,
        "非流动负债合计_万元": 23897.296974,
        "总负债_万元": 109977.312397,
        "总负债同比增长_百分比": null,
        "资产负债率_百分比": null,
        "实收资本_万元": 58756.86,
        "资本公积_万元": 67208.984622,
        "盈余公积_万元": 32549.704654,
        "未分配利润_万元": 153691.958117,
        "其他综合收益_万元": 793.476026,
        "专项储备_万元": null,
        "归属于母公司所有者权益合计_万元": 313000.983419,
        "少数股东权益_万元": null,
        "股东权益合计_万元": 313000.983419
    },
    "利润表": {
        "营业总收入_万元": 99833.937822,
        "营业收入_万元": 99833.937822,
        "营业总收入同比增长_百分比": -6.56,
        "营业成本_万元": 24218.085991,
        "税金及附加_万元": 1627.545165,
        "销售费用_万元": 29226.282411,
        "管理费用_万元": 6180.458904,
        "研发费用_万元": 6087.666328,
        "财务费用_万元": -730.705564,
        "其中利息费用_万元": 4.934218,
        "其中利息收入_万元": -850.506693,
        "其他收益_万元": 1295.006601,
        "投资收益_万元": 68.801672,
        "其中对联营企业投资收益_万元": null,
        "公允价值变动收益_万元": 416.611276,
        "信用减值损失_万元": -757.868065,
        "资产减值损失_万元": null,
        "资产处置收益_万元": 0.186198,
        "营业总支出_万元": null,
        "营业利润_万元": 34247.342269,
        "营业外收入_万元": 28.712032,
        "营业外支出_万元": 91.046605,
        "利润总额_万元": 34185.007696,
        "所得税费用_万元": 5502.461276,
        "净利润_万元": 28682.54642,
        "归母净利润_万元": 28682.54642,
        "少数股东损益_万元": null,
        "持续经营净利润_万元": 28682.54642,
        "终止经营净利润_万元": null,
        "其他综合收益_万元": 3905.762898,
        "综合收益总额_万元": 32588.309318,
        "归母综合收益总额_万元": 32588.309318
    },
    "现金流量表": {
        "销售商品收到现金_万元": 122163.368877,
        "收到的税费返还_万元": 41.771186,
        "收到其他经营活动现金_万元": 6605.698214,
        "经营活动现金流入_万元": 128810.838277,
        "购买商品支付现金_万元": 31611.457324,
        "支付职工现金_万元": 20462.145392,
        "支付税费_万元": 16158.211166,
        "支付其他经营活动现金_万元": 28911.550124,
        "经营活动现金流出_万元": 97143.364006,
        "经营现金流净额_万元": 31667.474271,
        "经营现金流净额同比增长_百分比": 55.75,
        "收回投资现金_万元": 51745.817221,
        "取得投资收益现金_万元": 443.868917,
        "处置资产收回现金_万元": 115.0466,
        "收到其他投资活动现金_万元": 10260.196257,
        "投资活动现金流入_万元": 62564.928995,
        "投资支付现金_万元": 49978.525579,
        "购建资产支付现金_万元": 3820.071061,
        "支付其他投资活动现金_万元": 15368.620833,
        "投资活动现金流出_万元": 69167.217473,
        "投资现金流净额_万元": -6602.288478,
        "吸收投资现金_万元": null,
        "取得借款现金_万元": 21278.958424,
        "收到其他筹资活动现金_万元": null,
        "筹资活动现金流入_万元": 21278.958424,
        "偿还债务现金_万元": 15806.292314,
        "分配股利现金_万元": 21568.057727,
        "支付其他筹资活动现金_万元": 187.2033,
        "筹资活动现金流出_万元": 37561.553341,
        "融资现金流净额_万元": -16282.594917,
        "汇率变动影响_万元": -0.026941,
        "现金及等价物净增加额_万元": 8782.563935,
        "净现金流_元": null,
        "净现金流同比增长_百分比": -20.62,
        "期初现金及等价物_万元": 81558.333383,
        "期末现金及等价物_万元": 90340.897318,
        "经营现金流占比_百分比": null,
        "投资现金流占比_百分比": null,
        "融资现金流占比_百分比": null
    }
}