{
    "报告信息": {
        "序号": null,
        "股票代码": "002275",
        "股票简称": "桂林三金",
        "报告年份": "2022",
        "报告期": "2022年年度",
        "总股本_股": 587568600,
        "流通股本_股": null,
        "报告日期": null,
        "审计意见": "标准的无保留意见",
        "会计师事务所": "天健会计师事务所（特殊普通合伙）",
        "期": "FY"
    },
    "核心业绩指标": {
        "每股收益_元": 0.56,
        "稀释每股收益_元": 0.56,
        "营业总收入_万元": 195973.28459,
        "营业总收入_亿元": 19.597328459,
        "营收同比增长_百分比": 12.55,
        "营收环比增长_百分比": null,
        "净利润_万元": 32952.651963,
        "净利润_亿元": 3.2952651963,
        "净利润同比增长_百分比": -4.13,
        "净利润环比增长_百分比": null,
        "归母净利润_万元": 32952.651963,
        "少数股东损益_万元": null,
        "每股净资产_元": 4.79,
        "净资产收益率_百分比": 11.26,
        "扣非净资产收益率_百分比": null,
        "每股经营现金流_元": 0.9,
        "扣非净利润_万元": 22238.359589,
        "扣非净利润同比增长_百分比": -14.62,
        "销售毛利率_百分比": null,
        "销售净利率_百分比": null,
        "加权平均净资产收益率_百分比": 11.26,
        "扣非加权净资产收益率_百分比": null,
        "总资产收益率_百分比": null,
        "主营业务收入_万元": 195973.28459,
        "主营业务成本_万元": 56878.107428,
        "主营业务利润_万元": null
    },
    "资产负债表": {
        "货币资金_万元": 126570.930932,
        "应收账款_万元": 7216.651786,
        "应收票据_万元": null,
        "应收款项融资_万元": 47034.183191,
        "预付款项_万元": 2096.400772,
        "其他应收款_万元": 5758.486555,
        "存货_万元": 24489.588842,
        "合同资产_万元": null,
        "一年内到期的非流动资产_万元": null,
        "其他流动资产_万元": 409.384791,
        "流动资产合计_万元": 229699.342599,
        "交易性金融资产_万元": 16123.71573,
        "债权投资_万元": null,
        "其他债权投资_万元": null,
        "长期应收款_万元": null,
        "长期股权投资_万元": 90.872294,
        "其他权益工具投资_万元": 13170.609959,
        "投资性房地产_万元": 0,
        "固定资产_万元": 107711.935943,
        "在建工程_万元": 6166.099359,
        "生产性生物资产_万元": null,
        "油气资产_万元": null,
        "使用权资产_万元": 8827.110565,
        "无形资产_万元": 16827.757263,
        "开发支出_万元": null,
        "商誉_万元": 569.850728,
        "长期待摊费用_万元": 12576.178171,
        "递延所得税资产_万元": 852.918034,
        "其他非流动资产_万元": null,
        "非流动资产合计_万元": 166793.332316,
        "总资产_万元": 396492.674915,
        "总资产同比增长_百分比": -3.2,
        "短期借款_万元": 14001.045069,
        "交易性金融负债_万元": null,
        "应付票据_万元": null,
        "应付账款_万元": 13391.675552,
        "预收款项_万元": null,
        "合同负债_万元": 17000.809348,
        "应付职工薪酬_万元": 4381.383873,
        "应交税费_万元": 9315.683705,
        "其他应付款_万元": 12498.236376,
        "一年内到期的非流动负债_万元": 11938.638555,
        "其他流动负债_万元": 2166.163838,
        "流动负债合计_万元": 84693.636316,
        "长期借款_万元": 12802.966926,
        "应付债券_万元": null,
        "租赁负债_万元": 7845.217165,
        "长期应付款_万元": null,
        "预计负债_万元": null,
        "递延收益_万元": 9784.59552,
        "递延所得税负债_万元": 33.064317,
        "其他非流动负债_万元": null,
        "非流动负债合计_万元": 30465.843928,
        "总负债_万元": 115159.480244,
        "总负债同比增长_百分比": null,
        "资产负债率_百分比": 29.044,
        "实收资本_万元": 58756.86,
        "资本公积_万元": 63876.054622,
        "盈余公积_万元": 32549.704654,
        "未分配利润_万元": 124737.152315,
        "其他综合收益_万元": 1413.42308,
        "专项储备_万元": null,
        "归属于母公司所有者权益合计_万元": 281333.194671,
        "少数股东权益_万元": null,
        "股东权益合计_万元": 281333.194671
    },
    "利润表": {
        "营业总收入_万元": 195973.28459,
        "营业收入_万元": 195973.28459,
        "营业总收入同比增长_百分比": 12.55,
        "营业成本_万元": 56878.107428,
        "税金及附加_万元": 3608.53751,
        "销售费用_万元": 53834.375232,
        "管理费用_万元": 27433.471732,
        "研发费用_万元": 21703.637278,
        "财务费用_万元": -1474.205274,
        "其中利息费用_万元": 2023.54139,
        "其中利息收入_万元": 3890.755259,
        "其他收益_万元": 8324.96167,
        "投资收益_万元": 173.235914,
        "其中对联营企业投资收益_万元": 0.306988,
        "公允价值变动收益_万元": 16.292131,
        "信用减值损失_万元": -390.666722,
        "资产减值损失_万元": -558.991934,
        "资产处置收益_万元": 3123.918947,
        "营业总支出_万元": null,
        "营业利润_万元": 44678.11069,
        "营业外收入_万元": 75.76145,
        "营业外支出_万元": 135.905778,
        "利润总额_万元": 44617.966362,
        "所得税费用_万元": 11665.314399,
        "净利润_万元": 32952.651963,
        "归母净利润_万元": 32952.651963,
        "少数股东损益_万元": null,
        "持续经营净利润_万元": 32952.651963,
        "终止经营净利润_万元": null,
        "其他综合收益_万元": 2291.959682,
        "综合收益总额_万元": 35244.611645,
        "归母综合收益总额_万元": 35244.611645
    },
    "现金流量表": {
        "销售商品收到现金_万元": 214588.083628,
        "收到的税费返还_万元": 3067.242524,
        "收到其他经营活动现金_万元": 15977.784771,
        "经营活动现金流入_万元": 233633.110923,
        "购买商品支付现金_万元": 52193.789624,
        "支付职工现金_万元": 39930.544774,
        "支付税费_万元": 28234.011815,
        "支付其他经营活动现金_万元": 60408.070813,
        "经营活动现金流出_万元": 180766.417026,
        "经营现金流净额_万元": 52866.693897,
        "经营现金流净额同比增长_百分比": 28.87,
        "收回投资现金_万元": 64488.5,
        "取得投资收益现金_万元": 667.33378,
        "处置资产收回现金_万元": 275.458283,
        "收到其他投资活动现金_万元": 101516.608962,
        "投资活动现金流入_万元": 166947.901025,
        "投资支付现金_万元": 70235.632573,
        "购建资产支付现金_万元": 6226.52804,
        "支付其他投资活动现金_万元": 98510.0,
        "投资活动现金流出_万元": 174972.160613,
        "投资现金流净额_万元": -8024.259588,
        "吸收投资现金_万元": null,
        "取得借款现金_万元": 15970.0,
        "收到其他筹资活动现金_万元": 8410.4305,
        "筹资活动现金流入_万元": 24380.4305,
        "偿还债务现金_万元": 29560.281547,
        "分配股利现金_万元": null,
        "支付其他筹资活动现金_万元": null,
        "筹资活动现金流出_万元": 92658.580079,
        "融资现金流净额_万元": -68278.149579,
        "汇率变动影响_万元": 831.486129,
        "现金及等价物净增加额_万元": -22604.229141,
        "净现金流_元": -226042291.41,
        "净现金流同比增长_百分比": -280.99,
        "期初现金及等价物_万元": 91562.828416,
        "期末现金及等价物_万元": 68958.599275,
        "经营现金流占比_百分比": null,
        "投资现金流占比_百分比": null,
        "融资现金流占比_百分比": null
    }
}