{
    "报告信息": {
        "序号": null,
        "股票代码": "002275",
        "股票简称": "桂林三金",
        "报告年份": "2024",
        "报告期": "Q1",
        "总股本_股": null,
        "流通股本_股": null,
        "报告日期": null,
        "审计意见": "未经审计",
        "会计师事务所": null
    },
    "核心业绩指标": {
        "每股收益_元": 0.17,
        "稀释每股收益_元": 0.17,
        "营业总收入_万元": 48258.677429,
        "营业总收入_亿元": 0.48258677429,
        "营收同比增长_百分比": -32.59,
        "营收环比增长_百分比": null,
        "净利润_万元": 10001.777221,
        "净利润_亿元": 0.10001777221,
        "净利润同比增长_百分比": -40.9,
        "净利润环比增长_百分比": null,
        "归母净利润_万元": 10001.777221,
        "少数股东损益_万元": null,
        "每股净资产_元": 4.96,
        "净资产收益率_百分比": 3.44,
        "扣非净资产收益率_百分比": null,
        "每股经营现金流_元": null,
        "扣非净利润_万元": 8751.539177,
        "扣非净利润同比增长_百分比": -46.57,
        "销售毛利率_百分比": 74.19,
        "销售净利率_百分比": 20.75,
        "加权平均净资产收益率_百分比": 3.44,
        "扣非加权净资产收益率_百分比": null,
        "总资产收益率_百分比": null,
        "主营业务收入_万元": 48258.677429,
        "主营业务成本_万元": 12430.859396,
        "主营业务利润_万元": null
    },
    "资产负债表": {
        "货币资金_万元": 93285.284746,
        "应收账款_万元": 20875.977518,
        "应收票据_万元": null,
        "应收款项融资_万元": 21598.993643,
        "预付款项_万元": 3884.754729,
        "其他应收款_万元": 1671.80719,
        "存货_万元": 27037.027746,
        "合同资产_万元": null,
        "一年内到期的非流动资产_万元": null,
        "其他流动资产_万元": 741.612554,
        "流动资产合计_万元": 211352.032969,
        "交易性金融资产_万元": 38954.823562,
        "债权投资_万元": null,
        "其他债权投资_万元": null,
        "长期应收款_万元": null,
        "长期股权投资_万元": 531.039102,
        "其他权益工具投资_万元": 8454.588139,
        "投资性房地产_万元": null,
        "固定资产_万元": 104612.374881,
        "在建工程_万元": 2765.486548,
        "生产性生物资产_万元": null,
        "油气资产_万元": null,
        "使用权资产_万元": 4984.122059,
        "无形资产_万元": 14710.504971,
        "开发支出_万元": null,
        "商誉_万元": 569.850728,
        "长期待摊费用_万元": 11581.27592,
        "递延所得税资产_万元": 934.334051,
        "其他非流动资产_万元": 20140.329444,
        "非流动资产合计_万元": 169283.905843,
        "总资产_万元": 380635.938812,
        "总资产同比增长_百分比": -3.29,
        "短期借款_万元": 16370.033236,
        "交易性金融负债_万元": null,
        "应付票据_万元": 302.017239,
        "应付账款_万元": 10244.501615,
        "预收款项_万元": null,
        "合同负债_万元": 1470.249178,
        "应付职工薪酬_万元": 1166.923184,
        "应交税费_万元": 2483.270108,
        "其他应付款_万元": 22954.040989,
        "一年内到期的非流动负债_万元": 11359.622742,
        "其他流动负债_万元": 142.775294,
        "流动负债合计_万元": 66493.433585,
        "长期借款_万元": 9862.845273,
        "应付债券_万元": null,
        "租赁负债_万元": 4689.83764,
        "长期应付款_万元": null,
        "预计负债_万元": 133.671315,
        "递延收益_万元": 8680.3851,
        "递延所得税负债_万元": null,
        "其他非流动负债_万元": null,
        "非流动负债合计_万元": 23566.744328,
        "总负债_万元": 90060.177913,
        "总负债同比增长_百分比": -19.5,
        "资产负债率_百分比": 23.66,
        "实收资本_万元": 58756.86,
        "资本公积_万元": 66923.884622,
        "盈余公积_万元": 32549.704654,
        "未分配利润_万元": 135743.915155,
        "其他综合收益_万元": -3198.598532,
        "专项储备_万元": null,
        "归属于母公司所有者权益合计_万元": 290775.765899,
        "少数股东权益_万元": null,
        "股东权益合计_万元": 290775.765899
    },
    "利润表": {
        "营业总收入_万元": 48258.677429,
        "营业收入_万元": 48258.677429,
        "营业总收入同比增长_百分比": -32.59,
        "营业成本_万元": 12430.859396,
        "税金及附加_万元": 490.080289,
        "销售费用_万元": 15506.624725,
        "管理费用_万元": 3876.653568,
        "研发费用_万元": 3308.614588,
        "财务费用_万元": -149.57914,
        "其中利息费用_万元": 305.207618,
        "其中利息收入_万元": -548.52234,
        "其他收益_万元": 862.607948,
        "投资收益_万元": -38.746421,
        "其中对联营企业投资收益_万元": null,
        "公允价值变动收益_万元": null,
        "信用减值损失_万元": -1351.687134,
        "资产减值损失_万元": 0,
        "资产处置收益_万元": 455.328487,
        "营业总支出_万元": 35463.253426,
        "营业利润_万元": 12722.926883,
        "营业外收入_万元": 3.996298,
        "营业外支出_万元": 7.494969,
        "利润总额_万元": 12719.428212,
        "所得税费用_万元": 2717.650991,
        "净利润_万元": 10001.777221,
        "归母净利润_万元": 10001.777221,
        "少数股东损益_万元": null,
        "持续经营净利润_万元": 10001.777221,
        "终止经营净利润_万元": null,
        "其他综合收益_万元": -927.092495,
        "综合收益总额_万元": 9074.684726,
        "归母综合收益总额_万元": 9074.684726
    },
    "现金流量表": {
        "销售商品收到现金_万元": 50561.47457,
        "收到的税费返还_万元": 14.084603,
        "收到其他经营活动现金_万元": 10972.649087,
        "经营活动现金流入_万元": 61548.20826,
        "购买商品支付现金_万元": 25320.924238,
        "支付职工现金_万元": 11321.012995,
        "支付税费_万元": 7514.369387,
        "支付其他经营活动现金_万元": 14886.504501,
        "经营活动现金流出_万元": 59042.811121,
        "经营现金流净额_万元": 2505.397139,
        "经营现金流净额同比增长_百分比": -53.81,
        "收回投资现金_万元": 9823.313197,
        "取得投资收益现金_万元": 150.185282,
        "处置资产收回现金_万元": 326.705985,
        "收到其他投资活动现金_万元": 17173.740351,
        "投资活动现金流入_万元": 27473.944815,
        "投资支付现金_万元": 14135.771609,
        "购建资产支付现金_万元": 978.901461,
        "支付其他投资活动现金_万元": 24000.0,
        "投资活动现金流出_万元": 39114.67307,
        "投资现金流净额_万元": -11640.728255,
        "吸收投资现金_万元": null,
        "取得借款现金_万元": 5720.0,
        "收到其他筹资活动现金_万元": 0,
        "筹资活动现金流入_万元": 5720.0,
        "偿还债务现金_万元": 14282.440128,
        "分配股利现金_万元": 1496.39137,
        "支付其他筹资活动现金_万元": 95.502276,
        "筹资活动现金流出_万元": 15580.733374,
        "融资现金流净额_万元": -10154.333774,
        "汇率变动影响_万元": -9.830726,
        "现金及等价物净增加额_万元": -19279.834164,
        "净现金流_元": -192798341.64,
        "净现金流同比增长_百分比": null,
        "期初现金及等价物_万元": 85028.522786,
        "期末现金及等价物_万元": 65748.688622,
        "经营现金流占比_百分比": null,
        "投资现金流占比_百分比": null,
        "融资现金流占比_百分比": null
    }
}