{
    "报告信息": {
        "序号": null,
        "股票代码": "002275",
        "股票简称": "桂林三金",
        "报告年份": "2023",
        "报告期": "Q1",
        "总股本_股": 587568600,
        "流通股本_股": null,
        "报告日期": null,
        "审计意见": "未经审计",
        "会计师事务所": null
    },
    "核心业绩指标": {
        "每股收益_元": 0.29,
        "稀释每股收益_元": 0.29,
        "营业总收入_万元": 71592.52626,
        "营业总收入_亿元": 7.159252626,
        "营收同比增长_百分比": 38.51,
        "营收环比增长_百分比": null,
        "净利润_万元": 16922.512204,
        "净利润_亿元": 1.6922512204,
        "净利润同比增长_百分比": 40.96,
        "净利润环比增长_百分比": null,
        "归母净利润_万元": 16922.512204,
        "少数股东损益_万元": null,
        "每股净资产_元": null,
        "净资产收益率_百分比": null,
        "扣非净资产收益率_百分比": null,
        "每股经营现金流_元": null,
        "扣非净利润_万元": 16378.389484,
        "扣非净利润同比增长_百分比": 42.86,
        "销售毛利率_百分比": null,
        "销售净利率_百分比": null,
        "加权平均净资产收益率_百分比": 5.84,
        "扣非加权净资产收益率_百分比": null,
        "总资产收益率_百分比": null,
        "主营业务收入_万元": 71592.52626,
        "主营业务成本_万元": 17995.42404,
        "主营业务利润_万元": null
    },
    "资产负债表": {
        "货币资金_万元": 136532.092465,
        "应收账款_万元": 13822.53233,
        "应收票据_万元": null,
        "应收款项融资_万元": 53756.412385,
        "预付款项_万元": 2984.83753,
        "其他应收款_万元": 2505.862634,
        "存货_万元": 22942.754002,
        "合同资产_万元": null,
        "一年内到期的非流动资产_万元": null,
        "其他流动资产_万元": 1350.758901,
        "流动资产合计_万元": 249006.941672,
        "交易性金融资产_万元": 15111.691425,
        "债权投资_万元": null,
        "其他债权投资_万元": null,
        "长期应收款_万元": null,
        "长期股权投资_万元": 490.872294,
        "其他权益工具投资_万元": 12976.570109,
        "投资性房地产_万元": null,
        "固定资产_万元": 104067.221355,
        "在建工程_万元": 6667.733798,
        "生产性生物资产_万元": null,
        "油气资产_万元": null,
        "使用权资产_万元": 8588.446952,
        "无形资产_万元": 16629.700354,
        "开发支出_万元": null,
        "商誉_万元": 569.850728,
        "长期待摊费用_万元": 12327.83364,
        "递延所得税资产_万元": 824.900249,
        "其他非流动资产_万元": null,
        "非流动资产合计_万元": 163143.129479,
        "总资产_万元": 412150.071151,
        "总资产同比增长_百分比": 3.95,
        "短期借款_万元": 28390.025667,
        "交易性金融负债_万元": null,
        "应付票据_万元": 274.621015,
        "应付账款_万元": 6729.631264,
        "预收款项_万元": null,
        "合同负债_万元": 2181.230224,
        "应付职工薪酬_万元": 1178.110809,
        "应交税费_万元": 11925.230335,
        "其他应付款_万元": 19863.721575,
        "一年内到期的非流动负债_万元": 3396.862017,
        "其他流动负债_万元": 111.096541,
        "流动负债合计_万元": 74050.529447,
        "长期借款_万元": 21610.964676,
        "应付债券_万元": null,
        "租赁负债_万元": 8021.444553,
        "长期应付款_万元": null,
        "预计负债_万元": null,
        "递延收益_万元": 9219.71424,
        "递延所得税负债_万元": 4.604617,
        "其他非流动负债_万元": null,
        "非流动负债合计_万元": 38856.728086,
        "总负债_万元": 112907.257533,
        "总负债同比增长_百分比": null,
        "资产负债率_百分比": null,
        "实收资本_万元": 58756.86,
        "资本公积_万元": 65057.174622,
        "盈余公积_万元": 32549.704654,
        "未分配利润_万元": 141659.691112,
        "其他综合收益_万元": 1219.38323,
        "专项储备_万元": null,
        "归属于母公司所有者权益合计_万元": 299242.813618,
        "少数股东权益_万元": null,
        "股东权益合计_万元": 299242.813618
    },
    "利润表": {
        "营业总收入_万元": 71592.52626,
        "营业收入_万元": 71592.52626,
        "营业总收入同比增长_百分比": 38.51,
        "营业成本_万元": 17995.42404,
        "税金及附加_万元": 867.116893,
        "销售费用_万元": 18190.060513,
        "管理费用_万元": 5162.75435,
        "研发费用_万元": 7316.144346,
        "财务费用_万元": 524.478811,
        "其中利息费用_万元": 1089.719288,
        "其中利息收入_万元": 526.448715,
        "其他收益_万元": 791.024654,
        "投资收益_万元": 8.323102,
        "其中对联营企业投资收益_万元": null,
        "公允价值变动收益_万元": null,
        "信用减值损失_万元": -728.596525,
        "资产减值损失_万元": 7.874698,
        "资产处置收益_万元": -149.006162,
        "营业总支出_万元": null,
        "营业利润_万元": 21466.167074,
        "营业外收入_万元": 24.639,
        "营业外支出_万元": 11.603451,
        "利润总额_万元": 21479.202623,
        "所得税费用_万元": 4556.690419,
        "净利润_万元": 16922.512204,
        "归母净利润_万元": 16922.512204,
        "少数股东损益_万元": null,
        "持续经营净利润_万元": 16922.512204,
        "终止经营净利润_万元": null,
        "其他综合收益_万元": -194.03985,
        "综合收益总额_万元": 16728.472354,
        "归母综合收益总额_万元": 16728.472354
    },
    "现金流量表": {
        "销售商品收到现金_万元": 57093.259075,
        "收到的税费返还_万元": null,
        "收到其他经营活动现金_万元": 13605.156272,
        "经营活动现金流入_万元": 70698.415347,
        "购买商品支付现金_万元": 8815.56346,
        "支付职工现金_万元": 11349.794793,
        "支付税费_万元": 11714.962253,
        "支付其他经营活动现金_万元": 33394.246154,
        "经营活动现金流出_万元": 65274.56666,
        "经营现金流净额_万元": 5423.848687,
        "经营现金流净额同比增长_百分比": -67.67,
        "收回投资现金_万元": 1450.0,
        "取得投资收益现金_万元": 2185.476277,
        "处置资产收回现金_万元": 850.993838,
        "收到其他投资活动现金_万元": 2.250803,
        "投资活动现金流入_万元": 4488.720918,
        "投资支付现金_万元": 1855.96015,
        "购建资产支付现金_万元": 1505.350137,
        "支付其他投资活动现金_万元": 8001.39292,
        "投资活动现金流出_万元": 11362.703207,
        "投资现金流净额_万元": -6873.982289,
        "吸收投资现金_万元": null,
        "取得借款现金_万元": 14389.053931,
        "收到其他筹资活动现金_万元": 3335.904066,
        "筹资活动现金流入_万元": 17724.957997,
        "偿还债务现金_万元": 2733.852121,
        "分配股利现金_万元": 2871.369181,
        "支付其他筹资活动现金_万元": 522.150907,
        "筹资活动现金流出_万元": 6127.372209,
        "融资现金流净额_万元": 11597.585788,
        "汇率变动影响_万元": -194.03985,
        "现金及等价物净增加额_万元": 9953.412336,
        "净现金流_元": null,
        "净现金流同比增长_百分比": null,
        "期初现金及等价物_万元": 77225.29547,
        "期末现金及等价物_万元": 87178.707806,
        "经营现金流占比_百分比": null,
        "投资现金流占比_百分比": null,
        "融资现金流占比_百分比": null
    }
}