{
    "报告信息": {
        "序号": null,
        "股票代码": "002275",
        "股票简称": "桂林三金",
        "报告年份": "2025",
        "报告期": "Q1",
        "总股本_股": 587568600,
        "流通股本_股": null,
        "报告日期": null,
        "审计意见": null,
        "会计师事务所": null
    },
    "核心业绩指标": {
        "每股收益_元": 0.18,
        "稀释每股收益_元": 0.18,
        "营业总收入_万元": 46657.183161,
        "营业总收入_亿元": 4.6657183161,
        "营收同比增长_百分比": -3.32,
        "营收环比增长_百分比": null,
        "净利润_万元": 10481.622819,
        "净利润_亿元": 1.0481622819,
        "净利润同比增长_百分比": 4.8,
        "净利润环比增长_百分比": null,
        "归母净利润_万元": 10481.622819,
        "少数股东损益_万元": 0.0,
        "每股净资产_元": null,
        "净资产收益率_百分比": null,
        "扣非净资产收益率_百分比": null,
        "每股经营现金流_元": null,
        "扣非净利润_万元": 9767.292106,
        "扣非净利润同比增长_百分比": 11.61,
        "销售毛利率_百分比": null,
        "销售净利率_百分比": null,
        "加权平均净资产收益率_百分比": 3.41,
        "扣非加权净资产收益率_百分比": null,
        "总资产收益率_百分比": null,
        "主营业务收入_万元": null,
        "主营业务成本_万元": null,
        "主营业务利润_万元": null
    },
    "资产负债表": {
        "货币资金_万元": 155246.02724,
        "应收账款_万元": 20403.399272,
        "应收票据_万元": 0.0,
        "应收款项融资_万元": 27187.683941,
        "预付款项_万元": 4919.13811,
        "其他应收款_万元": 13280.869073,
        "存货_万元": 22335.448522,
        "合同资产_万元": 0.0,
        "一年内到期的非流动资产_万元": 0.0,
        "其他流动资产_万元": 884.57451,
        "流动资产合计_万元": 286485.902738,
        "交易性金融资产_万元": 42228.76207,
        "债权投资_万元": 0.0,
        "其他债权投资_万元": 0.0,
        "长期应收款_万元": 0.0,
        "长期股权投资_万元": 918.217162,
        "其他权益工具投资_万元": 10290.952894,
        "投资性房地产_万元": 0.0,
        "固定资产_万元": 98748.218104,
        "在建工程_万元": 7912.516564,
        "生产性生物资产_万元": 0.0,
        "油气资产_万元": 0.0,
        "使用权资产_万元": 3355.012824,
        "无形资产_万元": 13934.287497,
        "开发支出_万元": 0.0,
        "商誉_万元": 569.850728,
        "长期待摊费用_万元": 10032.52332,
        "递延所得税资产_万元": 1013.068216,
        "其他非流动资产_万元": 20244.195833,
        "非流动资产合计_万元": 146774.647309,
        "总资产_万元": 433260.550047,
        "总资产同比增长_百分比": 2.37,
        "短期借款_万元": 39021.038885,
        "交易性金融负债_万元": 0.0,
        "应付票据_万元": 0.0,
        "应付账款_万元": 18230.896483,
        "预收款项_万元": 0.0,
        "合同负债_万元": 1241.265853,
        "应付职工薪酬_万元": 1013.320389,
        "应交税费_万元": 7626.692421,
        "其他应付款_万元": 17030.684983,
        "一年内到期的非流动负债_万元": 11657.085455,
        "其他流动负债_万元": 101.152457,
        "流动负债合计_万元": 95922.136926,
        "长期借款_万元": 12890.0,
        "应付债券_万元": 0.0,
        "租赁负债_万元": 2503.231755,
        "长期应付款_万元": 0.0,
        "预计负债_万元": 1332.479324,
        "递延收益_万元": 7327.178495,
        "递延所得税负债_万元": 7.770186,
        "其他非流动负债_万元": 0.0,
        "非流动负债合计_万元": 24060.65976,
        "总负债_万元": 119982.796686,
        "总负债同比增长_百分比": null,
        "资产负债率_百分比": null,
        "实收资本_万元": 58756.86,
        "资本公积_万元": 67208.984622,
        "盈余公积_万元": 32549.704654,
        "未分配利润_万元": 156055.935516,
        "其他综合收益_万元": -1293.731431,
        "专项储备_万元": 0.0,
        "归属于母公司所有者权益合计_万元": 313277.753361,
        "少数股东权益_万元": 0.0,
        "股东权益合计_万元": 313277.753361
    },
    "利润表": {
        "营业总收入_万元": 46657.183161,
        "营业收入_万元": 46657.183161,
        "营业总收入同比增长_百分比": -3.32,
        "营业成本_万元": 10374.966616,
        "税金及附加_万元": 545.758536,
        "销售费用_万元": 15473.556558,
        "管理费用_万元": 3288.075539,
        "研发费用_万元": 3834.66761,
        "财务费用_万元": -136.25104,
        "其中利息费用_万元": 454.291403,
        "其中利息收入_万元": -592.653404,
        "其他收益_万元": 761.999834,
        "投资收益_万元": -35.570128,
        "其中对联营企业投资收益_万元": 0.0,
        "公允价值变动收益_万元": 42.199102,
        "信用减值损失_万元": -1049.937572,
        "资产减值损失_万元": 0.0,
        "资产处置收益_万元": 0.27961,
        "营业总支出_万元": null,
        "营业利润_万元": 12995.380188,
        "营业外收入_万元": 19.243496,
        "营业外支出_万元": 39.108824,
        "利润总额_万元": 12975.51486,
        "所得税费用_万元": 2493.892041,
        "净利润_万元": 10481.622819,
        "归母净利润_万元": 10481.622819,
        "少数股东损益_万元": 0.0,
        "持续经营净利润_万元": 10481.622819,
        "终止经营净利润_万元": 0.0,
        "其他综合收益_万元": 1818.555441,
        "综合收益总额_万元": 12300.17826,
        "归母综合收益总额_万元": 12300.17826
    },
    "现金流量表": {
        "销售商品收到现金_万元": 48557.761165,
        "收到的税费返还_万元": 1461.0,
        "收到其他经营活动现金_万元": 4232.640823,
        "经营活动现金流入_万元": 52790.403449,
        "购买商品支付现金_万元": 13315.010626,
        "支付职工现金_万元": 11338.429748,
        "支付税费_万元": 5093.701003,
        "支付其他经营活动现金_万元": 18474.169192,
        "经营活动现金流出_万元": 48221.310569,
        "经营现金流净额_万元": 4569.09288,
        "经营现金流净额同比增长_百分比": 82.37,
        "收回投资现金_万元": 29550.0,
        "取得投资收益现金_万元": 400.499039,
        "处置资产收回现金_万元": 78.467438,
        "收到其他投资活动现金_万元": 29967.147646,
        "投资活动现金流入_万元": 59996.114122,
        "投资支付现金_万元": 9350.0,
        "购建资产支付现金_万元": 1701.074449,
        "支付其他投资活动现金_万元": 0.0,
        "投资活动现金流出_万元": 11051.074449,
        "投资现金流净额_万元": 48945.039674,
        "吸收投资现金_万元": 0.0,
        "取得借款现金_万元": 16794.058424,
        "收到其他筹资活动现金_万元": 0.0,
        "筹资活动现金流入_万元": 16794.058424,
        "偿还债务现金_万元": 9696.99949,
        "分配股利现金_万元": 460.276054,
        "支付其他筹资活动现金_万元": 42.042635,
        "筹资活动现金流出_万元": 10199.318179,
        "融资现金流净额_万元": 6594.740245,
        "汇率变动影响_万元": -5.498091,
        "现金及等价物净增加额_万元": 60103.374708,
        "净现金流_元": null,
        "净现金流同比增长_百分比": null,
        "期初现金及等价物_万元": 81558.578643,
        "期末现金及等价物_万元": 141661.953351,
        "经营现金流占比_百分比": null,
        "投资现金流占比_百分比": null,
        "融资现金流占比_百分比": null
    }
}