{
    "报告信息": {
        "序号": null,
        "股票代码": "002107",
        "股票简称": "沃华医药",
        "报告年份": "2023",
        "报告期": "Q1",
        "总股本_股": 577209600,
        "流通股本_股": null,
        "报告日期": "2023-04-26",
        "审计意见": null,
        "会计师事务所": null
    },
    "核心业绩指标": {
        "每股收益_元": 0.04,
        "稀释每股收益_元": 0.04,
        "营业总收入_万元": 23528.120305,
        "营业总收入_亿元": 2.3528120305,
        "营收同比增长_百分比": -9.29,
        "营收环比增长_百分比": null,
        "净利润_万元": 2223.189,
        "净利润_亿元": 0.2223189,
        "净利润同比增长_百分比": -2.97,
        "净利润环比增长_百分比": null,
        "归母净利润_万元": 2544.928676,
        "少数股东损益_万元": -321.739676,
        "每股净资产_元": 1.337,
        "净资产收益率_百分比": null,
        "扣非净资产收益率_百分比": null,
        "每股经营现金流_元": 0.054,
        "扣非净利润_万元": 2477.528976,
        "扣非净利润同比增长_百分比": -6.54,
        "销售毛利率_百分比": 75.44,
        "销售净利率_百分比": 9.45,
        "加权平均净资产收益率_百分比": 3.35,
        "扣非加权净资产收益率_百分比": null,
        "总资产收益率_百分比": 2.02,
        "主营业务收入_万元": 23528.120305,
        "主营业务成本_万元": 5778.856581,
        "主营业务利润_万元": 17749.263724
    },
    "资产负债表": {
        "货币资金_万元": 30984.579394,
        "应收账款_万元": 9156.613146,
        "应收票据_万元": 754.356438,
        "应收款项融资_万元": 2651.874402,
        "预付款项_万元": 702.476023,
        "其他应收款_万元": 1709.904215,
        "存货_万元": 14447.406519,
        "合同资产_万元": null,
        "一年内到期的非流动资产_万元": null,
        "其他流动资产_万元": 640.14101,
        "流动资产合计_万元": 61047.351147,
        "交易性金融资产_万元": null,
        "债权投资_万元": null,
        "其他债权投资_万元": null,
        "长期应收款_万元": null,
        "长期股权投资_万元": null,
        "其他权益工具投资_万元": null,
        "投资性房地产_万元": 1892.025651,
        "固定资产_万元": 40047.111612,
        "在建工程_万元": 157.612406,
        "生产性生物资产_万元": null,
        "油气资产_万元": null,
        "使用权资产_万元": 94.85363,
        "无形资产_万元": 3575.799454,
        "开发支出_万元": null,
        "商誉_万元": 3250.866453,
        "长期待摊费用_万元": null,
        "递延所得税资产_万元": 101.186831,
        "其他非流动资产_万元": 277.448176,
        "非流动资产合计_万元": 49396.904213,
        "总资产_万元": 110444.25536,
        "总资产同比增长_百分比": 0.4,
        "短期借款_万元": null,
        "交易性金融负债_万元": null,
        "应付票据_万元": 609.104055,
        "应付账款_万元": 4623.838363,
        "预收款项_万元": null,
        "合同负债_万元": 372.741296,
        "应付职工薪酬_万元": 1076.94813,
        "应交税费_万元": 2169.249175,
        "其他应付款_万元": 4284.430877,
        "一年内到期的非流动负债_万元": 72.982092,
        "其他流动负债_万元": 13474.168614,
        "流动负债合计_万元": 26683.462602,
        "长期借款_万元": null,
        "应付债券_万元": null,
        "租赁负债_万元": 19.634444,
        "长期应付款_万元": null,
        "预计负债_万元": 25.74832,
        "递延收益_万元": 1997.160236,
        "递延所得税负债_万元": 433.404939,
        "其他非流动负债_万元": null,
        "非流动负债合计_万元": 2558.555623,
        "总负债_万元": 29242.018225,
        "总负债同比增长_百分比": -5.72,
        "资产负债率_百分比": 26.48,
        "实收资本_万元": 57720.96,
        "资本公积_万元": null,
        "盈余公积_万元": 3955.813214,
        "未分配利润_万元": 15518.17939,
        "其他综合收益_万元": null,
        "专项储备_万元": null,
        "归属于母公司所有者权益合计_万元": 77194.952604,
        "少数股东权益_万元": 4007.284531,
        "股东权益合计_万元": 81202.237135
    },
    "利润表": {
        "营业总收入_万元": 23528.120305,
        "营业收入_万元": 23528.120305,
        "营业总收入同比增长_百分比": -9.29,
        "营业成本_万元": 5778.856581,
        "税金及附加_万元": 379.490229,
        "销售费用_万元": 11746.671237,
        "管理费用_万元": 1877.253232,
        "研发费用_万元": 1555.245972,
        "财务费用_万元": -121.658902,
        "其中利息费用_万元": 1.173395,
        "其中利息收入_万元": 125.624589,
        "其他收益_万元": 104.223941,
        "投资收益_万元": null,
        "其中对联营企业投资收益_万元": null,
        "公允价值变动收益_万元": null,
        "信用减值损失_万元": 126.62616,
        "资产减值损失_万元": -20.215375,
        "资产处置收益_万元": null,
        "营业总支出_万元": 21215.858349,
        "营业利润_万元": 2522.896682,
        "营业外收入_万元": 2.183131,
        "营业外支出_万元": 0.557963,
        "利润总额_万元": 2524.52185,
        "所得税费用_万元": 301.33285,
        "净利润_万元": 2223.189,
        "归母净利润_万元": 2544.928676,
        "少数股东损益_万元": -321.739676,
        "持续经营净利润_万元": 2223.189,
        "终止经营净利润_万元": null,
        "其他综合收益_万元": null,
        "综合收益总额_万元": 2223.189,
        "归母综合收益总额_万元": 2544.928676
    },
    "现金流量表": {
        "销售商品收到现金_万元": 27429.52991,
        "收到的税费返还_万元": 1.49014,
        "收到其他经营活动现金_万元": 98.398218,
        "经营活动现金流入_万元": 27529.418268,
        "购买商品支付现金_万元": 4046.814317,
        "支付职工现金_万元": 5568.678948,
        "支付税费_万元": 3942.656296,
        "支付其他经营活动现金_万元": 10850.578279,
        "经营活动现金流出_万元": 24408.72784,
        "经营现金流净额_万元": 3120.690428,
        "经营现金流净额同比增长_百分比": -36.18,
        "收回投资现金_万元": null,
        "取得投资收益现金_万元": null,
        "处置资产收回现金_万元": 3.7,
        "收到其他投资活动现金_万元": null,
        "投资活动现金流入_万元": 3.7,
        "投资支付现金_万元": null,
        "购建资产支付现金_万元": 62.640582,
        "支付其他投资活动现金_万元": null,
        "投资活动现金流出_万元": 62.640582,
        "投资现金流净额_万元": -58.940582,
        "吸收投资现金_万元": null,
        "取得借款现金_万元": null,
        "收到其他筹资活动现金_万元": null,
        "筹资活动现金流入_万元": null,
        "偿还债务现金_万元": null,
        "分配股利现金_万元": null,
        "支付其他筹资活动现金_万元": null,
        "筹资活动现金流出_万元": null,
        "融资现金流净额_万元": null,
        "汇率变动影响_万元": null,
        "现金及等价物净增加额_万元": 3061.749846,
        "净现金流_元": 0.053,
        "净现金流同比增长_百分比": null,
        "期初现金及等价物_万元": 27701.643755,
        "期末现金及等价物_万元": 30763.393601,
        "经营现金流占比_百分比": 101.93,
        "投资现金流占比_百分比": -1.93,
        "融资现金流占比_百分比": null
    }
}