{
    "报告信息": {
        "序号": null,
        "股票代码": "002107",
        "股票简称": "沃华医药",
        "报告年份": "2023",
        "报告期": "半年度",
        "总股本_股": 577209600,
        "流通股本_股": 569616650,
        "报告日期": "2023-07-28",
        "审计意见": null,
        "会计师事务所": null,
        "期": "HY"
    },
    "核心业绩指标": {
        "每股收益_元": 0.06,
        "稀释每股收益_元": 0.06,
        "营业总收入_万元": 49230.910765,
        "营业总收入_亿元": 4.9230910765,
        "营收同比增长_百分比": -2.24,
        "营收环比增长_百分比": null,
        "净利润_万元": 2956.448021,
        "净利润_亿元": 0.2956448021,
        "净利润同比增长_百分比": -37.28,
        "净利润环比增长_百分比": null,
        "归母净利润_万元": 3720.398886,
        "少数股东损益_万元": -763.950865,
        "每股净资产_元": 1.358,
        "净资产收益率_百分比": 4.86,
        "扣非净资产收益率_百分比": null,
        "每股经营现金流_元": 0.0969,
        "扣非净利润_万元": 3568.995482,
        "扣非净利润同比增长_百分比": -36.02,
        "销售毛利率_百分比": 75.63,
        "销售净利率_百分比": 6.01,
        "加权平均净资产收益率_百分比": 4.86,
        "扣非加权净资产收益率_百分比": null,
        "总资产收益率_百分比": null,
        "主营业务收入_万元": 49230.910765,
        "主营业务成本_万元": 11998.556343,
        "主营业务利润_万元": null
    },
    "资产负债表": {
        "货币资金_万元": 33205.786941,
        "应收账款_万元": 9541.469454,
        "应收票据_万元": 736.620573,
        "应收款项融资_万元": 2349.148796,
        "预付款项_万元": 492.271841,
        "其他应收款_万元": 1675.051515,
        "存货_万元": 15322.738165,
        "合同资产_万元": null,
        "一年内到期的非流动资产_万元": null,
        "其他流动资产_万元": 1116.086665,
        "流动资产合计_万元": 64439.17395,
        "交易性金融资产_万元": null,
        "债权投资_万元": null,
        "其他债权投资_万元": null,
        "长期应收款_万元": null,
        "长期股权投资_万元": null,
        "其他权益工具投资_万元": null,
        "投资性房地产_万元": 1873.956816,
        "固定资产_万元": 39460.024728,
        "在建工程_万元": 46.825657,
        "生产性生物资产_万元": null,
        "油气资产_万元": null,
        "使用权资产_万元": 77.291912,
        "无形资产_万元": 3548.684794,
        "开发支出_万元": null,
        "商誉_万元": 3250.866453,
        "长期待摊费用_万元": null,
        "递延所得税资产_万元": 77.269587,
        "其他非流动资产_万元": 226.445748,
        "非流动资产合计_万元": 48561.365695,
        "总资产_万元": 113000.539645,
        "总资产同比增长_百分比": 2.73,
        "短期借款_万元": 0,
        "交易性金融负债_万元": null,
        "应付票据_万元": 993.538875,
        "应付账款_万元": 4896.43198,
        "预收款项_万元": null,
        "合同负债_万元": 931.056998,
        "应付职工薪酬_万元": 844.961917,
        "应交税费_万元": 1510.950252,
        "其他应付款_万元": 4125.624761,
        "一年内到期的非流动负债_万元": 69.873031,
        "其他流动负债_万元": 15265.06239,
        "流动负债合计_万元": 28637.500204,
        "长期借款_万元": null,
        "应付债券_万元": null,
        "租赁负债_万元": 4.597709,
        "长期应付款_万元": null,
        "预计负债_万元": 24.18862,
        "递延收益_万元": 1921.733719,
        "递延所得税负债_万元": 411.415169,
        "其他非流动负债_万元": null,
        "非流动负债合计_万元": 2427.543285,
        "总负债_万元": 31065.043489,
        "总负债同比增长_百分比": null,
        "资产负债率_百分比": 27.49,
        "实收资本_万元": 57720.96,
        "资本公积_万元": null,
        "盈余公积_万元": 3955.813214,
        "未分配利润_万元": 16693.6496,
        "其他综合收益_万元": null,
        "专项储备_万元": null,
        "归属于母公司所有者权益合计_万元": 78370.422814,
        "少数股东权益_万元": 3565.073342,
        "股东权益合计_万元": 81935.496156
    },
    "利润表": {
        "营业总收入_万元": 49230.910765,
        "营业收入_万元": 49230.910765,
        "营业总收入同比增长_百分比": -2.24,
        "营业成本_万元": 11998.556343,
        "税金及附加_万元": 828.475301,
        "销售费用_万元": 27072.308438,
        "管理费用_万元": 3700.171492,
        "研发费用_万元": 2901.921181,
        "财务费用_万元": -250.270854,
        "其中利息费用_万元": 2.159004,
        "其中利息收入_万元": 256.259164,
        "其他收益_万元": 202.42262,
        "投资收益_万元": null,
        "其中对联营企业投资收益_万元": null,
        "公允价值变动收益_万元": null,
        "信用减值损失_万元": 103.81806,
        "资产减值损失_万元": -161.438999,
        "资产处置收益_万元": null,
        "营业总支出_万元": null,
        "营业利润_万元": 3124.550545,
        "营业外收入_万元": 52.156631,
        "营业外支出_万元": 35.170964,
        "利润总额_万元": 3141.536212,
        "所得税费用_万元": 185.088191,
        "净利润_万元": 2956.448021,
        "归母净利润_万元": 3720.398886,
        "少数股东损益_万元": -763.950865,
        "持续经营净利润_万元": 2956.448021,
        "终止经营净利润_万元": null,
        "其他综合收益_万元": null,
        "综合收益总额_万元": 2956.448021,
        "归母综合收益总额_万元": 3720.398886
    },
    "现金流量表": {
        "销售商品收到现金_万元": 56403.415,
        "收到的税费返还_万元": null,
        "收到其他经营活动现金_万元": 373.178384,
        "经营活动现金流入_万元": 56776.593384,
        "购买商品支付现金_万元": 9191.437219,
        "支付职工现金_万元": 11099.07081,
        "支付税费_万元": 8089.292747,
        "支付其他经营活动现金_万元": 22804.288389,
        "经营活动现金流出_万元": 51184.089165,
        "经营现金流净额_万元": 5592.504219,
        "经营现金流净额同比增长_百分比": -39.48,
        "收回投资现金_万元": null,
        "取得投资收益现金_万元": null,
        "处置资产收回现金_万元": 3.7,
        "收到其他投资活动现金_万元": null,
        "投资活动现金流入_万元": 3.7,
        "投资支付现金_万元": null,
        "购建资产支付现金_万元": 130.529295,
        "支付其他投资活动现金_万元": null,
        "投资活动现金流出_万元": 130.529295,
        "投资现金流净额_万元": -126.829295,
        "吸收投资现金_万元": null,
        "取得借款现金_万元": null,
        "收到其他筹资活动现金_万元": null,
        "筹资活动现金流入_万元": null,
        "偿还债务现金_万元": null,
        "分配股利现金_万元": null,
        "支付其他筹资活动现金_万元": 32.53256,
        "筹资活动现金流出_万元": 32.53256,
        "融资现金流净额_万元": -32.53256,
        "汇率变动影响_万元": null,
        "现金及等价物净增加额_万元": 5433.142364,
        "净现金流_元": null,
        "净现金流同比增长_百分比": 191.97,
        "期初现金及等价物_万元": 27654.487614,
        "期末现金及等价物_万元": 33087.629978,
        "经营现金流占比_百分比": 102.93,
        "投资现金流占比_百分比": -2.33,
        "融资现金流占比_百分比": -0.6
    }
}