{
    "报告信息": {
        "序号": null,
        "股票代码": "002107",
        "股票简称": "沃华医药",
        "报告年份": "2024",
        "报告期": "Q3",
        "总股本_股": null,
        "流通股本_股": null,
        "报告日期": "2024-09-30",
        "审计意见": "未经审计",
        "会计师事务所": null
    },
    "核心业绩指标": {
        "每股收益_元": 0.04,
        "稀释每股收益_元": 0.04,
        "营业总收入_万元": 57667.867517,
        "营业总收入_亿元": 0.57667867517,
        "营收同比增长_百分比": -19.5,
        "营收环比增长_百分比": null,
        "净利润_万元": 2013.91943,
        "净利润_亿元": 0.201391943,
        "净利润同比增长_百分比": -56.63,
        "净利润环比增长_百分比": null,
        "归母净利润_万元": 2290.962829,
        "少数股东损益_万元": -277.043399,
        "每股净资产_元": 1.185,
        "净资产收益率_百分比": 3.04,
        "扣非净资产收益率_百分比": null,
        "每股经营现金流_元": 0.115,
        "扣非净利润_万元": 2128.40192,
        "扣非净利润同比增长_百分比": -61.44,
        "销售毛利率_百分比": 72.28,
        "销售净利率_百分比": 3.49,
        "加权平均净资产收益率_百分比": 3.04,
        "扣非加权净资产收益率_百分比": null,
        "总资产收益率_百分比": 2.04,
        "主营业务收入_万元": 57667.867517,
        "主营业务成本_万元": 15989.995556,
        "主营业务利润_万元": 2643.500377
    },
    "资产负债表": {
        "货币资金_万元": 32746.020748,
        "应收账款_万元": 6422.998883,
        "应收票据_万元": 155.280871,
        "应收款项融资_万元": 392.936517,
        "预付款项_万元": 220.548795,
        "其他应收款_万元": 1566.960119,
        "存货_万元": 11522.750042,
        "合同资产_万元": null,
        "一年内到期的非流动资产_万元": null,
        "其他流动资产_万元": 657.852276,
        "流动资产合计_万元": 53685.348251,
        "交易性金融资产_万元": null,
        "债权投资_万元": null,
        "其他债权投资_万元": null,
        "长期应收款_万元": null,
        "长期股权投资_万元": null,
        "其他权益工具投资_万元": null,
        "投资性房地产_万元": 1783.612641,
        "固定资产_万元": 36066.731695,
        "在建工程_万元": null,
        "生产性生物资产_万元": null,
        "油气资产_万元": null,
        "使用权资产_万元": null,
        "无形资产_万元": 3588.347479,
        "开发支出_万元": null,
        "商誉_万元": 3250.866453,
        "长期待摊费用_万元": null,
        "递延所得税资产_万元": 62.314826,
        "其他非流动资产_万元": 41.6126,
        "非流动资产合计_万元": 44793.485694,
        "总资产_万元": 98478.833945,
        "总资产同比增长_百分比": -13.97,
        "短期借款_万元": null,
        "交易性金融负债_万元": null,
        "应付票据_万元": 686.16002,
        "应付账款_万元": 4271.414895,
        "预收款项_万元": null,
        "合同负债_万元": 416.119946,
        "应付职工薪酬_万元": 654.986706,
        "应交税费_万元": 1055.882787,
        "其他应付款_万元": 3521.647038,
        "一年内到期的非流动负债_万元": null,
        "其他流动负债_万元": 14918.768017,
        "流动负债合计_万元": 25524.979409,
        "长期借款_万元": null,
        "应付债券_万元": null,
        "租赁负债_万元": null,
        "长期应付款_万元": null,
        "预计负债_万元": null,
        "递延收益_万元": 1569.851134,
        "递延所得税负债_万元": 429.17983,
        "其他非流动负债_万元": null,
        "非流动负债合计_万元": 2022.371751,
        "总负债_万元": 27547.35116,
        "总负债同比增长_百分比": null,
        "资产负债率_百分比": 27.93,
        "实收资本_万元": 57720.96,
        "资本公积_万元": null,
        "盈余公积_万元": 4424.251095,
        "未分配利润_万元": 6242.24434,
        "其他综合收益_万元": null,
        "专项储备_万元": null,
        "归属于母公司所有者权益合计_万元": 68387.455435,
        "少数股东权益_万元": 2544.02735,
        "股东权益合计_万元": 70931.482785
    },
    "利润表": {
        "营业总收入_万元": 57667.867517,
        "营业收入_万元": 57667.867517,
        "营业总收入同比增长_百分比": -19.5,
        "营业成本_万元": 15989.995556,
        "税金及附加_万元": 955.30064,
        "销售费用_万元": 30274.864837,
        "管理费用_万元": 5629.069675,
        "研发费用_万元": 2938.336335,
        "财务费用_万元": -387.082115,
        "其中利息费用_万元": 0.58165,
        "其中利息收入_万元": 391.593943,
        "其他收益_万元": 394.848019,
        "投资收益_万元": null,
        "其中对联营企业投资收益_万元": null,
        "公允价值变动收益_万元": null,
        "信用减值损失_万元": 67.974177,
        "资产减值损失_万元": -86.704408,
        "资产处置收益_万元": null,
        "营业总支出_万元": 55400.484928,
        "营业利润_万元": 2643.500377,
        "营业外收入_万元": 26.223631,
        "营业外支出_万元": 152.608517,
        "利润总额_万元": 2517.115491,
        "所得税费用_万元": 503.196061,
        "净利润_万元": 2013.91943,
        "归母净利润_万元": 2290.962829,
        "少数股东损益_万元": -277.043399,
        "持续经营净利润_万元": 2013.91943,
        "终止经营净利润_万元": null,
        "其他综合收益_万元": null,
        "综合收益总额_万元": 2013.91943,
        "归母综合收益总额_万元": 2290.962829
    },
    "现金流量表": {
        "销售商品收到现金_万元": 65093.620482,
        "收到的税费返还_万元": null,
        "收到其他经营活动现金_万元": 450.455757,
        "经营活动现金流入_万元": 65544.076239,
        "购买商品支付现金_万元": 10610.289227,
        "支付职工现金_万元": 13421.705775,
        "支付税费_万元": 7455.721625,
        "支付其他经营活动现金_万元": 27392.605142,
        "经营活动现金流出_万元": 58880.321769,
        "经营现金流净额_万元": 6663.75447,
        "经营现金流净额同比增长_百分比": -27.47,
        "收回投资现金_万元": null,
        "取得投资收益现金_万元": null,
        "处置资产收回现金_万元": 3.4424,
        "收到其他投资活动现金_万元": 16.976128,
        "投资活动现金流入_万元": 20.418528,
        "投资支付现金_万元": null,
        "购建资产支付现金_万元": 301.501368,
        "支付其他投资活动现金_万元": null,
        "投资活动现金流出_万元": 301.501368,
        "投资现金流净额_万元": -281.08284,
        "吸收投资现金_万元": null,
        "取得借款现金_万元": null,
        "收到其他筹资活动现金_万元": null,
        "筹资活动现金流入_万元": null,
        "偿还债务现金_万元": null,
        "分配股利现金_万元": 14430.24,
        "支付其他筹资活动现金_万元": 34.265888,
        "筹资活动现金流出_万元": 14464.505888,
        "融资现金流净额_万元": -14464.505888,
        "汇率变动影响_万元": null,
        "现金及等价物净增加额_万元": -8081.834258,
        "净现金流_元": -80818342.58,
        "净现金流同比增长_百分比": null,
        "期初现金及等价物_万元": 39961.601224,
        "期末现金及等价物_万元": 31879.766966,
        "经营现金流占比_百分比": null,
        "投资现金流占比_百分比": null,
        "融资现金流占比_百分比": null
    }
}