{
    "报告信息": {
        "序号": null,
        "股票代码": "002728",
        "股票简称": "特一药业",
        "报告年份": "2024",
        "报告期": "Q3",
        "总股本_股": 510700274,
        "流通股本_股": null,
        "报告日期": "2024-10-26",
        "审计意见": null,
        "会计师事务所": null
    },
    "核心业绩指标": {
        "每股收益_元": 0.01,
        "稀释每股收益_元": 0.01,
        "营业总收入_万元": 45559.719306,
        "营业总收入_亿元": 4.5559719306,
        "营收同比增长_百分比": -38.87,
        "营收环比增长_百分比": null,
        "净利润_万元": 600.980032,
        "净利润_亿元": 0.0600980032,
        "净利润同比增长_百分比": -96.81,
        "净利润环比增长_百分比": null,
        "归母净利润_万元": 600.980032,
        "少数股东损益_万元": 0.0,
        "每股净资产_元": null,
        "净资产收益率_百分比": 0.32,
        "扣非净资产收益率_百分比": null,
        "每股经营现金流_元": null,
        "扣非净利润_万元": 240.829367,
        "扣非净利润同比增长_百分比": -98.7,
        "销售毛利率_百分比": null,
        "销售净利率_百分比": null,
        "加权平均净资产收益率_百分比": 0.32,
        "扣非加权净资产收益率_百分比": null,
        "总资产收益率_百分比": null,
        "主营业务收入_万元": 45559.719306,
        "主营业务成本_万元": 27865.807692,
        "主营业务利润_万元": null
    },
    "资产负债表": {
        "货币资金_万元": 38488.189118,
        "应收账款_万元": 7577.437537,
        "应收票据_万元": 5701.821401,
        "应收款项融资_万元": null,
        "预付款项_万元": 1804.496185,
        "其他应收款_万元": 130.128188,
        "存货_万元": 29161.081803,
        "合同资产_万元": null,
        "一年内到期的非流动资产_万元": null,
        "其他流动资产_万元": 404.266626,
        "流动资产合计_万元": 104767.420858,
        "交易性金融资产_万元": 21500.0,
        "债权投资_万元": null,
        "其他债权投资_万元": null,
        "长期应收款_万元": null,
        "长期股权投资_万元": null,
        "其他权益工具投资_万元": null,
        "投资性房地产_万元": 926.342984,
        "固定资产_万元": 51145.040618,
        "在建工程_万元": 17374.460218,
        "生产性生物资产_万元": null,
        "油气资产_万元": null,
        "使用权资产_万元": null,
        "无形资产_万元": 14176.833479,
        "开发支出_万元": 1468.815511,
        "商誉_万元": 52922.823978,
        "长期待摊费用_万元": null,
        "递延所得税资产_万元": 2644.219345,
        "其他非流动资产_万元": 2351.078991,
        "非流动资产合计_万元": 144359.615124,
        "总资产_万元": 249127.035982,
        "总资产同比增长_百分比": -0.85,
        "短期借款_万元": 64000.0,
        "交易性金融负债_万元": null,
        "应付票据_万元": 1665.269065,
        "应付账款_万元": 2434.491523,
        "预收款项_万元": null,
        "合同负债_万元": 1550.841442,
        "应付职工薪酬_万元": 584.542479,
        "应交税费_万元": 806.134231,
        "其他应付款_万元": 275.565283,
        "一年内到期的非流动负债_万元": null,
        "其他流动负债_万元": 201.609388,
        "流动负债合计_万元": 71518.453411,
        "长期借款_万元": null,
        "应付债券_万元": null,
        "租赁负债_万元": null,
        "长期应付款_万元": null,
        "预计负债_万元": null,
        "递延收益_万元": 1930.752095,
        "递延所得税负债_万元": 1518.411129,
        "其他非流动负债_万元": null,
        "非流动负债合计_万元": 3449.163224,
        "总负债_万元": 74967.616635,
        "总负债同比增长_百分比": null,
        "资产负债率_百分比": null,
        "实收资本_万元": 51070.0274,
        "资本公积_万元": 83687.922077,
        "盈余公积_万元": 14017.774196,
        "未分配利润_万元": 34114.040913,
        "其他综合收益_万元": null,
        "专项储备_万元": 655.279849,
        "归属于母公司所有者权益合计_万元": 174159.419347,
        "少数股东权益_万元": null,
        "股东权益合计_万元": 174159.419347
    },
    "利润表": {
        "营业总收入_万元": 45559.719306,
        "营业收入_万元": 45559.719306,
        "营业总收入同比增长_百分比": -38.87,
        "营业成本_万元": 27865.807692,
        "税金及附加_万元": 490.788996,
        "销售费用_万元": 9463.238296,
        "管理费用_万元": 5029.398849,
        "研发费用_万元": 3383.109029,
        "财务费用_万元": -127.456037,
        "其中利息费用_万元": 400.449556,
        "其中利息收入_万元": 579.174665,
        "其他收益_万元": 466.62822,
        "投资收益_万元": 189.739388,
        "其中对联营企业投资收益_万元": null,
        "公允价值变动收益_万元": null,
        "信用减值损失_万元": 172.157641,
        "资产减值损失_万元": null,
        "资产处置收益_万元": 0.772692,
        "营业总支出_万元": null,
        "营业利润_万元": 284.130422,
        "营业外收入_万元": 0.713808,
        "营业外支出_万元": 65.36701,
        "利润总额_万元": 219.47722,
        "所得税费用_万元": -381.502812,
        "净利润_万元": 600.980032,
        "归母净利润_万元": 600.980032,
        "少数股东损益_万元": 0.0,
        "持续经营净利润_万元": 600.980032,
        "终止经营净利润_万元": null,
        "其他综合收益_万元": null,
        "综合收益总额_万元": 600.980032,
        "归母综合收益总额_万元": 600.980032
    },
    "现金流量表": {
        "销售商品收到现金_万元": 46272.092903,
        "收到的税费返还_万元": null,
        "收到其他经营活动现金_万元": 826.567556,
        "经营活动现金流入_万元": 47098.660459,
        "购买商品支付现金_万元": 25871.669694,
        "支付职工现金_万元": 7845.526898,
        "支付税费_万元": 4786.398013,
        "支付其他经营活动现金_万元": 12422.560696,
        "经营活动现金流出_万元": 50926.155301,
        "经营现金流净额_万元": -3827.494842,
        "经营现金流净额同比增长_百分比": -153.01,
        "收回投资现金_万元": null,
        "取得投资收益现金_万元": 189.739388,
        "处置资产收回现金_万元": 0.294,
        "收到其他投资活动现金_万元": 47701.0,
        "投资活动现金流入_万元": 47891.033388,
        "投资支付现金_万元": null,
        "购建资产支付现金_万元": 7664.032826,
        "支付其他投资活动现金_万元": 69201.0,
        "投资活动现金流出_万元": 76865.032826,
        "投资现金流净额_万元": -28973.999438,
        "吸收投资现金_万元": 1328.20818,
        "取得借款现金_万元": 82000.0,
        "收到其他筹资活动现金_万元": 48000.0,
        "筹资活动现金流入_万元": 131328.20818,
        "偿还债务现金_万元": 48600.0,
        "分配股利现金_万元": 18777.616216,
        "支付其他筹资活动现金_万元": 57785.625088,
        "筹资活动现金流出_万元": 125163.241304,
        "融资现金流净额_万元": 6164.966876,
        "汇率变动影响_万元": null,
        "现金及等价物净增加额_万元": -26636.527404,
        "净现金流_元": null,
        "净现金流同比增长_百分比": null,
        "期初现金及等价物_万元": 54681.565162,
        "期末现金及等价物_万元": 28045.037758,
        "经营现金流占比_百分比": null,
        "投资现金流占比_百分比": null,
        "融资现金流占比_百分比": null
    }
}