{
    "报告信息": {
        "序号": null,
        "股票代码": "002728",
        "股票简称": "特一药业",
        "报告年份": "2023",
        "报告期": "第三季度",
        "总股本_股": 341197913,
        "流通股本_股": null,
        "报告日期": "2023-10-24",
        "审计意见": "未经审计",
        "会计师事务所": null,
        "期": "Q3"
    },
    "核心业绩指标": {
        "每股收益_元": 0.59,
        "稀释每股收益_元": 0.57,
        "营业总收入_万元": 74529.249104,
        "营业总收入_亿元": 7.4529249104,
        "营收同比增长_百分比": 27.83,
        "营收环比增长_百分比": null,
        "净利润_万元": 18848.224982,
        "净利润_亿元": 1.8848224982,
        "净利润同比增长_百分比": 92.79,
        "净利润环比增长_百分比": null,
        "归母净利润_万元": 18848.224982,
        "少数股东损益_万元": null,
        "每股净资产_元": null,
        "净资产收益率_百分比": 13.16,
        "扣非净资产收益率_百分比": null,
        "每股经营现金流_元": null,
        "扣非净利润_万元": 18592.991625,
        "扣非净利润同比增长_百分比": 104.32,
        "销售毛利率_百分比": null,
        "销售净利率_百分比": null,
        "加权平均净资产收益率_百分比": 13.16,
        "扣非加权净资产收益率_百分比": null,
        "总资产收益率_百分比": null,
        "主营业务收入_万元": 74529.249104,
        "主营业务成本_万元": 31530.625604,
        "主营业务利润_万元": null
    },
    "资产负债表": {
        "货币资金_万元": 60480.747757,
        "应收账款_万元": 8086.54538,
        "应收票据_万元": 1734.906298,
        "应收款项融资_万元": null,
        "预付款项_万元": 2988.700338,
        "其他应收款_万元": 112.950636,
        "存货_万元": 28614.499282,
        "合同资产_万元": null,
        "一年内到期的非流动资产_万元": null,
        "其他流动资产_万元": 184.221854,
        "流动资产合计_万元": 103502.571545,
        "交易性金融资产_万元": 1300.0,
        "债权投资_万元": null,
        "其他债权投资_万元": null,
        "长期应收款_万元": null,
        "长期股权投资_万元": null,
        "其他权益工具投资_万元": null,
        "投资性房地产_万元": 974.956236,
        "固定资产_万元": 48512.071902,
        "在建工程_万元": 17040.530009,
        "生产性生物资产_万元": null,
        "油气资产_万元": null,
        "使用权资产_万元": null,
        "无形资产_万元": 15032.216096,
        "开发支出_万元": 1407.404662,
        "商誉_万元": 54239.507528,
        "长期待摊费用_万元": 7.000016,
        "递延所得税资产_万元": 1232.219127,
        "其他非流动资产_万元": 1768.669762,
        "非流动资产合计_万元": 141564.575338,
        "总资产_万元": 245067.146883,
        "总资产同比增长_百分比": -3.73,
        "短期借款_万元": 37000.0,
        "交易性金融负债_万元": null,
        "应付票据_万元": 1980.318097,
        "应付账款_万元": 4656.152815,
        "预收款项_万元": null,
        "合同负债_万元": 1508.105025,
        "应付职工薪酬_万元": 639.391783,
        "应交税费_万元": null,
        "其他应付款_万元": 616.173226,
        "一年内到期的非流动负债_万元": 21973.437209,
        "其他流动负债_万元": 196.053653,
        "流动负债合计_万元": 70200.607391,
        "长期借款_万元": null,
        "应付债券_万元": null,
        "租赁负债_万元": null,
        "长期应付款_万元": null,
        "预计负债_万元": null,
        "递延收益_万元": 2050.826364,
        "递延所得税负债_万元": 1445.697115,
        "其他非流动负债_万元": null,
        "非流动负债合计_万元": 3496.523479,
        "总负债_万元": 73697.13087,
        "总负债同比增长_百分比": null,
        "资产负债率_百分比": null,
        "实收资本_万元": 34119.7913,
        "资本公积_万元": 73496.473551,
        "盈余公积_万元": 11458.86465,
        "未分配利润_万元": 47839.561947,
        "其他综合收益_万元": null,
        "专项储备_万元": 622.842746,
        "归属于母公司所有者权益合计_万元": 171370.016013,
        "少数股东权益_万元": null,
        "股东权益合计_万元": 171370.016013
    },
    "利润表": {
        "营业总收入_万元": 74529.249104,
        "营业收入_万元": 74529.249104,
        "营业总收入同比增长_百分比": 27.83,
        "营业成本_万元": 31530.625604,
        "税金及附加_万元": 778.036677,
        "销售费用_万元": 12171.789478,
        "管理费用_万元": 4717.597483,
        "研发费用_万元": 3247.086052,
        "财务费用_万元": 561.785128,
        "其中利息费用_万元": 1403.141968,
        "其中利息收入_万元": 873.578755,
        "其他收益_万元": 277.871178,
        "投资收益_万元": 27.00822,
        "其中对联营企业投资收益_万元": null,
        "公允价值变动收益_万元": null,
        "信用减值损失_万元": 146.097387,
        "资产减值损失_万元": null,
        "资产处置收益_万元": 12.062833,
        "营业总支出_万元": null,
        "营业利润_万元": 21985.3683,
        "营业外收入_万元": 0.733465,
        "营业外支出_万元": 15.852321,
        "利润总额_万元": 21970.249444,
        "所得税费用_万元": 3122.024462,
        "净利润_万元": 18848.224982,
        "归母净利润_万元": 18848.224982,
        "少数股东损益_万元": null,
        "持续经营净利润_万元": 18848.224982,
        "终止经营净利润_万元": null,
        "其他综合收益_万元": null,
        "综合收益总额_万元": 18848.224982,
        "归母综合收益总额_万元": 18848.224982
    },
    "现金流量表": {
        "销售商品收到现金_万元": 64332.73124,
        "收到的税费返还_万元": null,
        "收到其他经营活动现金_万元": 1698.682604,
        "经营活动现金流入_万元": 66031.413844,
        "购买商品支付现金_万元": 26552.986624,
        "支付职工现金_万元": 8314.532323,
        "支付税费_万元": 8322.089754,
        "支付其他经营活动现金_万元": 15620.955362,
        "经营活动现金流出_万元": 58810.564063,
        "经营现金流净额_万元": 7220.849781,
        "经营现金流净额同比增长_百分比": -43.21,
        "收回投资现金_万元": null,
        "取得投资收益现金_万元": 27.00822,
        "处置资产收回现金_万元": 15.514,
        "收到其他投资活动现金_万元": null,
        "投资活动现金流入_万元": 42.52222,
        "投资支付现金_万元": null,
        "购建资产支付现金_万元": 6150.546972,
        "支付其他投资活动现金_万元": 1300.0,
        "投资活动现金流出_万元": 7450.546972,
        "投资现金流净额_万元": -7408.024752,
        "吸收投资现金_万元": 28319.96124,
        "取得借款现金_万元": 42500.0,
        "收到其他筹资活动现金_万元": 20000.0,
        "筹资活动现金流入_万元": 90819.96124,
        "偿还债务现金_万元": 68868.0,
        "分配股利现金_万元": 15250.074718,
        "支付其他筹资活动现金_万元": 10000.0,
        "筹资活动现金流出_万元": 94118.074718,
        "融资现金流净额_万元": -3298.113478,
        "汇率变动影响_万元": null,
        "现金及等价物净增加额_万元": null,
        "净现金流_元": null,
        "净现金流同比增长_百分比": null,
        "期初现金及等价物_万元": 73966.036206,
        "期末现金及等价物_万元": 60480.747757,
        "经营现金流占比_百分比": null,
        "投资现金流占比_百分比": null,
        "融资现金流占比_百分比": null
    }
}