{
    "报告信息": {
        "序号": null,
        "股票代码": "002728",
        "股票简称": "特一药业",
        "报告年份": "2025",
        "报告期": "Q1",
        "总股本_股": 512531525,
        "流通股本_股": null,
        "报告日期": null,
        "审计意见": "未经审计",
        "会计师事务所": null
    },
    "核心业绩指标": {
        "每股收益_元": 0.06,
        "稀释每股收益_元": 0.06,
        "营业总收入_万元": 29513.334845,
        "营业总收入_亿元": 2.9513334845,
        "营收同比增长_百分比": 79.29,
        "营收环比增长_百分比": null,
        "净利润_万元": 3156.727365,
        "净利润_亿元": 0.3156727365,
        "净利润同比增长_百分比": 244.82,
        "净利润环比增长_百分比": null,
        "归母净利润_万元": 3156.727365,
        "少数股东损益_万元": 0,
        "每股净资产_元": null,
        "净资产收益率_百分比": null,
        "扣非净资产收益率_百分比": null,
        "每股经营现金流_元": null,
        "扣非净利润_万元": 3170.68926,
        "扣非净利润同比增长_百分比": 255.28,
        "销售毛利率_百分比": null,
        "销售净利率_百分比": null,
        "加权平均净资产收益率_百分比": 1.77,
        "扣非加权净资产收益率_百分比": null,
        "总资产收益率_百分比": null,
        "主营业务收入_万元": 29513.334845,
        "主营业务成本_万元": 10411.603172,
        "主营业务利润_万元": null
    },
    "资产负债表": {
        "货币资金_万元": 23016.140815,
        "应收账款_万元": 9002.685384,
        "应收票据_万元": 9836.720492,
        "应收款项融资_万元": 0,
        "预付款项_万元": 2599.234779,
        "其他应收款_万元": 139.595273,
        "存货_万元": 27577.56495,
        "合同资产_万元": 0,
        "一年内到期的非流动资产_万元": 0,
        "其他流动资产_万元": 589.66574,
        "流动资产合计_万元": 77761.607433,
        "交易性金融资产_万元": 5000,
        "债权投资_万元": 0,
        "其他债权投资_万元": 0,
        "长期应收款_万元": 0,
        "长期股权投资_万元": 0,
        "其他权益工具投资_万元": 0,
        "投资性房地产_万元": 770.890596,
        "固定资产_万元": 55328.647076,
        "在建工程_万元": 15713.139058,
        "生产性生物资产_万元": 0,
        "油气资产_万元": 0,
        "使用权资产_万元": 0,
        "无形资产_万元": 13553.294117,
        "开发支出_万元": 2117.269172,
        "商誉_万元": 51760.06713,
        "长期待摊费用_万元": 0,
        "递延所得税资产_万元": 2390.499605,
        "其他非流动资产_万元": 1445.945818,
        "非流动资产合计_万元": 144429.752572,
        "总资产_万元": 222191.360005,
        "总资产同比增长_百分比": -7.45,
        "短期借款_万元": 26000,
        "交易性金融负债_万元": 0,
        "应付票据_万元": 867.93645,
        "应付账款_万元": 6097.641306,
        "预收款项_万元": 0,
        "合同负债_万元": 2675.863323,
        "应付职工薪酬_万元": 799.667275,
        "应交税费_万元": 1343.304748,
        "其他应付款_万元": 308.209848,
        "一年内到期的非流动负债_万元": 0,
        "其他流动负债_万元": 347.862232,
        "流动负债合计_万元": 38440.485182,
        "长期借款_万元": 0,
        "应付债券_万元": 0,
        "租赁负债_万元": 0,
        "长期应付款_万元": 0,
        "预计负债_万元": 0,
        "递延收益_万元": 1975.01334,
        "递延所得税负债_万元": 1927.864688,
        "其他非流动负债_万元": 0,
        "非流动负债合计_万元": 3902.878028,
        "总负债_万元": 42343.36321,
        "总负债同比增长_百分比": null,
        "资产负债率_百分比": null,
        "实收资本_万元": 51253.1525,
        "资本公积_万元": 84580.97329,
        "盈余公积_万元": 14230.931462,
        "未分配利润_万元": 38506.131319,
        "其他综合收益_万元": 0,
        "专项储备_万元": 671.592726,
        "归属于母公司所有者权益合计_万元": 179847.996795,
        "少数股东权益_万元": 0,
        "股东权益合计_万元": 179847.996795
    },
    "利润表": {
        "营业总收入_万元": 29513.334845,
        "营业收入_万元": 29513.334845,
        "营业总收入同比增长_百分比": 79.29,
        "营业成本_万元": 10411.603172,
        "税金及附加_万元": 434.2733,
        "销售费用_万元": 12192.659434,
        "管理费用_万元": 1748.417981,
        "研发费用_万元": 951.291533,
        "财务费用_万元": 95.602678,
        "其中利息费用_万元": 185.050399,
        "其中利息收入_万元": 119.292695,
        "其他收益_万元": 176.664358,
        "投资收益_万元": 18.641096,
        "其中对联营企业投资收益_万元": 0,
        "公允价值变动收益_万元": 0,
        "信用减值损失_万元": 118.00349,
        "资产减值损失_万元": 0,
        "资产处置收益_万元": -5.968776,
        "营业总支出_万元": null,
        "营业利润_万元": 3986.826915,
        "营业外收入_万元": 0,
        "营业外支出_万元": 45.144766,
        "利润总额_万元": 3941.682149,
        "所得税费用_万元": 784.954784,
        "净利润_万元": 3156.727365,
        "归母净利润_万元": 3156.727365,
        "少数股东损益_万元": 0,
        "持续经营净利润_万元": 3156.727365,
        "终止经营净利润_万元": 0,
        "其他综合收益_万元": 0,
        "综合收益总额_万元": 3156.727365,
        "归母综合收益总额_万元": 3156.727365
    },
    "现金流量表": {
        "销售商品收到现金_万元": 33409.786517,
        "收到的税费返还_万元": 0,
        "收到其他经营活动现金_万元": 163.508896,
        "经营活动现金流入_万元": 33573.287413,
        "购买商品支付现金_万元": 7104.711644,
        "支付职工现金_万元": 2902.131836,
        "支付税费_万元": 3554.90317,
        "支付其他经营活动现金_万元": 11073.165183,
        "经营活动现金流出_万元": 24634.911833,
        "经营现金流净额_万元": 8938.37558,
        "经营现金流净额同比增长_百分比": 327,
        "收回投资现金_万元": 0,
        "取得投资收益现金_万元": 18.641096,
        "处置资产收回现金_万元": 20,
        "收到其他投资活动现金_万元": 9000,
        "投资活动现金流入_万元": 903.861096,
        "投资支付现金_万元": 0,
        "购建资产支付现金_万元": 1933.079044,
        "支付其他投资活动现金_万元": 14000,
        "投资活动现金流出_万元": 15933.079044,
        "投资现金流净额_万元": -6894.437948,
        "吸收投资现金_万元": 1058.068752,
        "取得借款现金_万元": 16000,
        "收到其他筹资活动现金_万元": 10400,
        "筹资活动现金流入_万元": 27458.068752,
        "偿还债务现金_万元": 41700,
        "分配股利现金_万元": 118.137666,
        "支付其他筹资活动现金_万元": 9.159414,
        "筹资活动现金流出_万元": 41827.29708,
        "融资现金流净额_万元": -14369.228328,
        "汇率变动影响_万元": 0,
        "现金及等价物净增加额_万元": -12325.290696,
        "净现金流_元": null,
        "净现金流同比增长_百分比": null,
        "期初现金及等价物_万元": 30296.172349,
        "期末现金及等价物_万元": 17970.881653,
        "经营现金流占比_百分比": null,
        "投资现金流占比_百分比": null,
        "融资现金流占比_百分比": null
    }
}