{
    "报告信息": {
        "序号": null,
        "股票代码": "002728",
        "股票简称": "特一药业",
        "报告年份": "2023",
        "报告期": "HY",
        "总股本_股": 320992522,
        "流通股本_股": 223820272,
        "报告日期": "2023-08-28",
        "审计意见": "未经审计",
        "会计师事务所": null
    },
    "核心业绩指标": {
        "每股收益_元": 0.47,
        "稀释每股收益_元": 0.46,
        "营业总收入_万元": 53838.064761,
        "营业总收入_亿元": 5.3838064761,
        "营收同比增长_百分比": 39.79,
        "营收环比增长_百分比": null,
        "净利润_万元": 15212.511147,
        "净利润_亿元": 1.5212511147,
        "净利润同比增长_百分比": 147.51,
        "净利润环比增长_百分比": null,
        "归母净利润_万元": 15212.511147,
        "少数股东损益_万元": null,
        "每股净资产_元": 4.39,
        "净资产收益率_百分比": null,
        "扣非净资产收益率_百分比": null,
        "每股经营现金流_元": 0.18,
        "扣非净利润_万元": 15049.530528,
        "扣非净利润同比增长_百分比": 167.19,
        "销售毛利率_百分比": null,
        "销售净利率_百分比": null,
        "加权平均净资产收益率_百分比": 10.46,
        "扣非加权净资产收益率_百分比": null,
        "总资产收益率_百分比": null,
        "主营业务收入_万元": 53838.064761,
        "主营业务成本_万元": 22205.148634,
        "主营业务利润_万元": null
    },
    "资产负债表": {
        "货币资金_万元": 35073.400213,
        "应收账款_万元": 7364.339858,
        "应收票据_万元": 3607.696996,
        "应收款项融资_万元": null,
        "预付款项_万元": 3091.452369,
        "其他应收款_万元": 132.922697,
        "存货_万元": 24820.27441,
        "合同资产_万元": null,
        "一年内到期的非流动资产_万元": null,
        "其他流动资产_万元": 7.258285,
        "流动资产合计_万元": 74097.344828,
        "交易性金融资产_万元": null,
        "债权投资_万元": null,
        "其他债权投资_万元": null,
        "长期应收款_万元": null,
        "长期股权投资_万元": null,
        "其他权益工具投资_万元": null,
        "投资性房地产_万元": 987.108309,
        "固定资产_万元": 48829.129186,
        "在建工程_万元": 17194.075894,
        "生产性生物资产_万元": null,
        "油气资产_万元": null,
        "使用权资产_万元": null,
        "无形资产_万元": 14777.552002,
        "开发支出_万元": 1433.864662,
        "商誉_万元": 54239.507528,
        "长期待摊费用_万元": 8.750015,
        "递延所得税资产_万元": 1177.883845,
        "其他非流动资产_万元": 1909.163219,
        "非流动资产合计_万元": 141907.03466,
        "总资产_万元": 216004.379488,
        "总资产同比增长_百分比": -15.15,
        "短期借款_万元": 36988.0,
        "交易性金融负债_万元": null,
        "应付票据_万元": 2950.230356,
        "应付账款_万元": 5475.438842,
        "预收款项_万元": null,
        "合同负债_万元": 1875.046684,
        "应付职工薪酬_万元": 655.630911,
        "应交税费_万元": 1165.987637,
        "其他应付款_万元": 522.72963,
        "一年内到期的非流动负债_万元": 21764.917008,
        "其他流动负债_万元": 243.756069,
        "流动负债合计_万元": 71641.737137,
        "长期借款_万元": null,
        "应付债券_万元": null,
        "租赁负债_万元": null,
        "长期应付款_万元": null,
        "预计负债_万元": null,
        "递延收益_万元": 2122.676253,
        "递延所得税负债_万元": 1453.996773,
        "其他非流动负债_万元": null,
        "非流动负债合计_万元": 3576.673026,
        "总负债_万元": 75218.410163,
        "总负债同比增长_百分比": null,
        "资产负债率_百分比": 34.82,
        "实收资本_万元": 32099.2522,
        "资本公积_万元": 48563.4529,
        "盈余公积_万元": 11458.86465,
        "未分配利润_万元": 44203.848112,
        "其他综合收益_万元": null,
        "专项储备_万元": 618.504133,
        "归属于母公司所有者权益合计_万元": 140785.969325,
        "少数股东权益_万元": null,
        "股东权益合计_万元": 140785.969325
    },
    "利润表": {
        "营业总收入_万元": 53838.064761,
        "营业收入_万元": 53838.064761,
        "营业总收入同比增长_百分比": 39.79,
        "营业成本_万元": 22205.148634,
        "税金及附加_万元": 562.865634,
        "销售费用_万元": 8061.545644,
        "管理费用_万元": 3067.975213,
        "研发费用_万元": 1987.691618,
        "财务费用_万元": 408.446815,
        "其中利息费用_万元": 955.083095,
        "其中利息收入_万元": 570.318267,
        "其他收益_万元": 187.322529,
        "投资收益_万元": null,
        "其中对联营企业投资收益_万元": null,
        "公允价值变动收益_万元": null,
        "信用减值损失_万元": 171.433094,
        "资产减值损失_万元": null,
        "资产处置收益_万元": 12.035587,
        "营业总支出_万元": null,
        "营业利润_万元": 17915.182413,
        "营业外收入_万元": 0.703824,
        "营业外支出_万元": 7.852321,
        "利润总额_万元": 17908.033916,
        "所得税费用_万元": 2695.522769,
        "净利润_万元": 15212.511147,
        "归母净利润_万元": 15212.511147,
        "少数股东损益_万元": null,
        "持续经营净利润_万元": 15212.511147,
        "终止经营净利润_万元": null,
        "其他综合收益_万元": null,
        "综合收益总额_万元": 15212.511147,
        "归母综合收益总额_万元": 15212.511147
    },
    "现金流量表": {
        "销售商品收到现金_万元": 44864.77797,
        "收到的税费返还_万元": null,
        "收到其他经营活动现金_万元": 1402.694568,
        "经营活动现金流入_万元": 46267.472538,
        "购买商品支付现金_万元": 17445.795072,
        "支付职工现金_万元": 5835.571551,
        "支付税费_万元": 6916.816219,
        "支付其他经营活动现金_万元": 10232.721484,
        "经营活动现金流出_万元": 40430.904326,
        "经营现金流净额_万元": 5836.568212,
        "经营现金流净额同比增长_百分比": -13.3,
        "收回投资现金_万元": null,
        "取得投资收益现金_万元": null,
        "处置资产收回现金_万元": 15.399,
        "收到其他投资活动现金_万元": null,
        "投资活动现金流入_万元": 15.399,
        "投资支付现金_万元": 1350.0,
        "购建资产支付现金_万元": 4595.913922,
        "支付其他投资活动现金_万元": 4000.0,
        "投资活动现金流出_万元": 4595.913922,
        "投资现金流净额_万元": -4580.514922,
        "吸收投资现金_万元": 1391.8749,
        "取得借款现金_万元": 27500.0,
        "收到其他筹资活动现金_万元": 20000.0,
        "筹资活动现金流入_万元": 48891.8749,
        "偿还债务现金_万元": 53880.0,
        "分配股利现金_万元": 15160.564183,
        "支付其他筹资活动现金_万元": null,
        "筹资活动现金流出_万元": 69040.564183,
        "融资现金流净额_万元": -20148.689283,
        "汇率变动影响_万元": null,
        "现金及等价物净增加额_万元": -18892.635993,
        "净现金流_元": null,
        "净现金流同比增长_百分比": 36.06,
        "期初现金及等价物_万元": 53923.038433,
        "期末现金及等价物_万元": 35030.40244,
        "经营现金流占比_百分比": null,
        "投资现金流占比_百分比": null,
        "融资现金流占比_百分比": null
    }
}