{
    "报告信息": {
        "序号": null,
        "股票代码": "002589",
        "股票简称": "瑞康医药",
        "报告年份": "2022",
        "报告期": "FY",
        "总股本_股": 1504710471,
        "流通股本_股": 1158128679,
        "报告日期": "2023年4月",
        "审计意见": "标准的无保留意见",
        "会计师事务所": "天圆全会计师事务所（特殊普通合伙）"
    },
    "核心业绩指标": {
        "每股收益_元": -1.2424,
        "稀释每股收益_元": -1.2424,
        "营业总收入_万元": 1231127.775366,
        "营业总收入_亿元": 123.1127775366,
        "营收同比增长_百分比": -41.54,
        "营收环比增长_百分比": null,
        "净利润_万元": -173947.265343,
        "净利润_亿元": -17.3947265343,
        "净利润同比增长_百分比": -1496.31,
        "净利润环比增长_百分比": null,
        "归母净利润_万元": -183165.18503,
        "少数股东损益_万元": 9217.919687,
        "每股净资产_元": 3.59,
        "净资产收益率_百分比": -28.81,
        "扣非净资产收益率_百分比": null,
        "每股经营现金流_元": 0.35,
        "扣非净利润_万元": -92755.787739,
        "扣非净利润同比增长_百分比": -304.3,
        "销售毛利率_百分比": 13.58,
        "销售净利率_百分比": -14.13,
        "加权平均净资产收益率_百分比": -28.81,
        "扣非加权净资产收益率_百分比": null,
        "总资产收益率_百分比": null,
        "主营业务收入_万元": 1231127.775366,
        "主营业务成本_万元": 1063920.3103,
        "主营业务利润_万元": 167207.465066
    },
    "资产负债表": {
        "货币资金_万元": 534021.182191,
        "应收账款_万元": 411236.934925,
        "应收票据_万元": 20215.844909,
        "应收款项融资_万元": 28892.058958,
        "预付款项_万元": 19158.59107,
        "其他应收款_万元": 167040.70415,
        "存货_万元": 95451.496778,
        "合同资产_万元": null,
        "一年内到期的非流动资产_万元": null,
        "其他流动资产_万元": 5938.784472,
        "流动资产合计_万元": 1281955.597453,
        "交易性金融资产_万元": null,
        "债权投资_万元": null,
        "其他债权投资_万元": null,
        "长期应收款_万元": 0.00661,
        "长期股权投资_万元": 43594.830455,
        "其他权益工具投资_万元": 1521.7561,
        "投资性房地产_万元": 62542.182409,
        "固定资产_万元": 197534.730191,
        "在建工程_万元": 31536.65456,
        "生产性生物资产_万元": 0.071338637,
        "油气资产_万元": null,
        "使用权资产_万元": 645.326058,
        "无形资产_万元": 62420.808505,
        "开发支出_万元": 958.0,
        "商誉_万元": 14668.525804,
        "长期待摊费用_万元": 8993.222005,
        "递延所得税资产_万元": 10554.062087,
        "其他非流动资产_万元": 102849.769055,
        "非流动资产合计_万元": 551151.867229,
        "总资产_万元": 1833107.464682,
        "总资产同比增长_百分比": -30.56,
        "短期借款_万元": 383983.469113,
        "交易性金融负债_万元": null,
        "应付票据_万元": 515735.932155,
        "应付账款_万元": 255739.248008,
        "预收款项_万元": 62.717491,
        "合同负债_万元": 3180.499406,
        "应付职工薪酬_万元": 2264.531134,
        "应交税费_万元": 2873.388941,
        "其他应付款_万元": 73161.87085,
        "一年内到期的非流动负债_万元": 833.181693,
        "其他流动负债_万元": 9008.816066,
        "流动负债合计_万元": 1246843.654857,
        "长期借款_万元": 6720.0,
        "应付债券_万元": null,
        "租赁负债_万元": 273.04141,
        "长期应付款_万元": null,
        "预计负债_万元": null,
        "递延收益_万元": 193.411077,
        "递延所得税负债_万元": 3896.644487,
        "其他非流动负债_万元": null,
        "非流动负债合计_万元": 11083.096974,
        "总负债_万元": 1257926.751831,
        "总负债同比增长_百分比": -24.76,
        "资产负债率_百分比": 68.62,
        "实收资本_万元": 150471.0471,
        "资本公积_万元": 370061.036281,
        "盈余公积_万元": 15277.184359,
        "未分配利润_万元": 28034.649059,
        "其他综合收益_万元": null,
        "专项储备_万元": null,
        "归属于母公司所有者权益合计_万元": 540778.763868,
        "少数股东权益_万元": 34401.948983,
        "股东权益合计_万元": 575180.712851
    },
    "利润表": {
        "营业总收入_万元": 1231127.775366,
        "营业收入_万元": 1231127.775366,
        "营业总收入同比增长_百分比": -41.54,
        "营业成本_万元": 1063920.3103,
        "税金及附加_万元": 5212.7203,
        "销售费用_万元": 84714.90841,
        "管理费用_万元": 69991.016724,
        "研发费用_万元": 2267.764778,
        "财务费用_万元": 36211.82705,
        "其中利息费用_万元": 40770.619455,
        "其中利息收入_万元": 8396.862189,
        "其他收益_万元": 1690.016835,
        "投资收益_万元": -48111.777677,
        "其中对联营企业投资收益_万元": -1995.834297,
        "公允价值变动收益_万元": -43103.506494,
        "信用减值损失_万元": -29082.025037,
        "资产减值损失_万元": -21764.337775,
        "资产处置收益_万元": -99.530625,
        "营业总支出_万元": 1262318.540365,
        "营业利润_万元": -171661.925772,
        "营业外收入_万元": 110.737114,
        "营业外支出_万元": 2839.967743,
        "利润总额_万元": -174391.156401,
        "所得税费用_万元": -443.891058,
        "净利润_万元": -173947.265343,
        "归母净利润_万元": -183165.18503,
        "少数股东损益_万元": 9217.919687,
        "持续经营净利润_万元": -173947.265343,
        "终止经营净利润_万元": null,
        "其他综合收益_万元": null,
        "综合收益总额_万元": -173947.265343,
        "归母综合收益总额_万元": -183165.18503
    },
    "现金流量表": {
        "销售商品收到现金_万元": 1462542.890402,
        "收到的税费返还_万元": 8929.32049,
        "收到其他经营活动现金_万元": 56199.572452,
        "经营活动现金流入_万元": 1527671.783344,
        "购买商品支付现金_万元": 1195216.931054,
        "支付职工现金_万元": 53300.206488,
        "支付税费_万元": 48796.824656,
        "支付其他经营活动现金_万元": 178050.433705,
        "经营活动现金流出_万元": 1475364.395903,
        "经营现金流净额_万元": 52307.387441,
        "经营现金流净额同比增长_百分比": 18.09,
        "收回投资现金_万元": null,
        "取得投资收益现金_万元": 3276.525921,
        "处置资产收回现金_万元": 8397.494059,
        "收到其他投资活动现金_万元": 126184.626472,
        "投资活动现金流入_万元": 253178.515053,
        "投资活动现金流出_万元": 193882.776652,
        "投资现金流净额_万元": 59295.738401,
        "吸收投资现金_万元": null,
        "取得借款现金_万元": null,
        "收到其他筹资活动现金_万元": null,
        "筹资活动现金流入_万元": 1749843.531032,
        "偿还债务现金_万元": 433945.865318,
        "分配股利现金_万元": 23285.266156,
        "支付其他筹资活动现金_万元": 1439124.910038,
        "筹资活动现金流出_万元": 1896356.041512,
        "融资现金流净额_万元": -146512.51048,
        "汇率变动影响_万元": 0.401601,
        "现金及等价物净增加额_万元": -34908.983037,
        "净现金流_元": -349089830.37,
        "净现金流同比增长_百分比": -82.79,
        "期初现金及等价物_万元": 457873.954376,
        "期末现金及等价物_万元": 534021.182191,
        "经营现金流占比_百分比": 149.79,
        "投资现金流占比_百分比": -169.86,
        "融资现金流占比_百分比": 419.76
    }
}