{
    "报告信息": {
        "序号": null,
        "股票代码": "002589",
        "股票简称": "瑞康医药",
        "报告年份": "2023",
        "报告期": "FY",
        "总股本_股": 1504710471,
        "流通股本_股": null,
        "报告日期": "2024-04-30",
        "审计意见": "标准的无保留意见",
        "会计师事务所": "中兴财光华会计师事务所（特殊普通合伙）"
    },
    "核心业绩指标": {
        "每股收益_元": 0.0135,
        "稀释每股收益_元": 0.0135,
        "营业总收入_万元": 803436.799733,
        "营业总收入_亿元": 80.3436799733,
        "营收同比增长_百分比": -34.74,
        "营收环比增长_百分比": null,
        "净利润_万元": 2031.768935,
        "净利润_亿元": 0.2031768935,
        "净利润同比增长_百分比": 101.11,
        "净利润环比增长_百分比": null,
        "归母净利润_万元": 2031.768935,
        "少数股东损益_万元": 116.5354527,
        "每股净资产_元": null,
        "净资产收益率_百分比": 0.38,
        "扣非净资产收益率_百分比": null,
        "每股经营现金流_元": null,
        "扣非净利润_万元": -20982.289622,
        "扣非净利润同比增长_百分比": 77.36,
        "销售毛利率_百分比": null,
        "销售净利率_百分比": null,
        "加权平均净资产收益率_百分比": 0.38,
        "扣非加权净资产收益率_百分比": null,
        "总资产收益率_百分比": null,
        "主营业务收入_万元": 797639.594632,
        "主营业务成本_万元": 718994.129262,
        "主营业务利润_万元": null
    },
    "资产负债表": {
        "货币资金_万元": 506078.652448,
        "应收账款_万元": 376298.832445,
        "应收票据_万元": 21704.294957,
        "应收款项融资_万元": 24200.897947,
        "预付款项_万元": 9737.102752,
        "其他应收款_万元": 99001.489901,
        "存货_万元": 111907.000689,
        "合同资产_万元": null,
        "一年内到期的非流动资产_万元": null,
        "其他流动资产_万元": 4980.999914,
        "流动资产合计_万元": 1153909.271053,
        "交易性金融资产_万元": null,
        "债权投资_万元": null,
        "其他债权投资_万元": null,
        "长期应收款_万元": null,
        "长期股权投资_万元": 65538.761945,
        "其他权益工具投资_万元": 521.7561,
        "投资性房地产_万元": 60526.343046,
        "固定资产_万元": 184556.4712,
        "在建工程_万元": 42933.974513,
        "生产性生物资产_万元": null,
        "油气资产_万元": null,
        "使用权资产_万元": 252.002649,
        "无形资产_万元": 55239.102845,
        "开发支出_万元": null,
        "商誉_万元": 14666.76215,
        "长期待摊费用_万元": 6086.616119,
        "递延所得税资产_万元": 28444.430164,
        "其他非流动资产_万元": 39112.753662,
        "非流动资产合计_万元": 517021.332095,
        "总资产_万元": 1670930.603148,
        "总资产同比增长_百分比": -8.85,
        "短期借款_万元": 655606.148041,
        "交易性金融负债_万元": null,
        "应付票据_万元": 44859.875069,
        "应付账款_万元": 327402.974102,
        "预收款项_万元": null,
        "合同负债_万元": 2911.666824,
        "应付职工薪酬_万元": 1790.74812,
        "应交税费_万元": 1478.230191,
        "其他应付款_万元": 31691.004546,
        "一年内到期的非流动负债_万元": 612.392588,
        "其他流动负债_万元": 9758.721056,
        "流动负债合计_万元": 1076117.60537,
        "长期借款_万元": 26127.396764,
        "应付债券_万元": null,
        "租赁负债_万元": 83.571442,
        "长期应付款_万元": null,
        "预计负债_万元": null,
        "递延收益_万元": 161.932309,
        "递延所得税负债_万元": 4748.242687,
        "其他非流动负债_万元": null,
        "非流动负债合计_万元": 31121.143202,
        "总负债_万元": 1107329.03739,
        "总负债同比增长_百分比": null,
        "资产负债率_百分比": null,
        "实收资本_万元": 150471.0471,
        "资本公积_万元": 371990.918563,
        "盈余公积_万元": 15952.709527,
        "未分配利润_万元": 29429.849105,
        "其他综合收益_万元": null,
        "专项储备_万元": null,
        "归属于母公司所有者权益合计_万元": 544779.371364,
        "少数股东权益_万元": 18918.328045,
        "股东权益合计_万元": 563697.699409
    },
    "利润表": {
        "营业总收入_万元": 803436.799733,
        "营业收入_万元": 803436.799733,
        "营业总收入同比增长_百分比": -34.74,
        "营业成本_万元": 720733.579448,
        "税金及附加_万元": 4571.652402,
        "销售费用_万元": 43199.674155,
        "管理费用_万元": 40825.956559,
        "研发费用_万元": 1461.55741,
        "财务费用_万元": 13264.019282,
        "其中利息费用_万元": 30370.200277,
        "其中利息收入_万元": 19070.917368,
        "其他收益_万元": 878.048974,
        "投资收益_万元": 40882.15599,
        "其中对联营企业投资收益_万元": -606.821981,
        "公允价值变动收益_万元": -22889.612298,
        "信用减值损失_万元": -6773.530351,
        "资产减值损失_万元": -3348.515948,
        "资产处置收益_万元": -792.450483,
        "营业总支出_万元": 824056.439256,
        "营业利润_万元": -12663.543639,
        "营业外收入_万元": 293.296992,
        "营业外支出_万元": 1171.524983,
        "利润总额_万元": -13541.77163,
        "所得税费用_万元": -16738.895092,
        "净利润_万元": 3197.123462,
        "归母净利润_万元": 2031.768935,
        "少数股东损益_万元": 116.5354527,
        "持续经营净利润_万元": 3197.123462,
        "终止经营净利润_万元": null,
        "其他综合收益_万元": null,
        "综合收益总额_万元": 3197.123462,
        "归母综合收益总额_万元": 2031.768935
    },
    "现金流量表": {
        "销售商品收到现金_万元": 865957.08041,
        "收到的税费返还_万元": 2251.46975,
        "收到其他经营活动现金_万元": 56877.899779,
        "经营活动现金流入_万元": 925086.449939,
        "购买商品支付现金_万元": 766308.489053,
        "支付职工现金_万元": 30628.091161,
        "支付税费_万元": 15781.162485,
        "支付其他经营活动现金_万元": 104122.038034,
        "经营活动现金流出_万元": 916839.780733,
        "经营现金流净额_万元": 8246.669206,
        "经营现金流净额同比增长_百分比": -84.23,
        "收回投资现金_万元": 1084.56,
        "取得投资收益现金_万元": 29.540786,
        "处置资产收回现金_万元": 70.816016,
        "收到其他投资活动现金_万元": 33000.0,
        "投资活动现金流入_万元": 150638.88949,
        "投资支付现金_万元": 29682.181818,
        "购建资产支付现金_万元": 29838.443642,
        "支付其他投资活动现金_万元": 33165.235272,
        "投资活动现金流出_万元": 92685.860732,
        "投资现金流净额_万元": 57953.028758,
        "吸收投资现金_万元": null,
        "取得借款现金_万元": 540565.365203,
        "收到其他筹资活动现金_万元": 2081174.552163,
        "筹资活动现金流入_万元": 2621739.917366,
        "偿还债务现金_万元": 397372.624028,
        "分配股利现金_万元": null,
        "支付其他筹资活动现金_万元": 2263902.933454,
        "筹资活动现金流出_万元": 2689459.646554,
        "融资现金流净额_万元": -67719.729188,
        "汇率变动影响_万元": -0.09244,
        "现金及等价物净增加额_万元": -1520.123664,
        "净现金流_元": null,
        "净现金流同比增长_百分比": 95.65,
        "期初现金及等价物_万元": null,
        "期末现金及等价物_万元": null,
        "经营现金流占比_百分比": null,
        "投资现金流占比_百分比": null,
        "融资现金流占比_百分比": null
    }
}