{
    "报告信息": {
        "序号": null,
        "股票代码": "002589",
        "股票简称": "瑞康医药",
        "报告年份": "2024",
        "报告期": "FY",
        "总股本_股": 1504710471,
        "流通股本_股": null,
        "报告日期": "2025-04-24",
        "审计意见": "标准无保留意见",
        "会计师事务所": "中兴财光华会计师事务所（特殊普通合伙）"
    },
    "核心业绩指标": {
        "每股收益_元": 0.0137,
        "稀释每股收益_元": 0.0137,
        "营业总收入_万元": 796634.557674,
        "营业总收入_亿元": 79.6634557674,
        "营收同比增长_百分比": -0.85,
        "营收环比增长_百分比": null,
        "净利润_万元": 2062.158194,
        "净利润_亿元": 0.2062158194,
        "净利润同比增长_百分比": 1.5,
        "净利润环比增长_百分比": null,
        "归母净利润_万元": 2062.158194,
        "少数股东损益_万元": 2039.622832,
        "每股净资产_元": null,
        "净资产收益率_百分比": 0.38,
        "扣非净资产收益率_百分比": null,
        "每股经营现金流_元": null,
        "扣非净利润_万元": -12832.087087,
        "扣非净利润同比增长_百分比": 38.84,
        "销售毛利率_百分比": null,
        "销售净利率_百分比": null,
        "加权平均净资产收益率_百分比": 0.38,
        "扣非加权净资产收益率_百分比": null,
        "总资产收益率_百分比": null,
        "主营业务收入_万元": 796634.557674,
        "主营业务成本_万元": 709014.284263,
        "主营业务利润_万元": null
    },
    "资产负债表": {
        "货币资金_万元": 498366.384129,
        "应收账款_万元": 386502.995281,
        "应收票据_万元": 18904.84984,
        "应收款项融资_万元": 32096.447904,
        "预付款项_万元": 4817.488633,
        "其他应收款_万元": 89274.517703,
        "存货_万元": 73474.05152,
        "合同资产_万元": null,
        "一年内到期的非流动资产_万元": null,
        "其他流动资产_万元": 4670.715245,
        "流动资产合计_万元": 1108107.450255,
        "交易性金融资产_万元": null,
        "债权投资_万元": null,
        "其他债权投资_万元": null,
        "长期应收款_万元": null,
        "长期股权投资_万元": 53190.099537,
        "其他权益工具投资_万元": 521.7561,
        "投资性房地产_万元": 58704.216524,
        "固定资产_万元": 192567.123113,
        "在建工程_万元": 30733.895073,
        "生产性生物资产_万元": null,
        "油气资产_万元": null,
        "使用权资产_万元": 539.161608,
        "无形资产_万元": 44089.009562,
        "开发支出_万元": null,
        "商誉_万元": 14666.76215,
        "长期待摊费用_万元": 3916.2756,
        "递延所得税资产_万元": 28614.931961,
        "其他非流动资产_万元": 44620.699194,
        "非流动资产合计_万元": 493124.550247,
        "总资产_万元": 1601232.000502,
        "总资产同比增长_百分比": -4.17,
        "短期借款_万元": 609167.857633,
        "交易性金融负债_万元": null,
        "应付票据_万元": 60338.284517,
        "应付账款_万元": 277884.529766,
        "预收款项_万元": 1110.09174,
        "合同负债_万元": 1402.996058,
        "应付职工薪酬_万元": 1914.695238,
        "应交税费_万元": 2625.27488,
        "其他应付款_万元": 19198.865062,
        "一年内到期的非流动负债_万元": 15613.703893,
        "其他流动负债_万元": 4070.076456,
        "流动负债合计_万元": 993326.375243,
        "长期借款_万元": 32708.144065,
        "应付债券_万元": null,
        "租赁负债_万元": 411.5955,
        "长期应付款_万元": null,
        "预计负债_万元": null,
        "递延收益_万元": 473.737987,
        "递延所得税负债_万元": 4850.33107,
        "其他非流动负债_万元": null,
        "非流动负债合计_万元": 38443.808622,
        "总负债_万元": 1031770.183865,
        "总负债同比增长_百分比": null,
        "资产负债率_百分比": null,
        "实收资本_万元": 150471.0471,
        "资本公积_万元": 358872.830702,
        "盈余公积_万元": 16736.244057,
        "未分配利润_万元": 27699.051828,
        "其他综合收益_万元": null,
        "专项储备_万元": null,
        "归属于母公司所有者权益合计_万元": 553779.173687,
        "少数股东权益_万元": 15682.64295,
        "股东权益合计_万元": 569461.816637
    },
    "利润表": {
        "营业总收入_万元": 796634.557674,
        "营业收入_万元": 796634.557674,
        "营业总收入同比增长_百分比": -0.85,
        "营业成本_万元": 709014.284263,
        "税金及附加_万元": 3691.109336,
        "销售费用_万元": 36048.881684,
        "管理费用_万元": 39489.842055,
        "研发费用_万元": 1002.911545,
        "财务费用_万元": 12689.556442,
        "其中利息费用_万元": 19386.643408,
        "其中利息收入_万元": 8789.188027,
        "其他收益_万元": 236.869635,
        "投资收益_万元": 9621.312133,
        "其中对联营企业投资收益_万元": -12.737192,
        "公允价值变动收益_万元": 3064.707886,
        "信用减值损失_万元": -6961.464977,
        "资产减值损失_万元": null,
        "资产处置收益_万元": 1893.879504,
        "营业总支出_万元": null,
        "营业利润_万元": 2553.27653,
        "营业外收入_万元": 2033.674952,
        "营业外支出_万元": 430.067724,
        "利润总额_万元": 4156.883758,
        "所得税费用_万元": 55.102732,
        "净利润_万元": 4101.781026,
        "归母净利润_万元": 2062.158194,
        "少数股东损益_万元": 2039.622832,
        "持续经营净利润_万元": 4101.781026,
        "终止经营净利润_万元": null,
        "其他综合收益_万元": null,
        "综合收益总额_万元": 4101.781026,
        "归母综合收益总额_万元": 2062.158194
    },
    "现金流量表": {
        "销售商品收到现金_万元": 861072.61762,
        "收到的税费返还_万元": 38.487851,
        "收到其他经营活动现金_万元": 98378.757115,
        "经营活动现金流入_万元": 959489.862586,
        "购买商品支付现金_万元": 797072.317637,
        "支付职工现金_万元": 31050.012775,
        "支付税费_万元": 16623.814231,
        "支付其他经营活动现金_万元": 98699.229993,
        "经营活动现金流出_万元": 943445.374636,
        "经营现金流净额_万元": 16044.48795,
        "经营现金流净额同比增长_百分比": 94.56,
        "收回投资现金_万元": 17439.428383,
        "取得投资收益现金_万元": 19.632146,
        "处置资产收回现金_万元": 75.030698,
        "收到其他投资活动现金_万元": 65993.502164,
        "投资活动现金流入_万元": 106154.820241,
        "投资支付现金_万元": 8395.06,
        "购建资产支付现金_万元": 11152.842913,
        "支付其他投资活动现金_万元": 66209.179304,
        "投资活动现金流出_万元": 85757.082217,
        "投资现金流净额_万元": 20397.738024,
        "吸收投资现金_万元": null,
        "取得借款现金_万元": 271253.77435,
        "收到其他筹资活动现金_万元": 1864615.052547,
        "筹资活动现金流入_万元": 2135868.826897,
        "偿还债务现金_万元": 296102.260221,
        "分配股利现金_万元": 19870.643471,
        "支付其他筹资活动现金_万元": 1834534.403599,
        "筹资活动现金流出_万元": 2150516.307291,
        "融资现金流净额_万元": -14647.480394,
        "汇率变动影响_万元": null,
        "现金及等价物净增加额_万元": 21794.74558,
        "净现金流_元": null,
        "净现金流同比增长_百分比": 1533.75,
        "期初现金及等价物_万元": 47194.190273,
        "期末现金及等价物_万元": 68988.935853,
        "经营现金流占比_百分比": null,
        "投资现金流占比_百分比": null,
        "融资现金流占比_百分比": null
    }
}