{
    "报告信息": {
        "序号": null,
        "股票代码": "002589",
        "股票简称": "瑞康医药",
        "报告年份": "2023",
        "报告期": "第一季度",
        "总股本_股": 1504710471,
        "流通股本_股": null,
        "报告日期": "2023-03-31",
        "审计意见": "未经审计",
        "会计师事务所": null,
        "期": "Q1"
    },
    "核心业绩指标": {
        "每股收益_元": 0.014,
        "稀释每股收益_元": 0.014,
        "营业总收入_万元": 207302.77,
        "营业总收入_亿元": 20.730277,
        "营收同比增长_百分比": -49.36,
        "营收环比增长_百分比": null,
        "净利润_万元": 2998.344804,
        "净利润_亿元": 0.2998344804,
        "净利润同比增长_百分比": null,
        "净利润环比增长_百分比": null,
        "归母净利润_万元": 2115.956523,
        "少数股东损益_万元": 882.388281,
        "每股净资产_元": 3.614,
        "净资产收益率_百分比": 0.18,
        "扣非净资产收益率_百分比": null,
        "每股经营现金流_元": 0.05,
        "扣非净利润_万元": -425.642409,
        "扣非净利润同比增长_百分比": -111.08,
        "销售毛利率_百分比": 15.4,
        "销售净利率_百分比": 1.45,
        "加权平均净资产收益率_百分比": 0.18,
        "扣非加权净资产收益率_百分比": null,
        "总资产收益率_百分比": null,
        "主营业务收入_万元": 207302.77,
        "主营业务成本_万元": 175339.44,
        "主营业务利润_万元": 3297.774071
    },
    "资产负债表": {
        "货币资金_万元": 689177.192012,
        "应收账款_万元": 411091.335248,
        "应收票据_万元": 21901.87708,
        "应收款项融资_万元": 26914.944565,
        "预付款项_万元": 16602.884292,
        "其他应收款_万元": 136474.043884,
        "存货_万元": 76907.128414,
        "合同资产_万元": null,
        "一年内到期的非流动资产_万元": null,
        "其他流动资产_万元": 5631.078003,
        "流动资产合计_万元": 1394700.483498,
        "交易性金融资产_万元": 10000,
        "债权投资_万元": null,
        "其他债权投资_万元": null,
        "长期应收款_万元": null,
        "长期股权投资_万元": 43594.830455,
        "其他权益工具投资_万元": 1521.7561,
        "投资性房地产_万元": 60813.678605,
        "固定资产_万元": 193973.144491,
        "在建工程_万元": 28806.446415,
        "生产性生物资产_万元": null,
        "油气资产_万元": null,
        "使用权资产_万元": 477.417953,
        "无形资产_万元": 62071.565016,
        "开发支出_万元": null,
        "商誉_万元": 14668.525804,
        "长期待摊费用_万元": 8916.162404,
        "递延所得税资产_万元": 10234.666764,
        "其他非流动资产_万元": 84917.356307,
        "非流动资产合计_万元": 524285.550314,
        "总资产_万元": 1918986.033812,
        "总资产同比增长_百分比": 4.68,
        "短期借款_万元": 548213.681543,
        "交易性金融负债_万元": null,
        "应付票据_万元": 461876.913323,
        "应付账款_万元": 235785.006379,
        "预收款项_万元": null,
        "合同负债_万元": 4153.069306,
        "应付职工薪酬_万元": 2165.121865,
        "应交税费_万元": 4499.301782,
        "其他应付款_万元": 69181.088506,
        "一年内到期的非流动负债_万元": 113.261623,
        "其他流动负债_万元": 7189.49623,
        "流动负债合计_万元": 1333176.940557,
        "长期借款_万元": 2490,
        "应付债券_万元": null,
        "租赁负债_万元": 302.709346,
        "长期应付款_万元": null,
        "预计负债_万元": null,
        "递延收益_万元": 186.772273,
        "递延所得税负债_万元": 3842.270698,
        "其他非流动负债_万元": null,
        "非流动负债合计_万元": 6821.752317,
        "总负债_万元": 1339998.692874,
        "总负债同比增长_百分比": null,
        "资产负债率_百分比": 69.9,
        "实收资本_万元": 150471.0471,
        "资本公积_万元": 370869.319564,
        "盈余公积_万元": 15277.184359,
        "未分配利润_万元": 30150.605582,
        "其他综合收益_万元": null,
        "专项储备_万元": null,
        "归属于母公司所有者权益合计_万元": 543703.003674,
        "少数股东权益_万元": null,
        "股东权益合计_万元": 578987.340938
    },
    "利润表": {
        "营业总收入_万元": 207302.77,
        "营业收入_万元": 207302.77,
        "营业总收入同比增长_百分比": -49.36,
        "营业成本_万元": 175339.44,
        "税金及附加_万元": 946.472867,
        "销售费用_万元": 10233.800779,
        "管理费用_万元": 9492.638603,
        "研发费用_万元": 284.665514,
        "财务费用_万元": 11894.677926,
        "其中利息费用_万元": 12263.91526,
        "其中利息收入_万元": 2353.8527,
        "其他收益_万元": 209.853384,
        "投资收益_万元": 5328.829022,
        "其中对联营企业投资收益_万元": null,
        "公允价值变动收益_万元": -3264,
        "信用减值损失_万元": 1645.149777,
        "资产减值损失_万元": null,
        "资产处置收益_万元": 266.871619,
        "营业总支出_万元": 208191.696647,
        "营业利润_万元": 3297.774071,
        "营业外收入_万元": 119.271593,
        "营业外支出_万元": 123.387495,
        "利润总额_万元": 3293.658169,
        "所得税费用_万元": 295.313365,
        "净利润_万元": 2998.344804,
        "归母净利润_万元": 2115.956523,
        "少数股东损益_万元": 882.388281,
        "持续经营净利润_万元": 2998.344804,
        "终止经营净利润_万元": null,
        "其他综合收益_万元": null,
        "综合收益总额_万元": 2998.344804,
        "归母综合收益总额_万元": 2115.956523
    },
    "现金流量表": {
        "销售商品收到现金_万元": 224282.964415,
        "收到的税费返还_万元": 249.525786,
        "收到其他经营活动现金_万元": 18304.62838,
        "经营活动现金流入_万元": 242837.118581,
        "购买商品支付现金_万元": 211707.501138,
        "支付职工现金_万元": 7633.661991,
        "支付税费_万元": 3859.295786,
        "支付其他经营活动现金_万元": 12077.593326,
        "经营活动现金流出_万元": 235278.052241,
        "经营现金流净额_万元": 7559.06634,
        "经营现金流净额同比增长_百分比": -42.36,
        "收回投资现金_万元": null,
        "取得投资收益现金_万元": 68.3,
        "处置资产收回现金_万元": 2191.356091,
        "收到其他投资活动现金_万元": 1000,
        "投资活动现金流入_万元": 36717.708779,
        "投资支付现金_万元": 10233.02,
        "购建资产支付现金_万元": 784.981335,
        "支付其他投资活动现金_万元": 11161.496554,
        "投资活动现金流出_万元": 11946.477889,
        "投资现金流净额_万元": 24771.23089,
        "吸收投资现金_万元": null,
        "取得借款现金_万元": 225381.7802,
        "收到其他筹资活动现金_万元": 414574.842518,
        "筹资活动现金流入_万元": 639956.622718,
        "偿还债务现金_万元": 183136.037215,
        "分配股利现金_万元": 13801.175953,
        "支付其他筹资活动现金_万元": 437221.206386,
        "筹资活动现金流出_万元": 634158.419554,
        "融资现金流净额_万元": 5798.203164,
        "汇率变动影响_万元": null,
        "现金及等价物净增加额_万元": 38128.500394,
        "净现金流_元": 381285003.94,
        "净现金流同比增长_百分比": null,
        "期初现金及等价物_万元": 48714.313937,
        "期末现金及等价物_万元": 86842.814331,
        "经营现金流占比_百分比": 19.8,
        "投资现金流占比_百分比": 64.9,
        "融资现金流占比_百分比": 15.2
    }
}