{
    "报告信息": {
        "序号": null,
        "股票代码": "002566",
        "股票简称": "益盛药业",
        "报告年份": "2022",
        "报告期": "FY",
        "总股本_股": 330951600,
        "流通股本_股": null,
        "报告日期": "2023年4月",
        "审计意见": "标准的无保留意见",
        "会计师事务所": "中审众环会计师事务所（特殊普通合伙）"
    },
    "核心业绩指标": {
        "每股收益_元": 0.2511,
        "稀释每股收益_元": 0.2511,
        "营业总收入_万元": 83004.132393,
        "营业总收入_亿元": 8.3004132393,
        "营收同比增长_百分比": -5.45,
        "营收环比增长_百分比": null,
        "净利润_万元": 8831.940406,
        "净利润_亿元": 0.8831940406,
        "净利润同比增长_百分比": null,
        "净利润环比增长_百分比": null,
        "归母净利润_万元": 8309.699427,
        "少数股东损益_万元": 522.240979,
        "每股净资产_元": null,
        "净资产收益率_百分比": null,
        "扣非净资产收益率_百分比": null,
        "每股经营现金流_元": null,
        "扣非净利润_万元": 6566.873912,
        "扣非净利润同比增长_百分比": -21.8,
        "销售毛利率_百分比": null,
        "销售净利率_百分比": null,
        "加权平均净资产收益率_百分比": 3.92,
        "扣非加权净资产收益率_百分比": null,
        "总资产收益率_百分比": null,
        "主营业务收入_万元": 83004.132393,
        "主营业务成本_万元": 21652.60522,
        "主营业务利润_万元": null
    },
    "资产负债表": {
        "货币资金_万元": 34326.387776,
        "应收账款_万元": 18968.533117,
        "应收票据_万元": 154.439791,
        "应收款项融资_万元": 7277.257128,
        "预付款项_万元": 527.681891,
        "其他应收款_万元": 2057.152706,
        "存货_万元": 160310.09295,
        "合同资产_万元": null,
        "一年内到期的非流动资产_万元": null,
        "其他流动资产_万元": 655.401994,
        "流动资产合计_万元": 230261.263812,
        "交易性金融资产_万元": 5984.316459,
        "债权投资_万元": null,
        "其他债权投资_万元": null,
        "长期应收款_万元": null,
        "长期股权投资_万元": null,
        "其他权益工具投资_万元": null,
        "投资性房地产_万元": null,
        "固定资产_万元": 50904.972037,
        "在建工程_万元": 197.726979,
        "生产性生物资产_万元": null,
        "油气资产_万元": null,
        "使用权资产_万元": 1508.252752,
        "无形资产_万元": 11702.507932,
        "开发支出_万元": null,
        "商誉_万元": 190.582733,
        "长期待摊费用_万元": 307.293161,
        "递延所得税资产_万元": 1420.160689,
        "其他非流动资产_万元": 167.9075,
        "非流动资产合计_万元": 66399.403783,
        "总资产_万元": 296660.667595,
        "总资产同比增长_百分比": 3.57,
        "短期借款_万元": 43042.701389,
        "交易性金融负债_万元": null,
        "应付票据_万元": null,
        "应付账款_万元": 2432.612497,
        "预收款项_万元": null,
        "合同负债_万元": 2450.932403,
        "应付职工薪酬_万元": 1002.02257,
        "应交税费_万元": 1882.080432,
        "其他应付款_万元": 7375.288142,
        "一年内到期的非流动负债_万元": 329.446352,
        "其他流动负债_万元": 301.38348,
        "流动负债合计_万元": 58816.467265,
        "长期借款_万元": null,
        "应付债券_万元": null,
        "租赁负债_万元": 982.468777,
        "长期应付款_万元": null,
        "预计负债_万元": null,
        "递延收益_万元": 11802.319929,
        "递延所得税负债_万元": 116.606087,
        "其他非流动负债_万元": null,
        "非流动负债合计_万元": 12901.394793,
        "总负债_万元": 71717.862058,
        "总负债同比增长_百分比": null,
        "资产负债率_百分比": null,
        "实收资本_万元": 33095.16,
        "资本公积_万元": 83468.933839,
        "盈余公积_万元": 13214.274738,
        "未分配利润_万元": 85719.450003,
        "其他综合收益_万元": null,
        "专项储备_万元": null,
        "归属于母公司所有者权益合计_万元": 215497.81858,
        "少数股东权益_万元": 9444.986957,
        "股东权益合计_万元": 224942.805537
    },
    "利润表": {
        "营业总收入_万元": 83004.132393,
        "营业收入_万元": 83004.132393,
        "营业总收入同比增长_百分比": -5.45,
        "营业成本_万元": 21652.60522,
        "税金及附加_万元": 1650.361542,
        "销售费用_万元": 38892.072154,
        "管理费用_万元": 10040.633777,
        "研发费用_万元": 1877.906881,
        "财务费用_万元": 591.879071,
        "其中利息费用_万元": 1403.324331,
        "其中利息收入_万元": 820.336055,
        "其他收益_万元": 1905.991306,
        "投资收益_万元": 293.770449,
        "其中对联营企业投资收益_万元": null,
        "公允价值变动收益_万元": -31.993858,
        "信用减值损失_万元": -308.59108,
        "资产减值损失_万元": 108.647292,
        "资产处置收益_万元": null,
        "营业总支出_万元": null,
        "营业利润_万元": 10266.497857,
        "营业外收入_万元": 9.058051,
        "营业外支出_万元": 152.943502,
        "利润总额_万元": 10122.612406,
        "所得税费用_万元": 1290.672,
        "净利润_万元": 8831.940406,
        "归母净利润_万元": 8309.699427,
        "少数股东损益_万元": 522.240979,
        "持续经营净利润_万元": 8831.940406,
        "终止经营净利润_万元": null,
        "其他综合收益_万元": null,
        "综合收益总额_万元": 8831.940406,
        "归母综合收益总额_万元": 8309.699427
    },
    "现金流量表": {
        "销售商品收到现金_万元": 94434.064193,
        "收到的税费返还_万元": 2138.750576,
        "收到其他经营活动现金_万元": 2670.821578,
        "经营活动现金流入_万元": 99243.636347,
        "购买商品支付现金_万元": 18571.323539,
        "支付职工现金_万元": 22415.731666,
        "支付税费_万元": 12164.731012,
        "支付其他经营活动现金_万元": 31506.232411,
        "经营活动现金流出_万元": 84658.018628,
        "经营现金流净额_万元": 14585.617719,
        "经营现金流净额同比增长_百分比": -32.19,
        "收回投资现金_万元": 12000.0,
        "取得投资收益现金_万元": 313.289411,
        "处置资产收回现金_万元": null,
        "收到其他投资活动现金_万元": null,
        "投资活动现金流入_万元": 12313.289411,
        "投资支付现金_万元": 8000.0,
        "购建资产支付现金_万元": 4136.476761,
        "支付其他投资活动现金_万元": null,
        "投资活动现金流出_万元": 12136.476761,
        "投资现金流净额_万元": 176.81265,
        "吸收投资现金_万元": 147.0,
        "取得借款现金_万元": 43000.0,
        "收到其他筹资活动现金_万元": null,
        "筹资活动现金流入_万元": 43147.0,
        "偿还债务现金_万元": 40000.0,
        "分配股利现金_万元": 5246.458815,
        "支付其他筹资活动现金_万元": 306.085418,
        "筹资活动现金流出_万元": 45552.544233,
        "融资现金流净额_万元": -2405.544233,
        "汇率变动影响_万元": null,
        "现金及等价物净增加额_万元": 12356.886136,
        "净现金流_元": null,
        "净现金流同比增长_百分比": null,
        "期初现金及等价物_万元": 21969.50164,
        "期末现金及等价物_万元": 34326.387776,
        "经营现金流占比_百分比": null,
        "投资现金流占比_百分比": null,
        "融资现金流占比_百分比": null
    }
}