{
    "报告信息": {
        "序号": null,
        "股票代码": "002566",
        "股票简称": "益盛药业",
        "报告年份": "2025",
        "报告期": "第三季度",
        "总股本_股": 330951600,
        "流通股本_股": null,
        "报告日期": "2025-10-24",
        "审计意见": "未经审计",
        "会计师事务所": null,
        "期": "Q3"
    },
    "核心业绩指标": {
        "每股收益_元": 0.0162,
        "稀释每股收益_元": 0.0162,
        "营业总收入_万元": 47619.523312,
        "营业总收入_亿元": 4.7619523312,
        "营收同比增长_百分比": -5.81,
        "营收环比增长_百分比": null,
        "净利润_万元": 2441.879101,
        "净利润_亿元": 0.2441879101,
        "净利润同比增长_百分比": null,
        "净利润环比增长_百分比": null,
        "归母净利润_万元": 2412.83185,
        "少数股东损益_万元": 290.47251,
        "每股净资产_元": 6.72,
        "净资产收益率_百分比": null,
        "扣非净资产收益率_百分比": null,
        "每股经营现金流_元": null,
        "扣非净利润_万元": 1256.115624,
        "扣非净利润同比增长_百分比": -37.81,
        "销售毛利率_百分比": 75.09,
        "销售净利率_百分比": 5.12,
        "加权平均净资产收益率_百分比": 1.08,
        "扣非加权净资产收益率_百分比": null,
        "总资产收益率_百分比": null,
        "主营业务收入_万元": null,
        "主营业务成本_万元": null,
        "主营业务利润_万元": null
    },
    "资产负债表": {
        "货币资金_万元": 11584.746279,
        "应收账款_万元": 16114.28581,
        "应收票据_万元": 84.267946,
        "应收款项融资_万元": 4948.251225,
        "预付款项_万元": 524.159537,
        "其他应收款_万元": 2042.566765,
        "存货_万元": 160533.384606,
        "合同资产_万元": null,
        "一年内到期的非流动资产_万元": null,
        "其他流动资产_万元": 228.384535,
        "流动资产合计_万元": 241464.230645,
        "交易性金融资产_万元": 45404.183942,
        "债权投资_万元": null,
        "其他债权投资_万元": null,
        "长期应收款_万元": null,
        "长期股权投资_万元": 3.67,
        "其他权益工具投资_万元": null,
        "投资性房地产_万元": null,
        "固定资产_万元": 41276.135668,
        "在建工程_万元": null,
        "生产性生物资产_万元": null,
        "油气资产_万元": null,
        "使用权资产_万元": 1283.491992,
        "无形资产_万元": 10945.446059,
        "开发支出_万元": null,
        "商誉_万元": 190.582733,
        "长期待摊费用_万元": 166.513491,
        "递延所得税资产_万元": 1417.577707,
        "其他非流动资产_万元": 1614.262789,
        "非流动资产合计_万元": 56897.680439,
        "总资产_万元": 298361.911084,
        "总资产同比增长_百分比": 0.44,
        "短期借款_万元": 34823.11111,
        "交易性金融负债_万元": null,
        "应付票据_万元": null,
        "应付账款_万元": 1066.368539,
        "预收款项_万元": null,
        "合同负债_万元": 852.171295,
        "应付职工薪酬_万元": 524.232709,
        "应交税费_万元": 1185.662288,
        "其他应付款_万元": 2540.312771,
        "一年内到期的非流动负债_万元": 402.420309,
        "其他流动负债_万元": 109.264253,
        "流动负债合计_万元": 41503.543274,
        "长期借款_万元": 12970,
        "应付债券_万元": null,
        "租赁负债_万元": 511.425856,
        "长期应付款_万元": null,
        "预计负债_万元": null,
        "递延收益_万元": 10698.585562,
        "递延所得税负债_万元": 202.553731,
        "其他非流动负债_万元": null,
        "非流动负债合计_万元": 24382.565149,
        "总负债_万元": 65886.108423,
        "总负债同比增长_百分比": null,
        "资产负债率_百分比": 22.08,
        "实收资本_万元": 33095.16,
        "资本公积_万元": 83468.933839,
        "盈余公积_万元": 14539.299697,
        "未分配利润_万元": 91560.587734,
        "其他综合收益_万元": null,
        "专项储备_万元": null,
        "归属于母公司所有者权益合计_万元": 222663.98127,
        "少数股东权益_万元": 9811.821391,
        "股东权益合计_万元": 232475.802661
    },
    "利润表": {
        "营业总收入_万元": 47619.523312,
        "营业收入_万元": 47619.523312,
        "营业总收入同比增长_百分比": -5.81,
        "营业成本_万元": 11851.278381,
        "税金及附加_万元": 1211.778686,
        "销售费用_万元": 23746.815446,
        "管理费用_万元": 7264.716677,
        "研发费用_万元": 1155.450324,
        "财务费用_万元": 960.801734,
        "其中利息费用_万元": 992.233584,
        "其中利息收入_万元": 41.969274,
        "其他收益_万元": 1013.487771,
        "投资收益_万元": 1156.543404,
        "其中对联营企业投资收益_万元": null,
        "公允价值变动收益_万元": -562.986861,
        "信用减值损失_万元": -183.481519,
        "资产减值损失_万元": null,
        "资产处置收益_万元": 28.236232,
        "营业总支出_万元": null,
        "营业利润_万元": 2880.481091,
        "营业外收入_万元": 0.050176,
        "营业外支出_万元": 98.859581,
        "利润总额_万元": 2781.671686,
        "所得税费用_万元": 339.792585,
        "净利润_万元": 2441.879101,
        "归母净利润_万元": 2412.83185,
        "少数股东损益_万元": 290.47251,
        "持续经营净利润_万元": 2441.879101,
        "终止经营净利润_万元": null,
        "其他综合收益_万元": null,
        "综合收益总额_万元": 2441.879101,
        "归母综合收益总额_万元": 2412.83185
    },
    "现金流量表": {
        "销售商品收到现金_万元": 51901.169096,
        "收到的税费返还_万元": 57.154212,
        "收到其他经营活动现金_万元": 1613.991666,
        "经营活动现金流入_万元": 53572.314974,
        "购买商品支付现金_万元": 6560.34224,
        "支付职工现金_万元": 8788.244589,
        "支付税费_万元": 6803.884262,
        "支付其他经营活动现金_万元": 27264.95948,
        "经营活动现金流出_万元": 49417.430571,
        "经营现金流净额_万元": 4154.884403,
        "经营现金流净额同比增长_百分比": 0.91,
        "收回投资现金_万元": 10000,
        "取得投资收益现金_万元": 1128.751045,
        "处置资产收回现金_万元": 479.330418,
        "收到其他投资活动现金_万元": 59.427852,
        "投资活动现金流入_万元": 10525.787537,
        "投资支付现金_万元": 45003.67,
        "购建资产支付现金_万元": 1303.58785,
        "支付其他投资活动现金_万元": 44513.270833,
        "投资活动现金流出_万元": 46094.593421,
        "投资现金流净额_万元": -35568.805884,
        "吸收投资现金_万元": 46307.25785,
        "取得借款现金_万元": 60000,
        "收到其他筹资活动现金_万元": 5999.41122,
        "筹资活动现金流入_万元": 112306.66907,
        "偿还债务现金_万元": 35785.758955,
        "分配股利现金_万元": 4230.42935,
        "支付其他筹资活动现金_万元": 555.329605,
        "筹资活动现金流出_万元": 40571.51791,
        "融资现金流净额_万元": 71735.15116,
        "汇率变动影响_万元": null,
        "现金及等价物净增加额_万元": 4436.762164,
        "净现金流_元": null,
        "净现金流同比增长_百分比": null,
        "期初现金及等价物_万元": 7147.984119,
        "期末现金及等价物_万元": 11584.746279,
        "经营现金流占比_百分比": null,
        "投资现金流占比_百分比": null,
        "融资现金流占比_百分比": null
    }
}