{
    "报告信息": {
        "序号": null,
        "股票代码": "002566",
        "股票简称": "益盛药业",
        "报告年份": "2024",
        "报告期": "年度",
        "总股本_股": 330951600,
        "流通股本_股": 231790468,
        "报告日期": "2025-04-18",
        "审计意见": "标准的无保留意见",
        "会计师事务所": "中审众环会计师事务所（特殊普通合伙）",
        "期": "FY"
    },
    "核心业绩指标": {
        "每股收益_元": 0.1574,
        "稀释每股收益_元": 0.1574,
        "营业总收入_万元": 66846.8926,
        "营业总收入_亿元": 6.68468926,
        "营收同比增长_百分比": -21.69,
        "营收环比增长_百分比": null,
        "净利润_万元": 5065.639382,
        "净利润_亿元": 0.5065639382,
        "净利润同比增长_百分比": -47.3,
        "净利润环比增长_百分比": null,
        "归母净利润_万元": 5208.605877,
        "少数股东损益_万元": -142.966495,
        "每股净资产_元": 6.7546,
        "净资产收益率_百分比": 2.33,
        "扣非净资产收益率_百分比": null,
        "每股经营现金流_元": 0.1781,
        "扣非净利润_万元": 2706.464233,
        "扣非净利润同比增长_百分比": -64.33,
        "销售毛利率_百分比": 74.48,
        "销售净利率_百分比": 7.79,
        "加权平均净资产收益率_百分比": 2.4,
        "扣非加权净资产收益率_百分比": 1.19,
        "总资产收益率_百分比": 1.71,
        "主营业务收入_万元": 66538.122179,
        "主营业务成本_万元": 16867.229692,
        "主营业务利润_万元": 49474.053109
    },
    "资产负债表": {
        "货币资金_万元": 7147.984119,
        "应收账款_万元": 14953.538768,
        "应收票据_万元": 109.206642,
        "应收款项融资_万元": 4840.251461,
        "预付款项_万元": 157.821709,
        "其他应收款_万元": 1504.688282,
        "存货_万元": 162648.872946,
        "合同资产_万元": null,
        "一年内到期的非流动资产_万元": null,
        "其他流动资产_万元": 248.496433,
        "流动资产合计_万元": 237578.031163,
        "交易性金融资产_万元": 45967.170803,
        "债权投资_万元": null,
        "其他债权投资_万元": null,
        "长期应收款_万元": null,
        "长期股权投资_万元": null,
        "其他权益工具投资_万元": null,
        "投资性房地产_万元": null,
        "固定资产_万元": 43793.524515,
        "在建工程_万元": null,
        "生产性生物资产_万元": null,
        "油气资产_万元": null,
        "使用权资产_万元": 1240.165685,
        "无形资产_万元": 11134.801444,
        "开发支出_万元": null,
        "商誉_万元": 190.582733,
        "长期待摊费用_万元": 215.309027,
        "递延所得税资产_万元": 1314.731412,
        "其他非流动资产_万元": 1598.292583,
        "非流动资产合计_万元": 59487.407399,
        "总资产_万元": 297065.438562,
        "总资产同比增长_百分比": -2.5,
        "短期借款_万元": 29028.355556,
        "交易性金融负债_万元": null,
        "应付票据_万元": null,
        "应付账款_万元": 1300.183167,
        "预收款项_万元": null,
        "合同负债_万元": 549.254294,
        "应付职工薪酬_万元": 684.627933,
        "应交税费_万元": 855.984874,
        "其他应付款_万元": 3772.246623,
        "一年内到期的非流动负债_万元": 339.898111,
        "其他流动负债_万元": 69.671219,
        "流动负债合计_万元": 36600.221777,
        "长期借款_万元": 14970.0,
        "应付债券_万元": null,
        "租赁负债_万元": 620.567358,
        "长期应付款_万元": null,
        "预计负债_万元": null,
        "递延收益_万元": 11254.165591,
        "递延所得税负债_万元": 277.044276,
        "其他非流动负债_万元": null,
        "非流动负债合计_万元": 27121.777225,
        "总负债_万元": 63721.999002,
        "总负债同比增长_百分比": -10.8,
        "资产负债率_百分比": 21.45,
        "实收资本_万元": 33095.16,
        "资本公积_万元": 83468.933839,
        "盈余公积_万元": 14539.299697,
        "未分配利润_万元": 92457.271884,
        "其他综合收益_万元": null,
        "专项储备_万元": null,
        "归属于母公司所有者权益合计_万元": 223560.66542,
        "少数股东权益_万元": 9782.77414,
        "股东权益合计_万元": 233343.43956
    },
    "利润表": {
        "营业总收入_万元": 66846.8926,
        "营业收入_万元": 66846.8926,
        "营业总收入同比增长_百分比": -21.69,
        "营业成本_万元": 17064.066891,
        "税金及附加_万元": 1601.41073,
        "销售费用_万元": 33196.254102,
        "管理费用_万元": 9810.085088,
        "研发费用_万元": 1622.440419,
        "财务费用_万元": 757.420857,
        "其中利息费用_万元": 1384.403081,
        "其中利息收入_万元": 640.588513,
        "其他收益_万元": 2275.511772,
        "投资收益_万元": 528.576143,
        "其中对联营企业投资收益_万元": null,
        "公允价值变动收益_万元": 668.947959,
        "信用减值损失_万元": -2.222028,
        "资产减值损失_万元": -159.088757,
        "资产处置收益_万元": 29.14369,
        "营业总支出_万元": 64051.678087,
        "营业利润_万元": 6136.083292,
        "营业外收入_万元": 7.118251,
        "营业外支出_万元": 188.414271,
        "利润总额_万元": 5954.787272,
        "所得税费用_万元": 889.14789,
        "净利润_万元": 5065.639382,
        "归母净利润_万元": 5208.605877,
        "少数股东损益_万元": -142.966495,
        "持续经营净利润_万元": 5065.639382,
        "终止经营净利润_万元": null,
        "其他综合收益_万元": null,
        "综合收益总额_万元": 5065.639382,
        "归母综合收益总额_万元": 5208.605877
    },
    "现金流量表": {
        "销售商品收到现金_万元": 75216.853309,
        "收到的税费返还_万元": 188.302268,
        "收到其他经营活动现金_万元": 2574.512831,
        "经营活动现金流入_万元": 77979.668408,
        "购买商品支付现金_万元": 13821.058496,
        "支付职工现金_万元": 12268.65716,
        "支付税费_万元": 9853.306617,
        "支付其他经营活动现金_万元": 36142.225003,
        "经营活动现金流出_万元": 72085.247276,
        "经营现金流净额_万元": 5894.421132,
        "经营现金流净额同比增长_百分比": -71.81,
        "收回投资现金_万元": 15000.0,
        "取得投资收益现金_万元": 528.576143,
        "处置资产收回现金_万元": 44.774673,
        "收到其他投资活动现金_万元": null,
        "投资活动现金流入_万元": 15573.350816,
        "投资支付现金_万元": 51500.0,
        "购建资产支付现金_万元": 1594.17089,
        "支付其他投资活动现金_万元": null,
        "投资活动现金流出_万元": 53094.17089,
        "投资现金流净额_万元": -37520.820074,
        "吸收投资现金_万元": null,
        "取得借款现金_万元": 60000.0,
        "收到其他筹资活动现金_万元": null,
        "筹资活动现金流入_万元": 60000.0,
        "偿还债务现金_万元": 63010.0,
        "分配股利现金_万元": 6163.544818,
        "支付其他筹资活动现金_万元": 825.435985,
        "筹资活动现金流出_万元": 69998.980803,
        "融资现金流净额_万元": -9998.980803,
        "汇率变动影响_万元": -0.000231,
        "现金及等价物净增加额_万元": -41625.379976,
        "净现金流_元": null,
        "净现金流同比增长_百分比": null,
        "期初现金及等价物_万元": 48773.364095,
        "期末现金及等价物_万元": 7147.984119,
        "经营现金流占比_百分比": 14.16,
        "投资现金流占比_百分比": -90.1,
        "融资现金流占比_百分比": -24.02
    }
}