{
    "报告信息": {
        "序号": null,
        "股票代码": "002566",
        "股票简称": "益盛药业",
        "报告年份": "2023",
        "报告期": "第一季度",
        "总股本_股": 330951600,
        "流通股本_股": null,
        "报告日期": "2023-03-31",
        "审计意见": "未经审计",
        "会计师事务所": null,
        "期": "Q1"
    },
    "核心业绩指标": {
        "每股收益_元": 0.0867,
        "稀释每股收益_元": 0.0867,
        "营业总收入_万元": 25097.376669,
        "营业总收入_亿元": 2.5097376669,
        "营收同比增长_百分比": 11.28,
        "营收环比增长_百分比": null,
        "净利润_万元": 3139.114716,
        "净利润_亿元": 0.3139114716,
        "净利润同比增长_百分比": null,
        "净利润环比增长_百分比": null,
        "归母净利润_万元": 2870.256215,
        "少数股东损益_万元": 268.858501,
        "每股净资产_元": null,
        "净资产收益率_百分比": null,
        "扣非净资产收益率_百分比": null,
        "每股经营现金流_元": 0.2426,
        "扣非净利润_万元": 2131.673318,
        "扣非净利润同比增长_百分比": 8.18,
        "销售毛利率_百分比": null,
        "销售净利率_百分比": null,
        "加权平均净资产收益率_百分比": 1.32,
        "扣非加权净资产收益率_百分比": null,
        "总资产收益率_百分比": null,
        "主营业务收入_万元": null,
        "主营业务成本_万元": null,
        "主营业务利润_万元": null
    },
    "资产负债表": {
        "货币资金_万元": 43515.256903,
        "应收账款_万元": 20162.005832,
        "应收票据_万元": 166.545675,
        "应收款项融资_万元": 3865.274598,
        "预付款项_万元": 562.985767,
        "其他应收款_万元": 2049.665096,
        "存货_万元": 159216.74342,
        "合同资产_万元": null,
        "一年内到期的非流动资产_万元": null,
        "其他流动资产_万元": 282.440069,
        "流动资产合计_万元": 235921.292022,
        "交易性金融资产_万元": 6100.374662,
        "债权投资_万元": null,
        "其他债权投资_万元": null,
        "长期应收款_万元": null,
        "长期股权投资_万元": null,
        "其他权益工具投资_万元": null,
        "投资性房地产_万元": null,
        "固定资产_万元": 50087.465108,
        "在建工程_万元": 40.0,
        "生产性生物资产_万元": null,
        "油气资产_万元": null,
        "使用权资产_万元": 1403.810673,
        "无形资产_万元": 11636.523292,
        "开发支出_万元": null,
        "商誉_万元": 190.582733,
        "长期待摊费用_万元": 280.240096,
        "递延所得税资产_万元": 1472.388998,
        "其他非流动资产_万元": 255.856466,
        "非流动资产合计_万元": 65366.867366,
        "总资产_万元": 301288.159388,
        "总资产同比增长_百分比": 1.56,
        "短期借款_万元": 47044.770834,
        "交易性金融负债_万元": null,
        "应付票据_万元": null,
        "应付账款_万元": 1958.503241,
        "预收款项_万元": null,
        "合同负债_万元": 2304.481977,
        "应付职工薪酬_万元": 998.731506,
        "应交税费_万元": 2170.543033,
        "其他应付款_万元": 5227.896547,
        "一年内到期的非流动负债_万元": 298.397755,
        "其他流动负债_万元": 281.550743,
        "流动负债合计_万元": 60284.875636,
        "长期借款_万元": null,
        "应付债券_万元": null,
        "租赁负债_万元": 783.151929,
        "长期应付款_万元": null,
        "预计负债_万元": null,
        "递延收益_万元": 12009.427696,
        "递延所得税负债_万元": 128.783874,
        "其他非流动负债_万元": null,
        "非流动负债合计_万元": 12921.363499,
        "总负债_万元": 73206.239135,
        "总负债同比增长_百分比": null,
        "资产负债率_百分比": null,
        "实收资本_万元": 33095.16,
        "资本公积_万元": 83468.933839,
        "盈余公积_万元": 13214.274738,
        "未分配利润_万元": 88589.706218,
        "其他综合收益_万元": null,
        "专项储备_万元": null,
        "归属于母公司所有者权益合计_万元": 218368.074795,
        "少数股东权益_万元": 9713.845458,
        "股东权益合计_万元": 228081.920253
    },
    "利润表": {
        "营业总收入_万元": 25097.376669,
        "营业收入_万元": 25097.376669,
        "营业总收入同比增长_百分比": 11.28,
        "营业成本_万元": 7061.851044,
        "税金及附加_万元": 510.633316,
        "销售费用_万元": 11414.169476,
        "管理费用_万元": 2604.018934,
        "研发费用_万元": 532.312661,
        "财务费用_万元": 74.987557,
        "其中利息费用_万元": 361.660099,
        "其中利息收入_万元": 295.917419,
        "其他收益_万元": 1101.891399,
        "投资收益_万元": null,
        "其中对联营企业投资收益_万元": null,
        "公允价值变动收益_万元": 116.058203,
        "信用减值损失_万元": -145.40165,
        "资产减值损失_万元": null,
        "资产处置收益_万元": null,
        "营业总支出_万元": null,
        "营业利润_万元": 3971.951633,
        "营业外收入_万元": 0.678649,
        "营业外支出_万元": 301.601459,
        "利润总额_万元": 3671.028823,
        "所得税费用_万元": 531.914107,
        "净利润_万元": 3139.114716,
        "归母净利润_万元": 2870.256215,
        "少数股东损益_万元": 268.858501,
        "持续经营净利润_万元": 3139.114716,
        "终止经营净利润_万元": null,
        "其他综合收益_万元": null,
        "综合收益总额_万元": 3139.114716,
        "归母综合收益总额_万元": 2870.256215
    },
    "现金流量表": {
        "销售商品收到现金_万元": 30032.958537,
        "收到的税费返还_万元": 17.045877,
        "收到其他经营活动现金_万元": 1608.640534,
        "经营活动现金流入_万元": 31658.644948,
        "购买商品支付现金_万元": 5373.086302,
        "支付职工现金_万元": 5763.447663,
        "支付税费_万元": 2741.820114,
        "支付其他经营活动现金_万元": 9747.642784,
        "经营活动现金流出_万元": 23625.996863,
        "经营现金流净额_万元": 8032.648085,
        "经营现金流净额同比增长_百分比": 106.11,
        "收回投资现金_万元": null,
        "取得投资收益现金_万元": 6.719442,
        "处置资产收回现金_万元": null,
        "收到其他投资活动现金_万元": null,
        "投资活动现金流入_万元": 6.719442,
        "投资支付现金_万元": null,
        "购建资产支付现金_万元": 2255.857913,
        "支付其他投资活动现金_万元": null,
        "投资活动现金流出_万元": 2255.857913,
        "投资现金流净额_万元": -2255.857913,
        "吸收投资现金_万元": 147.0,
        "取得借款现金_万元": 19000.0,
        "收到其他筹资活动现金_万元": null,
        "筹资活动现金流入_万元": 19000.0,
        "偿还债务现金_万元": 15000.0,
        "分配股利现金_万元": 343.308333,
        "支付其他筹资活动现金_万元": 244.612712,
        "筹资活动现金流出_万元": 15587.921045,
        "融资现金流净额_万元": 3412.078955,
        "汇率变动影响_万元": null,
        "现金及等价物净增加额_万元": 9188.869127,
        "净现金流_元": 91888691.27,
        "净现金流同比增长_百分比": null,
        "期初现金及等价物_万元": 34326.387776,
        "期末现金及等价物_万元": 43515.256903,
        "经营现金流占比_百分比": null,
        "投资现金流占比_百分比": null,
        "融资现金流占比_百分比": null
    }
}