{
    "报告信息": {
        "序号": null,
        "股票代码": "002566",
        "股票简称": "益盛药业",
        "报告年份": "2024",
        "报告期": "半年度",
        "总股本_股": 330951600,
        "流通股本_股": 231790468,
        "报告日期": "2024-08-23",
        "审计意见": null,
        "会计师事务所": null,
        "期": "HY"
    },
    "核心业绩指标": {
        "每股收益_元": 0.1007,
        "稀释每股收益_元": 0.1007,
        "营业总收入_万元": 34784.378944,
        "营业总收入_亿元": 3.48,
        "营收同比增长_百分比": -25.9,
        "营收环比增长_百分比": null,
        "净利润_万元": 3336.171375,
        "净利润_亿元": 0.33,
        "净利润同比增长_百分比": -29.71,
        "净利润环比增长_百分比": null,
        "归母净利润_万元": 3333.580828,
        "少数股东损益_万元": 2.590547,
        "每股净资产_元": null,
        "净资产收益率_百分比": null,
        "扣非净资产收益率_百分比": null,
        "每股经营现金流_元": null,
        "扣非净利润_万元": 2030.511216,
        "扣非净利润同比增长_百分比": -45.04,
        "销售毛利率_百分比": null,
        "销售净利率_百分比": null,
        "加权平均净资产收益率_百分比": 1.52,
        "扣非加权净资产收益率_百分比": null,
        "总资产收益率_百分比": null,
        "主营业务收入_万元": 34673.954782,
        "主营业务成本_万元": 8022.431395,
        "主营业务利润_万元": null
    },
    "资产负债表": {
        "货币资金_万元": 11816.358706,
        "应收账款_万元": 14848.870332,
        "应收票据_万元": 79.154253,
        "应收款项融资_万元": 3590.636546,
        "预付款项_万元": 555.895116,
        "其他应收款_万元": 1525.54259,
        "存货_万元": 163303.979953,
        "合同资产_万元": null,
        "一年内到期的非流动资产_万元": null,
        "其他流动资产_万元": 280.948986,
        "流动资产合计_万元": 239258.49584,
        "交易性金融资产_万元": 43257.109358,
        "债权投资_万元": null,
        "其他债权投资_万元": null,
        "长期应收款_万元": null,
        "长期股权投资_万元": null,
        "其他权益工具投资_万元": null,
        "投资性房地产_万元": null,
        "固定资产_万元": 45654.5057,
        "在建工程_万元": null,
        "生产性生物资产_万元": null,
        "油气资产_万元": null,
        "使用权资产_万元": 1063.220205,
        "无形资产_万元": 11276.701225,
        "开发支出_万元": null,
        "商誉_万元": 190.582733,
        "长期待摊费用_万元": 212.471788,
        "递延所得税资产_万元": 1250.759146,
        "其他非流动资产_万元": 1565.849167,
        "非流动资产合计_万元": 61214.089964,
        "总资产_万元": 300472.585804,
        "总资产同比增长_百分比": -1.38,
        "短期借款_万元": 32026.647779,
        "交易性金融负债_万元": null,
        "应付票据_万元": null,
        "应付账款_万元": 2036.482412,
        "预收款项_万元": null,
        "合同负债_万元": 981.381819,
        "应付职工薪酬_万元": 929.115498,
        "应交税费_万元": 1053.024868,
        "其他应付款_万元": 4134.587836,
        "一年内到期的非流动负债_万元": 289.057001,
        "其他流动负债_万元": 110.642148,
        "流动负债合计_万元": 41560.939361,
        "长期借款_万元": 15000.0,
        "应付债券_万元": null,
        "租赁负债_万元": 417.123853,
        "长期应付款_万元": null,
        "预计负债_万元": null,
        "递延收益_万元": 11725.118851,
        "递延所得税负债_万元": 155.432186,
        "其他非流动负债_万元": null,
        "非流动负债合计_万元": 27297.67489,
        "总负债_万元": 68858.614251,
        "总负债同比增长_百分比": null,
        "资产负债率_百分比": null,
        "实收资本_万元": 33095.16,
        "资本公积_万元": 83468.933839,
        "盈余公积_万元": 14021.506374,
        "未分配利润_万元": 91100.040158,
        "其他综合收益_万元": null,
        "专项储备_万元": null,
        "归属于母公司所有者权益合计_万元": 221685.640371,
        "少数股东权益_万元": 9928.331182,
        "股东权益合计_万元": 231613.971553
    },
    "利润表": {
        "营业总收入_万元": 34784.378944,
        "营业收入_万元": 34784.378944,
        "营业总收入同比增长_百分比": -25.9,
        "营业成本_万元": 8105.049029,
        "税金及附加_万元": 815.383453,
        "销售费用_万元": 17380.122488,
        "管理费用_万元": 5268.430586,
        "研发费用_万元": 955.282422,
        "财务费用_万元": 104.384227,
        "其中利息费用_万元": 686.320583,
        "其中利息收入_万元": 592.488336,
        "其他收益_万元": 1469.335096,
        "投资收益_万元": 469.938752,
        "其中对联营企业投资收益_万元": null,
        "公允价值变动收益_万元": -41.113486,
        "信用减值损失_万元": -34.941919,
        "资产减值损失_万元": null,
        "资产处置收益_万元": 38.148673,
        "营业总支出_万元": null,
        "营业利润_万元": 4057.093855,
        "营业外收入_万元": 4.676021,
        "营业外支出_万元": 173.701671,
        "利润总额_万元": 3888.068205,
        "所得税费用_万元": 551.89683,
        "净利润_万元": 3336.171375,
        "归母净利润_万元": 3333.580828,
        "少数股东损益_万元": 2.590547,
        "持续经营净利润_万元": 3336.171375,
        "终止经营净利润_万元": null,
        "其他综合收益_万元": null,
        "综合收益总额_万元": 3336.171375,
        "归母综合收益总额_万元": 3333.580828
    },
    "现金流量表": {
        "销售商品收到现金_万元": 40445.648898,
        "收到的税费返还_万元": 65.435521,
        "收到其他经营活动现金_万元": 3240.142467,
        "经营活动现金流入_万元": 43751.226886,
        "购买商品支付现金_万元": 6903.88796,
        "支付职工现金_万元": 7552.695046,
        "支付税费_万元": 5273.64154,
        "支付其他经营活动现金_万元": 19629.062715,
        "经营活动现金流出_万元": 39359.287261,
        "经营现金流净额_万元": 4391.939625,
        "经营现金流净额同比增长_百分比": -62.23,
        "收回投资现金_万元": 10466.059585,
        "取得投资收益现金_万元": 0.0,
        "处置资产收回现金_万元": 44.648673,
        "收到其他投资活动现金_万元": null,
        "投资活动现金流入_万元": 10510.708258,
        "投资支付现金_万元": 44500.0,
        "购建资产支付现金_万元": 1342.582051,
        "支付其他投资活动现金_万元": null,
        "投资活动现金流出_万元": 45842.582051,
        "投资现金流净额_万元": -35331.873793,
        "吸收投资现金_万元": null,
        "取得借款现金_万元": 59000.0,
        "收到其他筹资活动现金_万元": null,
        "筹资活动现金流入_万元": 59000.0,
        "偿还债务现金_万元": 59000.0,
        "分配股利现金_万元": 5643.953493,
        "支付其他筹资活动现金_万元": 373.117728,
        "筹资活动现金流出_万元": 65017.071221,
        "融资现金流净额_万元": -6017.071221,
        "汇率变动影响_万元": null,
        "现金及等价物净增加额_万元": -36957.005389,
        "净现金流_元": null,
        "净现金流同比增长_百分比": -541.77,
        "期初现金及等价物_万元": 48773.364095,
        "期末现金及等价物_万元": 11816.358706,
        "经营现金流占比_百分比": null,
        "投资现金流占比_百分比": null,
        "融资现金流占比_百分比": null
    }
}