{
    "报告信息": {
        "序号": null,
        "股票代码": "002566",
        "股票简称": "益盛药业",
        "报告年份": "2023",
        "报告期": "HY",
        "总股本_股": 330951600,
        "流通股本_股": null,
        "报告日期": "2023-08-24",
        "审计意见": null,
        "会计师事务所": null
    },
    "核心业绩指标": {
        "每股收益_元": 0.1433,
        "稀释每股收益_元": 0.1433,
        "营业总收入_万元": 46942.850708,
        "营业总收入_亿元": 4.6942850708,
        "营收同比增长_百分比": 9.57,
        "营收环比增长_百分比": null,
        "净利润_万元": 4996.514428,
        "净利润_亿元": 0.4996514428,
        "净利润同比增长_百分比": 4.51,
        "净利润环比增长_百分比": null,
        "归母净利润_万元": 4742.832286,
        "少数股东损益_万元": 253.682142,
        "每股净资产_元": null,
        "净资产收益率_百分比": null,
        "扣非净资产收益率_百分比": null,
        "每股经营现金流_元": null,
        "扣非净利润_万元": 3694.504836,
        "扣非净利润同比增长_百分比": 12.58,
        "销售毛利率_百分比": 71.83,
        "销售净利率_百分比": 10.66,
        "加权平均净资产收益率_百分比": 2.18,
        "扣非加权净资产收益率_百分比": 1.7,
        "总资产收益率_百分比": null,
        "主营业务收入_万元": 46855.812485,
        "主营业务成本_万元": 13125.9523,
        "主营业务利润_万元": 33729.860185
    },
    "资产负债表": {
        "货币资金_万元": 42692.088192,
        "应收账款_万元": 17324.620354,
        "应收票据_万元": 164.617801,
        "应收款项融资_万元": 5748.966352,
        "预付款项_万元": 802.686843,
        "其他应收款_万元": 2852.636296,
        "存货_万元": 159401.307768,
        "合同资产_万元": null,
        "一年内到期的非流动资产_万元": null,
        "其他流动资产_万元": 185.79548,
        "流动资产合计_万元": 237132.415363,
        "交易性金融资产_万元": 9988.573103,
        "债权投资_万元": null,
        "其他债权投资_万元": null,
        "长期应收款_万元": null,
        "长期股权投资_万元": null,
        "其他权益工具投资_万元": null,
        "投资性房地产_万元": null,
        "固定资产_万元": 49316.984923,
        "在建工程_万元": 40.0,
        "生产性生物资产_万元": null,
        "油气资产_万元": null,
        "使用权资产_万元": 1299.36857,
        "无形资产_万元": 11560.376031,
        "开发支出_万元": null,
        "商誉_万元": 190.582733,
        "长期待摊费用_万元": 258.486478,
        "递延所得税资产_万元": 1384.864886,
        "其他非流动资产_万元": 97.556,
        "非流动资产合计_万元": 64148.219621,
        "总资产_万元": 301280.634984,
        "总资产同比增长_百分比": 1.56,
        "短期借款_万元": 47039.333334,
        "交易性金融负债_万元": null,
        "应付票据_万元": null,
        "应付账款_万元": 2198.503926,
        "预收款项_万元": null,
        "合同负债_万元": 1353.42138,
        "应付职工薪酬_万元": 790.920757,
        "应交税费_万元": 1628.282134,
        "其他应付款_万元": 6922.278362,
        "一年内到期的非流动负债_万元": 312.197155,
        "其他流动负债_万元": 158.568788,
        "流动负债合计_万元": 60403.505836,
        "长期借款_万元": null,
        "应付债券_万元": null,
        "租赁负债_万元": 769.233959,
        "长期应付款_万元": null,
        "预计负债_万元": null,
        "递延收益_万元": 11712.472377,
        "递延所得税负债_万元": 110.860847,
        "其他非流动负债_万元": null,
        "非流动负债合计_万元": 12592.567183,
        "总负债_万元": 72996.073019,
        "总负债同比增长_百分比": null,
        "资产负债率_百分比": null,
        "实收资本_万元": 33095.16,
        "资本公积_万元": 83468.933839,
        "盈余公积_万元": 13214.274738,
        "未分配利润_万元": 88807.524289,
        "其他综合收益_万元": null,
        "专项储备_万元": null,
        "归属于母公司所有者权益合计_万元": 218585.892866,
        "少数股东权益_万元": 9698.669099,
        "股东权益合计_万元": 228284.561965
    },
    "利润表": {
        "营业总收入_万元": 46942.850708,
        "营业收入_万元": 46942.850708,
        "营业总收入同比增长_百分比": 9.57,
        "营业成本_万元": 13205.438845,
        "税金及附加_万元": 970.74148,
        "销售费用_万元": 22327.918999,
        "管理费用_万元": 5145.167344,
        "研发费用_万元": 1056.035109,
        "财务费用_万元": 44.735376,
        "其中利息费用_万元": 678.922331,
        "其中利息收入_万元": 639.832753,
        "其他收益_万元": 1455.581955,
        "投资收益_万元": 187.156975,
        "其中对联营企业投资收益_万元": null,
        "公允价值变动收益_万元": 4.256644,
        "信用减值损失_万元": 235.387497,
        "资产减值损失_万元": null,
        "资产处置收益_万元": null,
        "营业总支出_万元": null,
        "营业利润_万元": 6075.196626,
        "营业外收入_万元": 2.33528,
        "营业外支出_万元": 312.663395,
        "利润总额_万元": 5764.868511,
        "所得税费用_万元": 768.354083,
        "净利润_万元": 4996.514428,
        "归母净利润_万元": 4742.832286,
        "少数股东损益_万元": 253.682142,
        "持续经营净利润_万元": 4996.514428,
        "终止经营净利润_万元": null,
        "其他综合收益_万元": null,
        "综合收益总额_万元": 4996.514428,
        "归母综合收益总额_万元": 4742.832286
    },
    "现金流量表": {
        "销售商品收到现金_万元": 55076.723323,
        "收到的税费返还_万元": 238.652543,
        "收到其他经营活动现金_万元": 2110.77031,
        "经营活动现金流入_万元": 57426.146176,
        "购买商品支付现金_万元": 10706.567448,
        "支付职工现金_万元": 11135.691689,
        "支付税费_万元": 6766.945024,
        "支付其他经营活动现金_万元": 17188.99582,
        "经营活动现金流出_万元": 45798.199981,
        "经营现金流净额_万元": 11627.946195,
        "经营现金流净额同比增长_百分比": 60.55,
        "收回投资现金_万元": 6000.0,
        "取得投资收益现金_万元": 187.156975,
        "处置资产收回现金_万元": 4.0,
        "收到其他投资活动现金_万元": null,
        "投资活动现金流入_万元": 6191.156975,
        "投资支付现金_万元": 10000.0,
        "购建资产支付现金_万元": 2546.372025,
        "支付其他投资活动现金_万元": null,
        "投资活动现金流出_万元": 12546.372025,
        "投资现金流净额_万元": -6355.21505,
        "吸收投资现金_万元": null,
        "取得借款现金_万元": 52000.0,
        "收到其他筹资活动现金_万元": null,
        "筹资活动现金流入_万元": 52000.0,
        "偿还债务现金_万元": 48000.0,
        "分配股利现金_万元": null,
        "支付其他筹资活动现金_万元": 258.661132,
        "筹资活动现金流出_万元": 48907.030729,
        "融资现金流净额_万元": 3092.969271,
        "汇率变动影响_万元": null,
        "现金及等价物净增加额_万元": 8365.700416,
        "净现金流_元": null,
        "净现金流同比增长_百分比": 57.99,
        "期初现金及等价物_万元": 34326.387776,
        "期末现金及等价物_万元": 42692.088192,
        "经营现金流占比_百分比": null,
        "投资现金流占比_百分比": null,
        "融资现金流占比_百分比": null
    }
}