{
    "报告信息": {
        "序号": null,
        "股票代码": "002864",
        "股票简称": "盘龙药业",
        "报告年份": "2024",
        "报告期": "Q1",
        "总股本_股": 106280960,
        "流通股本_股": null,
        "报告日期": "2024-03-31",
        "审计意见": "未经审计",
        "会计师事务所": null
    },
    "核心业绩指标": {
        "每股收益_元": 0.3,
        "稀释每股收益_元": 0.3,
        "营业总收入_万元": 21011.55135,
        "营业总收入_亿元": 2.101155135,
        "营收同比增长_百分比": -6.87,
        "营收环比增长_百分比": null,
        "净利润_万元": 3114.720365,
        "净利润_亿元": 0.3114720365,
        "净利润同比增长_百分比": 44.46,
        "净利润环比增长_百分比": null,
        "归母净利润_万元": 3114.720365,
        "少数股东损益_万元": -8.931232,
        "每股净资产_元": 14.87,
        "净资产收益率_百分比": 1.99,
        "扣非净资产收益率_百分比": null,
        "每股经营现金流_元": 0.597,
        "扣非净利润_万元": 2424.340605,
        "扣非净利润同比增长_百分比": 19.84,
        "销售毛利率_百分比": 62.06,
        "销售净利率_百分比": 14.78,
        "加权平均净资产收益率_百分比": 1.99,
        "扣非加权净资产收益率_百分比": null,
        "总资产收益率_百分比": null,
        "主营业务收入_万元": 21011.55135,
        "主营业务成本_万元": 7996.023285,
        "主营业务利润_万元": 3066.211308
    },
    "资产负债表": {
        "货币资金_万元": 116753.450946,
        "应收账款_万元": 36260.473101,
        "应收票据_万元": 8531.233879,
        "应收款项融资_万元": null,
        "预付款项_万元": 800.148515,
        "其他应收款_万元": 127.217123,
        "存货_万元": 7539.009712,
        "合同资产_万元": null,
        "一年内到期的非流动资产_万元": null,
        "其他流动资产_万元": 149.577401,
        "流动资产合计_万元": 170161.110677,
        "交易性金融资产_万元": null,
        "债权投资_万元": null,
        "其他债权投资_万元": null,
        "长期应收款_万元": null,
        "长期股权投资_万元": 965.88617,
        "其他权益工具投资_万元": null,
        "投资性房地产_万元": null,
        "固定资产_万元": 36466.801984,
        "在建工程_万元": 4483.872585,
        "生产性生物资产_万元": null,
        "油气资产_万元": null,
        "使用权资产_万元": 235.709584,
        "无形资产_万元": 5241.097774,
        "开发支出_万元": null,
        "商誉_万元": null,
        "长期待摊费用_万元": 276.507317,
        "递延所得税资产_万元": 1074.235137,
        "其他非流动资产_万元": 34.81132,
        "非流动资产合计_万元": 48778.921871,
        "总资产_万元": 218940.032548,
        "总资产同比增长_百分比": 3.03,
        "短期借款_万元": 5000.0,
        "交易性金融负债_万元": null,
        "应付票据_万元": 8370.670384,
        "应付账款_万元": null,
        "预收款项_万元": null,
        "合同负债_万元": 378.127731,
        "应付职工薪酬_万元": 944.996811,
        "应交税费_万元": 1623.899355,
        "其他应付款_万元": 24497.982709,
        "一年内到期的非流动负债_万元": 75.639654,
        "其他流动负债_万元": 26.215745,
        "流动负债合计_万元": 40917.532389,
        "长期借款_万元": 10000.0,
        "应付债券_万元": null,
        "租赁负债_万元": 175.936439,
        "长期应付款_万元": null,
        "预计负债_万元": null,
        "递延收益_万元": 9554.013241,
        "递延所得税负债_万元": null,
        "其他非流动负债_万元": null,
        "非流动负债合计_万元": 19729.94968,
        "总负债_万元": 60647.482069,
        "总负债同比增长_百分比": 5.68,
        "资产负债率_百分比": 27.68,
        "实收资本_万元": 10628.096,
        "资本公积_万元": 81838.466537,
        "盈余公积_万元": 6566.332062,
        "未分配利润_万元": 60554.307188,
        "其他综合收益_万元": null,
        "专项储备_万元": null,
        "归属于母公司所有者权益合计_万元": 158080.078587,
        "少数股东权益_万元": 212.471892,
        "股东权益合计_万元": 158292.550479
    },
    "利润表": {
        "营业总收入_万元": 21011.55135,
        "营业收入_万元": 21011.55135,
        "营业总收入同比增长_百分比": -6.87,
        "营业成本_万元": 7996.023285,
        "税金及附加_万元": 249.31187,
        "销售费用_万元": 8756.19237,
        "管理费用_万元": 1269.313072,
        "研发费用_万元": 371.771419,
        "财务费用_万元": -719.829676,
        "其中利息费用_万元": 80.21014,
        "其中利息收入_万元": 801.039293,
        "其他收益_万元": 217.380348,
        "投资收益_万元": -5.180902,
        "其中对联营企业投资收益_万元": -5.180902,
        "公允价值变动收益_万元": null,
        "信用减值损失_万元": -208.427704,
        "资产减值损失_万元": -26.329444,
        "资产处置收益_万元": null,
        "营业总支出_万元": 17922.78234,
        "营业利润_万元": 3066.211308,
        "营业外收入_万元": 503.890006,
        "营业外支出_万元": 6.422465,
        "利润总额_万元": 3563.678849,
        "所得税费用_万元": 457.889716,
        "净利润_万元": 3105.789133,
        "归母净利润_万元": 3114.720365,
        "少数股东损益_万元": -8.931232,
        "持续经营净利润_万元": 3105.789133,
        "终止经营净利润_万元": null,
        "其他综合收益_万元": null,
        "综合收益总额_万元": 3105.789133,
        "归母综合收益总额_万元": 3114.720365
    },
    "现金流量表": {
        "销售商品收到现金_万元": 25633.402139,
        "收到的税费返还_万元": null,
        "收到其他经营活动现金_万元": 1561.214677,
        "经营活动现金流入_万元": 27194.616816,
        "购买商品支付现金_万元": 6883.594582,
        "支付职工现金_万元": 1697.572436,
        "支付税费_万元": 3013.163918,
        "支付其他经营活动现金_万元": 9252.449452,
        "经营活动现金流出_万元": 20846.780388,
        "经营现金流净额_万元": 6347.836428,
        "经营现金流净额同比增长_百分比": 4068.91,
        "收回投资现金_万元": null,
        "取得投资收益现金_万元": null,
        "处置资产收回现金_万元": null,
        "收到其他投资活动现金_万元": null,
        "投资活动现金流入_万元": null,
        "投资支付现金_万元": null,
        "购建资产支付现金_万元": 2568.812745,
        "支付其他投资活动现金_万元": null,
        "投资活动现金流出_万元": 4917.684597,
        "投资现金流净额_万元": -4717.684597,
        "吸收投资现金_万元": null,
        "取得借款现金_万元": 15000.0,
        "收到其他筹资活动现金_万元": null,
        "筹资活动现金流入_万元": 15000.0,
        "偿还债务现金_万元": 10000.0,
        "分配股利现金_万元": 77.986111,
        "支付其他筹资活动现金_万元": null,
        "筹资活动现金流出_万元": 10077.986111,
        "融资现金流净额_万元": 4922.013889,
        "汇率变动影响_万元": null,
        "现金及等价物净增加额_万元": 6552.16572,
        "净现金流_元": 65521657.2,
        "净现金流同比增长_百分比": null,
        "期初现金及等价物_万元": 110201.285226,
        "期末现金及等价物_万元": 116753.450946,
        "经营现金流占比_百分比": 96.88,
        "投资现金流占比_百分比": -72.14,
        "融资现金流占比_百分比": 75.01
    }
}