{
    "报告信息": {
        "序号": null,
        "股票代码": "002864",
        "股票简称": "盘龙药业",
        "报告年份": "2023",
        "报告期": "年度报告",
        "总股本_股": 106280960,
        "流通股本_股": null,
        "报告日期": "2024-04-26",
        "审计意见": "标准无保留意见",
        "会计师事务所": "立信会计师事务所（特殊普通合伙）",
        "期": "FY"
    },
    "核心业绩指标": {
        "每股收益_元": 1.15,
        "稀释每股收益_元": 1.13,
        "营业总收入_万元": 98082.810435,
        "营业总收入_亿元": 9.8082810435,
        "营收同比增长_百分比": 0.67,
        "营收环比增长_百分比": null,
        "净利润_万元": 11154.509307,
        "净利润_亿元": 1.1154509307,
        "净利润同比增长_百分比": 8.1,
        "净利润环比增长_百分比": null,
        "归母净利润_万元": 11043.217741,
        "少数股东损益_万元": 111.291566,
        "每股净资产_元": 14.59,
        "净资产收益率_百分比": 9.04,
        "扣非净资产收益率_百分比": null,
        "每股经营现金流_元": 0.98,
        "扣非净利润_万元": 10934.069867,
        "扣非净利润同比增长_百分比": 8.1,
        "销售毛利率_百分比": 57.8,
        "销售净利率_百分比": 11.4,
        "加权平均净资产收益率_百分比": 9.04,
        "扣非加权净资产收益率_百分比": null,
        "总资产收益率_百分比": 5.26,
        "主营业务收入_万元": 97820.1043,
        "主营业务成本_万元": 41191.851428,
        "主营业务利润_万元": null
    },
    "资产负债表": {
        "货币资金_万元": 110201.285226,
        "应收账款_万元": 38404.097451,
        "应收票据_万元": 9237.992828,
        "应收款项融资_万元": 0.0,
        "预付款项_万元": 1717.566769,
        "其他应收款_万元": 307.020026,
        "存货_万元": 7762.625691,
        "合同资产_万元": 0.0,
        "一年内到期的非流动资产_万元": 0.0,
        "其他流动资产_万元": 149.577401,
        "流动资产合计_万元": 167780.165392,
        "交易性金融资产_万元": 0.0,
        "债权投资_万元": 0.0,
        "其他债权投资_万元": 0.0,
        "长期应收款_万元": 0.0,
        "长期股权投资_万元": 971.067072,
        "其他权益工具投资_万元": 0.0,
        "投资性房地产_万元": 0.0,
        "固定资产_万元": 33994.505138,
        "在建工程_万元": 2931.095157,
        "生产性生物资产_万元": null,
        "油气资产_万元": null,
        "使用权资产_万元": 244.439569,
        "无形资产_万元": 5276.381926,
        "开发支出_万元": null,
        "商誉_万元": null,
        "长期待摊费用_万元": 286.74833,
        "递延所得税资产_万元": 721.7572,
        "其他非流动资产_万元": 295.81132,
        "非流动资产合计_万元": 44721.805712,
        "总资产_万元": 212501.971104,
        "总资产同比增长_百分比": 10.06,
        "短期借款_万元": 10000.0,
        "交易性金融负债_万元": null,
        "应付票据_万元": null,
        "应付账款_万元": 9143.168045,
        "预收款项_万元": 35.559633,
        "合同负债_万元": 552.554354,
        "应付职工薪酬_万元": 838.136635,
        "应交税费_万元": 2098.974359,
        "其他应付款_万元": 25285.824668,
        "一年内到期的非流动负债_万元": 38.615839,
        "其他流动负债_万元": 47.891253,
        "流动负债合计_万元": 48040.724786,
        "长期借款_万元": 0.0,
        "应付债券_万元": null,
        "租赁负债_万元": 210.747925,
        "长期应付款_万元": null,
        "预计负债_万元": null,
        "递延收益_万元": 9124.577053,
        "递延所得税负债_万元": null,
        "其他非流动负债_万元": null,
        "非流动负债合计_万元": 9335.324978,
        "总负债_万元": 57376.049764,
        "总负债同比增长_百分比": -41.7,
        "资产负债率_百分比": 27.0,
        "实收资本_万元": 10628.096,
        "资本公积_万元": 81777.62653,
        "盈余公积_万元": 6566.332062,
        "未分配利润_万元": 57439.586823,
        "其他综合收益_万元": null,
        "专项储备_万元": null,
        "归属于母公司所有者权益合计_万元": 154904.518215,
        "少数股东权益_万元": 221.403125,
        "股东权益合计_万元": 155125.92134
    },
    "利润表": {
        "营业总收入_万元": 98082.810435,
        "营业收入_万元": 98082.810435,
        "营业总收入同比增长_百分比": 0.67,
        "营业成本_万元": 41274.563363,
        "税金及附加_万元": 1089.647355,
        "销售费用_万元": 36109.666297,
        "管理费用_万元": 5769.418712,
        "研发费用_万元": 2025.638631,
        "财务费用_万元": -1583.449452,
        "其中利息费用_万元": 611.113473,
        "其中利息收入_万元": 2206.446801,
        "其他收益_万元": 716.756653,
        "投资收益_万元": -155.658891,
        "其中对联营企业投资收益_万元": -17.670489,
        "公允价值变动收益_万元": 0.0,
        "信用减值损失_万元": -390.079215,
        "资产减值损失_万元": -99.217892,
        "资产处置收益_万元": 16.816088,
        "营业总支出_万元": 84685.484906,
        "营业利润_万元": 13485.942272,
        "营业外收入_万元": 44.147626,
        "营业外支出_万元": 605.222931,
        "利润总额_万元": 12924.866967,
        "所得税费用_万元": 1770.35766,
        "净利润_万元": 11154.509307,
        "归母净利润_万元": 11043.217741,
        "少数股东损益_万元": 111.291566,
        "持续经营净利润_万元": 11154.509307,
        "终止经营净利润_万元": null,
        "其他综合收益_万元": null,
        "综合收益总额_万元": 11154.509307,
        "归母综合收益总额_万元": 11043.217741
    },
    "现金流量表": {
        "销售商品收到现金_万元": 102478.997126,
        "收到的税费返还_万元": null,
        "收到其他经营活动现金_万元": 5482.422649,
        "经营活动现金流入_万元": 107961.419775,
        "购买商品支付现金_万元": 40607.239888,
        "支付职工现金_万元": 7928.517488,
        "支付税费_万元": 9565.182617,
        "支付其他经营活动现金_万元": 39455.701355,
        "经营活动现金流出_万元": 97556.641348,
        "经营现金流净额_万元": 10404.778427,
        "经营现金流净额同比增长_百分比": -17.0,
        "收回投资现金_万元": 500.0,
        "取得投资收益现金_万元": 557.770075,
        "处置资产收回现金_万元": 15.272893,
        "收到其他投资活动现金_万元": 162.622642,
        "投资活动现金流入_万元": 1235.66561,
        "投资支付现金_万元": 261.0,
        "购建资产支付现金_万元": 6251.309871,
        "支付其他投资活动现金_万元": 964.30661,
        "投资活动现金流出_万元": 7476.616481,
        "投资现金流净额_万元": -6240.950871,
        "吸收投资现金_万元": 29875.397518,
        "取得借款现金_万元": 13410.4,
        "收到其他筹资活动现金_万元": 6.3,
        "筹资活动现金流入_万元": 43292.097518,
        "偿还债务现金_万元": 16687.903599,
        "分配股利现金_万元": 2429.822693,
        "支付其他筹资活动现金_万元": 481.310046,
        "筹资活动现金流出_万元": 19599.036338,
        "融资现金流净额_万元": 23693.06118,
        "汇率变动影响_万元": null,
        "现金及等价物净增加额_万元": 27856.888736,
        "净现金流_元": null,
        "净现金流同比增长_百分比": -31.07,
        "期初现金及等价物_万元": 82344.39649,
        "期末现金及等价物_万元": 110201.285226,
        "经营现金流占比_百分比": 37.4,
        "投资现金流占比_百分比": -22.4,
        "融资现金流占比_百分比": 85.0
    }
}