{
    "报告信息": {
        "序号": null,
        "股票代码": "002864",
        "股票简称": "盘龙药业",
        "报告年份": "2025",
        "报告期": "HY",
        "总股本_股": 106280960,
        "流通股本_股": 74190728,
        "报告日期": "2025-06-30",
        "审计意见": null,
        "会计师事务所": "立信会计师事务所（特殊普通合伙）"
    },
    "核心业绩指标": {
        "每股收益_元": 0.57,
        "稀释每股收益_元": 0.57,
        "营业总收入_万元": 57402.3,
        "营业总收入_亿元": 5.74023,
        "营收同比增长_百分比": 26.06,
        "营收环比增长_百分比": null,
        "净利润_万元": 6013.515047,
        "净利润_亿元": 0.6013515047,
        "净利润同比增长_百分比": 0.81,
        "净利润环比增长_百分比": null,
        "归母净利润_万元": 6013.515047,
        "少数股东损益_万元": -15.567696,
        "每股净资产_元": 15.66,
        "净资产收益率_百分比": 3.63,
        "扣非净资产收益率_百分比": null,
        "每股经营现金流_元": 0.588,
        "扣非净利润_万元": 5285.746386,
        "扣非净利润同比增长_百分比": 4.19,
        "销售毛利率_百分比": 51.06,
        "销售净利率_百分比": 10.48,
        "加权平均净资产收益率_百分比": 3.63,
        "扣非加权净资产收益率_百分比": null,
        "总资产收益率_百分比": null,
        "主营业务收入_万元": 57402.3,
        "主营业务成本_万元": 28079.532978,
        "主营业务利润_万元": 29322.767036
    },
    "资产负债表": {
        "货币资金_万元": 116676.597054,
        "应收账款_万元": 45664.992798,
        "应收票据_万元": 10894.740927,
        "应收款项融资_万元": null,
        "预付款项_万元": 1506.320027,
        "其他应收款_万元": 20037.132177,
        "存货_万元": 10128.856319,
        "合同资产_万元": null,
        "一年内到期的非流动资产_万元": null,
        "其他流动资产_万元": 285.604472,
        "流动资产合计_万元": 185537.326819,
        "交易性金融资产_万元": null,
        "债权投资_万元": null,
        "其他债权投资_万元": null,
        "长期应收款_万元": null,
        "长期股权投资_万元": 1009.037641,
        "其他权益工具投资_万元": null,
        "投资性房地产_万元": null,
        "固定资产_万元": 37480.449066,
        "在建工程_万元": 5558.790851,
        "生产性生物资产_万元": null,
        "油气资产_万元": null,
        "使用权资产_万元": 221.425593,
        "无形资产_万元": 5087.34368,
        "开发支出_万元": null,
        "商誉_万元": null,
        "长期待摊费用_万元": 287.412853,
        "递延所得税资产_万元": 689.722571,
        "其他非流动资产_万元": 353.140377,
        "非流动资产合计_万元": 50687.322632,
        "总资产_万元": 236224.649451,
        "总资产同比增长_百分比": 3.61,
        "短期借款_万元": 5000,
        "交易性金融负债_万元": null,
        "应付票据_万元": null,
        "应付账款_万元": 14340.123886,
        "预收款项_万元": 21.798165,
        "合同负债_万元": 431.4801,
        "应付职工薪酬_万元": 839.519439,
        "应交税费_万元": 1833.671258,
        "其他应付款_万元": 25991.551322,
        "一年内到期的非流动负债_万元": 88.172413,
        "其他流动负债_万元": 36.150029,
        "流动负债合计_万元": 48582.466612,
        "长期借款_万元": 9850,
        "应付债券_万元": null,
        "租赁负债_万元": 190.198491,
        "长期应付款_万元": null,
        "预计负债_万元": null,
        "递延收益_万元": 10977.36904,
        "递延所得税负债_万元": null,
        "其他非流动负债_万元": null,
        "非流动负债合计_万元": 21017.567531,
        "总负债_万元": 69600.034143,
        "总负债同比增长_百分比": 8.28,
        "资产负债率_百分比": 29.46,
        "实收资本_万元": 10628.096,
        "资本公积_万元": 81716.749851,
        "盈余公积_万元": 7751.645657,
        "未分配利润_万元": 68855.011023,
        "其他综合收益_万元": null,
        "专项储备_万元": null,
        "归属于母公司所有者权益合计_万元": 166443.610493,
        "少数股东权益_万元": 181.004815,
        "股东权益合计_万元": 166624.615308
    },
    "利润表": {
        "营业总收入_万元": 57402.3,
        "营业收入_万元": 57402.3,
        "营业总收入同比增长_百分比": 26.06,
        "营业成本_万元": 28079.532978,
        "税金及附加_万元": 581.425363,
        "销售费用_万元": 18109.164712,
        "管理费用_万元": 3044.049149,
        "研发费用_万元": 1585.00916,
        "财务费用_万元": -1185.770531,
        "其中利息费用_万元": 151.854712,
        "其中利息收入_万元": 1341.592016,
        "其他收益_万元": 826.477916,
        "投资收益_万元": -11.949729,
        "其中对联营企业投资收益_万元": -11.949729,
        "公允价值变动收益_万元": null,
        "信用减值损失_万元": -917.305709,
        "资产减值损失_万元": -18.760828,
        "资产处置收益_万元": -1.051153,
        "营业总支出_万元": 50213.410831,
        "营业利润_万元": 7066.29968,
        "营业外收入_万元": 5.46047,
        "营业外支出_万元": 65.622497,
        "利润总额_万元": 7006.137653,
        "所得税费用_万元": 1008.190302,
        "净利润_万元": 5997.947351,
        "归母净利润_万元": 6013.515047,
        "少数股东损益_万元": -15.567696,
        "持续经营净利润_万元": 5997.947351,
        "终止经营净利润_万元": null,
        "其他综合收益_万元": null,
        "综合收益总额_万元": 5997.947351,
        "归母综合收益总额_万元": 6013.515047
    },
    "现金流量表": {
        "销售商品收到现金_万元": 55078.88186,
        "收到的税费返还_万元": null,
        "收到其他经营活动现金_万元": 3948.604703,
        "经营活动现金流入_万元": 59027.486563,
        "购买商品支付现金_万元": 24704.555454,
        "支付职工现金_万元": 4172.582413,
        "支付税费_万元": 5374.588415,
        "支付其他经营活动现金_万元": 18513.670379,
        "经营活动现金流出_万元": 52765.396661,
        "经营现金流净额_万元": 6262.089902,
        "经营现金流净额同比增长_百分比": -43.66,
        "收回投资现金_万元": null,
        "取得投资收益现金_万元": null,
        "处置资产收回现金_万元": 0.176991,
        "收到其他投资活动现金_万元": null,
        "投资活动现金流入_万元": 0.176991,
        "投资支付现金_万元": null,
        "购建资产支付现金_万元": 3107.629838,
        "支付其他投资活动现金_万元": null,
        "投资活动现金流出_万元": 3107.629838,
        "投资现金流净额_万元": -3107.452847,
        "吸收投资现金_万元": null,
        "取得借款现金_万元": 5000,
        "收到其他筹资活动现金_万元": null,
        "筹资活动现金流入_万元": 5000,
        "偿还债务现金_万元": 5050,
        "分配股利现金_万元": 3278.976133,
        "支付其他筹资活动现金_万元": 86.582784,
        "筹资活动现金流出_万元": 8415.558917,
        "融资现金流净额_万元": -3415.558917,
        "汇率变动影响_万元": null,
        "现金及等价物净增加额_万元": -260.921862,
        "净现金流_元": -2609218.62,
        "净现金流同比增长_百分比": -104.16,
        "期初现金及等价物_万元": 116937.518916,
        "期末现金及等价物_万元": 116676.597054,
        "经营现金流占比_百分比": null,
        "投资现金流占比_百分比": null,
        "融资现金流占比_百分比": null
    }
}