{
    "报告信息": {
        "序号": null,
        "股票代码": "002864",
        "股票简称": "盘龙药业",
        "报告年份": "2025",
        "报告期": "第三季度",
        "总股本_股": 106280960,
        "流通股本_股": null,
        "报告日期": null,
        "审计意见": "未经审计",
        "会计师事务所": null,
        "期": "Q3"
    },
    "核心业绩指标": {
        "每股收益_元": 0.85,
        "稀释每股收益_元": 0.85,
        "营业总收入_万元": 84145.239285,
        "营业总收入_亿元": 8.4145239285,
        "营收同比增长_百分比": 17.37,
        "营收环比增长_百分比": null,
        "净利润_万元": 8960.242786,
        "净利润_亿元": 0.8960242786,
        "净利润同比增长_百分比": 0.26,
        "净利润环比增长_百分比": null,
        "归母净利润_万元": 8980.587428,
        "少数股东损益_万元": -20.344642,
        "每股净资产_元": null,
        "净资产收益率_百分比": 5.39,
        "扣非净资产收益率_百分比": null,
        "每股经营现金流_元": null,
        "扣非净利润_万元": 8247.008955,
        "扣非净利润同比增长_百分比": 2.33,
        "销售毛利率_百分比": null,
        "销售净利率_百分比": null,
        "加权平均净资产收益率_百分比": 5.39,
        "扣非加权净资产收益率_百分比": null,
        "总资产收益率_百分比": null,
        "主营业务收入_万元": 84145.239285,
        "主营业务成本_万元": 39813.024264,
        "主营业务利润_万元": null
    },
    "资产负债表": {
        "货币资金_万元": 116462.96656,
        "应收账款_万元": 43084.795504,
        "应收票据_万元": 11624.002229,
        "应收款项融资_万元": null,
        "预付款项_万元": 4121.194704,
        "其他应收款_万元": 260.914908,
        "存货_万元": 11799.446627,
        "合同资产_万元": null,
        "一年内到期的非流动资产_万元": null,
        "其他流动资产_万元": 334.531893,
        "流动资产合计_万元": 187687.852425,
        "交易性金融资产_万元": null,
        "债权投资_万元": null,
        "其他债权投资_万元": null,
        "长期应收款_万元": null,
        "长期股权投资_万元": 1003.568058,
        "其他权益工具投资_万元": null,
        "投资性房地产_万元": null,
        "固定资产_万元": 41478.1966,
        "在建工程_万元": 1994.694032,
        "生产性生物资产_万元": null,
        "油气资产_万元": null,
        "使用权资产_万元": 211.360794,
        "无形资产_万元": 5050.059527,
        "开发支出_万元": 746.830189,
        "商誉_万元": null,
        "长期待摊费用_万元": 273.492257,
        "递延所得税资产_万元": 954.057711,
        "其他非流动资产_万元": 703.140377,
        "非流动资产合计_万元": 52415.399545,
        "总资产_万元": 240103.25197,
        "总资产同比增长_百分比": 5.31,
        "短期借款_万元": 5000.0,
        "交易性金融负债_万元": null,
        "应付票据_万元": null,
        "应付账款_万元": 14437.233277,
        "预收款项_万元": null,
        "合同负债_万元": 397.837031,
        "应付职工薪酬_万元": 928.519497,
        "应交税费_万元": 2709.083725,
        "其他应付款_万元": 27008.626898,
        "一年内到期的非流动负债_万元": 9888.172413,
        "其他流动负债_万元": 28.69644,
        "流动负债合计_万元": 60398.169281,
        "长期借款_万元": 0.0,
        "应付债券_万元": null,
        "租赁负债_万元": 192.559518,
        "长期应付款_万元": null,
        "预计负债_万元": null,
        "递延收益_万元": 10940.674648,
        "递延所得税负债_万元": null,
        "其他非流动负债_万元": null,
        "非流动负债合计_万元": 11133.234166,
        "总负债_万元": 71531.403447,
        "总负债同比增长_百分比": null,
        "资产负债率_百分比": null,
        "实收资本_万元": 10628.096,
        "资本公积_万元": 81749.498231,
        "盈余公积_万元": 7751.645657,
        "未分配利润_万元": 70774.272804,
        "其他综合收益_万元": null,
        "专项储备_万元": null,
        "归属于母公司所有者权益合计_万元": 168395.620654,
        "少数股东权益_万元": 176.227869,
        "股东权益合计_万元": 168571.848523
    },
    "利润表": {
        "营业总收入_万元": 84145.239285,
        "营业收入_万元": 84145.239285,
        "营业总收入同比增长_百分比": 17.37,
        "营业成本_万元": 39813.024264,
        "税金及附加_万元": 871.717922,
        "销售费用_万元": 27115.16677,
        "管理费用_万元": 4583.079756,
        "研发费用_万元": 2409.584241,
        "财务费用_万元": -1268.735571,
        "其中利息费用_万元": 238.923685,
        "其中利息收入_万元": 1513.014183,
        "其他收益_万元": 932.969365,
        "投资收益_万元": -17.419312,
        "其中对联营企业投资收益_万元": -17.419312,
        "公允价值变动收益_万元": null,
        "信用减值损失_万元": -734.859336,
        "资产减值损失_万元": -21.123557,
        "资产处置收益_万元": 12.967624,
        "营业总支出_万元": null,
        "营业利润_万元": 10793.936687,
        "营业外收入_万元": 7.344775,
        "营业外支出_万元": 130.357332,
        "利润总额_万元": 10670.92413,
        "所得税费用_万元": 1710.681344,
        "净利润_万元": 8960.242786,
        "归母净利润_万元": 8980.587428,
        "少数股东损益_万元": -20.344642,
        "持续经营净利润_万元": 8960.242786,
        "终止经营净利润_万元": null,
        "其他综合收益_万元": null,
        "综合收益总额_万元": 8960.242786,
        "归母综合收益总额_万元": 8980.587428
    },
    "现金流量表": {
        "销售商品收到现金_万元": 86568.553967,
        "收到的税费返还_万元": null,
        "收到其他经营活动现金_万元": 4190.571201,
        "经营活动现金流入_万元": 90759.125168,
        "购买商品支付现金_万元": 40093.693286,
        "支付职工现金_万元": 6397.341994,
        "支付税费_万元": 7618.750746,
        "支付其他经营活动现金_万元": 27733.744309,
        "经营活动现金流出_万元": 81843.530335,
        "经营现金流净额_万元": 8915.594833,
        "经营现金流净额同比增长_百分比": -30.54,
        "收回投资现金_万元": null,
        "取得投资收益现金_万元": null,
        "处置资产收回现金_万元": 28.320417,
        "收到其他投资活动现金_万元": null,
        "投资活动现金流入_万元": 28.320417,
        "投资支付现金_万元": null,
        "购建资产支付现金_万元": 4809.124143,
        "支付其他投资活动现金_万元": null,
        "投资活动现金流出_万元": 4809.124143,
        "投资现金流净额_万元": -4780.803726,
        "吸收投资现金_万元": null,
        "取得借款现金_万元": 5000.0,
        "收到其他筹资活动现金_万元": null,
        "筹资活动现金流入_万元": 5000.0,
        "偿还债务现金_万元": 5100.0,
        "分配股利现金_万元": 4411.496679,
        "支付其他筹资活动现金_万元": 97.846784,
        "筹资活动现金流出_万元": 9609.343463,
        "融资现金流净额_万元": -4609.343463,
        "汇率变动影响_万元": null,
        "现金及等价物净增加额_万元": -474.552356,
        "净现金流_元": null,
        "净现金流同比增长_百分比": null,
        "期初现金及等价物_万元": 116937.518916,
        "期末现金及等价物_万元": 116462.96656,
        "经营现金流占比_百分比": null,
        "投资现金流占比_百分比": null,
        "融资现金流占比_百分比": null
    }
}