{
    "报告信息": {
        "序号": null,
        "股票代码": "002864",
        "股票简称": "盘龙药业",
        "报告年份": "2024",
        "报告期": "Q3",
        "总股本_股": 106280960,
        "流通股本_股": null,
        "报告日期": null,
        "审计意见": "未经审计",
        "会计师事务所": null
    },
    "核心业绩指标": {
        "每股收益_元": 0.85,
        "稀释每股收益_元": 0.85,
        "营业总收入_万元": 71692.291985,
        "营业总收入_亿元": 7.1692291985,
        "营收同比增长_百分比": 0.1,
        "营收环比增长_百分比": null,
        "净利润_万元": 8928.264859,
        "净利润_亿元": 0.8928264859,
        "净利润同比增长_百分比": 5.64,
        "净利润环比增长_百分比": null,
        "归母净利润_万元": 8957.169067,
        "少数股东损益_万元": -28.904208,
        "每股净资产_元": null,
        "净资产收益率_百分比": 5.66,
        "扣非净资产收益率_百分比": null,
        "每股经营现金流_元": null,
        "扣非净利润_万元": 8059.208543,
        "扣非净利润同比增长_百分比": -5.8,
        "销售毛利率_百分比": null,
        "销售净利率_百分比": null,
        "加权平均净资产收益率_百分比": 5.66,
        "扣非加权净资产收益率_百分比": null,
        "总资产收益率_百分比": null,
        "主营业务收入_万元": 71692.291985,
        "主营业务成本_万元": 27405.704613,
        "主营业务利润_万元": null
    },
    "资产负债表": {
        "货币资金_万元": 116419.390454,
        "应收账款_万元": 36986.966272,
        "应收票据_万元": 11071.190366,
        "应收款项融资_万元": null,
        "预付款项_万元": 1773.249748,
        "其他应收款_万元": 166.082146,
        "存货_万元": 8887.026323,
        "合同资产_万元": null,
        "一年内到期的非流动资产_万元": null,
        "其他流动资产_万元": 231.999058,
        "流动资产合计_万元": 175535.904367,
        "交易性金融资产_万元": null,
        "债权投资_万元": null,
        "其他债权投资_万元": null,
        "长期应收款_万元": null,
        "长期股权投资_万元": 953.90817,
        "其他权益工具投资_万元": null,
        "投资性房地产_万元": null,
        "固定资产_万元": 35836.662178,
        "在建工程_万元": 6593.766239,
        "生产性生物资产_万元": null,
        "油气资产_万元": null,
        "使用权资产_万元": 251.61999,
        "无形资产_万元": 5170.52947,
        "开发支出_万元": null,
        "商誉_万元": null,
        "长期待摊费用_万元": 261.525291,
        "递延所得税资产_万元": 1038.612408,
        "其他非流动资产_万元": 71.140377,
        "非流动资产合计_万元": 50177.764123,
        "总资产_万元": 225713.66849,
        "总资产同比增长_百分比": 6.22,
        "短期借款_万元": 5000.0,
        "交易性金融负债_万元": null,
        "应付票据_万元": null,
        "应付账款_万元": 9747.229233,
        "预收款项_万元": 35.559633,
        "合同负债_万元": 553.801571,
        "应付职工薪酬_万元": 786.047681,
        "应交税费_万元": 2153.254289,
        "其他应付款_万元": 26402.306653,
        "一年内到期的非流动负债_万元": 37.094912,
        "其他流动负债_万元": 56.613977,
        "流动负债合计_万元": 44736.348316,
        "长期借款_万元": 9950.0,
        "应付债券_万元": null,
        "租赁负债_万元": 224.201065,
        "长期应付款_万元": null,
        "预计负债_万元": null,
        "递延收益_万元": 9879.399454,
        "递延所得税负债_万元": null,
        "其他非流动负债_万元": null,
        "非流动负债合计_万元": 20053.600519,
        "总负债_万元": 64789.948835,
        "总负债同比增长_百分比": 12.92,
        "资产负债率_百分比": 28.7,
        "实收资本_万元": 10628.096,
        "资本公积_万元": 81967.232049,
        "盈余公积_万元": 6566.332062,
        "未分配利润_万元": 64076.59717,
        "其他综合收益_万元": null,
        "专项储备_万元": null,
        "归属于母公司所有者权益合计_万元": 160731.220738,
        "少数股东权益_万元": 192.498917,
        "股东权益合计_万元": 160923.719655
    },
    "利润表": {
        "营业总收入_万元": 71692.291985,
        "营业收入_万元": 71692.291985,
        "营业总收入同比增长_百分比": 0.1,
        "营业成本_万元": 27405.704613,
        "税金及附加_万元": 835.426909,
        "销售费用_万元": 28522.739941,
        "管理费用_万元": 4801.225221,
        "研发费用_万元": 2384.63049,
        "财务费用_万元": -1792.535908,
        "其中利息费用_万元": 263.936119,
        "其中利息收入_万元": 2061.791228,
        "其他收益_万元": 673.905506,
        "投资收益_万元": -17.158902,
        "其中对联营企业投资收益_万元": -17.158902,
        "公允价值变动收益_万元": null,
        "信用减值损失_万元": -387.0745,
        "资产减值损失_万元": -0.708323,
        "资产处置收益_万元": -0.447058,
        "营业总支出_万元": 62157.191266,
        "营业利润_万元": 9803.617442,
        "营业外收入_万元": 513.836049,
        "营业外支出_万元": 159.846371,
        "利润总额_万元": 10157.60712,
        "所得税费用_万元": 1229.342261,
        "净利润_万元": 8928.264859,
        "归母净利润_万元": 8957.169067,
        "少数股东损益_万元": -28.904208,
        "持续经营净利润_万元": 8928.264859,
        "终止经营净利润_万元": null,
        "其他综合收益_万元": null,
        "综合收益总额_万元": 8928.264859,
        "归母综合收益总额_万元": 8957.169067
    },
    "现金流量表": {
        "销售商品收到现金_万元": 77882.932526,
        "收到的税费返还_万元": null,
        "收到其他经营活动现金_万元": 3837.416229,
        "经营活动现金流入_万元": 81720.348755,
        "购买商品支付现金_万元": 26964.157747,
        "支付职工现金_万元": 5735.630656,
        "支付税费_万元": 7555.724226,
        "支付其他经营活动现金_万元": 28629.942275,
        "经营活动现金流出_万元": 68885.454904,
        "经营现金流净额_万元": 12834.893851,
        "经营现金流净额同比增长_百分比": 56.03,
        "收回投资现金_万元": null,
        "取得投资收益现金_万元": 200.0,
        "处置资产收回现金_万元": 1.977699,
        "收到其他投资活动现金_万元": 600.0,
        "投资活动现金流入_万元": 201.977699,
        "投资支付现金_万元": null,
        "购建资产支付现金_万元": 5787.08202,
        "支付其他投资活动现金_万元": 964.30661,
        "投资活动现金流出_万元": 8135.953872,
        "投资现金流净额_万元": -7933.976173,
        "吸收投资现金_万元": 29633.629223,
        "取得借款现金_万元": 15000.0,
        "收到其他筹资活动现金_万元": 285.659507,
        "筹资活动现金流入_万元": 15000.0,
        "偿还债务现金_万元": 16232.43,
        "分配股利现金_万元": 2574.600387,
        "支付其他筹资活动现金_万元": 491.473831,
        "筹资活动现金流出_万元": 19126.425291,
        "融资现金流净额_万元": 1317.18755,
        "汇率变动影响_万元": null,
        "现金及等价物净增加额_万元": 6218.105228,
        "净现金流_元": null,
        "净现金流同比增长_百分比": null,
        "期初现金及等价物_万元": 110201.285226,
        "期末现金及等价物_万元": 116419.390454,
        "经营现金流占比_百分比": null,
        "投资现金流占比_百分比": null,
        "融资现金流占比_百分比": null
    }
}