{
    "报告信息": {
        "序号": null,
        "股票代码": "002864",
        "股票简称": "盘龙药业",
        "报告年份": "2025",
        "报告期": "第一季度",
        "总股本_股": 106280960,
        "流通股本_股": null,
        "报告日期": "2025-03-31",
        "审计意见": "未经审计",
        "会计师事务所": null,
        "期": "Q1"
    },
    "核心业绩指标": {
        "每股收益_元": 0.3,
        "稀释每股收益_元": 0.3,
        "营业总收入_万元": 25021.234168,
        "营业总收入_亿元": 2.5021234168,
        "营收同比增长_百分比": 19.08,
        "营收环比增长_百分比": null,
        "净利润_万元": 3116.584197,
        "净利润_亿元": 0.3116584197,
        "净利润同比增长_百分比": 0.33,
        "净利润环比增长_百分比": null,
        "归母净利润_万元": 3124.927414,
        "少数股东损益_万元": -8.343217,
        "每股净资产_元": null,
        "净资产收益率_百分比": null,
        "扣非净资产收益率_百分比": null,
        "每股经营现金流_元": null,
        "扣非净利润_万元": 2875.286399,
        "扣非净利润同比增长_百分比": 18.6,
        "销售毛利率_百分比": null,
        "销售净利率_百分比": null,
        "加权平均净资产收益率_百分比": 1.89,
        "扣非加权净资产收益率_百分比": null,
        "总资产收益率_百分比": null,
        "主营业务收入_万元": 25021.234168,
        "主营业务成本_万元": 11532.317318,
        "主营业务利润_万元": null
    },
    "资产负债表": {
        "货币资金_万元": 116569.891154,
        "应收账款_万元": 38922.088152,
        "应收票据_万元": 11633.339794,
        "应收款项融资_万元": null,
        "预付款项_万元": 1829.67652,
        "其他应收款_万元": 344.083155,
        "存货_万元": 11312.782848,
        "合同资产_万元": null,
        "一年内到期的非流动资产_万元": null,
        "其他流动资产_万元": 297.918417,
        "流动资产合计_万元": 180909.78004,
        "交易性金融资产_万元": null,
        "债权投资_万元": null,
        "其他债权投资_万元": null,
        "长期应收款_万元": null,
        "长期股权投资_万元": 1015.673961,
        "其他权益工具投资_万元": null,
        "投资性房地产_万元": null,
        "固定资产_万元": 37978.490196,
        "在建工程_万元": 5209.689577,
        "生产性生物资产_万元": null,
        "油气资产_万元": null,
        "使用权资产_万元": 231.490392,
        "无形资产_万元": 5099.961166,
        "开发支出_万元": null,
        "商誉_万元": null,
        "长期待摊费用_万元": 300.309009,
        "递延所得税资产_万元": 537.318299,
        "其他非流动资产_万元": 336.627103,
        "非流动资产合计_万元": 50709.559703,
        "总资产_万元": 231619.339743,
        "总资产同比增长_百分比": 1.59,
        "短期借款_万元": 5000.0,
        "交易性金融负债_万元": null,
        "应付票据_万元": null,
        "应付账款_万元": 11572.538736,
        "预收款项_万元": 0.0,
        "合同负债_万元": 1313.649548,
        "应付职工薪酬_万元": 859.744378,
        "应交税费_万元": 2194.804299,
        "其他应付款_万元": 24457.922048,
        "一年内到期的非流动负债_万元": 88.172413,
        "其他流动负债_万元": 149.215992,
        "流动负债合计_万元": 45636.047414,
        "长期借款_万元": 9850.0,
        "应付债券_万元": null,
        "租赁负债_万元": 187.861623,
        "长期应付款_万元": null,
        "预计负债_万元": null,
        "递延收益_万元": 9602.933998,
        "递延所得税负债_万元": 0.121837,
        "其他非流动负债_万元": null,
        "非流动负债合计_万元": 19640.917458,
        "总负债_万元": 65276.964872,
        "总负债同比增长_百分比": null,
        "资产负债率_百分比": null,
        "实收资本_万元": 10628.096,
        "资本公积_万元": 81685.926868,
        "盈余公积_万元": 7751.645657,
        "未分配利润_万元": 68584.710121,
        "其他综合收益_万元": null,
        "专项储备_万元": null,
        "归属于母公司所有者权益合计_万元": 166154.145577,
        "少数股东权益_万元": 188.229294,
        "股东权益合计_万元": 166342.374871
    },
    "利润表": {
        "营业总收入_万元": 25021.234168,
        "营业收入_万元": 25021.234168,
        "营业总收入同比增长_百分比": 19.08,
        "营业成本_万元": 11532.317318,
        "税金及附加_万元": 281.004506,
        "销售费用_万元": 8421.134904,
        "管理费用_万元": 1340.720235,
        "研发费用_万元": 464.227519,
        "财务费用_万元": -665.541211,
        "其中利息费用_万元": 72.378566,
        "其中利息收入_万元": 739.334651,
        "其他收益_万元": 211.082188,
        "投资收益_万元": -5.313409,
        "其中对联营企业投资收益_万元": -5.313409,
        "公允价值变动收益_万元": null,
        "信用减值损失_万元": -236.086747,
        "资产减值损失_万元": 5.505878,
        "资产处置收益_万元": -0.031597,
        "营业总支出_万元": null,
        "营业利润_万元": 3622.52721,
        "营业外收入_万元": 0.13104,
        "营业外支出_万元": 0.739814,
        "利润总额_万元": 3621.918436,
        "所得税费用_万元": 505.334239,
        "净利润_万元": 3116.584197,
        "归母净利润_万元": 3124.927414,
        "少数股东损益_万元": -8.343217,
        "持续经营净利润_万元": 3116.584197,
        "终止经营净利润_万元": null,
        "其他综合收益_万元": null,
        "综合收益总额_万元": 3116.584197,
        "归母综合收益总额_万元": 3124.927414
    },
    "现金流量表": {
        "销售商品收到现金_万元": 26998.438955,
        "收到的税费返还_万元": null,
        "收到其他经营活动现金_万元": 1137.912456,
        "经营活动现金流入_万元": 28136.351411,
        "购买商品支付现金_万元": 11830.649198,
        "支付职工现金_万元": 1980.224345,
        "支付税费_万元": 2158.34078,
        "支付其他经营活动现金_万元": 9570.664476,
        "经营活动现金流出_万元": 25539.878799,
        "经营现金流净额_万元": 2596.472612,
        "经营现金流净额同比增长_百分比": -59.1,
        "收回投资现金_万元": null,
        "取得投资收益现金_万元": null,
        "处置资产收回现金_万元": null,
        "收到其他投资活动现金_万元": null,
        "投资活动现金流入_万元": 0.0,
        "投资支付现金_万元": null,
        "购建资产支付现金_万元": 2273.367235,
        "支付其他投资活动现金_万元": null,
        "投资活动现金流出_万元": 2273.367235,
        "投资现金流净额_万元": -2273.367235,
        "吸收投资现金_万元": null,
        "取得借款现金_万元": 5000.0,
        "收到其他筹资活动现金_万元": null,
        "筹资活动现金流入_万元": 5000.0,
        "偿还债务现金_万元": 5050.0,
        "分配股利现金_万元": 583.550124,
        "支付其他筹资活动现金_万元": 57.183015,
        "筹资活动现金流出_万元": 5690.733139,
        "融资现金流净额_万元": -690.733139,
        "汇率变动影响_万元": null,
        "现金及等价物净增加额_万元": -367.627762,
        "净现金流_元": null,
        "净现金流同比增长_百分比": null,
        "期初现金及等价物_万元": 116937.518916,
        "期末现金及等价物_万元": 116569.891154,
        "经营现金流占比_百分比": null,
        "投资现金流占比_百分比": null,
        "融资现金流占比_百分比": null
    }
}