{
    "报告信息": {
        "序号": null,
        "股票代码": "002864",
        "股票简称": "盘龙药业",
        "报告年份": "2024",
        "报告期": "年度",
        "总股本_股": 106280960,
        "流通股本_股": null,
        "报告日期": null,
        "审计意见": "标准的无保留意见",
        "会计师事务所": "立信会计师事务所（特殊普通合伙）",
        "期": "FY"
    },
    "核心业绩指标": {
        "每股收益_元": 1.15,
        "稀释每股收益_元": 1.15,
        "营业总收入_万元": 97386.416302,
        "营业总收入_亿元": 9.7386416302,
        "营收同比增长_百分比": -0.71,
        "营收环比增长_百分比": null,
        "净利润_万元": 11992.468991,
        "净利润_亿元": 1.1992468991,
        "净利润同比增长_百分比": 8.91,
        "净利润环比增长_百分比": null,
        "归母净利润_万元": 12027.159281,
        "少数股东损益_万元": -34.69029,
        "每股净资产_元": null,
        "净资产收益率_百分比": 7.56,
        "扣非净资产收益率_百分比": null,
        "每股经营现金流_元": null,
        "扣非净利润_万元": 11260.532841,
        "扣非净利润同比增长_百分比": 2.99,
        "销售毛利率_百分比": null,
        "销售净利率_百分比": null,
        "加权平均净资产收益率_百分比": 7.56,
        "扣非加权净资产收益率_百分比": null,
        "总资产收益率_百分比": null,
        "主营业务收入_万元": 97145.015804,
        "主营业务成本_万元": 38095.468412,
        "主营业务利润_万元": null
    },
    "资产负债表": {
        "货币资金_万元": 116937.518916,
        "应收账款_万元": 36796.783298,
        "应收票据_万元": 12662.250379,
        "应收款项融资_万元": null,
        "预付款项_万元": 580.795159,
        "其他应收款_万元": 211.687805,
        "存货_万元": 9558.419717,
        "合同资产_万元": 0.0,
        "一年内到期的非流动资产_万元": null,
        "其他流动资产_万元": 404.873865,
        "流动资产合计_万元": 177152.329139,
        "交易性金融资产_万元": null,
        "债权投资_万元": null,
        "其他债权投资_万元": null,
        "长期应收款_万元": null,
        "长期股权投资_万元": 1020.98737,
        "其他权益工具投资_万元": null,
        "投资性房地产_万元": 0.0,
        "固定资产_万元": 37974.778504,
        "在建工程_万元": 5604.552548,
        "生产性生物资产_万元": null,
        "油气资产_万元": null,
        "使用权资产_万元": 241.555191,
        "无形资产_万元": 5135.245318,
        "开发支出_万元": null,
        "商誉_万元": null,
        "长期待摊费用_万元": 312.31279,
        "递延所得税资产_万元": 489.399717,
        "其他非流动资产_万元": 71.140377,
        "非流动资产合计_万元": 50849.971815,
        "总资产_万元": 228002.300954,
        "总资产同比增长_百分比": 7.29,
        "短期借款_万元": 5000.0,
        "交易性金融负债_万元": null,
        "应付票据_万元": null,
        "应付账款_万元": 10792.24974,
        "预收款项_万元": 21.798165,
        "合同负债_万元": 367.533309,
        "应付职工薪酬_万元": 878.174203,
        "应交税费_万元": 1823.474177,
        "其他应付款_万元": 25565.921719,
        "一年内到期的非流动负债_万元": 130.880034,
        "其他流动负债_万元": 30.998402,
        "流动负债合计_万元": 44611.029749,
        "长期借款_万元": 9850.0,
        "应付债券_万元": null,
        "租赁负债_万元": 233.117367,
        "长期应付款_万元": null,
        "预计负债_万元": null,
        "递延收益_万元": 9589.878392,
        "递延所得税负债_万元": null,
        "其他非流动负债_万元": null,
        "非流动负债合计_万元": 19672.995759,
        "总负债_万元": 64284.025508,
        "总负债同比增长_百分比": null,
        "资产负债率_百分比": null,
        "实收资本_万元": 10628.096,
        "资本公积_万元": 81664.069632,
        "盈余公积_万元": 7751.645657,
        "未分配利润_万元": 65973.26922,
        "其他综合收益_万元": null,
        "专项储备_万元": null,
        "归属于母公司所有者权益合计_万元": 163521.702935,
        "少数股东权益_万元": 196.572511,
        "股东权益合计_万元": 163718.275446
    },
    "利润表": {
        "营业总收入_万元": 97386.416302,
        "营业收入_万元": 97386.416302,
        "营业总收入同比增长_百分比": -0.71,
        "营业成本_万元": 38151.61259,
        "税金及附加_万元": 1116.881968,
        "销售费用_万元": 36702.298007,
        "管理费用_万元": 6983.430762,
        "研发费用_万元": 3753.775887,
        "财务费用_万元": -2332.184426,
        "其中利息费用_万元": 156.112208,
        "其中利息收入_万元": 2494.708205,
        "其他收益_万元": 1008.990359,
        "投资收益_万元": 63.089409,
        "其中对联营企业投资收益_万元": 49.920298,
        "公允价值变动收益_万元": 0.0,
        "信用减值损失_万元": -222.066836,
        "资产减值损失_万元": -22.500229,
        "资产处置收益_万元": -1.412767,
        "营业总支出_万元": null,
        "营业利润_万元": 13836.70145,
        "营业外收入_万元": 19.354249,
        "营业外支出_万元": 160.873337,
        "利润总额_万元": 13695.182362,
        "所得税费用_万元": 1702.713371,
        "净利润_万元": 11992.468991,
        "归母净利润_万元": 12027.159281,
        "少数股东损益_万元": -34.69029,
        "持续经营净利润_万元": 11992.468991,
        "终止经营净利润_万元": null,
        "其他综合收益_万元": null,
        "综合收益总额_万元": 11992.468991,
        "归母综合收益总额_万元": 12027.159281
    },
    "现金流量表": {
        "销售商品收到现金_万元": 104475.255562,
        "收到的税费返还_万元": null,
        "收到其他经营活动现金_万元": 4571.279235,
        "经营活动现金流入_万元": 109046.534797,
        "购买商品支付现金_万元": 36151.873353,
        "支付职工现金_万元": 8000.883389,
        "支付税费_万元": 9882.512856,
        "支付其他经营活动现金_万元": 39351.982923,
        "经营活动现金流出_万元": 93387.252521,
        "经营现金流净额_万元": 15659.282276,
        "经营现金流净额同比增长_百分比": 50.5,
        "收回投资现金_万元": null,
        "取得投资收益现金_万元": 200.0,
        "处置资产收回现金_万元": 4.613891,
        "收到其他投资活动现金_万元": null,
        "投资活动现金流入_万元": 203.220971,
        "投资支付现金_万元": null,
        "购建资产支付现金_万元": 8205.11059,
        "支付其他投资活动现金_万元": null,
        "投资活动现金流出_万元": 10553.982442,
        "投资现金流净额_万元": -10350.761471,
        "吸收投资现金_万元": null,
        "取得借款现金_万元": 15000.0,
        "收到其他筹资活动现金_万元": null,
        "筹资活动现金流入_万元": 15000.0,
        "偿还债务现金_万元": 10050.0,
        "分配股利现金_万元": 2308.163289,
        "支付其他筹资活动现金_万元": 1070.207494,
        "筹资活动现金流出_万元": 13572.287115,
        "融资现金流净额_万元": 1427.712885,
        "汇率变动影响_万元": null,
        "现金及等价物净增加额_万元": 6736.23369,
        "净现金流_元": null,
        "净现金流同比增长_百分比": -75.82,
        "期初现金及等价物_万元": 110201.285226,
        "期末现金及等价物_万元": 116937.518916,
        "经营现金流占比_百分比": null,
        "投资现金流占比_百分比": null,
        "融资现金流占比_百分比": null
    }
}