{
    "报告信息": {
        "序号": "2023-031",
        "股票代码": "301111",
        "股票简称": "粤万年青",
        "报告年份": "2023",
        "报告期": "HY",
        "总股本_股": 160000000,
        "流通股本_股": 70138480,
        "报告日期": "2023-08-26",
        "审计意见": null,
        "会计师事务所": null
    },
    "核心业绩指标": {
        "每股收益_元": 0.1547,
        "稀释每股收益_元": 0.1547,
        "营业总收入_万元": 14683.814102,
        "营业总收入_亿元": 1.4683814102,
        "营收同比增长_百分比": 9.5,
        "营收环比增长_百分比": null,
        "净利润_万元": 2474.939492,
        "净利润_亿元": 0.2474939492,
        "净利润同比增长_百分比": -2.58,
        "净利润环比增长_百分比": null,
        "归母净利润_万元": 2480.504663,
        "少数股东损益_万元": -5.565171,
        "每股净资产_元": null,
        "净资产收益率_百分比": null,
        "扣非净资产收益率_百分比": null,
        "每股经营现金流_元": null,
        "扣非净利润_万元": 1695.384162,
        "扣非净利润同比增长_百分比": 10.27,
        "销售毛利率_百分比": null,
        "销售净利率_百分比": null,
        "加权平均净资产收益率_百分比": 3.22,
        "扣非加权净资产收益率_百分比": null,
        "总资产收益率_百分比": null,
        "主营业务收入_万元": null,
        "主营业务成本_万元": null,
        "主营业务利润_万元": null
    },
    "资产负债表": {
        "货币资金_万元": 13766.813698,
        "应收账款_万元": 5828.735951,
        "应收票据_万元": 0.0,
        "应收款项融资_万元": 917.226554,
        "预付款项_万元": 207.165002,
        "其他应收款_万元": 196.024136,
        "存货_万元": 7469.115518,
        "合同资产_万元": null,
        "一年内到期的非流动资产_万元": 19220.222223,
        "其他流动资产_万元": 209.335666,
        "流动资产合计_万元": 55098.172312,
        "交易性金融资产_万元": 7283.533564,
        "债权投资_万元": 18448.095834,
        "其他债权投资_万元": null,
        "长期应收款_万元": null,
        "长期股权投资_万元": null,
        "其他权益工具投资_万元": null,
        "投资性房地产_万元": null,
        "固定资产_万元": 5055.656539,
        "在建工程_万元": 72.448331,
        "生产性生物资产_万元": null,
        "油气资产_万元": null,
        "使用权资产_万元": 1260.474208,
        "无形资产_万元": 2993.182642,
        "开发支出_万元": null,
        "商誉_万元": null,
        "长期待摊费用_万元": 21.914054,
        "递延所得税资产_万元": 717.920209,
        "其他非流动资产_万元": 622.414739,
        "非流动资产合计_万元": 29192.106556,
        "总资产_万元": 84290.278868,
        "总资产同比增长_百分比": -1.65,
        "短期借款_万元": null,
        "交易性金融负债_万元": null,
        "应付票据_万元": null,
        "应付账款_万元": 2643.141239,
        "预收款项_万元": null,
        "合同负债_万元": 830.895244,
        "应付职工薪酬_万元": 555.394664,
        "应交税费_万元": 547.760249,
        "其他应付款_万元": 887.341284,
        "一年内到期的非流动负债_万元": 247.169916,
        "其他流动负债_万元": 84.233335,
        "流动负债合计_万元": 5795.935931,
        "长期借款_万元": null,
        "应付债券_万元": null,
        "租赁负债_万元": 1037.126522,
        "长期应付款_万元": null,
        "预计负债_万元": null,
        "递延收益_万元": 415.162153,
        "递延所得税负债_万元": 0.0,
        "其他非流动负债_万元": null,
        "非流动负债合计_万元": 1452.288675,
        "总负债_万元": 7248.224606,
        "总负债同比增长_百分比": null,
        "资产负债率_百分比": null,
        "实收资本_万元": 16000.0,
        "资本公积_万元": 40694.049131,
        "盈余公积_万元": 2776.015509,
        "未分配利润_万元": 17277.557123,
        "其他综合收益_万元": null,
        "专项储备_万元": null,
        "归属于母公司所有者权益合计_万元": 76747.621763,
        "少数股东权益_万元": 294.432499,
        "股东权益合计_万元": 77042.054262
    },
    "利润表": {
        "营业总收入_万元": 14683.814102,
        "营业收入_万元": 14683.814102,
        "营业总收入同比增长_百分比": 9.5,
        "营业成本_万元": 4977.236905,
        "税金及附加_万元": 215.114638,
        "销售费用_万元": 6154.372583,
        "管理费用_万元": 1112.925906,
        "研发费用_万元": 415.764191,
        "财务费用_万元": -134.142748,
        "其中利息费用_万元": 6.617216,
        "其中利息收入_万元": 142.387417,
        "其他收益_万元": 164.66622,
        "投资收益_万元": 611.939868,
        "其中对联营企业投资收益_万元": null,
        "公允价值变动收益_万元": 160.232228,
        "信用减值损失_万元": 14.100784,
        "资产减值损失_万元": 15.38212,
        "资产处置收益_万元": 0.0,
        "营业总支出_万元": 12741.271475,
        "营业利润_万元": 2908.863847,
        "营业外收入_万元": 21.071315,
        "营业外支出_万元": 34.466527,
        "利润总额_万元": 2895.468635,
        "所得税费用_万元": 420.529143,
        "净利润_万元": 2474.939492,
        "归母净利润_万元": 2480.504663,
        "少数股东损益_万元": -5.565171,
        "持续经营净利润_万元": 2474.939492,
        "终止经营净利润_万元": 0.0,
        "其他综合收益_万元": null,
        "综合收益总额_万元": 2474.939492,
        "归母综合收益总额_万元": 2480.504663
    },
    "现金流量表": {
        "销售商品收到现金_万元": 12462.230972,
        "收到的税费返还_万元": 0.0,
        "收到其他经营活动现金_万元": 785.078716,
        "经营活动现金流入_万元": 13247.309688,
        "购买商品支付现金_万元": 2493.750444,
        "支付职工现金_万元": 2742.813833,
        "支付税费_万元": 3142.73407,
        "支付其他经营活动现金_万元": 6210.543954,
        "经营活动现金流出_万元": 14589.842301,
        "经营现金流净额_万元": -1342.532613,
        "经营现金流净额同比增长_百分比": -158.41,
        "收回投资现金_万元": 11500.0,
        "取得投资收益现金_万元": 181.905458,
        "处置资产收回现金_万元": 0.0,
        "收到其他投资活动现金_万元": 0.0,
        "投资活动现金流入_万元": 11681.905458,
        "投资支付现金_万元": 10200.0,
        "购建资产支付现金_万元": 2696.69391,
        "支付其他投资活动现金_万元": 0.0,
        "投资活动现金流出_万元": 12896.69391,
        "投资现金流净额_万元": -1214.788452,
        "吸收投资现金_万元": 0.0,
        "取得借款现金_万元": 0.0,
        "收到其他筹资活动现金_万元": 0.0,
        "筹资活动现金流入_万元": 0.0,
        "偿还债务现金_万元": 0.0,
        "分配股利现金_万元": 1600.5209,
        "支付其他筹资活动现金_万元": 49.76913,
        "筹资活动现金流出_万元": 1650.29003,
        "融资现金流净额_万元": -1650.29003,
        "汇率变动影响_万元": null,
        "现金及等价物净增加额_万元": -4207.611095,
        "净现金流_元": null,
        "净现金流同比增长_百分比": null,
        "期初现金及等价物_万元": 14773.84974,
        "期末现金及等价物_万元": 13766.813698,
        "经营现金流占比_百分比": null,
        "投资现金流占比_百分比": null,
        "融资现金流占比_百分比": null
    }
}