{
    "报告信息": {
        "序号": null,
        "股票代码": "301111",
        "股票简称": "粤万年青",
        "报告年份": "2025",
        "报告期": "Q3",
        "总股本_股": 160000000,
        "流通股本_股": 160000000,
        "报告日期": "2025-09-30",
        "审计意见": null,
        "会计师事务所": null
    },
    "核心业绩指标": {
        "每股收益_元": -0.0508,
        "稀释每股收益_元": -0.0508,
        "营业总收入_万元": 22841.486264,
        "营业总收入_亿元": 0.22841486264,
        "营收同比增长_百分比": -0.14,
        "营收环比增长_百分比": null,
        "净利润_万元": -1157.140758,
        "净利润_亿元": -0.1157140758,
        "净利润同比增长_百分比": null,
        "净利润环比增长_百分比": null,
        "归母净利润_万元": -812.952108,
        "少数股东损益_万元": -344.18865,
        "每股净资产_元": 4.6762981726875,
        "净资产收益率_百分比": null,
        "扣非净资产收益率_百分比": null,
        "每股经营现金流_元": null,
        "扣非净利润_万元": -1331.863099,
        "扣非净利润同比增长_百分比": -370.41,
        "销售毛利率_百分比": 61.67,
        "销售净利率_百分比": -5.07,
        "加权平均净资产收益率_百分比": -1.07,
        "扣非加权净资产收益率_百分比": null,
        "总资产收益率_百分比": null,
        "主营业务收入_万元": 22841.486264,
        "主营业务成本_万元": 8734.733516,
        "主营业务利润_万元": null
    },
    "资产负债表": {
        "货币资金_万元": 14158.809412,
        "应收账款_万元": 8106.109069,
        "应收票据_万元": null,
        "应收款项融资_万元": 623.104874,
        "预付款项_万元": 1017.909682,
        "其他应收款_万元": 464.241506,
        "存货_万元": 8829.405589,
        "合同资产_万元": null,
        "一年内到期的非流动资产_万元": 12568.020929,
        "其他流动资产_万元": 470.267886,
        "流动资产合计_万元": 53499.243267,
        "交易性金融资产_万元": 7261.37432,
        "债权投资_万元": 18609.780822,
        "其他债权投资_万元": null,
        "长期应收款_万元": null,
        "长期股权投资_万元": 118.398211,
        "其他权益工具投资_万元": 593.0,
        "投资性房地产_万元": null,
        "固定资产_万元": 4870.75543,
        "在建工程_万元": null,
        "生产性生物资产_万元": null,
        "油气资产_万元": null,
        "使用权资产_万元": 6030.111586,
        "无形资产_万元": 2925.481758,
        "开发支出_万元": null,
        "商誉_万元": 900.069995,
        "长期待摊费用_万元": 2730.552332,
        "递延所得税资产_万元": 2142.581474,
        "其他非流动资产_万元": 120.678022,
        "非流动资产合计_万元": 39041.40963,
        "总资产_万元": 92540.652897,
        "总资产同比增长_百分比": -0.83,
        "短期借款_万元": null,
        "交易性金融负债_万元": null,
        "应付票据_万元": null,
        "应付账款_万元": 6056.054809,
        "预收款项_万元": null,
        "合同负债_万元": 1153.498487,
        "应付职工薪酬_万元": 610.811984,
        "应交税费_万元": 676.664517,
        "其他应付款_万元": 976.690121,
        "一年内到期的非流动负债_万元": 3116.354579,
        "其他流动负债_万元": 186.388287,
        "流动负债合计_万元": 12776.462784,
        "长期借款_万元": null,
        "应付债券_万元": null,
        "租赁负债_万元": 4498.267267,
        "长期应付款_万元": null,
        "预计负债_万元": null,
        "递延收益_万元": 45.246121,
        "递延所得税负债_万元": null,
        "其他非流动负债_万元": null,
        "非流动负债合计_万元": 4543.513388,
        "总负债_万元": 17319.976172,
        "总负债同比增长_百分比": null,
        "资产负债率_百分比": 18.73,
        "实收资本_万元": 16000.0,
        "资本公积_万元": 40694.049131,
        "盈余公积_万元": 3422.259741,
        "未分配利润_万元": 14704.461891,
        "其他综合收益_万元": null,
        "专项储备_万元": null,
        "归属于母公司所有者权益合计_万元": 74820.770763,
        "少数股东权益_万元": 399.905962,
        "股东权益合计_万元": 75220.676725
    },
    "利润表": {
        "营业总收入_万元": 22841.486264,
        "营业收入_万元": 22841.486264,
        "营业总收入同比增长_百分比": -0.14,
        "营业成本_万元": 8734.733516,
        "税金及附加_万元": 339.116885,
        "销售费用_万元": 11369.241349,
        "管理费用_万元": 3590.015973,
        "研发费用_万元": 667.563743,
        "财务费用_万元": 98.791522,
        "其中利息费用_万元": 202.087917,
        "其中利息收入_万元": 147.373484,
        "其他收益_万元": 66.53374,
        "投资收益_万元": 372.844365,
        "其中对联营企业投资收益_万元": -152.395937,
        "公允价值变动收益_万元": 46.196543,
        "信用减值损失_万元": -29.188835,
        "资产减值损失_万元": 13.308173,
        "资产处置收益_万元": null,
        "营业总支出_万元": null,
        "营业利润_万元": -1488.282738,
        "营业外收入_万元": 14.798964,
        "营业外支出_万元": 14.256649,
        "利润总额_万元": -1487.740423,
        "所得税费用_万元": -330.599665,
        "净利润_万元": -1157.140758,
        "归母净利润_万元": -812.952108,
        "少数股东损益_万元": -344.18865,
        "持续经营净利润_万元": -1157.140758,
        "终止经营净利润_万元": null,
        "其他综合收益_万元": null,
        "综合收益总额_万元": -1157.140758,
        "归母综合收益总额_万元": -812.952108
    },
    "现金流量表": {
        "销售商品收到现金_万元": 23921.72062,
        "收到的税费返还_万元": 24.360152,
        "收到其他经营活动现金_万元": 683.990548,
        "经营活动现金流入_万元": 24630.07132,
        "购买商品支付现金_万元": 4451.830564,
        "支付职工现金_万元": 6056.104193,
        "支付税费_万元": 3006.666332,
        "支付其他经营活动现金_万元": 11297.515345,
        "经营活动现金流出_万元": 24812.116434,
        "经营现金流净额_万元": -182.045114,
        "经营现金流净额同比增长_百分比": 85.25,
        "收回投资现金_万元": 10800.0,
        "取得投资收益现金_万元": 447.064668,
        "处置资产收回现金_万元": null,
        "收到其他投资活动现金_万元": null,
        "投资活动现金流入_万元": 11322.064668,
        "投资支付现金_万元": 11653.0,
        "购建资产支付现金_万元": 677.570267,
        "支付其他投资活动现金_万元": null,
        "投资活动现金流出_万元": 12380.471807,
        "投资现金流净额_万元": -1058.407139,
        "吸收投资现金_万元": 517.0,
        "取得借款现金_万元": null,
        "收到其他筹资活动现金_万元": null,
        "筹资活动现金流入_万元": 517.0,
        "偿还债务现金_万元": null,
        "分配股利现金_万元": 800.0,
        "支付其他筹资活动现金_万元": 227.826987,
        "筹资活动现金流出_万元": 1027.826987,
        "融资现金流净额_万元": -510.826987,
        "汇率变动影响_万元": null,
        "现金及等价物净增加额_万元": -1751.27924,
        "净现金流_元": -17512792.4,
        "净现金流同比增长_百分比": null,
        "期初现金及等价物_万元": 15910.088652,
        "期末现金及等价物_万元": 14158.809412,
        "经营现金流占比_百分比": null,
        "投资现金流占比_百分比": null,
        "融资现金流占比_百分比": null
    }
}