{
    "报告信息": {
        "序号": null,
        "股票代码": "301111",
        "股票简称": "粤万年青",
        "报告年份": "2024",
        "报告期": "Q1",
        "总股本_股": 160000000,
        "流通股本_股": null,
        "报告日期": "2024-03-31",
        "审计意见": "未经审计",
        "会计师事务所": null
    },
    "核心业绩指标": {
        "每股收益_元": 0.07,
        "稀释每股收益_元": 0.07,
        "营业总收入_万元": 7119.652247,
        "营业总收入_亿元": 0.7119652247,
        "营收同比增长_百分比": -10.22,
        "营收环比增长_百分比": null,
        "净利润_万元": 1146.968534,
        "净利润_亿元": 0.1146968534,
        "净利润同比增长_百分比": null,
        "净利润环比增长_百分比": null,
        "归母净利润_万元": 1173.816774,
        "少数股东损益_万元": -26.84824,
        "每股净资产_元": null,
        "净资产收益率_百分比": null,
        "扣非净资产收益率_百分比": null,
        "每股经营现金流_元": -0.0006844198,
        "扣非净利润_万元": 823.302031,
        "扣非净利润同比增长_百分比": -28.16,
        "销售毛利率_百分比": null,
        "销售净利率_百分比": null,
        "加权平均净资产收益率_百分比": 1.5,
        "扣非加权净资产收益率_百分比": null,
        "总资产收益率_百分比": null,
        "主营业务收入_万元": 7119.652247,
        "主营业务成本_万元": 2470.040364,
        "主营业务利润_万元": null
    },
    "资产负债表": {
        "货币资金_万元": 12294.739798,
        "应收账款_万元": 6244.877283,
        "应收票据_万元": null,
        "应收款项融资_万元": 1478.047471,
        "预付款项_万元": 1189.164738,
        "其他应收款_万元": 329.975325,
        "存货_万元": 8072.569896,
        "合同资产_万元": null,
        "一年内到期的非流动资产_万元": 14130.164231,
        "其他流动资产_万元": 221.151861,
        "流动资产合计_万元": 51328.417805,
        "交易性金融资产_万元": 7367.727202,
        "债权投资_万元": 24004.991667,
        "其他债权投资_万元": null,
        "长期应收款_万元": null,
        "长期股权投资_万元": 100.0,
        "其他权益工具投资_万元": 555.0,
        "投资性房地产_万元": null,
        "固定资产_万元": 4367.736996,
        "在建工程_万元": 72.448331,
        "生产性生物资产_万元": null,
        "油气资产_万元": null,
        "使用权资产_万元": 1115.954256,
        "无形资产_万元": 3074.510961,
        "开发支出_万元": null,
        "商誉_万元": null,
        "长期待摊费用_万元": 86.883813,
        "递延所得税资产_万元": 764.436246,
        "其他非流动资产_万元": 1239.889077,
        "非流动资产合计_万元": 35381.851347,
        "总资产_万元": 86710.269152,
        "总资产同比增长_百分比": 1.35,
        "短期借款_万元": null,
        "交易性金融负债_万元": null,
        "应付票据_万元": null,
        "应付账款_万元": 3582.704067,
        "预收款项_万元": null,
        "合同负债_万元": 659.082588,
        "应付职工薪酬_万元": 537.990287,
        "应交税费_万元": 318.250774,
        "其他应付款_万元": 921.424093,
        "一年内到期的非流动负债_万元": 380.090284,
        "其他流动负债_万元": 68.65363,
        "流动负债合计_万元": 6468.195723,
        "长期借款_万元": null,
        "应付债券_万元": null,
        "租赁负债_万元": 997.306667,
        "长期应付款_万元": null,
        "预计负债_万元": null,
        "递延收益_万元": 127.280475,
        "递延所得税负债_万元": null,
        "其他非流动负债_万元": null,
        "非流动负债合计_万元": 1124.587142,
        "总负债_万元": 7592.782865,
        "总负债同比增长_百分比": null,
        "资产负债率_百分比": null,
        "实收资本_万元": 16000.0,
        "资本公积_万元": 40694.049131,
        "盈余公积_万元": 3134.955132,
        "未分配利润_万元": 18962.266917,
        "其他综合收益_万元": null,
        "专项储备_万元": null,
        "归属于母公司所有者权益合计_万元": 78791.27118,
        "少数股东权益_万元": 326.215107,
        "股东权益合计_万元": 79117.486287
    },
    "利润表": {
        "营业总收入_万元": 7119.652247,
        "营业收入_万元": 7119.652247,
        "营业总收入同比增长_百分比": -10.22,
        "营业成本_万元": 2470.040364,
        "税金及附加_万元": 112.461203,
        "销售费用_万元": 3016.408939,
        "管理费用_万元": 786.401343,
        "研发费用_万元": 226.138975,
        "财务费用_万元": -44.874434,
        "其中利息费用_万元": 13.960135,
        "其中利息收入_万元": 59.967135,
        "其他收益_万元": 91.656544,
        "投资收益_万元": 294.43959,
        "其中对联营企业投资收益_万元": null,
        "公允价值变动收益_万元": 85.005222,
        "信用减值损失_万元": 168.020597,
        "资产减值损失_万元": 139.388925,
        "资产处置收益_万元": null,
        "营业总支出_万元": null,
        "营业利润_万元": 1331.586735,
        "营业外收入_万元": 20.934852,
        "营业外支出_万元": 0.207801,
        "利润总额_万元": 1352.313786,
        "所得税费用_万元": 205.345252,
        "净利润_万元": 1146.968534,
        "归母净利润_万元": 1173.816774,
        "少数股东损益_万元": -26.84824,
        "持续经营净利润_万元": 1146.968534,
        "终止经营净利润_万元": 0.0,
        "其他综合收益_万元": null,
        "综合收益总额_万元": 1146.968534,
        "归母综合收益总额_万元": 1173.816774
    },
    "现金流量表": {
        "销售商品收到现金_万元": 6776.47819,
        "收到的税费返还_万元": null,
        "收到其他经营活动现金_万元": 211.605199,
        "经营活动现金流入_万元": 6988.083389,
        "购买商品支付现金_万元": 1435.627182,
        "支付职工现金_万元": 1593.972389,
        "支付税费_万元": 1092.745896,
        "支付其他经营活动现金_万元": 2872.58212,
        "经营活动现金流出_万元": 6994.927587,
        "经营现金流净额_万元": -6.844198,
        "经营现金流净额同比增长_百分比": 99.66,
        "收回投资现金_万元": 4500.0,
        "取得投资收益现金_万元": 100.412398,
        "处置资产收回现金_万元": null,
        "收到其他投资活动现金_万元": null,
        "投资活动现金流入_万元": 4600.412398,
        "投资支付现金_万元": 5015.0,
        "购建资产支付现金_万元": 393.739187,
        "支付其他投资活动现金_万元": null,
        "投资活动现金流出_万元": 5408.739187,
        "投资现金流净额_万元": -808.326789,
        "吸收投资现金_万元": null,
        "取得借款现金_万元": null,
        "收到其他筹资活动现金_万元": null,
        "筹资活动现金流入_万元": null,
        "偿还债务现金_万元": null,
        "分配股利现金_万元": null,
        "支付其他筹资活动现金_万元": 28.480309,
        "筹资活动现金流出_万元": 28.480309,
        "融资现金流净额_万元": -28.480309,
        "汇率变动影响_万元": null,
        "现金及等价物净增加额_万元": -843.651296,
        "净现金流_元": null,
        "净现金流同比增长_百分比": null,
        "期初现金及等价物_万元": 9854.982635,
        "期末现金及等价物_万元": 9011.331339,
        "经营现金流占比_百分比": null,
        "投资现金流占比_百分比": null,
        "融资现金流占比_百分比": null
    }
}