{
    "报告信息": {
        "序号": null,
        "股票代码": "301111",
        "股票简称": "粤万年青",
        "报告年份": "2024",
        "报告期": "第三季度",
        "总股本_股": 160000000,
        "流通股本_股": null,
        "报告日期": null,
        "审计意见": null,
        "会计师事务所": null,
        "期": "Q3"
    },
    "核心业绩指标": {
        "每股收益_元": 0.0881,
        "稀释每股收益_元": 0.0881,
        "营业总收入_万元": 22874.434101,
        "营业总收入_亿元": 0.22874434101,
        "营收同比增长_百分比": 11.02,
        "营收环比增长_百分比": null,
        "净利润_万元": 1402.744767,
        "净利润_亿元": 0.01402744767,
        "净利润同比增长_百分比": -53.76,
        "净利润环比增长_百分比": null,
        "归母净利润_万元": 1410.03798,
        "少数股东损益_万元": -7.293213,
        "每股净资产_元": 4.8367585625,
        "净资产收益率_百分比": 1.8,
        "扣非净资产收益率_百分比": null,
        "每股经营现金流_元": -0.07713232125,
        "扣非净利润_万元": 492.528637,
        "扣非净利润同比增长_百分比": -71.15,
        "销售毛利率_百分比": 59.79,
        "销售净利率_百分比": 6.13,
        "加权平均净资产收益率_百分比": 1.8,
        "扣非加权净资产收益率_百分比": null,
        "总资产收益率_百分比": 1.64,
        "主营业务收入_万元": 22874.434101,
        "主营业务成本_万元": 9213.763262,
        "主营业务利润_万元": 1591.321524
    },
    "资产负债表": {
        "货币资金_万元": 12068.379635,
        "应收账款_万元": 7691.82642,
        "应收票据_万元": null,
        "应收款项融资_万元": 632.588581,
        "预付款项_万元": 1431.218498,
        "其他应收款_万元": 447.332215,
        "存货_万元": 8447.308727,
        "合同资产_万元": null,
        "一年内到期的非流动资产_万元": 17394.399506,
        "其他流动资产_万元": 856.467844,
        "流动资产合计_万元": 53100.082131,
        "交易性金融资产_万元": 4130.560705,
        "债权投资_万元": 19069.583333,
        "其他债权投资_万元": null,
        "长期应收款_万元": null,
        "长期股权投资_万元": 294.965108,
        "其他权益工具投资_万元": 555.0,
        "投资性房地产_万元": null,
        "固定资产_万元": 4678.873937,
        "在建工程_万元": 0.0,
        "生产性生物资产_万元": null,
        "油气资产_万元": null,
        "使用权资产_万元": 222.124337,
        "无形资产_万元": 3021.166008,
        "开发支出_万元": null,
        "商誉_万元": 698.779531,
        "长期待摊费用_万元": 1502.776246,
        "递延所得税资产_万元": 1106.701593,
        "其他非流动资产_万元": 1449.002697,
        "非流动资产合计_万元": 32598.97279,
        "总资产_万元": 85699.054921,
        "总资产同比增长_百分比": 0.17,
        "短期借款_万元": null,
        "交易性金融负债_万元": null,
        "应付票据_万元": 4345.494282,
        "应付账款_万元": null,
        "预收款项_万元": null,
        "合同负债_万元": 1055.965997,
        "应付职工薪酬_万元": 556.040541,
        "应交税费_万元": 485.498463,
        "其他应付款_万元": 616.257816,
        "一年内到期的非流动负债_万元": 123.390846,
        "其他流动负债_万元": 322.549657,
        "流动负债合计_万元": 7505.197602,
        "长期借款_万元": null,
        "应付债券_万元": null,
        "租赁负债_万元": 187.005727,
        "长期应付款_万元": null,
        "预计负债_万元": null,
        "递延收益_万元": 86.258493,
        "递延所得税负债_万元": null,
        "其他非流动负债_万元": null,
        "非流动负债合计_万元": 273.26422,
        "总负债_万元": 7778.461822,
        "总负债同比增长_百分比": 0.59,
        "资产负债率_百分比": 9.07,
        "实收资本_万元": 16000.0,
        "资本公积_万元": 40694.049131,
        "盈余公积_万元": 3134.955132,
        "未分配利润_万元": 17559.132737,
        "其他综合收益_万元": null,
        "专项储备_万元": null,
        "归属于母公司所有者权益合计_万元": 77388.137,
        "少数股东权益_万元": 532.456099,
        "股东权益合计_万元": 77920.593099
    },
    "利润表": {
        "营业总收入_万元": 22874.434101,
        "营业收入_万元": 22874.434101,
        "营业总收入同比增长_百分比": 11.02,
        "营业成本_万元": 9213.763262,
        "税金及附加_万元": 320.126771,
        "销售费用_万元": 10079.920081,
        "管理费用_万元": 2841.858306,
        "研发费用_万元": 641.666662,
        "财务费用_万元": -157.382433,
        "其中利息费用_万元": 10.15222,
        "其中利息收入_万元": 171.610622,
        "其他收益_万元": 178.185112,
        "投资收益_万元": 837.608531,
        "其中对联营企业投资收益_万元": -5.034892,
        "公允价值变动收益_万元": 156.636342,
        "信用减值损失_万元": 130.996676,
        "资产减值损失_万元": 174.113785,
        "资产处置收益_万元": 179.299626,
        "营业总支出_万元": 22939.952649,
        "营业利润_万元": 1591.321524,
        "营业外收入_万元": 33.113454,
        "营业外支出_万元": 156.47283,
        "利润总额_万元": 1467.962148,
        "所得税费用_万元": 65.217381,
        "净利润_万元": 1402.744767,
        "归母净利润_万元": 1410.03798,
        "少数股东损益_万元": -7.293213,
        "持续经营净利润_万元": 1402.744767,
        "终止经营净利润_万元": null,
        "其他综合收益_万元": null,
        "综合收益总额_万元": 1402.744767,
        "归母综合收益总额_万元": 1410.03798
    },
    "现金流量表": {
        "销售商品收到现金_万元": 22371.122491,
        "收到的税费返还_万元": null,
        "收到其他经营活动现金_万元": 611.216396,
        "经营活动现金流入_万元": 22982.338887,
        "购买商品支付现金_万元": 7327.189023,
        "支付职工现金_万元": 4684.187946,
        "支付税费_万元": 2633.092301,
        "支付其他经营活动现金_万元": 9571.986758,
        "经营活动现金流出_万元": 24216.456028,
        "经营现金流净额_万元": -1234.117141,
        "经营现金流净额同比增长_百分比": 29.28,
        "收回投资现金_万元": 15500.0,
        "取得投资收益现金_万元": 655.109136,
        "处置资产收回现金_万元": null,
        "收到其他投资活动现金_万元": null,
        "投资活动现金流入_万元": 16155.109136,
        "投资支付现金_万元": 11365.0,
        "购建资产支付现金_万元": 2809.942005,
        "支付其他投资活动现金_万元": null,
        "投资活动现金流出_万元": 14685.082049,
        "投资现金流净额_万元": 1470.027087,
        "吸收投资现金_万元": 340.0,
        "取得借款现金_万元": null,
        "收到其他筹资活动现金_万元": null,
        "筹资活动现金流入_万元": 340.0,
        "偿还债务现金_万元": null,
        "分配股利现金_万元": 1600.484871,
        "支付其他筹资活动现金_万元": 100.521225,
        "筹资活动现金流出_万元": 1701.006096,
        "融资现金流净额_万元": -1361.006096,
        "汇率变动影响_万元": null,
        "现金及等价物净增加额_万元": -1125.09615,
        "净现金流_元": -11250961.5,
        "净现金流同比增长_百分比": null,
        "期初现金及等价物_万元": 9854.982635,
        "期末现金及等价物_万元": 8729.886485,
        "经营现金流占比_百分比": null,
        "投资现金流占比_百分比": null,
        "融资现金流占比_百分比": null
    }
}