{
    "报告信息": {
        "序号": null,
        "股票代码": "301111",
        "股票简称": "粤万年青",
        "报告年份": "2025",
        "报告期": "第一季度",
        "总股本_股": 160000000,
        "流通股本_股": null,
        "报告日期": null,
        "审计意见": "未经审计",
        "会计师事务所": null,
        "期": "Q1"
    },
    "核心业绩指标": {
        "每股收益_元": -0.02,
        "稀释每股收益_元": -0.02,
        "营业总收入_万元": 7081.258548,
        "营业总收入_亿元": 0.7081258548,
        "营收同比增长_百分比": -0.54,
        "营收环比增长_百分比": null,
        "净利润_万元": -410.320713,
        "净利润_亿元": -0.0410320713,
        "净利润同比增长_百分比": null,
        "净利润环比增长_百分比": null,
        "归母净利润_万元": -344.17324,
        "少数股东损益_万元": -66.147473,
        "每股净资产_元": null,
        "净资产收益率_百分比": null,
        "扣非净资产收益率_百分比": null,
        "每股经营现金流_元": -0.099508870375,
        "扣非净利润_万元": -465.622473,
        "扣非净利润同比增长_百分比": -156.56,
        "销售毛利率_百分比": null,
        "销售净利率_百分比": null,
        "加权平均净资产收益率_百分比": -0.45,
        "扣非加权净资产收益率_百分比": null,
        "总资产收益率_百分比": null,
        "主营业务收入_万元": null,
        "主营业务成本_万元": null,
        "主营业务利润_万元": null
    },
    "资产负债表": {
        "货币资金_万元": 10493.330435,
        "应收账款_万元": 7097.400834,
        "应收票据_万元": null,
        "应收款项融资_万元": 1462.646332,
        "预付款项_万元": 1192.434447,
        "其他应收款_万元": 416.983654,
        "存货_万元": 9892.825948,
        "合同资产_万元": null,
        "一年内到期的非流动资产_万元": 12828.124353,
        "其他流动资产_万元": 328.049069,
        "流动资产合计_万元": 51196.557736,
        "交易性金融资产_万元": 7484.762664,
        "债权投资_万元": 18399.894862,
        "其他债权投资_万元": null,
        "长期应收款_万元": null,
        "长期股权投资_万元": 213.674213,
        "其他权益工具投资_万元": 555.0,
        "投资性房地产_万元": null,
        "固定资产_万元": 5262.965975,
        "在建工程_万元": null,
        "生产性生物资产_万元": null,
        "油气资产_万元": 5193.701083,
        "使用权资产_万元": 6252.974754,
        "无形资产_万元": 2954.992554,
        "开发支出_万元": null,
        "商誉_万元": 1044.661165,
        "长期待摊费用_万元": 2846.994764,
        "递延所得税资产_万元": 1318.602223,
        "其他非流动资产_万元": 3063.533657,
        "非流动资产合计_万元": 40854.020496,
        "总资产_万元": 92050.578232,
        "总资产同比增长_百分比": -1.36,
        "短期借款_万元": null,
        "交易性金融负债_万元": null,
        "应付票据_万元": null,
        "应付账款_万元": 5682.031873,
        "预收款项_万元": 1243.76955,
        "合同负债_万元": 1283.096418,
        "应付职工薪酬_万元": 746.083932,
        "应交税费_万元": 326.571267,
        "其他应付款_万元": 928.614138,
        "一年内到期的非流动负债_万元": 87.713243,
        "其他流动负债_万元": 252.082782,
        "流动负债合计_万元": 9123.160774,
        "长期借款_万元": null,
        "应付债券_万元": null,
        "租赁负债_万元": 6257.910317,
        "长期应付款_万元": null,
        "预计负债_万元": null,
        "递延收益_万元": 58.361315,
        "递延所得税负债_万元": 70.218319,
        "其他非流动负债_万元": null,
        "非流动负债合计_万元": 6316.271632,
        "总负债_万元": 15439.432406,
        "总负债同比增长_百分比": null,
        "资产负债率_百分比": null,
        "实收资本_万元": 16000.0,
        "资本公积_万元": 40694.049131,
        "盈余公积_万元": 3422.259741,
        "未分配利润_万元": 15973.240759,
        "其他综合收益_万元": null,
        "专项储备_万元": null,
        "归属于母公司所有者权益合计_万元": 76089.549631,
        "少数股东权益_万元": 521.596195,
        "股东权益合计_万元": 76611.145826
    },
    "利润表": {
        "营业总收入_万元": 7081.258548,
        "营业收入_万元": 7081.258548,
        "营业总收入同比增长_百分比": -0.54,
        "营业成本_万元": 2679.11434,
        "税金及附加_万元": 112.007168,
        "销售费用_万元": 3467.382069,
        "管理费用_万元": 1266.654862,
        "研发费用_万元": 181.814924,
        "财务费用_万元": 24.425487,
        "其中利息费用_万元": 72.411277,
        "其中利息收入_万元": 52.410211,
        "其他收益_万元": 31.648922,
        "投资收益_万元": 115.040395,
        "其中对联营企业投资收益_万元": null,
        "公允价值变动收益_万元": 13.383754,
        "信用减值损失_万元": 13.54217,
        "资产减值损失_万元": 147.927135,
        "资产处置收益_万元": null,
        "营业总支出_万元": 7731.39885,
        "营业利润_万元": -328.597926,
        "营业外收入_万元": 7.544835,
        "营业外支出_万元": 1.3858,
        "利润总额_万元": -322.438891,
        "所得税费用_万元": 87.881822,
        "净利润_万元": -410.320713,
        "归母净利润_万元": -344.17324,
        "少数股东损益_万元": -66.147473,
        "持续经营净利润_万元": -410.320713,
        "终止经营净利润_万元": null,
        "其他综合收益_万元": null,
        "综合收益总额_万元": -410.320713,
        "归母综合收益总额_万元": -344.17324
    },
    "现金流量表": {
        "销售商品收到现金_万元": 7028.405833,
        "收到的税费返还_万元": null,
        "收到其他经营活动现金_万元": 13.272134,
        "经营活动现金流入_万元": 7041.677967,
        "购买商品支付现金_万元": 1436.815437,
        "支付职工现金_万元": 1867.919647,
        "支付税费_万元": 1095.815316,
        "支付其他经营活动现金_万元": 4233.269493,
        "经营活动现金流出_万元": 8633.819893,
        "经营现金流净额_万元": -1592.141926,
        "经营现金流净额同比增长_百分比": -23162.65,
        "收回投资现金_万元": 5000.0,
        "取得投资收益现金_万元": 79.351293,
        "处置资产收回现金_万元": null,
        "收到其他投资活动现金_万元": null,
        "投资活动现金流入_万元": 5079.351293,
        "投资支付现金_万元": 9065.0,
        "购建资产支付现金_万元": 271.513723,
        "支付其他投资活动现金_万元": null,
        "投资活动现金流出_万元": 9282.017892,
        "投资现金流净额_万元": -4202.666599,
        "吸收投资现金_万元": 456.8,
        "取得借款现金_万元": null,
        "收到其他筹资活动现金_万元": null,
        "筹资活动现金流入_万元": 456.8,
        "偿还债务现金_万元": null,
        "分配股利现金_万元": null,
        "支付其他筹资活动现金_万元": 78.749692,
        "筹资活动现金流出_万元": 78.749692,
        "融资现金流净额_万元": 378.050308,
        "汇率变动影响_万元": null,
        "现金及等价物净增加额_万元": -5416.758217,
        "净现金流_元": -54167582.17,
        "净现金流同比增长_百分比": null,
        "期初现金及等价物_万元": 15910.088652,
        "期末现金及等价物_万元": 10493.330435,
        "经营现金流占比_百分比": null,
        "投资现金流占比_百分比": null,
        "融资现金流占比_百分比": null
    }
}