{
    "报告信息": {
        "序号": "2025-018",
        "股票代码": "301111",
        "股票简称": "粤万年青",
        "报告年份": "2024",
        "报告期": "FY",
        "总股本_股": 160000000,
        "流通股本_股": 160000000,
        "报告日期": "2025-04-26",
        "审计意见": "标准的无保留意见",
        "会计师事务所": "华兴会计师事务所（特殊普通合伙）"
    },
    "核心业绩指标": {
        "每股收益_元": 0.03,
        "稀释每股收益_元": 0.03,
        "营业总收入_万元": 27863.878967,
        "营业总收入_亿元": 2.7863878967,
        "营收同比增长_百分比": -4.71,
        "营收环比增长_百分比": null,
        "净利润_万元": 416.268465,
        "净利润_亿元": 0.0416268465,
        "净利润同比增长_百分比": -87.57,
        "净利润环比增长_百分比": null,
        "归母净利润_万元": 416.268465,
        "少数股东损益_万元": -0.038212,
        "每股净资产_元": 4.777107679375,
        "净资产收益率_百分比": 0.54,
        "扣非净资产收益率_百分比": null,
        "每股经营现金流_元": 0.02005339725,
        "扣非净利润_万元": -653.220768,
        "扣非净利润同比增长_百分比": -127.65,
        "销售毛利率_百分比": null,
        "销售净利率_百分比": 1.49,
        "加权平均净资产收益率_百分比": 0.54,
        "扣非加权净资产收益率_百分比": null,
        "总资产收益率_百分比": 0.45,
        "主营业务收入_万元": 27128.80542,
        "主营业务成本_万元": 7890.145855,
        "主营业务利润_万元": 19238.659565
    },
    "资产负债表": {
        "货币资金_万元": 15910.088652,
        "应收账款_万元": 7467.825886,
        "应收票据_万元": 0.0,
        "应收款项融资_万元": 1054.686217,
        "预付款项_万元": 1015.843355,
        "其他应收款_万元": 268.871509,
        "存货_万元": 9013.184705,
        "合同资产_万元": 0.0,
        "一年内到期的非流动资产_万元": 12824.784056,
        "其他流动资产_万元": 482.94368,
        "流动资产合计_万元": 51519.612427,
        "交易性金融资产_万元": 3481.384367,
        "债权投资_万元": 18296.67226,
        "其他债权投资_万元": 0.0,
        "长期应收款_万元": 0.0,
        "长期股权投资_万元": 255.794148,
        "其他权益工具投资_万元": 555.0,
        "投资性房地产_万元": 0.0,
        "固定资产_万元": 5271.121567,
        "在建工程_万元": 0.0,
        "生产性生物资产_万元": 0.0,
        "油气资产_万元": 0.0,
        "使用权资产_万元": 6252.974754,
        "无形资产_万元": 2988.178747,
        "开发支出_万元": 0.0,
        "商誉_万元": 732.231609,
        "长期待摊费用_万元": 2870.834219,
        "递延所得税资产_万元": 1391.488672,
        "其他非流动资产_万元": 3182.748538,
        "非流动资产合计_万元": 41797.044514,
        "总资产_万元": 93316.656941,
        "总资产同比增长_百分比": 9.07,
        "短期借款_万元": 0.0,
        "交易性金融负债_万元": 0.0,
        "应付票据_万元": 0.0,
        "应付账款_万元": 5599.63808,
        "预收款项_万元": 0.0,
        "合同负债_万元": 1243.76955,
        "应付职工薪酬_万元": 744.683932,
        "应交税费_万元": 685.610063,
        "其他应付款_万元": 706.90925,
        "一年内到期的非流动负债_万元": 129.133321,
        "其他流动负债_万元": 375.610033,
        "流动负债合计_万元": 9485.354229,
        "长期借款_万元": 0.0,
        "应付债券_万元": 0.0,
        "租赁负债_万元": 7086.010422,
        "长期应付款_万元": 0.0,
        "预计负债_万元": 0.0,
        "递延收益_万元": 70.218319,
        "递延所得税负债_万元": 0.0,
        "其他非流动负债_万元": 0.0,
        "非流动负债合计_万元": 7156.228741,
        "总负债_万元": 16641.58297,
        "总负债同比增长_百分比": 115.17,
        "资产负债率_百分比": 17.83,
        "实收资本_万元": 16000.0,
        "资本公积_万元": 40694.049131,
        "盈余公积_万元": 3422.259741,
        "未分配利润_万元": 16317.413999,
        "其他综合收益_万元": 0.0,
        "专项储备_万元": 0.0,
        "归属于母公司所有者权益合计_万元": 76433.722871,
        "少数股东权益_万元": 241.3511,
        "股东权益合计_万元": 76675.073971
    },
    "利润表": {
        "营业总收入_万元": 27863.878967,
        "营业收入_万元": 27863.878967,
        "营业总收入同比增长_百分比": -4.71,
        "营业成本_万元": 8435.22145,
        "税金及附加_万元": null,
        "销售费用_万元": 13712.946914,
        "管理费用_万元": 5140.611509,
        "研发费用_万元": 840.6968,
        "财务费用_万元": 26.641458,
        "其中利息费用_万元": null,
        "其中利息收入_万元": null,
        "其他收益_万元": 212.962084,
        "投资收益_万元": 1019.289367,
        "其中对联营企业投资收益_万元": null,
        "公允价值变动收益_万元": 167.139973,
        "信用减值损失_万元": -24.840401,
        "资产减值损失_万元": -553.522514,
        "资产处置收益_万元": -10.538079,
        "营业总支出_万元": null,
        "营业利润_万元": -143.59162,
        "营业外收入_万元": 39.906452,
        "营业外支出_万元": 142.672062,
        "利润总额_万元": -246.35723,
        "所得税费用_万元": -662.625676,
        "净利润_万元": 416.268465,
        "归母净利润_万元": 416.268465,
        "少数股东损益_万元": -0.038212,
        "持续经营净利润_万元": null,
        "终止经营净利润_万元": null,
        "其他综合收益_万元": null,
        "综合收益总额_万元": null,
        "归母综合收益总额_万元": null
    },
    "现金流量表": {
        "销售商品收到现金_万元": null,
        "收到的税费返还_万元": null,
        "收到其他经营活动现金_万元": null,
        "经营活动现金流入_万元": 28858.153796,
        "购买商品支付现金_万元": null,
        "支付职工现金_万元": null,
        "支付税费_万元": null,
        "支付其他经营活动现金_万元": null,
        "经营活动现金流出_万元": 28537.29944,
        "经营现金流净额_万元": 320.854356,
        "经营现金流净额同比增长_百分比": 125.07,
        "收回投资现金_万元": null,
        "取得投资收益现金_万元": null,
        "处置资产收回现金_万元": null,
        "收到其他投资活动现金_万元": null,
        "投资活动现金流入_万元": 42902.836923,
        "投资支付现金_万元": null,
        "购建资产支付现金_万元": null,
        "支付其他投资活动现金_万元": null,
        "投资活动现金流出_万元": 35689.683262,
        "投资现金流净额_万元": 7213.153661,
        "吸收投资现金_万元": null,
        "取得借款现金_万元": null,
        "收到其他筹资活动现金_万元": null,
        "筹资活动现金流入_万元": 340.0,
        "偿还债务现金_万元": null,
        "分配股利现金_万元": null,
        "支付其他筹资活动现金_万元": null,
        "筹资活动现金流出_万元": 1818.902,
        "融资现金流净额_万元": -1478.902,
        "汇率变动影响_万元": null,
        "现金及等价物净增加额_万元": 6055.106017,
        "净现金流_元": 60551060.17,
        "净现金流同比增长_百分比": 223.1,
        "期初现金及等价物_万元": 13110.931154,
        "期末现金及等价物_万元": 15910.088652,
        "经营现金流占比_百分比": 5.3,
        "投资现金流占比_百分比": 119.13,
        "融资现金流占比_百分比": -24.42
    }
}