{
    "报告信息": {
        "序号": null,
        "股票代码": "002349",
        "股票简称": "精华制药",
        "报告年份": "2023",
        "报告期": "Q1",
        "总股本_股": 814180908,
        "流通股本_股": null,
        "报告日期": "2023-04-29",
        "审计意见": "未经审计",
        "会计师事务所": null
    },
    "核心业绩指标": {
        "每股收益_元": 0.1077,
        "稀释每股收益_元": 0.1077,
        "营业总收入_万元": 41635.791791,
        "营业总收入_亿元": 4.1635791791,
        "营收同比增长_百分比": 1.87,
        "营收环比增长_百分比": null,
        "净利润_万元": 9904.127014,
        "净利润_亿元": 0.9904127014,
        "净利润同比增长_百分比": null,
        "净利润环比增长_百分比": null,
        "归母净利润_万元": 8767.13283,
        "少数股东损益_万元": 1136.994184,
        "每股净资产_元": null,
        "净资产收益率_百分比": null,
        "扣非净资产收益率_百分比": null,
        "每股经营现金流_元": null,
        "扣非净利润_万元": 8557.337648,
        "扣非净利润同比增长_百分比": 37.56,
        "销售毛利率_百分比": null,
        "销售净利率_百分比": null,
        "加权平均净资产收益率_百分比": 3.59,
        "扣非加权净资产收益率_百分比": null,
        "总资产收益率_百分比": null,
        "主营业务收入_万元": null,
        "主营业务成本_万元": null,
        "主营业务利润_万元": null
    },
    "资产负债表": {
        "货币资金_万元": 92246.957289,
        "应收账款_万元": 26039.103056,
        "应收票据_万元": 3930.131434,
        "应收款项融资_万元": 10630.582851,
        "预付款项_万元": 2438.641985,
        "其他应收款_万元": 417.870594,
        "存货_万元": 31548.398474,
        "合同资产_万元": null,
        "一年内到期的非流动资产_万元": 127.049999,
        "其他流动资产_万元": 112.772963,
        "流动资产合计_万元": 180044.390563,
        "交易性金融资产_万元": 12552.881918,
        "债权投资_万元": null,
        "其他债权投资_万元": null,
        "长期应收款_万元": 4400.0,
        "长期股权投资_万元": 4000.495376,
        "其他权益工具投资_万元": 495.0,
        "投资性房地产_万元": 26400.044631,
        "固定资产_万元": 62884.293312,
        "在建工程_万元": 6280.180384,
        "生产性生物资产_万元": null,
        "油气资产_万元": null,
        "使用权资产_万元": 163.488335,
        "无形资产_万元": 6441.716785,
        "开发支出_万元": null,
        "商誉_万元": 16794.40614,
        "长期待摊费用_万元": null,
        "递延所得税资产_万元": 1197.000785,
        "其他非流动资产_万元": 94.4871,
        "非流动资产合计_万元": 129151.112848,
        "总资产_万元": 309195.503411,
        "总资产同比增长_百分比": 1.65,
        "短期借款_万元": 2102.480554,
        "交易性金融负债_万元": null,
        "应付票据_万元": 1938.331497,
        "应付账款_万元": null,
        "预收款项_万元": null,
        "合同负债_万元": 2441.633285,
        "应付职工薪酬_万元": 4975.071672,
        "应交税费_万元": 3054.41947,
        "其他应付款_万元": 7222.896345,
        "一年内到期的非流动负债_万元": 68.030846,
        "其他流动负债_万元": 257.078141,
        "流动负债合计_万元": 34508.1289,
        "长期借款_万元": null,
        "应付债券_万元": null,
        "租赁负债_万元": 50.47909,
        "长期应付款_万元": null,
        "预计负债_万元": null,
        "递延收益_万元": 1035.215061,
        "递延所得税负债_万元": 1187.854948,
        "其他非流动负债_万元": 11.753522,
        "非流动负债合计_万元": 2285.302621,
        "总负债_万元": 36793.431521,
        "总负债同比增长_百分比": null,
        "资产负债率_百分比": null,
        "实收资本_万元": 81418.0908,
        "资本公积_万元": 90592.339969,
        "盈余公积_万元": 10097.538439,
        "未分配利润_万元": 66467.065148,
        "其他综合收益_万元": null,
        "专项储备_万元": 368.38795,
        "归属于母公司所有者权益合计_万元": 248943.422306,
        "少数股东权益_万元": 23458.649584,
        "股东权益合计_万元": 272402.07189
    },
    "利润表": {
        "营业总收入_万元": 41635.791791,
        "营业收入_万元": 41635.791791,
        "营业总收入同比增长_百分比": 1.87,
        "营业成本_万元": 20650.391434,
        "税金及附加_万元": 569.662745,
        "销售费用_万元": 4726.759834,
        "管理费用_万元": 2623.141151,
        "研发费用_万元": 1321.502676,
        "财务费用_万元": -33.655155,
        "其中利息费用_万元": 82.302923,
        "其中利息收入_万元": 321.793412,
        "其他收益_万元": 102.109472,
        "投资收益_万元": -22.789957,
        "其中对联营企业投资收益_万元": -11.187345,
        "公允价值变动收益_万元": 90.598356,
        "信用减值损失_万元": -227.162269,
        "资产减值损失_万元": -146.403018,
        "资产处置收益_万元": 5.010108,
        "营业总支出_万元": null,
        "营业利润_万元": 11579.351798,
        "营业外收入_万元": 42.202941,
        "营业外支出_万元": 4.330827,
        "利润总额_万元": 11617.223912,
        "所得税费用_万元": 1713.096898,
        "净利润_万元": 9904.127014,
        "归母净利润_万元": 8767.13283,
        "少数股东损益_万元": 1136.994184,
        "持续经营净利润_万元": 9904.127014,
        "终止经营净利润_万元": null,
        "其他综合收益_万元": null,
        "综合收益总额_万元": 9904.127014,
        "归母综合收益总额_万元": 8767.13283
    },
    "现金流量表": {
        "销售商品收到现金_万元": 32659.812474,
        "收到的税费返还_万元": 87.983624,
        "收到其他经营活动现金_万元": 829.567367,
        "经营活动现金流入_万元": 33577.363465,
        "购买商品支付现金_万元": 14791.26399,
        "支付职工现金_万元": 9147.488769,
        "支付税费_万元": 5323.34435,
        "支付其他经营活动现金_万元": 4847.081454,
        "经营活动现金流出_万元": 34109.178563,
        "经营现金流净额_万元": -531.815098,
        "经营现金流净额同比增长_百分比": -110.85,
        "收回投资现金_万元": 5190.0,
        "取得投资收益现金_万元": 25.933192,
        "处置资产收回现金_万元": 5.28,
        "收到其他投资活动现金_万元": null,
        "投资活动现金流入_万元": 5221.213192,
        "投资支付现金_万元": 5000.0,
        "购建资产支付现金_万元": 771.5432,
        "支付其他投资活动现金_万元": 4.480248,
        "投资活动现金流出_万元": 5776.023448,
        "投资现金流净额_万元": -554.810256,
        "吸收投资现金_万元": null,
        "取得借款现金_万元": null,
        "收到其他筹资活动现金_万元": null,
        "筹资活动现金流入_万元": null,
        "偿还债务现金_万元": null,
        "分配股利现金_万元": 23.337222,
        "支付其他筹资活动现金_万元": null,
        "筹资活动现金流出_万元": 23.337222,
        "融资现金流净额_万元": -23.337222,
        "汇率变动影响_万元": -183.805123,
        "现金及等价物净增加额_万元": null,
        "净现金流_元": null,
        "净现金流同比增长_百分比": null,
        "期初现金及等价物_万元": null,
        "期末现金及等价物_万元": null,
        "经营现金流占比_百分比": null,
        "投资现金流占比_百分比": null,
        "融资现金流占比_百分比": null
    }
}