{
    "报告信息": {
        "序号": null,
        "股票代码": "002349",
        "股票简称": "精华制药",
        "报告年份": "2024",
        "报告期": "Q3",
        "总股本_股": 814180908,
        "流通股本_股": null,
        "报告日期": null,
        "审计意见": "未经审计",
        "会计师事务所": null
    },
    "核心业绩指标": {
        "每股收益_元": 0.2017,
        "稀释每股收益_元": 0.2017,
        "营业总收入_万元": 104517.231293,
        "营业总收入_亿元": 10.4517231293,
        "营收同比增长_百分比": -6.65,
        "营收环比增长_百分比": null,
        "净利润_万元": 19050.903834,
        "净利润_亿元": 1.9050903834,
        "净利润同比增长_百分比": -13.47,
        "净利润环比增长_百分比": null,
        "归母净利润_万元": 16423.407115,
        "少数股东损益_万元": 2627.496719,
        "每股净资产_元": null,
        "净资产收益率_百分比": null,
        "扣非净资产收益率_百分比": null,
        "每股经营现金流_元": null,
        "扣非净利润_万元": 15582.738963,
        "扣非净利润同比增长_百分比": -17.42,
        "销售毛利率_百分比": null,
        "销售净利率_百分比": null,
        "加权平均净资产收益率_百分比": 6.56,
        "扣非加权净资产收益率_百分比": null,
        "总资产收益率_百分比": null,
        "主营业务收入_万元": null,
        "主营业务成本_万元": 52396.297354,
        "主营业务利润_万元": null
    },
    "资产负债表": {
        "货币资金_万元": 129881.676549,
        "应收账款_万元": 29631.319253,
        "应收票据_万元": 3201.380163,
        "应收款项融资_万元": 9760.022959,
        "预付款项_万元": 1249.992006,
        "其他应收款_万元": 144.888065,
        "存货_万元": 29378.061721,
        "合同资产_万元": null,
        "一年内到期的非流动资产_万元": null,
        "其他流动资产_万元": 95.439732,
        "流动资产合计_万元": 207373.980448,
        "交易性金融资产_万元": 4031.2,
        "债权投资_万元": null,
        "其他债权投资_万元": null,
        "长期应收款_万元": null,
        "长期股权投资_万元": 3819.997614,
        "其他权益工具投资_万元": null,
        "投资性房地产_万元": 25288.774326,
        "固定资产_万元": 55545.846459,
        "在建工程_万元": 6903.804786,
        "生产性生物资产_万元": null,
        "油气资产_万元": null,
        "使用权资产_万元": 130.98328,
        "无形资产_万元": 6092.237328,
        "开发支出_万元": null,
        "商誉_万元": 16794.40614,
        "长期待摊费用_万元": null,
        "递延所得税资产_万元": 628.642909,
        "其他非流动资产_万元": null,
        "非流动资产合计_万元": 115204.692842,
        "总资产_万元": 322578.67329,
        "总资产同比增长_百分比": 1.28,
        "短期借款_万元": 1490.653521,
        "交易性金融负债_万元": null,
        "应付票据_万元": 11.0,
        "应付账款_万元": 14704.904289,
        "预收款项_万元": null,
        "合同负债_万元": 1325.38834,
        "应付职工薪酬_万元": 5577.891287,
        "应交税费_万元": 2025.135293,
        "其他应付款_万元": 4328.095953,
        "一年内到期的非流动负债_万元": 111.845504,
        "其他流动负债_万元": 1047.275939,
        "流动负债合计_万元": 30622.190126,
        "长期借款_万元": null,
        "应付债券_万元": null,
        "租赁负债_万元": 13.550387,
        "长期应付款_万元": null,
        "预计负债_万元": null,
        "递延收益_万元": 1025.396561,
        "递延所得税负债_万元": 790.038309,
        "其他非流动负债_万元": 9.229422,
        "非流动负债合计_万元": 1838.214679,
        "总负债_万元": 32460.404805,
        "总负债同比增长_百分比": -14.75,
        "资产负债率_百分比": 10.06,
        "实收资本_万元": 81418.0908,
        "资本公积_万元": 76900.459463,
        "盈余公积_万元": 11678.346139,
        "未分配利润_万元": 82980.362894,
        "其他综合收益_万元": null,
        "专项储备_万元": 598.239961,
        "归属于母公司所有者权益合计_万元": 253575.499257,
        "少数股东权益_万元": 36542.769228,
        "股东权益合计_万元": 290118.268485
    },
    "利润表": {
        "营业总收入_万元": 104517.231293,
        "营业收入_万元": 104517.231293,
        "营业总收入同比增长_百分比": -6.65,
        "营业成本_万元": 52396.297354,
        "税金及附加_万元": 1546.64278,
        "销售费用_万元": 18328.197847,
        "管理费用_万元": 8685.076465,
        "研发费用_万元": 4714.997695,
        "财务费用_万元": -3082.849671,
        "其中利息费用_万元": 206.857335,
        "其中利息收入_万元": 3368.381102,
        "其他收益_万元": 703.817848,
        "投资收益_万元": 194.400937,
        "其中对联营企业投资收益_万元": -66.125729,
        "公允价值变动收益_万元": 365.735418,
        "信用减值损失_万元": -201.968702,
        "资产减值损失_万元": -97.497734,
        "资产处置收益_万元": 0.315445,
        "营业总支出_万元": 82588.36247,
        "营业利润_万元": 22893.672035,
        "营业外收入_万元": 22.602434,
        "营业外支出_万元": 395.333664,
        "利润总额_万元": 22520.940805,
        "所得税费用_万元": 3470.036971,
        "净利润_万元": 19050.903834,
        "归母净利润_万元": 16423.407115,
        "少数股东损益_万元": 2627.496719,
        "持续经营净利润_万元": 19050.903834,
        "终止经营净利润_万元": null,
        "其他综合收益_万元": null,
        "综合收益总额_万元": 19050.903834,
        "归母综合收益总额_万元": 16423.407115
    },
    "现金流量表": {
        "销售商品收到现金_万元": 100508.164331,
        "收到的税费返还_万元": 17.082433,
        "收到其他经营活动现金_万元": 4955.462332,
        "经营活动现金流入_万元": 105480.709096,
        "购买商品支付现金_万元": 36184.441618,
        "支付职工现金_万元": 24475.164035,
        "支付税费_万元": 12389.436808,
        "支付其他经营活动现金_万元": 14146.649867,
        "经营活动现金流出_万元": 87195.692328,
        "经营现金流净额_万元": 18285.016768,
        "经营现金流净额同比增长_百分比": -6.68,
        "收回投资现金_万元": 65613.78291,
        "取得投资收益现金_万元": 867.207217,
        "处置资产收回现金_万元": null,
        "收到其他投资活动现金_万元": 4604.701244,
        "投资活动现金流入_万元": 71085.691371,
        "投资支付现金_万元": 38000.0,
        "购建资产支付现金_万元": 2666.585226,
        "支付其他投资活动现金_万元": 111.771405,
        "投资活动现金流出_万元": 40778.356631,
        "投资现金流净额_万元": 30307.33474,
        "吸收投资现金_万元": null,
        "取得借款现金_万元": 1000.0,
        "收到其他筹资活动现金_万元": null,
        "筹资活动现金流入_万元": 1000.0,
        "偿还债务现金_万元": 1600.0,
        "分配股利现金_万元": 9639.484742,
        "支付其他筹资活动现金_万元": 29.37,
        "筹资活动现金流出_万元": 11268.854742,
        "融资现金流净额_万元": -10268.854742,
        "汇率变动影响_万元": -50.997764,
        "现金及等价物净增加额_万元": 38272.499002,
        "净现金流_元": null,
        "净现金流同比增长_百分比": null,
        "期初现金及等价物_万元": 91419.942986,
        "期末现金及等价物_万元": 129692.441988,
        "经营现金流占比_百分比": 47.78,
        "投资现金流占比_百分比": 79.19,
        "融资现金流占比_百分比": -26.83
    }
}