{
    "报告信息": {
        "序号": null,
        "股票代码": "002349",
        "股票简称": "精华制药",
        "报告年份": "2023",
        "报告期": "第三季度",
        "总股本_股": 814180908,
        "流通股本_股": null,
        "报告日期": null,
        "审计意见": "未经审计",
        "会计师事务所": null,
        "期": "Q3"
    },
    "核心业绩指标": {
        "每股收益_元": 0.2399,
        "稀释每股收益_元": 0.2399,
        "营业总收入_万元": 111965.919247,
        "营业总收入_亿元": 11.1965919247,
        "营收同比增长_百分比": -4.71,
        "营收环比增长_百分比": null,
        "净利润_万元": 22013.101803,
        "净利润_亿元": 2.2033101803,
        "净利润同比增长_百分比": 16.26,
        "净利润环比增长_百分比": null,
        "归母净利润_万元": 19534.925474,
        "少数股东损益_万元": 2478.176329,
        "每股净资产_元": null,
        "净资产收益率_百分比": 7.88,
        "扣非净资产收益率_百分比": null,
        "每股经营现金流_元": null,
        "扣非净利润_万元": 18870.067779,
        "扣非净利润同比增长_百分比": 20.9,
        "销售毛利率_百分比": null,
        "销售净利率_百分比": null,
        "加权平均净资产收益率_百分比": 7.88,
        "扣非加权净资产收益率_百分比": null,
        "总资产收益率_百分比": null,
        "主营业务收入_万元": 111965.919247,
        "主营业务成本_万元": 57519.903979,
        "主营业务利润_万元": null
    },
    "资产负债表": {
        "货币资金_万元": 84282.700711,
        "应收账款_万元": 24652.433565,
        "应收票据_万元": 4173.472815,
        "应收款项融资_万元": 9914.932107,
        "预付款项_万元": 1551.520786,
        "其他应收款_万元": 370.82931,
        "存货_万元": 30336.422174,
        "合同资产_万元": null,
        "一年内到期的非流动资产_万元": 0.0,
        "其他流动资产_万元": 48.59481,
        "流动资产合计_万元": 186191.252853,
        "交易性金融资产_万元": 30860.346575,
        "债权投资_万元": null,
        "其他债权投资_万元": null,
        "长期应收款_万元": 4400.0,
        "长期股权投资_万元": 3950.193273,
        "其他权益工具投资_万元": 495.0,
        "投资性房地产_万元": 25944.621229,
        "固定资产_万元": 60523.351707,
        "在建工程_万元": 6307.346268,
        "生产性生物资产_万元": null,
        "油气资产_万元": null,
        "使用权资产_万元": 87.879087,
        "无形资产_万元": 6320.683172,
        "开发支出_万元": null,
        "商誉_万元": 16794.40614,
        "长期待摊费用_万元": null,
        "递延所得税资产_万元": 1256.856831,
        "其他非流动资产_万元": 94.4871,
        "非流动资产合计_万元": 126174.824807,
        "总资产_万元": 312366.07766,
        "总资产同比增长_百分比": 2.7,
        "短期借款_万元": 2102.194973,
        "交易性金融负债_万元": null,
        "应付票据_万元": 2570.249315,
        "应付账款_万元": 13285.470096,
        "预收款项_万元": null,
        "合同负债_万元": 1728.68224,
        "应付职工薪酬_万元": 5396.918057,
        "应交税费_万元": 2004.506609,
        "其他应付款_万元": 7309.859786,
        "一年内到期的非流动负债_万元": 43.613061,
        "其他流动负债_万元": 241.431739,
        "流动负债合计_万元": 34682.925876,
        "长期借款_万元": null,
        "应付债券_万元": null,
        "租赁负债_万元": 36.932943,
        "长期应付款_万元": null,
        "预计负债_万元": null,
        "递延收益_万元": 969.914917,
        "递延所得税负债_万元": 1213.605425,
        "其他非流动负债_万元": 10.467422,
        "非流动负债合计_万元": 2230.920707,
        "总负债_万元": 36913.846583,
        "总负债同比增长_百分比": -11.68,
        "资产负债率_百分比": 11.82,
        "实收资本_万元": 81418.0908,
        "资本公积_万元": 90592.339969,
        "盈余公积_万元": 10097.538439,
        "未分配利润_万元": 70721.410528,
        "其他综合收益_万元": null,
        "专项储备_万元": 486.369818,
        "归属于母公司所有者权益合计_万元": 253315.749554,
        "少数股东权益_万元": 22136.481523,
        "股东权益合计_万元": 275452.231077
    },
    "利润表": {
        "营业总收入_万元": 111965.919247,
        "营业收入_万元": 111965.919247,
        "营业总收入同比增长_百分比": -4.71,
        "营业成本_万元": 57519.903979,
        "税金及附加_万元": 1581.039371,
        "销售费用_万元": 16498.855688,
        "管理费用_万元": 8386.374533,
        "研发费用_万元": 4454.456846,
        "财务费用_万元": -1953.977432,
        "其中利息费用_万元": 192.980925,
        "其中利息收入_万元": 1841.670943,
        "其他收益_万元": 238.670242,
        "投资收益_万元": -29.244663,
        "其中对联营企业投资收益_万元": -61.489448,
        "公允价值变动收益_万元": 510.535341,
        "信用减值损失_万元": -145.53486,
        "资产减值损失_万元": -340.969744,
        "资产处置收益_万元": -7.494454,
        "营业总支出_万元": 86486.652985,
        "营业利润_万元": 25705.228124,
        "营业外收入_万元": 80.731831,
        "营业外支出_万元": 85.751027,
        "利润总额_万元": 25700.208928,
        "所得税费用_万元": 3687.107125,
        "净利润_万元": 22013.101803,
        "归母净利润_万元": 19534.925474,
        "少数股东损益_万元": 2478.176329,
        "持续经营净利润_万元": 22013.101803,
        "终止经营净利润_万元": null,
        "其他综合收益_万元": null,
        "综合收益总额_万元": 22013.101803,
        "归母综合收益总额_万元": 19534.925474
    },
    "现金流量表": {
        "销售商品收到现金_万元": 106966.273004,
        "收到的税费返还_万元": 99.576289,
        "收到其他经营活动现金_万元": 3530.049262,
        "经营活动现金流入_万元": 110595.898555,
        "购买商品支付现金_万元": 40415.908967,
        "支付职工现金_万元": 23128.827225,
        "支付税费_万元": 13882.820139,
        "支付其他经营活动现金_万元": 13574.123977,
        "经营活动现金流出_万元": 91001.680308,
        "经营现金流净额_万元": 19594.218247,
        "经营现金流净额同比增长_百分比": -20.79,
        "收回投资现金_万元": 15590.0,
        "取得投资收益现金_万元": 291.51284,
        "处置资产收回现金_万元": 8.578,
        "收到其他投资活动现金_万元": null,
        "投资活动现金流入_万元": 15890.09084,
        "投资支付现金_万元": 33500.0,
        "购建资产支付现金_万元": 2182.194123,
        "支付其他投资活动现金_万元": 13.256713,
        "投资活动现金流出_万元": 35695.450836,
        "投资现金流净额_万元": -19805.359996,
        "吸收投资现金_万元": null,
        "取得借款现金_万元": 1600.0,
        "收到其他筹资活动现金_万元": null,
        "筹资活动现金流入_万元": 1600.0,
        "偿还债务现金_万元": 1600.0,
        "分配股利现金_万元": 9265.939858,
        "支付其他筹资活动现金_万元": null,
        "筹资活动现金流出_万元": 10865.939858,
        "融资现金流净额_万元": -9265.939858,
        "汇率变动影响_万元": 291.8492,
        "现金及等价物净增加额_万元": -9185.232407,
        "净现金流_元": null,
        "净现金流同比增长_百分比": null,
        "期初现金及等价物_万元": 92741.95994,
        "期末现金及等价物_万元": 83556.727533,
        "经营现金流占比_百分比": null,
        "投资现金流占比_百分比": null,
        "融资现金流占比_百分比": null
    }
}