{
    "报告信息": {
        "序号": null,
        "股票代码": "002349",
        "股票简称": "精华制药",
        "报告年份": "2025",
        "报告期": "Q1",
        "总股本_股": 814180908,
        "流通股本_股": null,
        "报告日期": null,
        "审计意见": "未经审计",
        "会计师事务所": null
    },
    "核心业绩指标": {
        "每股收益_元": 0.0764,
        "稀释每股收益_元": 0.0764,
        "营业总收入_万元": 36353.555983,
        "营业总收入_亿元": 3.6353555983,
        "营收同比增长_百分比": -0.98,
        "营收环比增长_百分比": null,
        "净利润_万元": 7151.743539,
        "净利润_亿元": 0.7151743539,
        "净利润同比增长_百分比": null,
        "净利润环比增长_百分比": null,
        "归母净利润_万元": 6221.969039,
        "少数股东损益_万元": 929.7745,
        "每股净资产_元": null,
        "净资产收益率_百分比": null,
        "扣非净资产收益率_百分比": null,
        "每股经营现金流_元": null,
        "扣非净利润_万元": 6034.914287,
        "扣非净利润同比增长_百分比": -8.3,
        "销售毛利率_百分比": null,
        "销售净利率_百分比": null,
        "加权平均净资产收益率_百分比": 2.38,
        "扣非加权净资产收益率_百分比": null,
        "总资产收益率_百分比": null,
        "主营业务收入_万元": null,
        "主营业务成本_万元": null,
        "主营业务利润_万元": null
    },
    "资产负债表": {
        "货币资金_万元": 99547.781613,
        "应收账款_万元": 31190.347484,
        "应收票据_万元": 4253.620018,
        "应收款项融资_万元": 7233.44586,
        "预付款项_万元": 1314.187763,
        "其他应收款_万元": 259.272959,
        "存货_万元": 27241.501109,
        "合同资产_万元": null,
        "一年内到期的非流动资产_万元": null,
        "其他流动资产_万元": 57.277957,
        "流动资产合计_万元": 192971.750155,
        "交易性金融资产_万元": 18792.895715,
        "债权投资_万元": null,
        "其他债权投资_万元": null,
        "长期应收款_万元": null,
        "长期股权投资_万元": null,
        "其他权益工具投资_万元": null,
        "投资性房地产_万元": 24578.413486,
        "固定资产_万元": 57461.800725,
        "在建工程_万元": 3172.681054,
        "生产性生物资产_万元": null,
        "油气资产_万元": null,
        "使用权资产_万元": 63.889406,
        "无形资产_万元": 6025.389235,
        "开发支出_万元": null,
        "商誉_万元": 16794.40614,
        "长期待摊费用_万元": null,
        "递延所得税资产_万元": 591.490823,
        "其他非流动资产_万元": 35929.737139,
        "非流动资产合计_万元": 144617.808008,
        "总资产_万元": 337589.558163,
        "总资产同比增长_百分比": 2.24,
        "短期借款_万元": 1000.693611,
        "交易性金融负债_万元": null,
        "应付票据_万元": 1288.82,
        "应付账款_万元": 15252.623573,
        "预收款项_万元": null,
        "合同负债_万元": 1266.240757,
        "应付职工薪酬_万元": 5106.354069,
        "应交税费_万元": 2620.95108,
        "其他应付款_万元": 3966.77482,
        "一年内到期的非流动负债_万元": 33.736323,
        "其他流动负债_万元": 2036.239834,
        "流动负债合计_万元": 32572.434067,
        "长期借款_万元": null,
        "应付债券_万元": null,
        "租赁负债_万元": 24.270156,
        "长期应付款_万元": null,
        "预计负债_万元": null,
        "递延收益_万元": 1143.382915,
        "递延所得税负债_万元": 755.488326,
        "其他非流动负债_万元": 8.989422,
        "非流动负债合计_万元": 1932.130819,
        "总负债_万元": 34504.564886,
        "总负债同比增长_百分比": null,
        "资产负债率_百分比": null,
        "实收资本_万元": 81418.0908,
        "资本公积_万元": 76900.459463,
        "盈余公积_万元": 13013.155633,
        "未分配利润_万元": 92709.576442,
        "其他综合收益_万元": null,
        "专项储备_万元": 689.308935,
        "归属于母公司所有者权益合计_万元": 264730.591273,
        "少数股东权益_万元": 38354.402004,
        "股东权益合计_万元": 303084.993277
    },
    "利润表": {
        "营业总收入_万元": 36353.555983,
        "营业收入_万元": 36353.555983,
        "营业总收入同比增长_百分比": -0.98,
        "营业成本_万元": 17512.781459,
        "税金及附加_万元": 569.060114,
        "销售费用_万元": 6207.501903,
        "管理费用_万元": 3064.2077,
        "研发费用_万元": 1049.938103,
        "财务费用_万元": -474.99114,
        "其中利息费用_万元": 22.898549,
        "其中利息收入_万元": 510.152293,
        "其他收益_万元": 151.711064,
        "投资收益_万元": 47.203272,
        "其中对联营企业投资收益_万元": null,
        "公允价值变动收益_万元": 78.231256,
        "信用减值损失_万元": -51.818818,
        "资产减值损失_万元": -377.699423,
        "资产处置收益_万元": 2.390598,
        "营业总支出_万元": null,
        "营业利润_万元": 8275.075793,
        "营业外收入_万元": 76.022789,
        "营业外支出_万元": 0.115491,
        "利润总额_万元": 8350.983091,
        "所得税费用_万元": 1199.239552,
        "净利润_万元": 7151.743539,
        "归母净利润_万元": 6221.969039,
        "少数股东损益_万元": 929.7745,
        "持续经营净利润_万元": 7151.743539,
        "终止经营净利润_万元": null,
        "其他综合收益_万元": null,
        "综合收益总额_万元": 7151.743539,
        "归母综合收益总额_万元": 6221.969039
    },
    "现金流量表": {
        "销售商品收到现金_万元": 35625.941875,
        "收到的税费返还_万元": 0.065575,
        "收到其他经营活动现金_万元": 971.530591,
        "经营活动现金流入_万元": 36597.538041,
        "购买商品支付现金_万元": 11799.824156,
        "支付职工现金_万元": 9880.929856,
        "支付税费_万元": 3974.118037,
        "支付其他经营活动现金_万元": 4782.54072,
        "经营活动现金流出_万元": 30437.412769,
        "经营现金流净额_万元": 6160.125272,
        "经营现金流净额同比增长_百分比": 99.23,
        "收回投资现金_万元": 27500.0,
        "取得投资收益现金_万元": 48.422022,
        "处置资产收回现金_万元": 3.1,
        "收到其他投资活动现金_万元": null,
        "投资活动现金流入_万元": 27551.522022,
        "投资支付现金_万元": 35700.0,
        "购建资产支付现金_万元": 541.471064,
        "支付其他投资活动现金_万元": null,
        "投资活动现金流出_万元": 36241.471064,
        "投资现金流净额_万元": -8689.949042,
        "吸收投资现金_万元": null,
        "取得借款现金_万元": null,
        "收到其他筹资活动现金_万元": null,
        "筹资活动现金流入_万元": null,
        "偿还债务现金_万元": null,
        "分配股利现金_万元": null,
        "支付其他筹资活动现金_万元": 41.320998,
        "筹资活动现金流出_万元": 46.995998,
        "融资现金流净额_万元": -46.995998,
        "汇率变动影响_万元": -4.875859,
        "现金及等价物净增加额_万元": -2581.695627,
        "净现金流_元": null,
        "净现金流同比增长_百分比": null,
        "期初现金及等价物_万元": 101352.073647,
        "期末现金及等价物_万元": 98770.37802,
        "经营现金流占比_百分比": null,
        "投资现金流占比_百分比": null,
        "融资现金流占比_百分比": null
    }
}