{
    "报告信息": {
        "序号": null,
        "股票代码": "002349",
        "股票简称": "精华制药",
        "报告年份": "2025",
        "报告期": "半年度报告",
        "总股本_股": 829674908,
        "流通股本_股": 814180908,
        "报告日期": "2025年8月",
        "审计意见": null,
        "会计师事务所": null,
        "期": "HY"
    },
    "核心业绩指标": {
        "每股收益_元": 0.1605,
        "稀释每股收益_元": 0.1605,
        "营业总收入_万元": 73142.057435,
        "营业总收入_亿元": 7.3142057435,
        "营收同比增长_百分比": 1.54,
        "营收环比增长_百分比": null,
        "净利润_万元": 15168.659843,
        "净利润_亿元": 1.5168659843,
        "净利润同比增长_百分比": null,
        "净利润环比增长_百分比": null,
        "归母净利润_万元": 13064.442169,
        "少数股东损益_万元": 2104.217674,
        "每股净资产_元": null,
        "净资产收益率_百分比": null,
        "扣非净资产收益率_百分比": null,
        "每股经营现金流_元": null,
        "扣非净利润_万元": 12662.174094,
        "扣非净利润同比增长_百分比": -1.14,
        "销售毛利率_百分比": null,
        "销售净利率_百分比": null,
        "加权平均净资产收益率_百分比": 4.93,
        "扣非加权净资产收益率_百分比": null,
        "总资产收益率_百分比": null,
        "主营业务收入_万元": 72429.825339,
        "主营业务成本_万元": 33295.770454,
        "主营业务利润_万元": null
    },
    "资产负债表": {
        "货币资金_万元": 79471.631933,
        "应收账款_万元": 32319.398011,
        "应收票据_万元": 4534.719323,
        "应收款项融资_万元": 8384.710522,
        "预付款项_万元": 1717.236181,
        "其他应收款_万元": 265.720371,
        "存货_万元": 28160.711887,
        "合同资产_万元": null,
        "一年内到期的非流动资产_万元": null,
        "其他流动资产_万元": 76.110089,
        "流动资产合计_万元": 187067.264861,
        "交易性金融资产_万元": 29055.606867,
        "债权投资_万元": null,
        "其他债权投资_万元": null,
        "长期应收款_万元": null,
        "长期股权投资_万元": null,
        "其他权益工具投资_万元": null,
        "投资性房地产_万元": 24350.722588,
        "固定资产_万元": 55779.621727,
        "在建工程_万元": 3372.120519,
        "生产性生物资产_万元": null,
        "油气资产_万元": null,
        "使用权资产_万元": 49.242495,
        "无形资产_万元": 5971.77741,
        "开发支出_万元": null,
        "商誉_万元": 16794.40614,
        "长期待摊费用_万元": null,
        "递延所得税资产_万元": 600.468649,
        "其他非流动资产_万元": 48472.785289,
        "非流动资产合计_万元": 155391.144817,
        "总资产_万元": 342458.409678,
        "总资产同比增长_百分比": null,
        "短期借款_万元": 0.8296,
        "交易性金融负债_万元": null,
        "应付票据_万元": 1372.08,
        "应付账款_万元": 14792.876981,
        "预收款项_万元": null,
        "合同负债_万元": 1704.248165,
        "应付职工薪酬_万元": 4474.72173,
        "应交税费_万元": 2429.151241,
        "其他应付款_万元": 10358.512998,
        "一年内到期的非流动负债_万元": 6.042069,
        "其他流动负债_万元": 2355.528009,
        "流动负债合计_万元": 37493.990793,
        "长期借款_万元": null,
        "应付债券_万元": null,
        "租赁负债_万元": 14.384204,
        "长期应付款_万元": null,
        "预计负债_万元": null,
        "递延收益_万元": 1123.040317,
        "递延所得税负债_万元": 750.419992,
        "其他非流动负债_万元": 8.749422,
        "非流动负债合计_万元": 1896.593935,
        "总负债_万元": 39390.584728,
        "总负债同比增长_百分比": null,
        "资产负债率_百分比": null,
        "实收资本_万元": null,
        "资本公积_万元": null,
        "盈余公积_万元": null,
        "未分配利润_万元": null,
        "其他综合收益_万元": null,
        "专项储备_万元": null,
        "归属于母公司所有者权益合计_万元": 265485.686194,
        "少数股东权益_万元": 37582.138756,
        "股东权益合计_万元": 303067.82495
    },
    "利润表": {
        "营业总收入_万元": 73142.057435,
        "营业收入_万元": 73142.057435,
        "营业总收入同比增长_百分比": 1.54,
        "营业成本_万元": 33931.027071,
        "税金及附加_万元": 1173.939083,
        "销售费用_万元": 13227.418008,
        "管理费用_万元": 5766.419589,
        "研发费用_万元": 2884.079478,
        "财务费用_万元": -1181.278958,
        "其中利息费用_万元": 46.185397,
        "其中利息收入_万元": 1285.293848,
        "其他收益_万元": 278.349678,
        "投资收益_万元": 143.403728,
        "其中对联营企业投资收益_万元": null,
        "公允价值变动收益_万元": 145.12205,
        "信用减值损失_万元": -82.908808,
        "资产减值损失_万元": -409.793586,
        "资产处置收益_万元": 2.838468,
        "营业总支出_万元": null,
        "营业利润_万元": 17417.464694,
        "营业外收入_万元": 98.732368,
        "营业外支出_万元": 2.687012,
        "利润总额_万元": 17513.51005,
        "所得税费用_万元": 2344.850207,
        "净利润_万元": 15168.659843,
        "归母净利润_万元": 13064.442169,
        "少数股东损益_万元": 2104.217674,
        "持续经营净利润_万元": 15168.659843,
        "终止经营净利润_万元": null,
        "其他综合收益_万元": null,
        "综合收益总额_万元": 15168.659843,
        "归母综合收益总额_万元": 13064.442169
    },
    "现金流量表": {
        "销售商品收到现金_万元": 71273.655148,
        "收到的税费返还_万元": 3.602036,
        "收到其他经营活动现金_万元": 2281.419886,
        "经营活动现金流入_万元": 73558.67707,
        "购买商品支付现金_万元": 24451.875538,
        "支付职工现金_万元": 18277.543531,
        "支付税费_万元": 8342.641449,
        "支付其他经营活动现金_万元": 9717.983248,
        "经营活动现金流出_万元": 60790.043766,
        "经营现金流净额_万元": 12768.633304,
        "经营现金流净额同比增长_百分比": 31.87,
        "收回投资现金_万元": 68100,
        "取得投资收益现金_万元": 218.80212,
        "处置资产收回现金_万元": 3.1,
        "收到其他投资活动现金_万元": null,
        "投资活动现金流入_万元": 68321.90212,
        "投资支付现金_万元": 86570,
        "购建资产支付现金_万元": 901.761045,
        "支付其他投资活动现金_万元": 12100,
        "投资活动现金流出_万元": 99571.761045,
        "投资现金流净额_万元": -31249.858925,
        "吸收投资现金_万元": 5670.804,
        "取得借款现金_万元": null,
        "收到其他筹资活动现金_万元": 0.8296,
        "筹资活动现金流入_万元": 5671.6336,
        "偿还债务现金_万元": 1000,
        "分配股利现金_万元": 8494.86129,
        "支付其他筹资活动现金_万元": 57.368569,
        "筹资活动现金流出_万元": 9552.229859,
        "融资现金流净额_万元": -3880.596259,
        "汇率变动影响_万元": -43.288012,
        "现金及等价物净增加额_万元": -22405.109892,
        "净现金流_元": null,
        "净现金流同比增长_百分比": null,
        "期初现金及等价物_万元": 101352.073647,
        "期末现金及等价物_万元": 78946.963755,
        "经营现金流占比_百分比": null,
        "投资现金流占比_百分比": null,
        "融资现金流占比_百分比": null
    }
}