{
    "报告信息": {
        "序号": null,
        "股票代码": "002349",
        "股票简称": "精华制药",
        "报告年份": "2023",
        "报告期": "半年度",
        "总股本_股": 814180908,
        "流通股本_股": 812006309,
        "报告日期": "2023-08-24",
        "审计意见": null,
        "会计师事务所": null,
        "期": "HY"
    },
    "核心业绩指标": {
        "每股收益_元": 0.1899,
        "稀释每股收益_元": 0.1899,
        "营业总收入_万元": 79534.952237,
        "营业总收入_亿元": 7.9534952237,
        "营收同比增长_百分比": 0.48,
        "营收环比增长_百分比": null,
        "净利润_万元": 17356.48723,
        "净利润_亿元": 1.735648723,
        "净利润同比增长_百分比": 14.72,
        "净利润环比增长_百分比": null,
        "归母净利润_万元": 15460.733158,
        "少数股东损益_万元": 1895.754072,
        "每股净资产_元": null,
        "净资产收益率_百分比": null,
        "扣非净资产收益率_百分比": null,
        "每股经营现金流_元": null,
        "扣非净利润_万元": 15028.493885,
        "扣非净利润同比增长_百分比": 24.86,
        "销售毛利率_百分比": null,
        "销售净利率_百分比": null,
        "加权平均净资产收益率_百分比": 6.24,
        "扣非加权净资产收益率_百分比": null,
        "总资产收益率_百分比": null,
        "主营业务收入_万元": 78732.316507,
        "主营业务成本_万元": 39876.072313,
        "主营业务利润_万元": 38856.244194
    },
    "资产负债表": {
        "货币资金_万元": 75120.881322,
        "应收账款_万元": 27016.648682,
        "应收票据_万元": 4653.525206,
        "应收款项融资_万元": 7987.92906,
        "预付款项_万元": 1709.189734,
        "其他应收款_万元": 168.704837,
        "存货_万元": 32056.551802,
        "合同资产_万元": null,
        "一年内到期的非流动资产_万元": 243.833332,
        "其他流动资产_万元": 174.173164,
        "流动资产合计_万元": 179375.131659,
        "交易性金融资产_万元": 30243.69452,
        "债权投资_万元": null,
        "其他债权投资_万元": null,
        "长期应收款_万元": 4400.0,
        "长期股权投资_万元": 3963.706931,
        "其他权益工具投资_万元": 495.0,
        "投资性房地产_万元": 26172.332933,
        "固定资产_万元": 61781.307544,
        "在建工程_万元": 6372.849581,
        "生产性生物资产_万元": null,
        "油气资产_万元": null,
        "使用权资产_万元": 110.772786,
        "无形资产_万元": 6379.314558,
        "开发支出_万元": null,
        "商誉_万元": 16794.40614,
        "长期待摊费用_万元": null,
        "递延所得税资产_万元": 1197.719105,
        "其他非流动资产_万元": 94.4871,
        "非流动资产合计_万元": 127761.896678,
        "总资产_万元": 307137.028337,
        "总资产同比增长_百分比": 0.98,
        "短期借款_万元": 1000.86375,
        "交易性金融负债_万元": null,
        "应付票据_万元": 2581.738144,
        "应付账款_万元": 14545.899202,
        "预收款项_万元": null,
        "合同负债_万元": 1495.422388,
        "应付职工薪酬_万元": 4599.014882,
        "应交税费_万元": 2229.542703,
        "其他应付款_万元": 7452.25023,
        "一年内到期的非流动负债_万元": 50.568664,
        "其他流动负债_万元": 164.531198,
        "流动负债合计_万元": 34119.831161,
        "长期借款_万元": null,
        "应付债券_万元": null,
        "租赁负债_万元": 45.122837,
        "长期应付款_万元": null,
        "预计负债_万元": null,
        "递延收益_万元": 1018.822116,
        "递延所得税负债_万元": 1223.038831,
        "其他非流动负债_万元": 10.955222,
        "非流动负债合计_万元": 2297.939006,
        "总负债_万元": 36417.770167,
        "总负债同比增长_百分比": -12.86,
        "资产负债率_百分比": 11.86,
        "实收资本_万元": 81418.0908,
        "资本公积_万元": 90592.339969,
        "盈余公积_万元": 10097.538439,
        "未分配利润_万元": 66647.218212,
        "其他综合收益_万元": null,
        "专项储备_万元": 411.26129,
        "归属于母公司所有者权益合计_万元": 249166.44871,
        "少数股东权益_万元": 21552.80946,
        "股东权益合计_万元": 270719.25817
    },
    "利润表": {
        "营业总收入_万元": 79534.952237,
        "营业收入_万元": 79534.952237,
        "营业总收入同比增长_百分比": 0.48,
        "营业成本_万元": 40556.873746,
        "税金及附加_万元": 1084.679416,
        "销售费用_万元": 10772.131392,
        "管理费用_万元": 5283.292899,
        "研发费用_万元": 2877.986614,
        "财务费用_万元": -1406.933897,
        "其中利息费用_万元": 130.510638,
        "其中利息收入_万元": 1226.450741,
        "其他收益_万元": 158.668043,
        "投资收益_万元": -60.628135,
        "其中对联营企业投资收益_万元": -47.979585,
        "公允价值变动收益_万元": 281.410958,
        "信用减值损失_万元": -293.141529,
        "资产减值损失_万元": -204.010575,
        "资产处置收益_万元": -5.891228,
        "营业总支出_万元": null,
        "营业利润_万元": 20243.329601,
        "营业外收入_万元": 81.109635,
        "营业外支出_万元": 4.923935,
        "利润总额_万元": 20319.515301,
        "所得税费用_万元": 2963.028071,
        "净利润_万元": 17356.48723,
        "归母净利润_万元": 15460.733158,
        "少数股东损益_万元": 1895.754072,
        "持续经营净利润_万元": 17356.48723,
        "终止经营净利润_万元": null,
        "其他综合收益_万元": null,
        "综合收益总额_万元": 17356.48723,
        "归母综合收益总额_万元": 15460.733158
    },
    "现金流量表": {
        "销售商品收到现金_万元": 71821.027468,
        "收到的税费返还_万元": 91.652972,
        "收到其他经营活动现金_万元": 2217.861667,
        "经营活动现金流入_万元": 74130.542107,
        "购买商品支付现金_万元": 28695.302573,
        "支付职工现金_万元": 16324.584301,
        "支付税费_万元": 10101.331924,
        "支付其他经营活动现金_万元": 9032.992107,
        "经营活动现金流出_万元": 64154.210905,
        "经营现金流净额_万元": 9976.331202,
        "经营现金流净额同比增长_百分比": -30.02,
        "收回投资现金_万元": 5190.0,
        "取得投资收益现金_万元": 27.773429,
        "处置资产收回现金_万元": 5.528,
        "收到其他投资活动现金_万元": null,
        "投资活动现金流入_万元": 5223.301429,
        "投资支付现金_万元": 22500.0,
        "购建资产支付现金_万元": 1375.384671,
        "支付其他投资活动现金_万元": 6.88676,
        "投资活动现金流出_万元": 23882.271431,
        "投资现金流净额_万元": -18658.970002,
        "吸收投资现金_万元": null,
        "取得借款现金_万元": 500.0,
        "收到其他筹资活动现金_万元": null,
        "筹资活动现金流入_万元": 500.0,
        "偿还债务现金_万元": 1600.0,
        "分配股利现金_万元": 9247.318414,
        "支付其他筹资活动现金_万元": null,
        "筹资活动现金流出_万元": 10847.318414,
        "融资现金流净额_万元": -10347.318414,
        "汇率变动影响_万元": 286.786177,
        "现金及等价物净增加额_万元": -18743.171037,
        "净现金流_元": null,
        "净现金流同比增长_百分比": -107.24,
        "期初现金及等价物_万元": 92741.95994,
        "期末现金及等价物_万元": 73998.788903,
        "经营现金流占比_百分比": null,
        "投资现金流占比_百分比": null,
        "融资现金流占比_百分比": null
    }
}