{
    "报告信息": {
        "序号": null,
        "股票代码": "002349",
        "股票简称": "精华制药",
        "报告年份": "2024",
        "报告期": "Q1",
        "总股本_股": 814180908,
        "流通股本_股": null,
        "报告日期": "2024-04-30",
        "审计意见": "未经审计",
        "会计师事务所": null
    },
    "核心业绩指标": {
        "每股收益_元": 0.0873,
        "稀释每股收益_元": 0.0873,
        "营业总收入_万元": 36712.906992,
        "营业总收入_亿元": 3.6712906992,
        "营收同比增长_百分比": -11.82,
        "营收环比增长_百分比": null,
        "净利润_万元": 8198.304272,
        "净利润_亿元": 0.8198304272,
        "净利润同比增长_百分比": null,
        "净利润环比增长_百分比": null,
        "归母净利润_万元": 7108.009021,
        "少数股东损益_万元": 1090.295251,
        "每股净资产_元": null,
        "净资产收益率_百分比": null,
        "扣非净资产收益率_百分比": null,
        "每股经营现金流_元": null,
        "扣非净利润_万元": 6581.149408,
        "扣非净利润同比增长_百分比": -23.09,
        "销售毛利率_百分比": null,
        "销售净利率_百分比": null,
        "加权平均净资产收益率_百分比": 2.87,
        "扣非加权净资产收益率_百分比": null,
        "总资产收益率_百分比": null,
        "主营业务收入_万元": null,
        "主营业务成本_万元": null,
        "主营业务利润_万元": null
    },
    "资产负债表": {
        "货币资金_万元": 88830.878931,
        "应收账款_万元": 27719.959884,
        "应收票据_万元": 3829.509571,
        "应收款项融资_万元": 9199.250727,
        "预付款项_万元": 1944.373703,
        "其他应收款_万元": 340.50698,
        "存货_万元": 30422.945432,
        "合同资产_万元": null,
        "一年内到期的非流动资产_万元": 4528.333332,
        "其他流动资产_万元": 77.309543,
        "流动资产合计_万元": 203949.237966,
        "交易性金融资产_万元": 37056.169863,
        "债权投资_万元": null,
        "其他债权投资_万元": null,
        "长期应收款_万元": null,
        "长期股权投资_万元": 3895.829518,
        "其他权益工具投资_万元": 115.833922,
        "投资性房地产_万元": 25489.197817,
        "固定资产_万元": 57688.509241,
        "在建工程_万元": 6399.343458,
        "生产性生物资产_万元": null,
        "油气资产_万元": null,
        "使用权资产_万元": 182.92553,
        "无形资产_万元": 6198.944692,
        "开发支出_万元": null,
        "商誉_万元": 16794.40614,
        "长期待摊费用_万元": null,
        "递延所得税资产_万元": 562.31379,
        "其他非流动资产_万元": 94.4871,
        "非流动资产合计_万元": 117421.791208,
        "总资产_万元": 321371.029174,
        "总资产同比增长_百分比": 0.9,
        "短期借款_万元": 2092.45067,
        "交易性金融负债_万元": null,
        "应付票据_万元": 468.638324,
        "应付账款_万元": 13395.935246,
        "预收款项_万元": null,
        "合同负债_万元": 1150.05763,
        "应付职工薪酬_万元": 5140.744286,
        "应交税费_万元": 2898.643673,
        "其他应付款_万元": 4204.387166,
        "一年内到期的非流动负债_万元": 138.434616,
        "其他流动负债_万元": 1237.722403,
        "流动负债合计_万元": 30727.014014,
        "长期借款_万元": null,
        "应付债券_万元": null,
        "租赁负债_万元": 28.812416,
        "长期应付款_万元": null,
        "预计负债_万元": null,
        "递延收益_万元": 1058.500274,
        "递延所得税负债_万元": 801.624127,
        "其他非流动负债_万元": 9.469422,
        "非流动负债合计_万元": 1898.406239,
        "总负债_万元": 32625.420253,
        "总负债同比增长_百分比": null,
        "资产负债率_百分比": null,
        "实收资本_万元": 81418.0908,
        "资本公积_万元": 76900.459463,
        "盈余公积_万元": 11750.483003,
        "未分配利润_万元": 81407.634231,
        "其他综合收益_万元": -322.291166,
        "专项储备_万元": 510.073288,
        "归属于母公司所有者权益合计_万元": 251664.449619,
        "少数股东权益_万元": 37081.159302,
        "股东权益合计_万元": 288745.608921
    },
    "利润表": {
        "营业总收入_万元": 36712.906992,
        "营业收入_万元": 36712.906992,
        "营业总收入同比增长_百分比": -11.82,
        "营业成本_万元": 18078.372981,
        "税金及附加_万元": 529.795298,
        "销售费用_万元": 5795.698213,
        "管理费用_万元": 2731.785865,
        "研发费用_万元": 1710.927874,
        "财务费用_万元": -1017.706205,
        "其中利息费用_万元": 72.590136,
        "其中利息收入_万元": 1004.104645,
        "其他收益_万元": 418.084203,
        "投资收益_万元": 13.562088,
        "其中对联营企业投资收益_万元": 9.706175,
        "公允价值变动收益_万元": 286.668219,
        "信用减值损失_万元": -42.320994,
        "资产减值损失_万元": 29.788136,
        "资产处置收益_万元": null,
        "营业总支出_万元": null,
        "营业利润_万元": 9589.814618,
        "营业外收入_万元": 2.039478,
        "营业外支出_万元": 5.111129,
        "利润总额_万元": 9586.742967,
        "所得税费用_万元": 1388.438695,
        "净利润_万元": 8198.304272,
        "归母净利润_万元": 7108.009021,
        "少数股东损益_万元": 1090.295251,
        "持续经营净利润_万元": 8198.304272,
        "终止经营净利润_万元": null,
        "其他综合收益_万元": null,
        "综合收益总额_万元": 8198.304272,
        "归母综合收益总额_万元": 7108.009021
    },
    "现金流量表": {
        "销售商品收到现金_万元": 33909.097728,
        "收到的税费返还_万元": 16.033405,
        "收到其他经营活动现金_万元": 1343.752722,
        "经营活动现金流入_万元": 35268.883855,
        "购买商品支付现金_万元": 13665.580151,
        "支付职工现金_万元": 9623.404328,
        "支付税费_万元": 3873.785904,
        "支付其他经营活动现金_万元": 5014.117591,
        "经营活动现金流出_万元": 32176.887974,
        "经营现金流净额_万元": 3091.995881,
        "经营现金流净额同比增长_百分比": 681.4,
        "收回投资现金_万元": 1000.0,
        "取得投资收益现金_万元": 4.779848,
        "处置资产收回现金_万元": null,
        "收到其他投资活动现金_万元": 204.701244,
        "投资活动现金流入_万元": 1209.481092,
        "投资支付现金_万元": 6000.0,
        "购建资产支付现金_万元": 1417.211099,
        "支付其他投资活动现金_万元": 56.829167,
        "投资活动现金流出_万元": 7474.040266,
        "投资现金流净额_万元": -6264.559174,
        "吸收投资现金_万元": null,
        "取得借款现金_万元": null,
        "收到其他筹资活动现金_万元": null,
        "筹资活动现金流入_万元": null,
        "偿还债务现金_万元": null,
        "分配股利现金_万元": null,
        "支付其他筹资活动现金_万元": 14.4525,
        "筹资活动现金流出_万元": 35.236899,
        "融资现金流净额_万元": -35.236899,
        "汇率变动影响_万元": 87.59165,
        "现金及等价物净增加额_万元": -3120.208542,
        "净现金流_元": null,
        "净现金流同比增长_百分比": null,
        "期初现金及等价物_万元": 91419.942986,
        "期末现金及等价物_万元": 88299.734444,
        "经营现金流占比_百分比": null,
        "投资现金流占比_百分比": null,
        "融资现金流占比_百分比": null
    }
}