{
    "报告信息": {
        "序号": null,
        "股票代码": "300026",
        "股票简称": "红日药业",
        "报告年份": "2025",
        "报告期": "Q3",
        "总股本_股": 3004154837,
        "流通股本_股": 96308,
        "报告日期": null,
        "审计意见": "未经审计",
        "会计师事务所": null
    },
    "核心业绩指标": {
        "每股收益_元": 0.03,
        "稀释每股收益_元": 0.03,
        "营业总收入_万元": 414856.292507,
        "营业总收入_亿元": 41.4856292507,
        "营收同比增长_百分比": -6.59,
        "营收环比增长_百分比": null,
        "净利润_万元": 9192.868851,
        "净利润_亿元": 0.9192868851,
        "净利润同比增长_百分比": null,
        "净利润环比增长_百分比": null,
        "归母净利润_万元": 8076.293464,
        "少数股东损益_万元": 1116.575387,
        "每股净资产_元": null,
        "净资产收益率_百分比": null,
        "扣非净资产收益率_百分比": null,
        "每股经营现金流_元": null,
        "扣非净利润_万元": 8870.479637,
        "扣非净利润同比增长_百分比": -43.81,
        "销售毛利率_百分比": null,
        "销售净利率_百分比": null,
        "加权平均净资产收益率_百分比": 0.93,
        "扣非加权净资产收益率_百分比": null,
        "总资产收益率_百分比": null,
        "主营业务收入_万元": null,
        "主营业务成本_万元": null,
        "主营业务利润_万元": null
    },
    "资产负债表": {
        "货币资金_万元": 141421.698706,
        "应收账款_万元": 254843.216233,
        "应收票据_万元": 4383.189958,
        "应收款项融资_万元": 19283.268014,
        "预付款项_万元": 13396.718076,
        "其他应收款_万元": 3632.336366,
        "存货_万元": 143425.280217,
        "合同资产_万元": null,
        "一年内到期的非流动资产_万元": null,
        "其他流动资产_万元": 11338.595109,
        "流动资产合计_万元": 591724.302679,
        "交易性金融资产_万元": null,
        "债权投资_万元": null,
        "其他债权投资_万元": null,
        "长期应收款_万元": 2639.260144,
        "长期股权投资_万元": 1016.063303,
        "其他权益工具投资_万元": 22261.56,
        "投资性房地产_万元": null,
        "固定资产_万元": 272009.8273,
        "在建工程_万元": 15399.718746,
        "生产性生物资产_万元": null,
        "油气资产_万元": null,
        "使用权资产_万元": 13154.428274,
        "无形资产_万元": 27301.298743,
        "开发支出_万元": 34797.239907,
        "商誉_万元": 67519.833512,
        "长期待摊费用_万元": 3640.749307,
        "递延所得税资产_万元": 22395.988543,
        "其他非流动资产_万元": 1974.305369,
        "非流动资产合计_万元": 484110.273148,
        "总资产_万元": 1075834.575827,
        "总资产同比增长_百分比": -3.64,
        "短期借款_万元": 1015.890411,
        "交易性金融负债_万元": null,
        "应付票据_万元": 2023.634969,
        "应付账款_万元": 51620.244559,
        "预收款项_万元": null,
        "合同负债_万元": 4319.791775,
        "应付职工薪酬_万元": 1010.423025,
        "应交税费_万元": 6842.500264,
        "其他应付款_万元": 54156.682592,
        "一年内到期的非流动负债_万元": 15880.607531,
        "其他流动负债_万元": 1881.494757,
        "流动负债合计_万元": 138751.269883,
        "长期借款_万元": 37306.001965,
        "应付债券_万元": null,
        "租赁负债_万元": 10821.835961,
        "长期应付款_万元": null,
        "预计负债_万元": null,
        "递延收益_万元": 6131.718197,
        "递延所得税负债_万元": null,
        "其他非流动负债_万元": null,
        "非流动负债合计_万元": null,
        "总负债_万元": null,
        "总负债同比增长_百分比": null,
        "资产负债率_百分比": null,
        "实收资本_万元": null,
        "资本公积_万元": 58989.486035,
        "盈余公积_万元": 29936.248832,
        "未分配利润_万元": 473428.440122,
        "其他综合收益_万元": 652.470252,
        "专项储备_万元": 426.278932,
        "归属于母公司所有者权益合计_万元": 863848.407873,
        "少数股东权益_万元": 15707.702798,
        "股东权益合计_万元": 879556.110671
    },
    "利润表": {
        "营业总收入_万元": 414856.292507,
        "营业收入_万元": 414856.292507,
        "营业总收入同比增长_百分比": -6.59,
        "营业成本_万元": 198351.908945,
        "税金及附加_万元": 4650.868274,
        "销售费用_万元": 143314.16401,
        "管理费用_万元": 30329.32911,
        "研发费用_万元": 13272.909886,
        "财务费用_万元": 1005.499933,
        "其中利息费用_万元": 1443.412168,
        "其中利息收入_万元": 820.146158,
        "其他收益_万元": 2164.015563,
        "投资收益_万元": -287.455852,
        "其中对联营企业投资收益_万元": -280.417535,
        "公允价值变动收益_万元": null,
        "信用减值损失_万元": -4576.548642,
        "资产减值损失_万元": -4813.331623,
        "资产处置收益_万元": 9.311252,
        "营业总支出_万元": null,
        "营业利润_万元": 16427.603047,
        "营业外收入_万元": 990.963956,
        "营业外支出_万元": 3298.554661,
        "利润总额_万元": 14120.012342,
        "所得税费用_万元": 4927.143491,
        "净利润_万元": 9192.868851,
        "归母净利润_万元": 8076.293464,
        "少数股东损益_万元": 1116.575387,
        "持续经营净利润_万元": 9192.868851,
        "终止经营净利润_万元": null,
        "其他综合收益_万元": -30.893597,
        "综合收益总额_万元": 9161.975254,
        "归母综合收益总额_万元": 8045.399867
    },
    "现金流量表": {
        "销售商品收到现金_万元": 446259.676216,
        "收到的税费返还_万元": 3402.736971,
        "收到其他经营活动现金_万元": 10461.075155,
        "经营活动现金流入_万元": 460123.488342,
        "购买商品支付现金_万元": 155472.507547,
        "支付职工现金_万元": 68721.280645,
        "支付税费_万元": 36830.447551,
        "支付其他经营活动现金_万元": 145415.58895,
        "经营活动现金流出_万元": 406439.824693,
        "经营现金流净额_万元": 53683.663649,
        "经营现金流净额同比增长_百分比": 6.28,
        "收回投资现金_万元": 66.109133,
        "取得投资收益现金_万元": null,
        "处置资产收回现金_万元": 49.691303,
        "收到其他投资活动现金_万元": 154.0,
        "投资活动现金流入_万元": 269.800436,
        "投资支付现金_万元": 5000.0,
        "购建资产支付现金_万元": 9606.275625,
        "支付其他投资活动现金_万元": null,
        "投资活动现金流出_万元": 9606.275625,
        "投资现金流净额_万元": -9336.475189,
        "吸收投资现金_万元": null,
        "取得借款现金_万元": 5125.996906,
        "收到其他筹资活动现金_万元": null,
        "筹资活动现金流入_万元": 5125.996906,
        "偿还债务现金_万元": 22812.796239,
        "分配股利现金_万元": 11028.154199,
        "支付其他筹资活动现金_万元": 4260.879967,
        "筹资活动现金流出_万元": 38101.830405,
        "融资现金流净额_万元": -32975.833499,
        "汇率变动影响_万元": -69.414883,
        "现金及等价物净增加额_万元": 11301.940078,
        "净现金流_元": null,
        "净现金流同比增长_百分比": null,
        "期初现金及等价物_万元": 127312.30916,
        "期末现金及等价物_万元": 138614.249238,
        "经营现金流占比_百分比": null,
        "投资现金流占比_百分比": null,
        "融资现金流占比_百分比": null
    }
}