{
    "报告信息": {
        "序号": "2023-013",
        "股票代码": "300026",
        "股票简称": "红日药业",
        "报告年份": "2022",
        "报告期": "年度",
        "总股本_股": 3004154837,
        "流通股本_股": null,
        "报告日期": null,
        "审计意见": "标准的无保留意见",
        "会计师事务所": "信永中和会计师事务所（特殊普通合伙）",
        "期": "FY"
    },
    "核心业绩指标": {
        "每股收益_元": 0.21,
        "稀释每股收益_元": 0.21,
        "营业总收入_万元": 665002.488233,
        "营业总收入_亿元": 66.5002488233,
        "营收同比增长_百分比": -13.3,
        "营收环比增长_百分比": null,
        "净利润_万元": 62097.32638,
        "净利润_亿元": 6.209732638,
        "净利润同比增长_百分比": -7.43,
        "净利润环比增长_百分比": null,
        "归母净利润_万元": 62418.107056,
        "少数股东损益_万元": -320.880676,
        "每股净资产_元": 2.76,
        "净资产收益率_百分比": 7.78,
        "扣非净资产收益率_百分比": null,
        "每股经营现金流_元": null,
        "扣非净利润_万元": 57069.688819,
        "扣非净利润同比增长_百分比": -15.85,
        "销售毛利率_百分比": null,
        "销售净利率_百分比": null,
        "加权平均净资产收益率_百分比": 7.78,
        "扣非加权净资产收益率_百分比": null,
        "总资产收益率_百分比": null,
        "主营业务收入_万元": null,
        "主营业务成本_万元": 281117.586194,
        "主营业务利润_万元": null
    },
    "资产负债表": {
        "货币资金_万元": 120622.710383,
        "应收账款_万元": 337228.932282,
        "应收票据_万元": 7030.956563,
        "应收款项融资_万元": 10373.590831,
        "预付款项_万元": 20885.676392,
        "其他应收款_万元": 4993.68919,
        "存货_万元": 221380.101807,
        "合同资产_万元": null,
        "一年内到期的非流动资产_万元": null,
        "其他流动资产_万元": 16018.440923,
        "流动资产合计_万元": 738534.098371,
        "交易性金融资产_万元": null,
        "债权投资_万元": null,
        "其他债权投资_万元": null,
        "长期应收款_万元": 9409.7412,
        "长期股权投资_万元": 2453.829153,
        "其他权益工具投资_万元": 21949.06,
        "投资性房地产_万元": null,
        "固定资产_万元": 272430.295516,
        "在建工程_万元": 46101.398315,
        "生产性生物资产_万元": null,
        "油气资产_万元": null,
        "使用权资产_万元": 13656.116751,
        "无形资产_万元": 35273.038255,
        "开发支出_万元": 26120.139443,
        "商誉_万元": 71605.205294,
        "长期待摊费用_万元": 6390.659626,
        "递延所得税资产_万元": 11175.064719,
        "递延所得税负债_万元": 445.627669,
        "其他非流动资产_万元": 7987.022797,
        "非流动资产合计_万元": 524551.571069,
        "总资产_万元": 1263085.66944,
        "总资产同比增长_百分比": 8.82,
        "短期借款_万元": 23146.878879,
        "交易性金融负债_万元": null,
        "应付票据_万元": 3558.98067,
        "应付账款_万元": 84918.453742,
        "预收款项_万元": null,
        "合同负债_万元": 20803.220775,
        "应付职工薪酬_万元": 1529.956264,
        "应交税费_万元": 9126.727474,
        "其他应付款_万元": 73347.671824,
        "一年内到期的非流动负债_万元": 43584.118942,
        "其他流动负债_万元": 7774.450912,
        "流动负债合计_万元": 267790.459484,
        "长期借款_万元": 74721.578088,
        "应付债券_万元": 59803.81977,
        "租赁负债_万元": 7811.585514,
        "长期应付款_万元": null,
        "预计负债_万元": null,
        "递延收益_万元": 6204.138086,
        "其他非流动负债_万元": null,
        "非流动负债合计_万元": 148986.749127,
        "总负债_万元": 416777.208611,
        "总负债同比增长_百分比": null,
        "资产负债率_百分比": 33.0,
        "实收资本_万元": 300415.4837,
        "资本公积_万元": 58948.810347,
        "盈余公积_万元": 26242.265701,
        "未分配利润_万元": 443335.151297,
        "其他综合收益_万元": 86.030863,
        "专项储备_万元": null,
        "归属于母公司所有者权益合计_万元": 829027.741908,
        "少数股东权益_万元": 17280.718921,
        "股东权益合计_万元": 846308.460829
    },
    "利润表": {
        "营业总收入_万元": 665002.488233,
        "营业收入_万元": 665002.488233,
        "营业总收入同比增长_百分比": -13.3,
        "营业成本_万元": 281117.586194,
        "税金及附加_万元": 6171.703044,
        "销售费用_万元": 231965.539171,
        "管理费用_万元": 43527.112697,
        "研发费用_万元": 23668.512835,
        "财务费用_万元": 5352.761259,
        "其中利息费用_万元": 6966.781236,
        "其中利息收入_万元": 1102.350113,
        "其他收益_万元": 6156.766048,
        "投资收益_万元": 315.932601,
        "其中对联营企业投资收益_万元": 196.721889,
        "公允价值变动收益_万元": null,
        "信用减值损失_万元": -7940.789134,
        "资产减值损失_万元": -479.733576,
        "资产处置收益_万元": 0.511094,
        "营业总支出_万元": null,
        "营业利润_万元": 71251.960066,
        "营业外收入_万元": 4145.743338,
        "营业外支出_万元": 3760.579184,
        "利润总额_万元": 71637.12422,
        "所得税费用_万元": 9539.89784,
        "净利润_万元": 62097.32638,
        "归母净利润_万元": 62418.107056,
        "少数股东损益_万元": -320.880676,
        "持续经营净利润_万元": 62097.32638,
        "终止经营净利润_万元": null,
        "其他综合收益_万元": 1337.387711,
        "综合收益总额_万元": 63434.614091,
        "归母综合收益总额_万元": 63755.494767
    },
    "现金流量表": {
        "销售商品收到现金_万元": 737543.53529,
        "收到的税费返还_万元": 11677.414328,
        "收到其他经营活动现金_万元": 42413.005758,
        "经营活动现金流入_万元": 791633.955376,
        "购买商品支付现金_万元": 337926.384492,
        "支付职工现金_万元": 96895.706285,
        "支付税费_万元": 55670.898327,
        "支付其他经营活动现金_万元": 226606.40146,
        "经营活动现金流出_万元": 717099.390564,
        "经营现金流净额_万元": 74534.564812,
        "经营现金流净额同比增长_百分比": 90.33,
        "收回投资现金_万元": null,
        "取得投资收益现金_万元": 177.189626,
        "处置资产收回现金_万元": 22.38316,
        "收到其他投资活动现金_万元": 511.0,
        "投资活动现金流入_万元": 5087.809514,
        "投资支付现金_万元": 905.062019,
        "购建资产支付现金_万元": 77027.120205,
        "支付其他投资活动现金_万元": 511.0,
        "投资活动现金流出_万元": 77932.182224,
        "投资现金流净额_万元": -72844.37271,
        "吸收投资现金_万元": 24.5,
        "取得借款现金_万元": 84338.804404,
        "收到其他筹资活动现金_万元": 1037.349,
        "筹资活动现金流入_万元": 85400.653404,
        "偿还债务现金_万元": 74523.0,
        "分配股利现金_万元": 19438.526283,
        "支付其他筹资活动现金_万元": 6498.921382,
        "筹资活动现金流出_万元": 100460.447665,
        "融资现金流净额_万元": -15059.794261,
        "汇率变动影响_万元": 2291.229285,
        "现金及等价物净增加额_万元": -11078.372874,
        "净现金流_元": null,
        "净现金流同比增长_百分比": null,
        "期初现金及等价物_万元": 129411.343797,
        "期末现金及等价物_万元": 118332.970923,
        "经营现金流占比_百分比": null,
        "投资现金流占比_百分比": null,
        "融资现金流占比_百分比": null
    }
}