{
    "报告信息": {
        "序号": null,
        "股票代码": "300026",
        "股票简称": "红日药业",
        "报告年份": "2025",
        "报告期": "Q1",
        "总股本_股": 3004154837,
        "流通股本_股": null,
        "报告日期": null,
        "审计意见": "未经审计",
        "会计师事务所": null
    },
    "核心业绩指标": {
        "每股收益_元": 0.02,
        "稀释每股收益_元": 0.02,
        "营业总收入_万元": 139277.256661,
        "营业总收入_亿元": 13.9277256661,
        "营收同比增长_百分比": -4.82,
        "营收环比增长_百分比": null,
        "净利润_万元": 6188.470886,
        "净利润_亿元": 0.6188470886,
        "净利润同比增长_百分比": null,
        "净利润环比增长_百分比": null,
        "归母净利润_万元": 6032.974362,
        "少数股东损益_万元": 155.496524,
        "每股净资产_元": null,
        "净资产收益率_百分比": null,
        "扣非净资产收益率_百分比": null,
        "每股经营现金流_元": null,
        "扣非净利润_万元": 5485.920397,
        "扣非净利润同比增长_百分比": 1.26,
        "销售毛利率_百分比": null,
        "销售净利率_百分比": null,
        "加权平均净资产收益率_百分比": 0.7,
        "扣非加权净资产收益率_百分比": null,
        "总资产收益率_百分比": null,
        "主营业务收入_万元": 139277.256661,
        "主营业务成本_万元": 67011.079149,
        "主营业务利润_万元": null
    },
    "资产负债表": {
        "货币资金_万元": 118693.128811,
        "应收账款_万元": 269397.543599,
        "应收票据_万元": 3387.43685,
        "应收款项融资_万元": 14340.828961,
        "预付款项_万元": 12992.315354,
        "其他应收款_万元": 3558.519408,
        "存货_万元": 172997.962643,
        "合同资产_万元": null,
        "一年内到期的非流动资产_万元": null,
        "其他流动资产_万元": 13058.633889,
        "流动资产合计_万元": 608426.369515,
        "交易性金融资产_万元": null,
        "债权投资_万元": null,
        "其他债权投资_万元": null,
        "长期应收款_万元": 2639.260144,
        "长期股权投资_万元": 1280.773826,
        "其他权益工具投资_万元": 22261.56,
        "投资性房地产_万元": null,
        "固定资产_万元": 283359.99402,
        "在建工程_万元": 11444.546363,
        "生产性生物资产_万元": null,
        "油气资产_万元": null,
        "使用权资产_万元": 14242.729304,
        "无形资产_万元": 28929.525932,
        "开发支出_万元": 33813.300155,
        "商誉_万元": 67519.833512,
        "长期待摊费用_万元": 4500.441239,
        "递延所得税资产_万元": 22234.663428,
        "其他非流动资产_万元": 2064.157738,
        "非流动资产合计_万元": 494290.785661,
        "总资产_万元": 1102717.155176,
        "总资产同比增长_百分比": -1.24,
        "短期借款_万元": 1145.447114,
        "交易性金融负债_万元": null,
        "应付票据_万元": 2615.789539,
        "应付账款_万元": 59483.557485,
        "预收款项_万元": null,
        "合同负债_万元": 5279.115678,
        "应付职工薪酬_万元": 1352.680507,
        "应交税费_万元": 4661.185353,
        "其他应付款_万元": 62807.77082,
        "一年内到期的非流动负债_万元": 12115.105775,
        "其他流动负债_万元": 1498.624,
        "流动负债合计_万元": null,
        "长期借款_万元": 45060.252449,
        "应付债券_万元": null,
        "租赁负债_万元": 10534.019648,
        "长期应付款_万元": null,
        "预计负债_万元": null,
        "递延收益_万元": 6405.444948,
        "递延所得税负债_万元": 3701.528667,
        "其他非流动负债_万元": null,
        "非流动负债合计_万元": 65701.245712,
        "总负债_万元": 216660.522424,
        "总负债同比增长_百分比": null,
        "资产负债率_百分比": null,
        "实收资本_万元": 300415.4837,
        "资本公积_万元": 58989.486035,
        "盈余公积_万元": 29936.248832,
        "未分配利润_万元": 480397.585531,
        "其他综合收益_万元": 695.973398,
        "专项储备_万元": null,
        "归属于母公司所有者权益合计_万元": 870434.777496,
        "少数股东权益_万元": 15621.855256,
        "股东权益合计_万元": 886056.632752
    },
    "利润表": {
        "营业总收入_万元": 139277.256661,
        "营业收入_万元": 139277.256661,
        "营业总收入同比增长_百分比": -4.82,
        "营业成本_万元": 67011.079149,
        "税金及附加_万元": 1708.363225,
        "销售费用_万元": 46863.918217,
        "管理费用_万元": 10231.168524,
        "研发费用_万元": 4747.999323,
        "财务费用_万元": 395.648481,
        "其中利息费用_万元": 498.898905,
        "其中利息收入_万元": 188.238208,
        "其他收益_万元": 1028.929499,
        "投资收益_万元": -15.707012,
        "其中对联营企业投资收益_万元": -15.707012,
        "公允价值变动收益_万元": null,
        "信用减值损失_万元": -1128.846812,
        "资产减值损失_万元": -370.552507,
        "资产处置收益_万元": -0.277547,
        "营业总支出_万元": 130958.176919,
        "营业利润_万元": 7832.625363,
        "营业外收入_万元": 125.101425,
        "营业外支出_万元": 269.969064,
        "利润总额_万元": 7687.757724,
        "所得税费用_万元": 1499.286838,
        "净利润_万元": 6188.470886,
        "归母净利润_万元": 6032.974362,
        "少数股东损益_万元": 155.496524,
        "持续经营净利润_万元": 6188.470886,
        "终止经营净利润_万元": null,
        "其他综合收益_万元": 12.609549,
        "综合收益总额_万元": 6201.080435,
        "归母综合收益总额_万元": 6045.583911
    },
    "现金流量表": {
        "销售商品收到现金_万元": 143167.579624,
        "收到的税费返还_万元": 590.544441,
        "收到其他经营活动现金_万元": 3124.135223,
        "经营活动现金流入_万元": 146882.259288,
        "购买商品支付现金_万元": 56906.857097,
        "支付职工现金_万元": 26856.543464,
        "支付税费_万元": 14830.597339,
        "支付其他经营活动现金_万元": 37893.031878,
        "经营活动现金流出_万元": 136487.029778,
        "经营现金流净额_万元": 10395.22951,
        "经营现金流净额同比增长_百分比": -24.47,
        "收回投资现金_万元": 4.377136,
        "取得投资收益现金_万元": null,
        "处置资产收回现金_万元": 1.115,
        "收到其他投资活动现金_万元": 154.0,
        "投资活动现金流入_万元": 159.492136,
        "投资支付现金_万元": null,
        "购建资产支付现金_万元": 4445.779158,
        "支付其他投资活动现金_万元": null,
        "投资活动现金流出_万元": 4445.779158,
        "投资现金流净额_万元": -4286.287022,
        "吸收投资现金_万元": null,
        "取得借款现金_万元": 143.992009,
        "收到其他筹资活动现金_万元": null,
        "筹资活动现金流入_万元": 143.992009,
        "偿还债务现金_万元": 14790.273081,
        "分配股利现金_万元": 542.868125,
        "支付其他筹资活动现金_万元": 1251.199521,
        "筹资活动现金流出_万元": 16584.340727,
        "融资现金流净额_万元": -16440.348718,
        "汇率变动影响_万元": 57.345299,
        "现金及等价物净增加额_万元": -10274.060931,
        "净现金流_元": null,
        "净现金流同比增长_百分比": null,
        "期初现金及等价物_万元": 127312.30916,
        "期末现金及等价物_万元": 117038.248229,
        "经营现金流占比_百分比": null,
        "投资现金流占比_百分比": null,
        "融资现金流占比_百分比": null
    }
}