{
    "报告信息": {
        "序号": null,
        "股票代码": "300026",
        "股票简称": "红日药业",
        "报告年份": "2024",
        "报告期": "Q3",
        "总股本_股": 3004154837,
        "流通股本_股": null,
        "报告日期": "2024-09-30",
        "审计意见": "未经审计",
        "会计师事务所": null
    },
    "核心业绩指标": {
        "每股收益_元": 0.06,
        "稀释每股收益_元": 0.06,
        "营业总收入_万元": 444107.003088,
        "营业总收入_亿元": 44.4107003088,
        "营收同比增长_百分比": -9.78,
        "营收环比增长_百分比": null,
        "净利润_万元": 19239.791559,
        "净利润_亿元": 1.9239791559,
        "净利润同比增长_百分比": null,
        "净利润环比增长_百分比": null,
        "归母净利润_万元": 16835.675992,
        "少数股东损益_万元": 24.04115567,
        "每股净资产_元": null,
        "净资产收益率_百分比": null,
        "扣非净资产收益率_百分比": null,
        "每股经营现金流_元": null,
        "扣非净利润_万元": 15786.116548,
        "扣非净利润同比增长_百分比": -64.12,
        "销售毛利率_百分比": null,
        "销售净利率_百分比": null,
        "加权平均净资产收益率_百分比": 1.92,
        "扣非加权净资产收益率_百分比": null,
        "总资产收益率_百分比": null,
        "主营业务收入_万元": null,
        "主营业务成本_万元": null,
        "主营业务利润_万元": null
    },
    "资产负债表": {
        "货币资金_万元": 111935.420545,
        "应收账款_万元": 279371.415325,
        "应收票据_万元": 3874.175052,
        "应收款项融资_万元": 12001.174561,
        "预付款项_万元": 11405.670855,
        "其他应收款_万元": 4127.430874,
        "存货_万元": 193256.636303,
        "合同资产_万元": null,
        "一年内到期的非流动资产_万元": null,
        "其他流动资产_万元": 11818.99024,
        "流动资产合计_万元": 627790.913755,
        "交易性金融资产_万元": null,
        "债权投资_万元": null,
        "其他债权投资_万元": null,
        "长期应收款_万元": 4637.166067,
        "长期股权投资_万元": 2390.177426,
        "其他权益工具投资_万元": 22261.56,
        "投资性房地产_万元": null,
        "固定资产_万元": 294274.786448,
        "在建工程_万元": 8581.458379,
        "生产性生物资产_万元": null,
        "油气资产_万元": null,
        "使用权资产_万元": 14207.513302,
        "无形资产_万元": 30330.712015,
        "开发支出_万元": 35855.810109,
        "商誉_万元": 69253.664305,
        "长期待摊费用_万元": 4681.568379,
        "递延所得税资产_万元": 20241.935287,
        "其他非流动资产_万元": 2651.294204,
        "非流动资产合计_万元": 509367.645921,
        "总资产_万元": 1137158.559676,
        "总资产同比增长_百分比": -3.92,
        "短期借款_万元": 1110.727397,
        "交易性金融负债_万元": null,
        "应付票据_万元": 6802.012729,
        "应付账款_万元": 67640.738302,
        "预收款项_万元": null,
        "合同负债_万元": 5958.962342,
        "应付职工薪酬_万元": 1290.711908,
        "应交税费_万元": 6096.678151,
        "其他应付款_万元": 52017.127871,
        "一年内到期的非流动负债_万元": 25379.247161,
        "其他流动负债_万元": 625.826434,
        "流动负债合计_万元": 166922.032295,
        "长期借款_万元": 53892.836535,
        "应付债券_万元": 0.0,
        "租赁负债_万元": 10533.259255,
        "长期应付款_万元": null,
        "预计负债_万元": null,
        "递延收益_万元": 6125.275496,
        "递延所得税负债_万元": 3632.461173,
        "其他非流动负债_万元": null,
        "非流动负债合计_万元": 74183.832459,
        "总负债_万元": 241105.864754,
        "总负债同比增长_百分比": -18.75,
        "资产负债率_百分比": null,
        "实收资本_万元": null,
        "资本公积_万元": 58948.810347,
        "盈余公积_万元": null,
        "未分配利润_万元": null,
        "其他综合收益_万元": 324.578976,
        "专项储备_万元": null,
        "归属于母公司所有者权益合计_万元": 878678.676751,
        "少数股东权益_万元": 17374.018171,
        "股东权益合计_万元": 896052.694922
    },
    "利润表": {
        "营业总收入_万元": 444107.003088,
        "营业收入_万元": 444107.003088,
        "营业总收入同比增长_百分比": -9.78,
        "营业成本_万元": 212268.647176,
        "税金及附加_万元": 4553.835741,
        "销售费用_万元": 154687.995641,
        "管理费用_万元": 30551.65408,
        "研发费用_万元": 15409.989209,
        "财务费用_万元": 2813.340327,
        "其中利息费用_万元": 4012.250331,
        "其中利息收入_万元": 1373.003252,
        "其他收益_万元": 2633.07544,
        "投资收益_万元": -110.139918,
        "其中对联营企业投资收益_万元": -110.103227,
        "公允价值变动收益_万元": null,
        "信用减值损失_万元": -5047.399106,
        "资产减值损失_万元": -1177.992404,
        "资产处置收益_万元": -6.397429,
        "营业总支出_万元": null,
        "营业利润_万元": 20112.687497,
        "营业外收入_万元": 1225.730499,
        "营业外支出_万元": 1146.751686,
        "利润总额_万元": 20191.66631,
        "所得税费用_万元": 951.874751,
        "净利润_万元": 19239.791559,
        "归母净利润_万元": 16835.675992,
        "少数股东损益_万元": 24.04115567,
        "持续经营净利润_万元": 19239.791559,
        "终止经营净利润_万元": null,
        "其他综合收益_万元": -150.897079,
        "综合收益总额_万元": 19088.89448,
        "归母综合收益总额_万元": 16684.778913
    },
    "现金流量表": {
        "销售商品收到现金_万元": 470075.707536,
        "收到的税费返还_万元": 1593.622534,
        "收到其他经营活动现金_万元": 18577.52484,
        "经营活动现金流入_万元": 490246.85491,
        "购买商品支付现金_万元": 183142.020849,
        "支付职工现金_万元": 68384.426998,
        "支付税费_万元": 36876.199047,
        "支付其他经营活动现金_万元": 151331.668742,
        "经营活动现金流出_万元": 439734.315636,
        "经营现金流净额_万元": 50512.539274,
        "经营现金流净额同比增长_百分比": -49.11,
        "收回投资现金_万元": 2.847575,
        "取得投资收益现金_万元": 20.4416,
        "处置资产收回现金_万元": null,
        "收到其他投资活动现金_万元": 23.289175,
        "投资活动现金流入_万元": 11041.814327,
        "投资支付现金_万元": null,
        "购建资产支付现金_万元": 5000.0,
        "支付其他投资活动现金_万元": null,
        "投资活动现金流出_万元": 16041.814327,
        "投资现金流净额_万元": -5000.0,
        "吸收投资现金_万元": null,
        "取得借款现金_万元": 3607.58725,
        "收到其他筹资活动现金_万元": null,
        "筹资活动现金流入_万元": 3607.58725,
        "偿还债务现金_万元": 70867.18,
        "分配股利现金_万元": 13721.117714,
        "支付其他筹资活动现金_万元": 4030.447178,
        "筹资活动现金流出_万元": 88618.744892,
        "融资现金流净额_万元": -85011.157642,
        "汇率变动影响_万元": 11.28527,
        "现金及等价物净增加额_万元": -50505.85825,
        "净现金流_元": null,
        "净现金流同比增长_百分比": null,
        "期初现金及等价物_万元": 154749.729919,
        "期末现金及等价物_万元": 104243.871669,
        "经营现金流占比_百分比": null,
        "投资现金流占比_百分比": null,
        "融资现金流占比_百分比": null
    }
}