{
    "报告信息": {
        "序号": null,
        "股票代码": "300878",
        "股票简称": "维康药业",
        "报告年份": "2022",
        "报告期": "2022年年度",
        "总股本_股": 144790322,
        "流通股本_股": 39825974,
        "报告日期": "2022-12-31",
        "审计意见": "标准的无保留意见",
        "会计师事务所": "天健会计师事务所（特殊普通合伙）",
        "控股股东": "刘忠良",
        "控股股东持股比例_百分比": 64.981,
        "期": "FY"
    },
    "核心业绩指标": {
        "每股收益_元": 0.31,
        "稀释每股收益_元": 0.31,
        "营业总收入_万元": 53129.17,
        "营业总收入_亿元": 5.312917,
        "营收同比增长_百分比": -16.06,
        "营收环比增长_百分比": null,
        "净利润_万元": 4444.426,
        "净利润_亿元": 0.4444426,
        "净利润同比增长_百分比": -53.94,
        "净利润环比增长_百分比": null,
        "归母净利润_万元": 4444.426,
        "少数股东损益_万元": 67.6116,
        "每股净资产_元": 9.65,
        "净资产收益率_百分比": 3.18,
        "扣非净资产收益率_百分比": null,
        "每股经营现金流_元": 1.01,
        "扣非净利润_万元": 1920.5655,
        "扣非净利润同比增长_百分比": -77.37,
        "销售毛利率_百分比": 58.68,
        "销售净利率_百分比": 8.37,
        "加权平均净资产收益率_百分比": 3.18,
        "扣非加权净资产收益率_百分比": 1.37,
        "总资产收益率_百分比": 2.32,
        "主营业务收入_万元": 53129.17,
        "主营业务成本_万元": 22009.7405,
        "主营业务利润_万元": 5945.237
    },
    "资产负债表": {
        "货币资金_万元": 16274.065758,
        "应收账款_万元": 27518.556629,
        "应收票据_万元": null,
        "应收款项融资_万元": 6226.263221,
        "预付款项_万元": 3149.450458,
        "其他应收款_万元": 22692.373362,
        "存货_万元": 11611.062518,
        "合同资产_万元": null,
        "一年内到期的非流动资产_万元": null,
        "其他流动资产_万元": 2459.831603,
        "流动资产合计_万元": 89931.603549,
        "交易性金融资产_万元": null,
        "债权投资_万元": null,
        "其他债权投资_万元": null,
        "长期应收款_万元": null,
        "长期股权投资_万元": null,
        "其他权益工具投资_万元": 2500,
        "投资性房地产_万元": 557.125586,
        "固定资产_万元": 54024.693727,
        "在建工程_万元": 32309.16207,
        "生产性生物资产_万元": null,
        "油气资产_万元": null,
        "使用权资产_万元": 3218.591136,
        "无形资产_万元": 3756.188561,
        "开发支出_万元": null,
        "商誉_万元": 2722.212915,
        "长期待摊费用_万元": 610.652129,
        "递延所得税资产_万元": 1652.133069,
        "其他非流动资产_万元": 94.95,
        "非流动资产合计_万元": 101445.709193,
        "总资产_万元": 191377.312742,
        "总资产同比增长_百分比": 13.02,
        "短期借款_万元": 25724.730555,
        "交易性金融负债_万元": null,
        "应付票据_万元": 1102.047653,
        "应付账款_万元": 8473.14077,
        "预收款项_万元": 10.973712,
        "合同负债_万元": 1567.848029,
        "应付职工薪酬_万元": 1011.989745,
        "应交税费_万元": 424.50642,
        "其他应付款_万元": 1605.303628,
        "一年内到期的非流动负债_万元": 1175.521768,
        "其他流动负债_万元": 203.466992,
        "流动负债合计_万元": 41299.529272,
        "长期借款_万元": 3339.335016,
        "应付债券_万元": null,
        "租赁负债_万元": 1670.52657,
        "长期应付款_万元": null,
        "预计负债_万元": null,
        "递延收益_万元": 3265.317125,
        "递延所得税负债_万元": 650.725063,
        "其他非流动负债_万元": null,
        "非流动负债合计_万元": 8925.903774,
        "总负债_万元": 50225.433046,
        "总负债同比增长_百分比": 77.32,
        "资产负债率_百分比": 26.27,
        "实收资本_万元": 14479.0322,
        "资本公积_万元": 68076.502786,
        "盈余公积_万元": 6099.052077,
        "未分配利润_万元": 51177.235341,
        "其他综合收益_万元": null,
        "专项储备_万元": null,
        "归属于母公司所有者权益合计_万元": 139831.822404,
        "少数股东权益_万元": 1320.057292,
        "股东权益合计_万元": 141151.879696
    },
    "利润表": {
        "营业总收入_万元": 53129.168913,
        "营业收入_万元": 53129.168913,
        "营业总收入同比增长_百分比": -16.06,
        "营业成本_万元": 22009.740487,
        "税金及附加_万元": 185.282057,
        "销售费用_万元": 19164.299929,
        "管理费用_万元": 3735.532168,
        "研发费用_万元": 3932.04284,
        "财务费用_万元": 332.548322,
        "其中利息费用_万元": 540.954866,
        "其中利息收入_万元": 224.790401,
        "其他收益_万元": 1980.535525,
        "投资收益_万元": 291.700333,
        "其中对联营企业投资收益_万元": null,
        "公允价值变动收益_万元": null,
        "信用减值损失_万元": -724.207156,
        "资产减值损失_万元": -22.144413,
        "资产处置收益_万元": -63.451794,
        "营业总支出_万元": 49359.445803,
        "营业利润_万元": 5945.237075,
        "营业外收入_万元": 41.229222,
        "营业外支出_万元": 211.371062,
        "利润总额_万元": 5775.095235,
        "所得税费用_万元": 1263.057603,
        "净利润_万元": 4512.037632,
        "归母净利润_万元": 4444.426014,
        "少数股东损益_万元": 67.611618,
        "持续经营净利润_万元": 4512.037632,
        "终止经营净利润_万元": null,
        "其他综合收益_万元": null,
        "综合收益总额_万元": 4512.037632,
        "归母综合收益总额_万元": 4444.426014
    },
    "现金流量表": {
        "销售商品收到现金_万元": 56837.279237,
        "收到的税费返还_万元": null,
        "收到其他经营活动现金_万元": 3535.959375,
        "经营活动现金流入_万元": 60373.238612,
        "购买商品支付现金_万元": 13967.552541,
        "支付职工现金_万元": 10401.612082,
        "支付税费_万元": 2798.186813,
        "支付其他经营活动现金_万元": 18549.072149,
        "经营活动现金流出_万元": 45716.423585,
        "经营现金流净额_万元": 14656.815027,
        "经营现金流净额同比增长_百分比": 316.35,
        "收回投资现金_万元": 1984.2903,
        "取得投资收益现金_万元": null,
        "处置资产收回现金_万元": 32.366461,
        "收到其他投资活动现金_万元": 5649.999895,
        "投资活动现金流入_万元": 7666.656656,
        "投资支付现金_万元": 2500,
        "购建资产支付现金_万元": 24844.324369,
        "支付其他投资活动现金_万元": 23725.22415,
        "投资活动现金流出_万元": 52048.641809,
        "投资现金流净额_万元": -44381.985153,
        "吸收投资现金_万元": 567.6,
        "取得借款现金_万元": 28880.605667,
        "收到其他筹资活动现金_万元": 20,
        "筹资活动现金流入_万元": 28900.605667,
        "偿还债务现金_万元": 5100,
        "分配股利现金_万元": 4574.107612,
        "支付其他筹资活动现金_万元": 1352.414789,
        "筹资活动现金流出_万元": 11026.522401,
        "融资现金流净额_万元": 17874.083266,
        "汇率变动影响_万元": null,
        "现金及等价物净增加额_万元": -11851.08686,
        "净现金流_元": -118510868.6,
        "净现金流同比增长_百分比": -62.26,
        "期初现金及等价物_万元": 27991.86355,
        "期末现金及等价物_万元": 16140.77669,
        "经营现金流占比_百分比": null,
        "投资现金流占比_百分比": null,
        "融资现金流占比_百分比": null
    }
}