{
    "报告信息": {
        "序号": null,
        "股票代码": "300878",
        "股票简称": "维康药业",
        "报告年份": "2025",
        "报告期": "Q3",
        "总股本_股": 144790322,
        "流通股本_股": null,
        "报告日期": "2025-09-30",
        "审计意见": "未经审计",
        "会计师事务所": null
    },
    "核心业绩指标": {
        "每股收益_元": -0.8554,
        "稀释每股收益_元": -0.8554,
        "营业总收入_万元": 15131.77543,
        "营业总收入_亿元": 1.513177543,
        "营收同比增长_百分比": -59.2,
        "营收环比增长_百分比": null,
        "净利润_万元": -12382.552873,
        "净利润_亿元": -1.2382552873,
        "净利润同比增长_百分比": -380.87,
        "净利润环比增长_百分比": null,
        "归母净利润_万元": -12385.457987,
        "少数股东损益_万元": 2.905114,
        "每股净资产_元": null,
        "净资产收益率_百分比": null,
        "扣非净资产收益率_百分比": null,
        "每股经营现金流_元": null,
        "扣非净利润_万元": -12218.893822,
        "扣非净利润同比增长_百分比": -157.75,
        "销售毛利率_百分比": null,
        "销售净利率_百分比": null,
        "加权平均净资产收益率_百分比": -11.4,
        "扣非加权净资产收益率_百分比": null,
        "总资产收益率_百分比": null,
        "主营业务收入_万元": null,
        "主营业务成本_万元": null,
        "主营业务利润_万元": null
    },
    "资产负债表": {
        "货币资金_万元": 26308.064955,
        "应收账款_万元": 10860.618582,
        "应收票据_万元": null,
        "应收款项融资_万元": 2381.478936,
        "预付款项_万元": 518.042455,
        "其他应收款_万元": 1491.742503,
        "存货_万元": 8355.505767,
        "合同资产_万元": null,
        "一年内到期的非流动资产_万元": null,
        "其他流动资产_万元": 2385.9474,
        "流动资产合计_万元": 53301.400598,
        "交易性金融资产_万元": 1000.0,
        "债权投资_万元": null,
        "其他债权投资_万元": null,
        "长期应收款_万元": null,
        "长期股权投资_万元": null,
        "其他权益工具投资_万元": null,
        "投资性房地产_万元": 1903.05638,
        "固定资产_万元": 75685.771725,
        "在建工程_万元": 5779.975606,
        "生产性生物资产_万元": null,
        "油气资产_万元": null,
        "使用权资产_万元": 510.610929,
        "无形资产_万元": 3225.713115,
        "开发支出_万元": null,
        "商誉_万元": 1089.416095,
        "长期待摊费用_万元": 348.921748,
        "递延所得税资产_万元": 4356.463045,
        "其他非流动资产_万元": 99.0,
        "非流动资产合计_万元": 95498.928643,
        "总资产_万元": 148800.329241,
        "总资产同比增长_百分比": -9.94,
        "短期借款_万元": 0.0,
        "交易性金融负债_万元": null,
        "应付票据_万元": null,
        "应付账款_万元": 6569.223374,
        "预收款项_万元": 11.085108,
        "合同负债_万元": 2078.261687,
        "应付职工薪酬_万元": 558.454805,
        "应交税费_万元": 1751.271426,
        "其他应付款_万元": 2484.724857,
        "一年内到期的非流动负债_万元": 9077.507112,
        "其他流动负债_万元": 270.130724,
        "流动负债合计_万元": 22800.659093,
        "长期借款_万元": 18212.095219,
        "应付债券_万元": null,
        "租赁负债_万元": 307.666542,
        "长期应付款_万元": null,
        "预计负债_万元": null,
        "递延收益_万元": 3784.196967,
        "递延所得税负债_万元": 732.464544,
        "其他非流动负债_万元": null,
        "非流动负债合计_万元": 23036.423272,
        "总负债_万元": 45837.082365,
        "总负债同比增长_百分比": null,
        "资产负债率_百分比": null,
        "实收资本_万元": 14479.0322,
        "资本公积_万元": 68076.782697,
        "盈余公积_万元": 6519.47884,
        "未分配利润_万元": 17317.038083,
        "其他综合收益_万元": null,
        "专项储备_万元": null,
        "归属于母公司所有者权益合计_万元": 101392.49664,
        "少数股东权益_万元": 1570.750236,
        "股东权益合计_万元": 102963.246876
    },
    "利润表": {
        "营业总收入_万元": 15131.77543,
        "营业收入_万元": 15131.77543,
        "营业总收入同比增长_百分比": -59.2,
        "营业成本_万元": 12810.124385,
        "税金及附加_万元": 444.688158,
        "销售费用_万元": 7462.980107,
        "管理费用_万元": 3072.385775,
        "研发费用_万元": 766.45709,
        "财务费用_万元": 462.772991,
        "其中利息费用_万元": 565.902807,
        "其中利息收入_万元": 110.894645,
        "其他收益_万元": 694.792738,
        "投资收益_万元": 0.0,
        "其中对联营企业投资收益_万元": null,
        "公允价值变动收益_万元": null,
        "信用减值损失_万元": 882.803375,
        "资产减值损失_万元": -2084.523395,
        "资产处置收益_万元": -100.248543,
        "营业总支出_万元": null,
        "营业利润_万元": -10494.808901,
        "营业外收入_万元": 75.455347,
        "营业外支出_万元": 782.327209,
        "利润总额_万元": -11201.680763,
        "所得税费用_万元": 1180.87211,
        "净利润_万元": -12382.552873,
        "归母净利润_万元": -12385.457987,
        "少数股东损益_万元": 2.905114,
        "持续经营净利润_万元": -12382.552873,
        "终止经营净利润_万元": null,
        "其他综合收益_万元": null,
        "综合收益总额_万元": -12382.552873,
        "归母综合收益总额_万元": -12385.457987
    },
    "现金流量表": {
        "销售商品收到现金_万元": 15951.387168,
        "收到的税费返还_万元": 214.099342,
        "收到其他经营活动现金_万元": 4970.380163,
        "经营活动现金流入_万元": 21135.866673,
        "购买商品支付现金_万元": 3739.534066,
        "支付职工现金_万元": 5484.413047,
        "支付税费_万元": 753.362527,
        "支付其他经营活动现金_万元": 6860.410205,
        "经营活动现金流出_万元": 16837.719845,
        "经营现金流净额_万元": 4298.146828,
        "经营现金流净额同比增长_百分比": 222.01,
        "收回投资现金_万元": null,
        "取得投资收益现金_万元": null,
        "处置资产收回现金_万元": 5.0,
        "收到其他投资活动现金_万元": null,
        "投资活动现金流入_万元": 4467.531568,
        "投资支付现金_万元": null,
        "购建资产支付现金_万元": 2871.610292,
        "支付其他投资活动现金_万元": 1000.0,
        "投资活动现金流出_万元": 3871.610292,
        "投资现金流净额_万元": 595.921276,
        "吸收投资现金_万元": null,
        "取得借款现金_万元": 1100.0,
        "收到其他筹资活动现金_万元": null,
        "筹资活动现金流入_万元": 1100.0,
        "偿还债务现金_万元": 2526.1335,
        "分配股利现金_万元": 2532.839541,
        "支付其他筹资活动现金_万元": null,
        "筹资活动现金流出_万元": 5058.973041,
        "融资现金流净额_万元": -3958.973041,
        "汇率变动影响_万元": null,
        "现金及等价物净增加额_万元": 935.095063,
        "净现金流_元": null,
        "净现金流同比增长_百分比": null,
        "期初现金及等价物_万元": 25360.933379,
        "期末现金及等价物_万元": 26296.028442,
        "经营现金流占比_百分比": null,
        "投资现金流占比_百分比": null,
        "融资现金流占比_百分比": null
    }
}