{
    "报告信息": {
        "序号": null,
        "股票代码": "300878",
        "股票简称": "维康药业",
        "报告年份": "2025",
        "报告期": "HY",
        "总股本_股": 144790322,
        "流通股本_股": 144123959,
        "报告日期": "2025-08-27",
        "审计意见": null,
        "会计师事务所": null
    },
    "核心业绩指标": {
        "每股收益_元": -0.4435,
        "稀释每股收益_元": -0.4435,
        "营业总收入_万元": 11456.988483,
        "营业总收入_亿元": 1.1456988483,
        "营收同比增长_百分比": -61.42,
        "营收环比增长_百分比": null,
        "净利润_万元": -6431.105943,
        "净利润_亿元": -0.6431105943,
        "净利润同比增长_百分比": null,
        "净利润环比增长_百分比": null,
        "归母净利润_万元": -6421.966911,
        "少数股东损益_万元": -9.139032,
        "每股净资产_元": null,
        "净资产收益率_百分比": null,
        "扣非净资产收益率_百分比": null,
        "每股经营现金流_元": null,
        "扣非净利润_万元": -6482.632234,
        "扣非净利润同比增长_百分比": -869.63,
        "销售毛利率_百分比": null,
        "销售净利率_百分比": null,
        "加权平均净资产收益率_百分比": -5.72,
        "扣非加权净资产收益率_百分比": null,
        "总资产收益率_百分比": null,
        "主营业务收入_万元": 11456.988483,
        "主营业务成本_万元": 8962.414306,
        "主营业务利润_万元": null
    },
    "资产负债表": {
        "货币资金_万元": 27299.813815,
        "应收账款_万元": 11396.290585,
        "应收票据_万元": null,
        "应收款项融资_万元": 2111.171228,
        "预付款项_万元": 196.094591,
        "其他应收款_万元": 1352.74556,
        "存货_万元": 10807.279168,
        "合同资产_万元": null,
        "一年内到期的非流动资产_万元": null,
        "其他流动资产_万元": 2770.161592,
        "流动资产合计_万元": 56933.556539,
        "交易性金融资产_万元": 1000.0,
        "债权投资_万元": null,
        "其他债权投资_万元": null,
        "长期应收款_万元": null,
        "长期股权投资_万元": null,
        "其他权益工具投资_万元": null,
        "投资性房地产_万元": 2205.961111,
        "固定资产_万元": 77026.304708,
        "在建工程_万元": 5866.282913,
        "生产性生物资产_万元": null,
        "油气资产_万元": null,
        "使用权资产_万元": 572.317534,
        "无形资产_万元": 3270.164023,
        "开发支出_万元": null,
        "商誉_万元": 1091.783364,
        "长期待摊费用_万元": 248.431562,
        "递延所得税资产_万元": 4783.87432,
        "其他非流动资产_万元": 99.0,
        "非流动资产合计_万元": 97664.119535,
        "总资产_万元": 154597.676074,
        "总资产同比增长_百分比": -6.44,
        "短期借款_万元": 1000.886111,
        "交易性金融负债_万元": null,
        "应付票据_万元": null,
        "应付账款_万元": 7074.176723,
        "预收款项_万元": 21.123141,
        "合同负债_万元": 1401.233656,
        "应付职工薪酬_万元": 443.98037,
        "应交税费_万元": 1572.040037,
        "其他应付款_万元": 2530.769445,
        "一年内到期的非流动负债_万元": 9025.007112,
        "其他流动负债_万元": 182.11708,
        "流动负债合计_万元": 22250.447564,
        "长期借款_万元": 18212.095219,
        "应付债券_万元": null,
        "租赁负债_万元": 447.853419,
        "长期应付款_万元": null,
        "预计负债_万元": null,
        "递延收益_万元": 4037.754253,
        "递延所得税负债_万元": 734.831813,
        "其他非流动负债_万元": null,
        "非流动负债合计_万元": 23432.534704,
        "总负债_万元": 45682.982268,
        "总负债同比增长_百分比": null,
        "资产负债率_百分比": null,
        "实收资本_万元": 14479.0322,
        "资本公积_万元": 68076.782697,
        "盈余公积_万元": 6519.47884,
        "未分配利润_万元": 23280.529159,
        "其他综合收益_万元": null,
        "专项储备_万元": null,
        "归属于母公司所有者权益合计_万元": 107355.987716,
        "少数股东权益_万元": 1558.70609,
        "股东权益合计_万元": 108914.693806
    },
    "利润表": {
        "营业总收入_万元": 11456.988483,
        "营业收入_万元": 11456.988483,
        "营业总收入同比增长_百分比": -61.42,
        "营业成本_万元": 8962.414306,
        "税金及附加_万元": 186.815504,
        "销售费用_万元": 5328.635394,
        "管理费用_万元": 2019.344314,
        "研发费用_万元": 599.584517,
        "财务费用_万元": 298.284509,
        "其中利息费用_万元": 378.275026,
        "其中利息收入_万元": 84.807242,
        "其他收益_万元": 349.248537,
        "投资收益_万元": null,
        "其中对联营企业投资收益_万元": null,
        "公允价值变动收益_万元": null,
        "信用减值损失_万元": 689.494448,
        "资产减值损失_万元": -500.249531,
        "资产处置收益_万元": -49.386161,
        "营业总支出_万元": null,
        "营业利润_万元": -5448.982768,
        "营业外收入_万元": 25.544225,
        "营业外支出_万元": 204.787544,
        "利润总额_万元": -5628.226087,
        "所得税费用_万元": 802.879856,
        "净利润_万元": -6431.105943,
        "归母净利润_万元": -6421.966911,
        "少数股东损益_万元": -9.139032,
        "持续经营净利润_万元": -6431.105943,
        "终止经营净利润_万元": null,
        "其他综合收益_万元": null,
        "综合收益总额_万元": -6431.105943,
        "归母综合收益总额_万元": -6421.966911
    },
    "现金流量表": {
        "销售商品收到现金_万元": 12083.291621,
        "收到的税费返还_万元": null,
        "收到其他经营活动现金_万元": 4337.536012,
        "经营活动现金流入_万元": 16420.827633,
        "购买商品支付现金_万元": 2576.181955,
        "支付职工现金_万元": 3801.740271,
        "支付税费_万元": 734.767637,
        "支付其他经营活动现金_万元": 4867.6312,
        "经营活动现金流出_万元": 11980.321063,
        "经营现金流净额_万元": 4440.50657,
        "经营现金流净额同比增长_百分比": 323.28,
        "收回投资现金_万元": null,
        "取得投资收益现金_万元": null,
        "处置资产收回现金_万元": 5.0,
        "收到其他投资活动现金_万元": null,
        "投资活动现金流入_万元": 4467.531568,
        "投资支付现金_万元": null,
        "购建资产支付现金_万元": 2176.652497,
        "支付其他投资活动现金_万元": 1000.0,
        "投资活动现金流出_万元": 3176.652497,
        "投资现金流净额_万元": 1290.879071,
        "吸收投资现金_万元": null,
        "取得借款现金_万元": 1100.0,
        "收到其他筹资活动现金_万元": null,
        "筹资活动现金流入_万元": 1100.0,
        "偿还债务现金_万元": 2526.1335,
        "分配股利现金_万元": null,
        "支付其他筹资活动现金_万元": null,
        "筹资活动现金流出_万元": 4926.617731,
        "融资现金流净额_万元": -3826.617731,
        "汇率变动影响_万元": null,
        "现金及等价物净增加额_万元": 1904.76791,
        "净现金流_元": null,
        "净现金流同比增长_百分比": null,
        "期初现金及等价物_万元": 25360.933379,
        "期末现金及等价物_万元": 27265.701289,
        "经营现金流占比_百分比": null,
        "投资现金流占比_百分比": null,
        "融资现金流占比_百分比": null
    }
}