{
    "报告信息": {
        "序号": null,
        "股票代码": "300878",
        "股票简称": "维康药业",
        "报告年份": "2024",
        "报告期": "半年度",
        "总股本_股": 144790322,
        "流通股本_股": 55615378,
        "报告日期": null,
        "审计意见": "未经审计",
        "会计师事务所": null,
        "期": "HY"
    },
    "核心业绩指标": {
        "每股收益_元": 0.1,
        "稀释每股收益_元": 0.1,
        "营业总收入_万元": 29698.842432,
        "营业总收入_亿元": 2.97,
        "营收同比增长_百分比": -6.15,
        "营收环比增长_百分比": null,
        "净利润_万元": 1598.032688,
        "净利润_亿元": 0.16,
        "净利润同比增长_百分比": -75.61,
        "净利润环比增长_百分比": null,
        "归母净利润_万元": 1419.209475,
        "少数股东损益_万元": 178.823213,
        "每股净资产_元": 9.11,
        "净资产收益率_百分比": 1.05,
        "扣非净资产收益率_百分比": null,
        "每股经营现金流_元": -0.14,
        "扣非净利润_万元": 842.309529,
        "扣非净利润同比增长_百分比": -85.28,
        "销售毛利率_百分比": 51.55,
        "销售净利率_百分比": 5.38,
        "加权平均净资产收益率_百分比": 1.05,
        "扣非加权净资产收益率_百分比": null,
        "总资产收益率_百分比": null,
        "主营业务收入_万元": 29698.842432,
        "主营业务成本_万元": 14388.807303,
        "主营业务利润_万元": 15310.035129
    },
    "资产负债表": {
        "货币资金_万元": 32058.197673,
        "应收账款_万元": 26238.170818,
        "应收票据_万元": null,
        "应收款项融资_万元": 3202.631979,
        "预付款项_万元": 752.245686,
        "其他应收款_万元": 753.04939,
        "存货_万元": 13521.767019,
        "合同资产_万元": null,
        "一年内到期的非流动资产_万元": null,
        "其他流动资产_万元": 1861.037529,
        "流动资产合计_万元": 78387.100094,
        "交易性金融资产_万元": null,
        "债权投资_万元": null,
        "其他债权投资_万元": null,
        "长期应收款_万元": null,
        "长期股权投资_万元": 155.241514,
        "其他权益工具投资_万元": null,
        "投资性房地产_万元": 833.270562,
        "固定资产_万元": 53869.115414,
        "在建工程_万元": 34648.864541,
        "生产性生物资产_万元": null,
        "油气资产_万元": null,
        "使用权资产_万元": 2594.211709,
        "无形资产_万元": 3510.00641,
        "开发支出_万元": null,
        "商誉_万元": 2703.626171,
        "长期待摊费用_万元": 399.895378,
        "递延所得税资产_万元": 2885.396686,
        "其他非流动资产_万元": 1511.515343,
        "非流动资产合计_万元": 105455.902214,
        "总资产_万元": 183843.002308,
        "总资产同比增长_百分比": -10.17,
        "短期借款_万元": 6015.986806,
        "交易性金融负债_万元": null,
        "应付票据_万元": 1036.381708,
        "应付账款_万元": 5481.104394,
        "预收款项_万元": 12.262257,
        "合同负债_万元": 1452.67645,
        "应付职工薪酬_万元": 836.960494,
        "应交税费_万元": 341.523326,
        "其他应付款_万元": 1245.717831,
        "一年内到期的非流动负债_万元": 978.805744,
        "其他流动负债_万元": 188.79051,
        "流动负债合计_万元": 17590.20952,
        "长期借款_万元": 27199.97242,
        "应付债券_万元": null,
        "租赁负债_万元": 1180.621534,
        "长期应付款_万元": null,
        "预计负债_万元": null,
        "递延收益_万元": 4096.733415,
        "递延所得税负债_万元": 211.113408,
        "其他非流动负债_万元": null,
        "非流动负债合计_万元": 32688.440777,
        "总负债_万元": 50278.650297,
        "总负债同比增长_百分比": -21.36,
        "资产负债率_百分比": 27.35,
        "实收资本_万元": 14479.0322,
        "资本公积_万元": 68076.782697,
        "盈余公积_万元": 6501.453255,
        "未分配利润_万元": 47791.724091,
        "其他综合收益_万元": null,
        "专项储备_万元": null,
        "归属于母公司所有者权益合计_万元": 131849.157063,
        "少数股东权益_万元": 1715.194948,
        "股东权益合计_万元": 133564.352011
    },
    "利润表": {
        "营业总收入_万元": 29698.842432,
        "营业收入_万元": 29698.842432,
        "营业总收入同比增长_百分比": -6.15,
        "营业成本_万元": 14388.807303,
        "税金及附加_万元": 557.994416,
        "销售费用_万元": 10565.223967,
        "管理费用_万元": 2178.366326,
        "研发费用_万元": 658.032995,
        "财务费用_万元": 165.493733,
        "其中利息费用_万元": 318.276887,
        "其中利息收入_万元": 157.693151,
        "其他收益_万元": 388.266041,
        "投资收益_万元": 214.481387,
        "其中对联营企业投资收益_万元": null,
        "公允价值变动收益_万元": null,
        "信用减值损失_万元": -394.532032,
        "资产减值损失_万元": -9.218759,
        "资产处置收益_万元": -27.131557,
        "营业总支出_万元": 28513.91874,
        "营业利润_万元": 1356.788772,
        "营业外收入_万元": 279.94101,
        "营业外支出_万元": 26.946355,
        "利润总额_万元": 1609.783427,
        "所得税费用_万元": 11.750739,
        "净利润_万元": 1598.032688,
        "归母净利润_万元": 1419.209475,
        "少数股东损益_万元": 178.823213,
        "持续经营净利润_万元": 1598.032688,
        "终止经营净利润_万元": null,
        "其他综合收益_万元": null,
        "综合收益总额_万元": 1598.032688,
        "归母综合收益总额_万元": 1419.209475
    },
    "现金流量表": {
        "销售商品收到现金_万元": 24335.658413,
        "收到的税费返还_万元": null,
        "收到其他经营活动现金_万元": 908.576168,
        "经营活动现金流入_万元": 25244.234581,
        "购买商品支付现金_万元": 9504.647845,
        "支付职工现金_万元": 6445.126955,
        "支付税费_万元": 1888.002689,
        "支付其他经营活动现金_万元": 9395.185855,
        "经营活动现金流出_万元": 27232.963344,
        "经营现金流净额_万元": -1988.728763,
        "经营现金流净额同比增长_百分比": -141.5,
        "收回投资现金_万元": 24100.0,
        "取得投资收益现金_万元": 675.742779,
        "处置资产收回现金_万元": 14.382374,
        "收到其他投资活动现金_万元": 759.003408,
        "投资活动现金流入_万元": 25549.128561,
        "投资支付现金_万元": null,
        "购建资产支付现金_万元": 6261.839243,
        "支付其他投资活动现金_万元": null,
        "投资活动现金流出_万元": 6261.839243,
        "投资现金流净额_万元": 19287.289318,
        "吸收投资现金_万元": null,
        "取得借款现金_万元": 18126.212,
        "收到其他筹资活动现金_万元": null,
        "筹资活动现金流入_万元": 18126.212,
        "偿还债务现金_万元": 26184.013194,
        "分配股利现金_万元": 4068.780732,
        "支付其他筹资活动现金_万元": 5919.830355,
        "筹资活动现金流出_万元": 36172.624281,
        "融资现金流净额_万元": -18046.412281,
        "汇率变动影响_万元": null,
        "现金及等价物净增加额_万元": -747.851726,
        "净现金流_元": -747.851726,
        "净现金流同比增长_百分比": -102.69,
        "期初现金及等价物_万元": 32658.232827,
        "期末现金及等价物_万元": 31910.381101,
        "经营现金流占比_百分比": 265.81,
        "投资现金流占比_百分比": -2578.54,
        "融资现金流占比_百分比": 2412.73
    }
}