{
    "报告信息": {
        "序号": null,
        "股票代码": "300878",
        "股票简称": "维康药业",
        "报告年份": "2022",
        "报告期": "第三季度",
        "总股本_股": 144790322,
        "流通股本_股": null,
        "报告日期": "2022-09-30",
        "审计意见": "未经审计",
        "会计师事务所": null,
        "期": "Q3"
    },
    "核心业绩指标": {
        "每股收益_元": 0.6487,
        "稀释每股收益_元": 0.6487,
        "营业总收入_万元": 47434.950865,
        "营业总收入_亿元": 4.7434950865,
        "营收同比增长_百分比": -5.4,
        "营收环比增长_百分比": null,
        "净利润_万元": 9464.338792,
        "净利润_亿元": 0.9464338792,
        "净利润同比增长_百分比": null,
        "净利润环比增长_百分比": null,
        "归母净利润_万元": 9393.094461,
        "少数股东损益_万元": 71.244331,
        "每股净资产_元": null,
        "净资产收益率_百分比": 6.59,
        "扣非净资产收益率_百分比": null,
        "每股经营现金流_元": null,
        "扣非净利润_万元": 7989.697247,
        "扣非净利润同比增长_百分比": -2.76,
        "销售毛利率_百分比": null,
        "销售净利率_百分比": null,
        "加权平均净资产收益率_百分比": 6.59,
        "扣非加权净资产收益率_百分比": null,
        "总资产收益率_百分比": null,
        "主营业务收入_万元": 47434.950865,
        "主营业务成本_万元": 17326.102743,
        "主营业务利润_万元": null
    },
    "资产负债表": {
        "货币资金_万元": 19270.060864,
        "应收账款_万元": 41093.971585,
        "应收票据_万元": null,
        "应收款项融资_万元": 1745.160497,
        "预付款项_万元": 3952.244596,
        "其他应收款_万元": 1148.575644,
        "存货_万元": 20120.004041,
        "合同资产_万元": null,
        "一年内到期的非流动资产_万元": null,
        "其他流动资产_万元": 1997.414912,
        "流动资产合计_万元": 89327.432139,
        "交易性金融资产_万元": null,
        "债权投资_万元": null,
        "其他债权投资_万元": null,
        "长期应收款_万元": null,
        "长期股权投资_万元": null,
        "其他权益工具投资_万元": null,
        "投资性房地产_万元": 560.612981,
        "固定资产_万元": 54593.117252,
        "在建工程_万元": 25855.424973,
        "生产性生物资产_万元": null,
        "油气资产_万元": null,
        "使用权资产_万元": 2738.747241,
        "无形资产_万元": 3803.924684,
        "开发支出_万元": null,
        "商誉_万元": 1743.093396,
        "长期待摊费用_万元": 663.442411,
        "递延所得税资产_万元": 1186.992263,
        "其他非流动资产_万元": null,
        "非流动资产合计_万元": 91145.355201,
        "总资产_万元": 180472.78734,
        "总资产同比增长_百分比": 6.58,
        "短期借款_万元": 8007.777778,
        "交易性金融负债_万元": null,
        "应付票据_万元": 15662.429082,
        "应付账款_万元": 2797.668222,
        "预收款项_万元": null,
        "合同负债_万元": 765.400815,
        "应付职工薪酬_万元": 817.452964,
        "应交税费_万元": 183.572136,
        "其他应付款_万元": 1498.525063,
        "一年内到期的非流动负债_万元": 903.717489,
        "其他流动负债_万元": 99.218101,
        "流动负债合计_万元": 30735.76165,
        "长期借款_万元": null,
        "应付债券_万元": null,
        "租赁负债_万元": 1470.178435,
        "长期应付款_万元": null,
        "预计负债_万元": null,
        "递延收益_万元": 2399.771412,
        "递延所得税负债_万元": 718.3958,
        "其他非流动负债_万元": null,
        "非流动负债合计_万元": 4588.345647,
        "总负债_万元": 35324.107297,
        "总负债同比增长_百分比": null,
        "资产负债率_百分比": null,
        "实收资本_万元": 14479.0322,
        "资本公积_万元": 68076.502786,
        "盈余公积_万元": 5905.57303,
        "未分配利润_万元": 56319.382835,
        "其他综合收益_万元": null,
        "专项储备_万元": null,
        "归属于母公司所有者权益合计_万元": 144780.490851,
        "少数股东权益_万元": 368.189192,
        "股东权益合计_万元": 145148.680043
    },
    "利润表": {
        "营业总收入_万元": 47434.950865,
        "营业收入_万元": 47434.950865,
        "营业总收入同比增长_百分比": -5.4,
        "营业成本_万元": 17326.102743,
        "税金及附加_万元": 105.419852,
        "销售费用_万元": 14275.322014,
        "管理费用_万元": 2771.737955,
        "研发费用_万元": 2806.734297,
        "财务费用_万元": 151.266109,
        "其中利息费用_万元": 102.593165,
        "其中利息收入_万元": 158.610252,
        "其他收益_万元": 1458.547639,
        "投资收益_万元": 208.367,
        "其中对联营企业投资收益_万元": null,
        "公允价值变动收益_万元": null,
        "信用减值损失_万元": 65.781793,
        "资产减值损失_万元": -18.912988,
        "资产处置收益_万元": -5.433264,
        "营业总支出_万元": 37853.895077,
        "营业利润_万元": 11289.405968,
        "营业外收入_万元": 45.259845,
        "营业外支出_万元": 45.995869,
        "利润总额_万元": 11288.669944,
        "所得税费用_万元": 1824.331152,
        "净利润_万元": 9464.338792,
        "归母净利润_万元": 9393.094461,
        "少数股东损益_万元": 71.244331,
        "持续经营净利润_万元": 9464.338792,
        "终止经营净利润_万元": null,
        "其他综合收益_万元": null,
        "综合收益总额_万元": 9464.338792,
        "归母综合收益总额_万元": 9393.094461
    },
    "现金流量表": {
        "销售商品收到现金_万元": 43346.84207,
        "收到的税费返还_万元": 33.038678,
        "收到其他经营活动现金_万元": 2734.106751,
        "经营活动现金流入_万元": 46113.987499,
        "购买商品支付现金_万元": 13308.2162,
        "支付职工现金_万元": 8332.213923,
        "支付税费_万元": 2773.567929,
        "支付其他经营活动现金_万元": 15999.321388,
        "经营活动现金流出_万元": 40413.31944,
        "经营现金流净额_万元": 5700.668059,
        "经营现金流净额同比增长_百分比": 170.88,
        "收回投资现金_万元": 1775.9233,
        "取得投资收益现金_万元": 208.367,
        "处置资产收回现金_万元": 8.459,
        "收到其他投资活动现金_万元": null,
        "投资活动现金流入_万元": 1992.7493,
        "投资支付现金_万元": 997.206,
        "购建资产支付现金_万元": 18355.629738,
        "支付其他投资活动现金_万元": 10324.98286,
        "投资活动现金流出_万元": 29677.818598,
        "投资现金流净额_万元": -27685.069298,
        "吸收投资现金_万元": null,
        "取得借款现金_万元": 8000.0,
        "收到其他筹资活动现金_万元": 14547.916667,
        "筹资活动现金流入_万元": 22547.916667,
        "偿还债务现金_万元": 5000.0,
        "分配股利现金_万元": 4306.698882,
        "支付其他筹资活动现金_万元": null,
        "筹资活动现金流出_万元": 9306.698882,
        "融资现金流净额_万元": 13241.217785,
        "汇率变动影响_万元": null,
        "现金及等价物净增加额_万元": -8743.183454,
        "净现金流_元": null,
        "净现金流同比增长_百分比": null,
        "期初现金及等价物_万元": 27991.86355,
        "期末现金及等价物_万元": 19248.680096,
        "经营现金流占比_百分比": null,
        "投资现金流占比_百分比": null,
        "融资现金流占比_百分比": null
    }
}