{
    "报告信息": {
        "序号": null,
        "股票代码": "300878",
        "股票简称": "维康药业",
        "报告年份": "2023",
        "报告期": "半年度",
        "总股本_股": 144790322,
        "流通股本_股": 39937033,
        "报告日期": "2023-08-28",
        "审计意见": "未经审计",
        "会计师事务所": null,
        "期": "HY"
    },
    "核心业绩指标": {
        "每股收益_元": 0.4463,
        "稀释每股收益_元": 0.4463,
        "营业总收入_万元": 31643.866465,
        "营业总收入_亿元": 3.1643866465,
        "营收同比增长_百分比": 7.04,
        "营收环比增长_百分比": null,
        "净利润_万元": 6552.552235,
        "净利润_亿元": 0.6552552235,
        "净利润同比增长_百分比": 13.88,
        "净利润环比增长_百分比": null,
        "归母净利润_万元": 6462.065389,
        "少数股东损益_万元": 90.486846,
        "每股净资产_元": 10.11,
        "净资产收益率_百分比": 4.52,
        "扣非净资产收益率_百分比": null,
        "每股经营现金流_元": 0.331,
        "扣非净利润_万元": 5723.337817,
        "扣非净利润同比增长_百分比": 30.49,
        "销售毛利率_百分比": 55.55,
        "销售净利率_百分比": 20.72,
        "加权平均净资产收益率_百分比": 4.52,
        "扣非加权净资产收益率_百分比": null,
        "总资产收益率_百分比": null,
        "主营业务收入_万元": 31418.987691,
        "主营业务成本_万元": 14048.163836,
        "主营业务利润_万元": null
    },
    "资产负债表": {
        "货币资金_万元": 44014.813377,
        "应收账款_万元": 32673.998573,
        "应收票据_万元": null,
        "应收款项融资_万元": 905.966429,
        "预付款项_万元": 2097.634228,
        "其他应收款_万元": 321.307809,
        "存货_万元": 13709.858228,
        "合同资产_万元": null,
        "一年内到期的非流动资产_万元": null,
        "其他流动资产_万元": 956.125066,
        "流动资产合计_万元": 94679.70371,
        "交易性金融资产_万元": null,
        "债权投资_万元": null,
        "其他债权投资_万元": null,
        "长期应收款_万元": null,
        "长期股权投资_万元": null,
        "其他权益工具投资_万元": 2500,
        "投资性房地产_万元": 542.013542,
        "固定资产_万元": 53052.242726,
        "在建工程_万元": 40793.082145,
        "生产性生物资产_万元": null,
        "油气资产_万元": null,
        "使用权资产_万元": 2587.794438,
        "无形资产_万元": 3664.181215,
        "开发支出_万元": null,
        "商誉_万元": 2715.290512,
        "长期待摊费用_万元": 617.600568,
        "递延所得税资产_万元": 1416.584154,
        "其他非流动资产_万元": 81.3,
        "非流动资产合计_万元": 107970.0893,
        "总资产_万元": 202649.79301,
        "总资产同比增长_百分比": 5.89,
        "短期借款_万元": 25949.730555,
        "交易性金融负债_万元": null,
        "应付票据_万元": 1413.425923,
        "应付账款_万元": 7901.368384,
        "预收款项_万元": null,
        "合同负债_万元": 844.444756,
        "应付职工薪酬_万元": 756.719855,
        "应交税费_万元": 325.956219,
        "其他应付款_万元": 768.744806,
        "一年内到期的非流动负债_万元": 1176.385768,
        "其他流动负债_万元": 109.54276,
        "流动负债合计_万元": 39246.319026,
        "长期借款_万元": 10511.534616,
        "应付债券_万元": null,
        "租赁负债_万元": 920.632949,
        "长期应付款_万元": null,
        "预计负债_万元": null,
        "递延收益_万元": 3696.962555,
        "递延所得税负债_万元": 628.015933,
        "其他非流动负债_万元": null,
        "非流动负债合计_万元": 15757.146053,
        "总负债_万元": 55003.465079,
        "总负债同比增长_百分比": null,
        "资产负债率_百分比": 27.14,
        "实收资本_万元": 14479.0322,
        "资本公积_万元": 68076.502786,
        "盈余公积_万元": 6099.052077,
        "未分配利润_万元": 57639.30073,
        "其他综合收益_万元": null,
        "专项储备_万元": null,
        "归属于母公司所有者权益合计_万元": 146293.887793,
        "少数股东权益_万元": 1352.440138,
        "股东权益合计_万元": 147646.327931
    },
    "利润表": {
        "营业总收入_万元": 31643.866465,
        "营业收入_万元": 31643.866465,
        "营业总收入同比增长_百分比": 7.04,
        "营业成本_万元": 14066.797307,
        "税金及附加_万元": 68.079469,
        "销售费用_万元": 8367.986792,
        "管理费用_万元": 1876.683054,
        "研发费用_万元": 1648.413127,
        "财务费用_万元": 356.843108,
        "其中利息费用_万元": 403.592874,
        "其中利息收入_万元": 95.167472,
        "其他收益_万元": 301.209254,
        "投资收益_万元": 720.348832,
        "其中对联营企业投资收益_万元": null,
        "公允价值变动收益_万元": null,
        "信用减值损失_万元": 1114.366402,
        "资产减值损失_万元": -6.922403,
        "资产处置收益_万元": 1.242988,
        "营业总支出_万元": 26384.802857,
        "营业利润_万元": 7389.308681,
        "营业外收入_万元": 4.996357,
        "营业外支出_万元": 57.928392,
        "利润总额_万元": 7336.376646,
        "所得税费用_万元": 783.824411,
        "净利润_万元": 6552.552235,
        "归母净利润_万元": 6462.065389,
        "少数股东损益_万元": 90.486846,
        "持续经营净利润_万元": 6552.552235,
        "终止经营净利润_万元": null,
        "其他综合收益_万元": null,
        "综合收益总额_万元": 6552.552235,
        "归母综合收益总额_万元": 6462.065389
    },
    "现金流量表": {
        "销售商品收到现金_万元": 28428.24722,
        "收到的税费返还_万元": 15.09188,
        "收到其他经营活动现金_万元": 907.582374,
        "经营活动现金流入_万元": 29350.921474,
        "购买商品支付现金_万元": 9483.268606,
        "支付职工现金_万元": 5647.867097,
        "支付税费_万元": 1651.317707,
        "支付其他经营活动现金_万元": 7775.881405,
        "经营活动现金流出_万元": 24558.334815,
        "经营现金流净额_万元": 4792.586659,
        "经营现金流净额同比增长_百分比": 70.68,
        "收回投资现金_万元": 220.4767,
        "取得投资收益现金_万元": null,
        "处置资产收回现金_万元": 1.228,
        "收到其他投资活动现金_万元": 25002.734895,
        "投资活动现金流入_万元": 25224.439595,
        "投资支付现金_万元": null,
        "购建资产支付现金_万元": 9131.760965,
        "支付其他投资活动现金_万元": 58.104,
        "投资活动现金流出_万元": 9189.864965,
        "投资现金流净额_万元": 16034.57463,
        "吸收投资现金_万元": null,
        "取得借款现金_万元": 12172.1996,
        "收到其他筹资活动现金_万元": null,
        "筹资活动现金流入_万元": 12172.1996,
        "偿还债务现金_万元": 5000,
        "分配股利现金_万元": 230.51508,
        "支付其他筹资活动现金_万元": null,
        "筹资活动现金流出_万元": 5230.51508,
        "融资现金流净额_万元": 6941.68452,
        "汇率变动影响_万元": null,
        "现金及等价物净增加额_万元": 27768.845809,
        "净现金流_元": 277688458.09,
        "净现金流同比增长_百分比": 461.76,
        "期初现金及等价物_万元": 16140.77669,
        "期末现金及等价物_万元": 43909.622499,
        "经营现金流占比_百分比": 17.27,
        "投资现金流占比_百分比": 57.76,
        "融资现金流占比_百分比": 25
    }
}