{
    "报告信息": {
        "序号": null,
        "股票代码": "300878",
        "股票简称": "维康药业",
        "报告年份": "2024",
        "报告期": "Q1",
        "总股本_股": 144790322,
        "流通股本_股": null,
        "报告日期": null,
        "审计意见": "未经审计",
        "会计师事务所": null
    },
    "核心业绩指标": {
        "每股收益_元": 0.17,
        "稀释每股收益_元": 0.17,
        "营业总收入_万元": 19995.304493,
        "营业总收入_亿元": 1.9995304493,
        "营收同比增长_百分比": 2.15,
        "营收环比增长_百分比": null,
        "净利润_万元": 2438.932396,
        "净利润_亿元": 0.2438932396,
        "净利润同比增长_百分比": -11.59,
        "净利润环比增长_百分比": null,
        "归母净利润_万元": 2433.497824,
        "少数股东损益_万元": 5.434572,
        "每股净资产_元": null,
        "净资产收益率_百分比": null,
        "扣非净资产收益率_百分比": null,
        "每股经营现金流_元": null,
        "扣非净利润_万元": 2003.240709,
        "扣非净利润同比增长_百分比": -8.74,
        "销售毛利率_百分比": null,
        "销售净利率_百分比": null,
        "加权平均净资产收益率_百分比": 1.75,
        "扣非加权净资产收益率_百分比": null,
        "总资产收益率_百分比": null,
        "主营业务收入_万元": 19995.304493,
        "主营业务成本_万元": 10212.774239,
        "主营业务利润_万元": null
    },
    "资产负债表": {
        "货币资金_万元": 22617.896678,
        "应收账款_万元": 27978.108425,
        "应收票据_万元": null,
        "应收款项融资_万元": 4509.347633,
        "预付款项_万元": 800.615638,
        "其他应收款_万元": 1241.66305,
        "存货_万元": 12335.0811,
        "合同资产_万元": null,
        "一年内到期的非流动资产_万元": null,
        "其他流动资产_万元": 1253.003244,
        "流动资产合计_万元": 70735.715768,
        "交易性金融资产_万元": 0.0,
        "债权投资_万元": null,
        "其他债权投资_万元": null,
        "长期应收款_万元": null,
        "长期股权投资_万元": 155.554712,
        "其他权益工具投资_万元": null,
        "投资性房地产_万元": 867.584265,
        "固定资产_万元": 51621.978112,
        "在建工程_万元": 33179.781514,
        "生产性生物资产_万元": null,
        "油气资产_万元": null,
        "使用权资产_万元": 2626.434422,
        "无形资产_万元": 3519.811028,
        "开发支出_万元": null,
        "商誉_万元": 2704.906909,
        "长期待摊费用_万元": 451.768606,
        "递延所得税资产_万元": 2600.042784,
        "其他非流动资产_万元": 2835.930267,
        "非流动资产合计_万元": 103063.792619,
        "总资产_万元": 173799.508387,
        "总资产同比增长_百分比": -15.08,
        "短期借款_万元": 15.0,
        "交易性金融负债_万元": null,
        "应付票据_万元": 1154.371716,
        "应付账款_万元": 5894.799325,
        "预收款项_万元": 56.459265,
        "合同负债_万元": 916.283698,
        "应付职工薪酬_万元": 811.57327,
        "应交税费_万元": 707.397677,
        "其他应付款_万元": 2200.009981,
        "一年内到期的非流动负债_万元": 1025.267549,
        "其他流动负债_万元": 119.038263,
        "流动负债合计_万元": 12900.200744,
        "长期借款_万元": 17182.158205,
        "应付债券_万元": null,
        "租赁负债_万元": 1072.332761,
        "长期应付款_万元": null,
        "预计负债_万元": null,
        "递延收益_万元": 4192.5407,
        "递延所得税负债_万元": 188.196548,
        "其他非流动负债_万元": null,
        "非流动负债合计_万元": 22635.228214,
        "总负债_万元": 35535.428958,
        "总负债同比增长_百分比": null,
        "资产负债率_百分比": null,
        "实收资本_万元": 14479.0322,
        "资本公积_万元": 68076.502786,
        "盈余公积_万元": 6501.453255,
        "未分配利润_万元": 52340.682936,
        "其他综合收益_万元": null,
        "专项储备_万元": null,
        "归属于母公司所有者权益合计_万元": 136397.835997,
        "少数股东权益_万元": 1866.243432,
        "股东权益合计_万元": 138264.079429
    },
    "利润表": {
        "营业总收入_万元": 19995.304493,
        "营业收入_万元": 19995.304493,
        "营业总收入同比增长_百分比": 2.15,
        "营业成本_万元": 10212.774239,
        "税金及附加_万元": 472.17838,
        "销售费用_万元": 5233.688943,
        "管理费用_万元": 1077.384043,
        "研发费用_万元": 297.122093,
        "财务费用_万元": 95.696667,
        "其中利息费用_万元": 124.221945,
        "其中利息收入_万元": 61.653948,
        "其他收益_万元": 217.477284,
        "投资收益_万元": 124.50539,
        "其中对联营企业投资收益_万元": null,
        "公允价值变动收益_万元": 219.27984,
        "信用减值损失_万元": -497.801008,
        "资产减值损失_万元": -3.461201,
        "资产处置收益_万元": -3.053226,
        "营业总支出_万元": 17388.844365,
        "营业利润_万元": 2663.407207,
        "营业外收入_万元": 3.580123,
        "营业外支出_万元": 31.876097,
        "利润总额_万元": 2635.111233,
        "所得税费用_万元": 196.178837,
        "净利润_万元": 2438.932396,
        "归母净利润_万元": 2433.497824,
        "少数股东损益_万元": 5.434572,
        "持续经营净利润_万元": 2438.932396,
        "终止经营净利润_万元": null,
        "其他综合收益_万元": null,
        "综合收益总额_万元": 2438.932396,
        "归母综合收益总额_万元": 2433.497824
    },
    "现金流量表": {
        "销售商品收到现金_万元": 12756.56758,
        "收到的税费返还_万元": 621.00623,
        "收到其他经营活动现金_万元": 687.404459,
        "经营活动现金流入_万元": 14064.978269,
        "购买商品支付现金_万元": 4298.395559,
        "支付职工现金_万元": 4575.219345,
        "支付税费_万元": 1394.460128,
        "支付其他经营活动现金_万元": 5440.850896,
        "经营活动现金流出_万元": 15708.925928,
        "经营现金流净额_万元": -1643.947659,
        "经营现金流净额同比增长_百分比": -221.89,
        "收回投资现金_万元": 1000.0,
        "取得投资收益现金_万元": null,
        "处置资产收回现金_万元": -3.053226,
        "收到其他投资活动现金_万元": 24096.946774,
        "投资活动现金流入_万元": 25096.946774,
        "投资支付现金_万元": 6000.0,
        "购建资产支付现金_万元": 3740.843603,
        "支付其他投资活动现金_万元": null,
        "投资活动现金流出_万元": 9740.843603,
        "投资现金流净额_万元": 15356.103171,
        "吸收投资现金_万元": null,
        "取得借款现金_万元": 2201.212,
        "收到其他筹资活动现金_万元": null,
        "筹资活动现金流入_万元": 2201.212,
        "偿还债务现金_万元": 26185.0,
        "分配股利现金_万元": 129.248888,
        "支付其他筹资活动现金_万元": null,
        "筹资活动现金流出_万元": 26314.248888,
        "融资现金流净额_万元": -24113.036888,
        "汇率变动影响_万元": null,
        "现金及等价物净增加额_万元": -10400.881376,
        "净现金流_元": null,
        "净现金流同比增长_百分比": null,
        "期初现金及等价物_万元": 32992.98355,
        "期末现金及等价物_万元": 22592.102174,
        "经营现金流占比_百分比": null,
        "投资现金流占比_百分比": null,
        "融资现金流占比_百分比": null
    }
}