{
    "报告信息": {
        "序号": null,
        "股票代码": "300878",
        "股票简称": "维康药业",
        "报告年份": "2024",
        "报告期": "Q3",
        "总股本_股": 144790322,
        "流通股本_股": null,
        "报告日期": null,
        "审计意见": null,
        "会计师事务所": null
    },
    "核心业绩指标": {
        "每股收益_元": 0.31,
        "稀释每股收益_元": 0.31,
        "营业总收入_万元": 37084.945315,
        "营业总收入_亿元": 3.7084945315,
        "营收同比增长_百分比": -14.16,
        "营收环比增长_百分比": null,
        "净利润_万元": 4620.507106,
        "净利润_亿元": 0.4620507106,
        "净利润同比增长_百分比": -34.81,
        "净利润环比增长_百分比": null,
        "归母净利润_万元": 4409.747542,
        "少数股东损益_万元": 210.759564,
        "每股净资产_元": null,
        "净资产收益率_百分比": null,
        "扣非净资产收益率_百分比": null,
        "每股经营现金流_元": null,
        "扣非净利润_万元": -4740.53165,
        "扣非净利润同比增长_百分比": -173.94,
        "销售毛利率_百分比": null,
        "销售净利率_百分比": null,
        "加权平均净资产收益率_百分比": 3.25,
        "扣非加权净资产收益率_百分比": null,
        "总资产收益率_百分比": null,
        "主营业务收入_万元": 37084.945315,
        "主营业务成本_万元": 19510.592834,
        "主营业务利润_万元": null
    },
    "资产负债表": {
        "货币资金_万元": 32427.279158,
        "应收账款_万元": 25002.088798,
        "应收票据_万元": null,
        "应收款项融资_万元": 2274.175434,
        "预付款项_万元": 412.049606,
        "其他应收款_万元": 5412.011688,
        "存货_万元": 10906.196938,
        "合同资产_万元": null,
        "一年内到期的非流动资产_万元": null,
        "其他流动资产_万元": 2412.186525,
        "流动资产合计_万元": 78845.988147,
        "交易性金融资产_万元": null,
        "债权投资_万元": null,
        "其他债权投资_万元": null,
        "长期应收款_万元": null,
        "长期股权投资_万元": 155.241514,
        "其他权益工具投资_万元": null,
        "投资性房地产_万元": 820.407207,
        "固定资产_万元": 52184.723025,
        "在建工程_万元": 38728.323833,
        "生产性生物资产_万元": null,
        "油气资产_万元": null,
        "使用权资产_万元": 803.491979,
        "无形资产_万元": 3392.718304,
        "开发支出_万元": null,
        "商誉_万元": 1718.121106,
        "长期待摊费用_万元": 238.644803,
        "递延所得税资产_万元": 3121.37107,
        "其他非流动资产_万元": 1150.66139,
        "非流动资产合计_万元": 104658.462717,
        "总资产_万元": 183504.450864,
        "总资产同比增长_百分比": -10.34,
        "短期借款_万元": 6000.986806,
        "交易性金融负债_万元": null,
        "应付票据_万元": 696.173698,
        "应付账款_万元": 4006.331302,
        "预收款项_万元": 80.629813,
        "合同负债_万元": 1315.728359,
        "应付职工薪酬_万元": 623.422171,
        "应交税费_万元": 609.76008,
        "其他应付款_万元": 1501.800657,
        "一年内到期的非流动负债_万元": 260.86018,
        "其他流动负债_万元": 170.992852,
        "流动负债合计_万元": 15266.685918,
        "长期借款_万元": 27199.97242,
        "应付债券_万元": null,
        "租赁负债_万元": 547.51567,
        "长期应付款_万元": null,
        "预计负债_万元": null,
        "递延收益_万元": 3998.426111,
        "递延所得税负债_万元": 88.321853,
        "其他非流动负债_万元": null,
        "非流动负债合计_万元": 31834.236054,
        "总负债_万元": 47100.921972,
        "总负债同比增长_百分比": null,
        "资产负债率_百分比": null,
        "实收资本_万元": 14479.0322,
        "资本公积_万元": 68076.782697,
        "盈余公积_万元": 6501.453255,
        "未分配利润_万元": 50782.262158,
        "其他综合收益_万元": null,
        "专项储备_万元": null,
        "归属于母公司所有者权益合计_万元": 134839.69513,
        "少数股东权益_万元": 1563.833762,
        "股东权益合计_万元": 136403.528892
    },
    "利润表": {
        "营业总收入_万元": 37084.945315,
        "营业收入_万元": 37084.945315,
        "营业总收入同比增长_百分比": -14.16,
        "营业成本_万元": 19510.592834,
        "税金及附加_万元": 905.222965,
        "销售费用_万元": 16323.877957,
        "管理费用_万元": 3316.954396,
        "研发费用_万元": 1218.068093,
        "财务费用_万元": 196.936521,
        "其中利息费用_万元": 420.015635,
        "其中利息收入_万元": 231.497421,
        "其他收益_万元": 678.385317,
        "投资收益_万元": 9210.792562,
        "其中对联营企业投资收益_万元": null,
        "公允价值变动收益_万元": null,
        "信用减值损失_万元": -658.842143,
        "资产减值损失_万元": -12.37288,
        "资产处置收益_万元": -25.110737,
        "营业总支出_万元": 41471.652766,
        "营业利润_万元": 4806.144668,
        "营业外收入_万元": 308.232788,
        "营业外支出_万元": 731.556482,
        "利润总额_万元": 4382.820974,
        "所得税费用_万元": -237.686132,
        "净利润_万元": 4620.507106,
        "归母净利润_万元": 4409.747542,
        "少数股东损益_万元": 210.759564,
        "持续经营净利润_万元": 4620.507106,
        "终止经营净利润_万元": null,
        "其他综合收益_万元": null,
        "综合收益总额_万元": 4620.507106,
        "归母综合收益总额_万元": 4409.747542
    },
    "现金流量表": {
        "销售商品收到现金_万元": 34549.762108,
        "收到的税费返还_万元": null,
        "收到其他经营活动现金_万元": 2070.285909,
        "经营活动现金流入_万元": 36620.048017,
        "购买商品支付现金_万元": 12948.452722,
        "支付职工现金_万元": 10120.84542,
        "支付税费_万元": 3545.62267,
        "支付其他经营活动现金_万元": 13527.989913,
        "经营活动现金流出_万元": 40142.910725,
        "经营现金流净额_万元": -3522.862708,
        "经营现金流净额同比增长_百分比": -230.56,
        "收回投资现金_万元": 24100.0,
        "取得投资收益现金_万元": 675.742779,
        "处置资产收回现金_万元": 438.713,
        "收到其他投资活动现金_万元": 759.003408,
        "投资活动现金流入_万元": 31043.459187,
        "投资支付现金_万元": null,
        "购建资产支付现金_万元": 9683.531823,
        "支付其他投资活动现金_万元": null,
        "投资活动现金流出_万元": 9683.531823,
        "投资现金流净额_万元": 21359.927364,
        "吸收投资现金_万元": null,
        "取得借款现金_万元": 18126.212,
        "收到其他筹资活动现金_万元": null,
        "筹资活动现金流入_万元": 18126.212,
        "偿还债务现金_万元": 26200.0,
        "分配股利现金_万元": 4154.449869,
        "支付其他筹资活动现金_万元": 5919.830355,
        "筹资活动现金流出_万元": 36274.280224,
        "融资现金流净额_万元": -18148.068224,
        "汇率变动影响_万元": null,
        "现金及等价物净增加额_万元": null,
        "净现金流_元": null,
        "净现金流同比增长_百分比": null,
        "期初现金及等价物_万元": null,
        "期末现金及等价物_万元": null,
        "经营现金流占比_百分比": null,
        "投资现金流占比_百分比": null,
        "融资现金流占比_百分比": null
    }
}