{
    "报告信息": {
        "序号": null,
        "股票代码": "002166",
        "股票简称": "莱茵生物",
        "报告年份": "2023",
        "报告期": "HY",
        "总股本_股": 742082425,
        "流通股本_股": 508107138,
        "报告日期": "2023-08-24",
        "审计意见": null,
        "会计师事务所": null
    },
    "核心业绩指标": {
        "每股收益_元": 0.05,
        "稀释每股收益_元": 0.05,
        "营业总收入_万元": 51217.163328,
        "营业总收入_亿元": 5.1217163328,
        "营收同比增长_百分比": -20.19,
        "营收环比增长_百分比": null,
        "净利润_万元": 4346.448403,
        "净利润_亿元": 0.4346448403,
        "净利润同比增长_百分比": null,
        "净利润环比增长_百分比": null,
        "归母净利润_万元": 3619.643193,
        "少数股东损益_万元": 726.80521,
        "每股净资产_元": null,
        "净资产收益率_百分比": null,
        "扣非净资产收益率_百分比": 0.13,
        "每股经营现金流_元": null,
        "扣非净利润_万元": 1123.175455,
        "扣非净利润同比增长_百分比": null,
        "销售毛利率_百分比": 24.43,
        "销售净利率_百分比": 8.49,
        "加权平均净资产收益率_百分比": 1.17,
        "扣非加权净资产收益率_百分比": 0.13,
        "总资产收益率_百分比": null,
        "主营业务收入_万元": 49804.985763,
        "主营业务成本_万元": 37557.058146,
        "主营业务利润_万元": 12247.927617
    },
    "资产负债表": {
        "货币资金_万元": 37692.007793,
        "应收账款_万元": 21952.144339,
        "应收票据_万元": 15515.147559,
        "应收款项融资_万元": null,
        "预付款项_万元": 15696.617901,
        "其他应收款_万元": 2449.657183,
        "存货_万元": 105851.050013,
        "合同资产_万元": 47987.078232,
        "一年内到期的非流动资产_万元": null,
        "其他流动资产_万元": 2071.761091,
        "流动资产合计_万元": 250748.362471,
        "交易性金融资产_万元": 1532.90036,
        "债权投资_万元": null,
        "其他债权投资_万元": null,
        "长期应收款_万元": null,
        "长期股权投资_万元": 685.742414,
        "其他权益工具投资_万元": null,
        "投资性房地产_万元": 404.954355,
        "固定资产_万元": 103760.078086,
        "在建工程_万元": 8908.78102,
        "生产性生物资产_万元": null,
        "油气资产_万元": null,
        "使用权资产_万元": 554.93148,
        "无形资产_万元": 12112.16862,
        "开发支出_万元": null,
        "商誉_万元": 2844.463186,
        "长期待摊费用_万元": 140.490933,
        "递延所得税资产_万元": 2402.028426,
        "其他非流动资产_万元": 8253.252534,
        "非流动资产合计_万元": 199946.555213,
        "总资产_万元": 450690.917684,
        "总资产同比增长_百分比": 1.13,
        "短期借款_万元": 47048.937242,
        "交易性金融负债_万元": null,
        "应付票据_万元": 7393.0,
        "应付账款_万元": 29179.893676,
        "预收款项_万元": null,
        "合同负债_万元": 825.770091,
        "应付职工薪酬_万元": 762.925702,
        "应交税费_万元": 1330.193998,
        "其他应付款_万元": 9282.123922,
        "一年内到期的非流动负债_万元": 6171.751708,
        "其他流动负债_万元": 1926.109089,
        "流动负债合计_万元": 103920.704428,
        "长期借款_万元": 17007.076389,
        "应付债券_万元": null,
        "租赁负债_万元": 421.604241,
        "长期应付款_万元": 2644.711386,
        "预计负债_万元": null,
        "递延收益_万元": 10269.020861,
        "递延所得税负债_万元": 4832.297223,
        "其他非流动负债_万元": null,
        "非流动负债合计_万元": 35174.7111,
        "总负债_万元": 139095.415528,
        "总负债同比增长_百分比": null,
        "资产负债率_百分比": 30.87,
        "实收资本_万元": 74208.2425,
        "资本公积_万元": 146781.296175,
        "盈余公积_万元": 10176.881437,
        "未分配利润_万元": 76717.185607,
        "其他综合收益_万元": 4477.240683,
        "专项储备_万元": null,
        "归属于母公司所有者权益合计_万元": 306019.07386,
        "少数股东权益_万元": 5576.428296,
        "股东权益合计_万元": 311595.502156
    },
    "利润表": {
        "营业总收入_万元": 51217.163328,
        "营业收入_万元": 51217.163328,
        "营业总收入同比增长_百分比": -20.19,
        "营业成本_万元": 38741.643233,
        "税金及附加_万元": 436.03523,
        "销售费用_万元": 2406.480396,
        "管理费用_万元": 5866.078219,
        "研发费用_万元": 2254.176689,
        "财务费用_万元": 555.986893,
        "其中利息费用_万元": 1444.228809,
        "其中利息收入_万元": 788.063177,
        "其他收益_万元": 1042.355755,
        "投资收益_万元": 576.102969,
        "其中对联营企业投资收益_万元": null,
        "公允价值变动收益_万元": 2802.935356,
        "信用减值损失_万元": 128.310477,
        "资产减值损失_万元": -104.20328,
        "资产处置收益_万元": -81.136999,
        "营业总支出_万元": null,
        "营业利润_万元": 5321.126946,
        "营业外收入_万元": 7.239344,
        "营业外支出_万元": 89.905315,
        "利润总额_万元": 5238.460975,
        "所得税费用_万元": 892.012572,
        "净利润_万元": 4346.448403,
        "归母净利润_万元": 3619.643193,
        "少数股东损益_万元": 726.80521,
        "持续经营净利润_万元": 4346.448403,
        "终止经营净利润_万元": null,
        "其他综合收益_万元": 2296.573734,
        "综合收益总额_万元": 6643.022137,
        "归母综合收益总额_万元": 5916.216927
    },
    "现金流量表": {
        "销售商品收到现金_万元": 65716.64,
        "收到的税费返还_万元": 6737.68,
        "收到其他经营活动现金_万元": 1332.656665,
        "经营活动现金流入_万元": 73786.98,
        "购买商品支付现金_万元": 52379.75,
        "支付职工现金_万元": 8356.51,
        "支付税费_万元": 2917.47,
        "支付其他经营活动现金_万元": 3946.834565,
        "经营活动现金流出_万元": 67600.57,
        "经营现金流净额_万元": 6186.406018,
        "经营现金流净额同比增长_百分比": -24.66,
        "收回投资现金_万元": null,
        "取得投资收益现金_万元": 7.62,
        "处置资产收回现金_万元": 167.38,
        "收到其他投资活动现金_万元": 2045.08,
        "投资活动现金流入_万元": 174.99,
        "投资支付现金_万元": 5941.08,
        "购建资产支付现金_万元": 18200.08,
        "支付其他投资活动现金_万元": null,
        "投资活动现金流出_万元": 24141.16,
        "投资现金流净额_万元": -23966.17,
        "吸收投资现金_万元": null,
        "取得借款现金_万元": 46063.29,
        "收到其他筹资活动现金_万元": 900.0,
        "筹资活动现金流入_万元": 46963.29,
        "偿还债务现金_万元": 38213.04,
        "分配股利现金_万元": 8772.08,
        "支付其他筹资活动现金_万元": 710.483016,
        "筹资活动现金流出_万元": 47695.61,
        "融资现金流净额_万元": -732.32,
        "汇率变动影响_万元": 155.96,
        "现金及等价物净增加额_万元": -18356.126706,
        "净现金流_元": null,
        "净现金流同比增长_百分比": -5334.87,
        "期初现金及等价物_万元": 52026.466376,
        "期末现金及等价物_万元": 33670.33967,
        "经营现金流占比_百分比": null,
        "投资现金流占比_百分比": null,
        "融资现金流占比_百分比": null
    }
}