{
    "报告信息": {
        "序号": null,
        "股票代码": "002166",
        "股票简称": "莱茵生物",
        "报告年份": "2023",
        "报告期": "Q3",
        "总股本_股": 742082425,
        "流通股本_股": null,
        "报告日期": "2023-09-30",
        "审计意见": "未经审计",
        "会计师事务所": null
    },
    "核心业绩指标": {
        "每股收益_元": 0.06,
        "稀释每股收益_元": 0.06,
        "营业总收入_万元": 88897.740517,
        "营业总收入_亿元": 8.8897740517,
        "营收同比增长_百分比": -9.18,
        "营收环比增长_百分比": null,
        "净利润_万元": 5312.162832,
        "净利润_亿元": 0.5312162832,
        "净利润同比增长_百分比": -71.19,
        "净利润环比增长_百分比": null,
        "归母净利润_万元": 4090.068774,
        "少数股东损益_万元": 1222.094058,
        "每股净资产_元": null,
        "净资产收益率_百分比": null,
        "扣非净资产收益率_百分比": null,
        "每股经营现金流_元": null,
        "扣非净利润_万元": 361.745867,
        "扣非净利润同比增长_百分比": -97.66,
        "销售毛利率_百分比": null,
        "销售净利率_百分比": null,
        "加权平均净资产收益率_百分比": 1.33,
        "扣非加权净资产收益率_百分比": null,
        "总资产收益率_百分比": null,
        "主营业务收入_万元": 88897.740517,
        "主营业务成本_万元": 68472.022422,
        "主营业务利润_万元": null
    },
    "资产负债表": {
        "货币资金_万元": 26102.68986,
        "应收账款_万元": 32424.261251,
        "应收票据_万元": 319.61,
        "应收款项融资_万元": null,
        "预付款项_万元": 15705.77553,
        "其他应收款_万元": 1336.506419,
        "存货_万元": 95136.726983,
        "合同资产_万元": 63430.942999,
        "一年内到期的非流动资产_万元": null,
        "其他流动资产_万元": 2590.766942,
        "流动资产合计_万元": 238455.032524,
        "交易性金融资产_万元": 1407.75254,
        "债权投资_万元": null,
        "其他债权投资_万元": null,
        "长期应收款_万元": null,
        "长期股权投资_万元": 541.109578,
        "其他权益工具投资_万元": null,
        "投资性房地产_万元": 401.689518,
        "固定资产_万元": 101779.318535,
        "在建工程_万元": 17576.813834,
        "生产性生物资产_万元": null,
        "油气资产_万元": null,
        "使用权资产_万元": 708.679755,
        "无形资产_万元": 12017.853778,
        "开发支出_万元": null,
        "商誉_万元": 2844.463186,
        "长期待摊费用_万元": 728.473136,
        "递延所得税资产_万元": 2525.949582,
        "其他非流动资产_万元": 12745.495926,
        "非流动资产合计_万元": 211769.477729,
        "总资产_万元": 450224.510253,
        "总资产同比增长_百分比": 1.05,
        "短期借款_万元": 41800.0,
        "交易性金融负债_万元": null,
        "应付票据_万元": 3196.71537,
        "应付账款_万元": 32224.522116,
        "预收款项_万元": null,
        "合同负债_万元": 624.702668,
        "应付职工薪酬_万元": 947.121224,
        "应交税费_万元": 1699.16962,
        "其他应付款_万元": 9338.208594,
        "一年内到期的非流动负债_万元": 18997.247796,
        "其他流动负债_万元": 2103.703466,
        "流动负债合计_万元": 110931.390854,
        "长期借款_万元": 8990.0,
        "应付债券_万元": null,
        "租赁负债_万元": 572.555191,
        "长期应付款_万元": 1975.0,
        "预计负债_万元": null,
        "递延收益_万元": 10268.520861,
        "递延所得税负债_万元": 4831.643212,
        "其他非流动负债_万元": null,
        "非流动负债合计_万元": 26637.719264,
        "总负债_万元": 137569.110118,
        "总负债同比增长_百分比": null,
        "资产负债率_百分比": null,
        "实收资本_万元": 74208.2425,
        "资本公积_万元": 147251.296175,
        "盈余公积_万元": 10176.881437,
        "未分配利润_万元": 77187.611188,
        "其他综合收益_万元": 4210.693291,
        "专项储备_万元": null,
        "归属于母公司所有者权益合计_万元": 306583.682991,
        "少数股东权益_万元": 6071.717144,
        "股东权益合计_万元": 312655.400135
    },
    "利润表": {
        "营业总收入_万元": 88897.740517,
        "营业收入_万元": 88897.740517,
        "营业总收入同比增长_百分比": -9.18,
        "营业成本_万元": 68472.022422,
        "税金及附加_万元": 653.938075,
        "销售费用_万元": 3697.413789,
        "管理费用_万元": 9756.599518,
        "研发费用_万元": 3489.450203,
        "财务费用_万元": 1490.644009,
        "其中利息费用_万元": 2767.92051,
        "其中利息收入_万元": 1128.582778,
        "其他收益_万元": 1233.449319,
        "投资收益_万元": 546.743191,
        "其中对联营企业投资收益_万元": null,
        "公允价值变动收益_万元": 2703.518875,
        "信用减值损失_万元": 915.959337,
        "资产减值损失_万元": -178.163852,
        "资产处置收益_万元": -71.85648,
        "营业总支出_万元": 87560.068016,
        "营业利润_万元": 6487.322891,
        "营业外收入_万元": 7.952062,
        "营业外支出_万元": 135.326909,
        "利润总额_万元": 6359.948044,
        "所得税费用_万元": 1047.785212,
        "净利润_万元": 5312.162832,
        "归母净利润_万元": 4090.068774,
        "少数股东损益_万元": 1222.094058,
        "持续经营净利润_万元": 5312.162832,
        "终止经营净利润_万元": null,
        "其他综合收益_万元": 2030.026342,
        "综合收益总额_万元": 7342.189174,
        "归母综合收益总额_万元": 6120.095116
    },
    "现金流量表": {
        "销售商品收到现金_万元": 93613.498049,
        "收到的税费返还_万元": 7537.423268,
        "收到其他经营活动现金_万元": 2141.14718,
        "经营活动现金流入_万元": 103292.068497,
        "购买商品支付现金_万元": 70203.009943,
        "支付职工现金_万元": 12343.073522,
        "支付税费_万元": 3398.345474,
        "支付其他经营活动现金_万元": 6361.370703,
        "经营活动现金流出_万元": 92305.799642,
        "经营现金流净额_万元": 10986.268855,
        "经营现金流净额同比增长_百分比": -17.52,
        "收回投资现金_万元": null,
        "取得投资收益现金_万元": 300.152536,
        "处置资产收回现金_万元": 1669.557,
        "收到其他投资活动现金_万元": null,
        "投资活动现金流入_万元": 1969.709536,
        "投资支付现金_万元": 5943.08,
        "购建资产支付现金_万元": 32553.543551,
        "支付其他投资活动现金_万元": null,
        "投资活动现金流出_万元": 38496.623551,
        "投资现金流净额_万元": -36526.914015,
        "吸收投资现金_万元": null,
        "取得借款现金_万元": 65363.28995,
        "收到其他筹资活动现金_万元": 910.0,
        "筹资活动现金流入_万元": 66273.28995,
        "偿还债务现金_万元": 58546.03209,
        "分配股利现金_万元": 9845.260351,
        "支付其他筹资活动现金_万元": 752.903775,
        "筹资活动现金流出_万元": 69144.196216,
        "融资现金流净额_万元": -2870.906266,
        "汇率变动影响_万元": 166.825234,
        "现金及等价物净增加额_万元": -28244.726192,
        "净现金流_元": null,
        "净现金流同比增长_百分比": -131.21,
        "期初现金及等价物_万元": 52026.466376,
        "期末现金及等价物_万元": 23781.740184,
        "经营现金流占比_百分比": null,
        "投资现金流占比_百分比": null,
        "融资现金流占比_百分比": null
    }
}