{
    "报告信息": {
        "序号": null,
        "股票代码": "002166",
        "股票简称": "莱茵生物",
        "报告年份": "2025",
        "报告期": "Q1",
        "总股本_股": 741609425,
        "流通股本_股": null,
        "报告日期": null,
        "审计意见": "未经审计",
        "会计师事务所": null
    },
    "核心业绩指标": {
        "每股收益_元": 0.04,
        "稀释每股收益_元": 0.04,
        "营业总收入_万元": 44429.233662,
        "营业总收入_亿元": 4.4429233662,
        "营收同比增长_百分比": 30.21,
        "营收环比增长_百分比": null,
        "净利润_万元": 3267.055504,
        "净利润_亿元": 0.3267055504,
        "净利润同比增长_百分比": 17.16,
        "净利润环比增长_百分比": null,
        "归母净利润_万元": 3079.48898,
        "少数股东损益_万元": 187.566524,
        "每股净资产_元": null,
        "净资产收益率_百分比": null,
        "扣非净资产收益率_百分比": null,
        "每股经营现金流_元": null,
        "扣非净利润_万元": 3613.533734,
        "扣非净利润同比增长_百分比": -8.68,
        "销售毛利率_百分比": null,
        "销售净利率_百分比": null,
        "加权平均净资产收益率_百分比": 0.99,
        "扣非加权净资产收益率_百分比": null,
        "总资产收益率_百分比": null,
        "主营业务收入_万元": 44429.233662,
        "主营业务成本_万元": 34646.129863,
        "主营业务利润_万元": null
    },
    "资产负债表": {
        "货币资金_万元": 32444.874877,
        "应收账款_万元": 77754.136609,
        "应收票据_万元": 280.6125,
        "应收款项融资_万元": null,
        "预付款项_万元": 1415.814115,
        "其他应收款_万元": 1202.294825,
        "存货_万元": 119995.184729,
        "合同资产_万元": 22076.555054,
        "一年内到期的非流动资产_万元": null,
        "其他流动资产_万元": 8119.76642,
        "流动资产合计_万元": 264594.093258,
        "交易性金融资产_万元": 1304.854129,
        "债权投资_万元": null,
        "其他债权投资_万元": null,
        "长期应收款_万元": null,
        "长期股权投资_万元": null,
        "其他权益工具投资_万元": null,
        "投资性房地产_万元": 382.100496,
        "固定资产_万元": 141875.311454,
        "在建工程_万元": 11500.189713,
        "生产性生物资产_万元": null,
        "油气资产_万元": null,
        "使用权资产_万元": 776.23028,
        "无形资产_万元": 13365.095469,
        "开发支出_万元": null,
        "商誉_万元": 2930.607483,
        "长期待摊费用_万元": 343.404143,
        "递延所得税资产_万元": 3319.951162,
        "其他非流动资产_万元": 2143.527793,
        "非流动资产合计_万元": 239471.890418,
        "总资产_万元": 504065.983676,
        "总资产同比增长_百分比": 0.44,
        "短期借款_万元": 54733.20153,
        "交易性金融负债_万元": null,
        "应付票据_万元": 4322.725,
        "应付账款_万元": 52770.944376,
        "预收款项_万元": null,
        "合同负债_万元": 1021.267338,
        "应付职工薪酬_万元": 724.221547,
        "应交税费_万元": 1817.751455,
        "其他应付款_万元": 3262.612676,
        "一年内到期的非流动负债_万元": 33143.024708,
        "其他流动负债_万元": 2524.586967,
        "流动负债合计_万元": 154320.335597,
        "长期借款_万元": 13260.0,
        "应付债券_万元": null,
        "租赁负债_万元": 500.294727,
        "长期应付款_万元": 2790.0,
        "预计负债_万元": null,
        "递延收益_万元": 9203.198659,
        "递延所得税负债_万元": 5160.086646,
        "其他非流动负债_万元": null,
        "非流动负债合计_万元": 30913.580032,
        "总负债_万元": 185233.915629,
        "总负债同比增长_百分比": null,
        "资产负债率_百分比": null,
        "实收资本_万元": 74160.9425,
        "资本公积_万元": 148249.135656,
        "盈余公积_万元": 13717.093649,
        "未分配利润_万元": 82521.177758,
        "其他综合收益_万元": 4698.200535,
        "专项储备_万元": null,
        "归属于母公司所有者权益合计_万元": 310948.231184,
        "少数股东权益_万元": 7883.836863,
        "股东权益合计_万元": 318832.068047
    },
    "利润表": {
        "营业总收入_万元": 44429.233662,
        "营业收入_万元": 44429.233662,
        "营业总收入同比增长_百分比": 30.21,
        "营业成本_万元": 34646.129863,
        "税金及附加_万元": 263.157992,
        "销售费用_万元": 1379.287262,
        "管理费用_万元": 1980.761351,
        "研发费用_万元": 1152.440303,
        "财务费用_万元": 804.177243,
        "其中利息费用_万元": 994.597717,
        "其中利息收入_万元": 58.722495,
        "其他收益_万元": 158.244051,
        "投资收益_万元": -0.043056,
        "其中对联营企业投资收益_万元": null,
        "公允价值变动收益_万元": -509.333539,
        "信用减值损失_万元": 152.337458,
        "资产减值损失_万元": -14.844563,
        "资产处置收益_万元": -49.775513,
        "营业总支出_万元": 40225.954014,
        "营业利润_万元": 3939.864486,
        "营业外收入_万元": 0.045973,
        "营业外支出_万元": 0.020098,
        "利润总额_万元": 3939.890361,
        "所得税费用_万元": 672.834857,
        "净利润_万元": 3267.055504,
        "归母净利润_万元": 3079.48898,
        "少数股东损益_万元": 187.566524,
        "持续经营净利润_万元": 3267.055504,
        "终止经营净利润_万元": null,
        "其他综合收益_万元": 11.124514,
        "综合收益总额_万元": 3278.180018,
        "归母综合收益总额_万元": 3090.613494
    },
    "现金流量表": {
        "销售商品收到现金_万元": 59410.638796,
        "收到的税费返还_万元": 631.335995,
        "收到其他经营活动现金_万元": 367.054587,
        "经营活动现金流入_万元": 60409.029378,
        "购买商品支付现金_万元": 32625.063019,
        "支付职工现金_万元": 5726.533015,
        "支付税费_万元": 1742.233367,
        "支付其他经营活动现金_万元": 2021.588578,
        "经营活动现金流出_万元": 42115.417979,
        "经营现金流净额_万元": 18293.611399,
        "经营现金流净额同比增长_百分比": 1059.54,
        "收回投资现金_万元": 3.645408,
        "取得投资收益现金_万元": null,
        "处置资产收回现金_万元": 10.3348,
        "收到其他投资活动现金_万元": null,
        "投资活动现金流入_万元": 13.980208,
        "投资支付现金_万元": null,
        "购建资产支付现金_万元": 5332.454953,
        "支付其他投资活动现金_万元": null,
        "投资活动现金流出_万元": 5332.454953,
        "投资现金流净额_万元": -5318.474745,
        "吸收投资现金_万元": null,
        "取得借款现金_万元": 29188.91565,
        "收到其他筹资活动现金_万元": 509.9252,
        "筹资活动现金流入_万元": 29698.84085,
        "偿还债务现金_万元": 21102.00925,
        "分配股利现金_万元": 1135.573538,
        "支付其他筹资活动现金_万元": 4652.338021,
        "筹资活动现金流出_万元": 26889.920809,
        "融资现金流净额_万元": 2808.920041,
        "汇率变动影响_万元": 88.280576,
        "现金及等价物净增加额_万元": 15872.337271,
        "净现金流_元": null,
        "净现金流同比增长_百分比": -91115.79,
        "期初现金及等价物_万元": 4976.940635,
        "期末现金及等价物_万元": 20849.277906,
        "经营现金流占比_百分比": null,
        "投资现金流占比_百分比": null,
        "融资现金流占比_百分比": null
    }
}