{
    "报告信息": {
        "序号": null,
        "股票代码": "002166",
        "股票简称": "莱茵生物",
        "报告年份": "2023",
        "报告期": "Q1",
        "总股本_股": 742082425,
        "流通股本_股": null,
        "报告日期": "2023-04-27",
        "审计意见": "未经审计",
        "会计师事务所": null
    },
    "核心业绩指标": {
        "每股收益_元": 0.03,
        "稀释每股收益_元": 0.03,
        "营业总收入_万元": 25262.484319,
        "营业总收入_亿元": 2.5262484319,
        "营收同比增长_百分比": -10.55,
        "营收环比增长_百分比": null,
        "净利润_万元": 2274.683235,
        "净利润_亿元": 0.2274683235,
        "净利润同比增长_百分比": -43.11,
        "净利润环比增长_百分比": null,
        "归母净利润_万元": 1993.737889,
        "少数股东损益_万元": 280.945346,
        "每股净资产_元": null,
        "净资产收益率_百分比": null,
        "扣非净资产收益率_百分比": null,
        "每股经营现金流_元": -0.000744,
        "扣非净利润_万元": 838.285349,
        "扣非净利润同比增长_百分比": -71.83,
        "销售毛利率_百分比": null,
        "销售净利率_百分比": null,
        "加权平均净资产收益率_百分比": 0.65,
        "扣非加权净资产收益率_百分比": null,
        "总资产收益率_百分比": null,
        "主营业务收入_万元": 25262.484319,
        "主营业务成本_万元": 19355.94951,
        "主营业务利润_万元": null
    },
    "资产负债表": {
        "货币资金_万元": 54225.058683,
        "应收账款_万元": 23615.595246,
        "应收票据_万元": 15696.087559,
        "应收款项融资_万元": null,
        "预付款项_万元": 7666.731632,
        "其他应收款_万元": 1746.15673,
        "存货_万元": 110356.907612,
        "合同资产_万元": 48283.81615,
        "一年内到期的非流动资产_万元": null,
        "其他流动资产_万元": 4935.889199,
        "流动资产合计_万元": 266526.242811,
        "交易性金融资产_万元": null,
        "债权投资_万元": null,
        "其他债权投资_万元": null,
        "长期应收款_万元": null,
        "长期股权投资_万元": 185.053043,
        "其他权益工具投资_万元": null,
        "投资性房地产_万元": 408.219192,
        "固定资产_万元": 103657.142772,
        "在建工程_万元": 2564.438082,
        "生产性生物资产_万元": null,
        "油气资产_万元": null,
        "使用权资产_万元": 576.672624,
        "无形资产_万元": 12107.004725,
        "开发支出_万元": null,
        "商誉_万元": 2844.463186,
        "长期待摊费用_万元": 154.007376,
        "递延所得税资产_万元": 2039.005021,
        "其他非流动资产_万元": 6283.960062,
        "非流动资产合计_万元": 187471.827701,
        "总资产_万元": 453998.070512,
        "总资产同比增长_百分比": 1.9,
        "短期借款_万元": 50870.277821,
        "交易性金融负债_万元": null,
        "应付票据_万元": 7238.612,
        "应付账款_万元": 31324.649798,
        "预收款项_万元": null,
        "合同负债_万元": 889.853992,
        "应付职工薪酬_万元": 585.245871,
        "应交税费_万元": 1343.227058,
        "其他应付款_万元": 8929.886764,
        "一年内到期的非流动负债_万元": 9381.363058,
        "其他流动负债_万元": 2125.235397,
        "流动负债合计_万元": 112688.351759,
        "长期借款_万元": 9295.0,
        "应付债券_万元": null,
        "租赁负债_万元": 439.6743,
        "长期应付款_万元": 3300.0,
        "预计负债_万元": null,
        "递延收益_万元": 10894.216795,
        "递延所得税负债_万元": 4255.026277,
        "其他非流动负债_万元": null,
        "非流动负债合计_万元": 28183.917372,
        "总负债_万元": 140872.269131,
        "总负债同比增长_百分比": null,
        "资产负债率_百分比": 31.03,
        "实收资本_万元": 74208.2425,
        "资本公积_万元": 146311.296175,
        "盈余公积_万元": 10176.881437,
        "未分配利润_万元": 82512.880225,
        "其他综合收益_万元": 1236.974212,
        "专项储备_万元": null,
        "归属于母公司所有者权益合计_万元": 307995.232949,
        "少数股东权益_万元": 5130.568432,
        "股东权益合计_万元": 313125.801381
    },
    "利润表": {
        "营业总收入_万元": 25262.484319,
        "营业收入_万元": 25262.484319,
        "营业总收入同比增长_百分比": -10.55,
        "营业成本_万元": 19355.94951,
        "税金及附加_万元": 53.812963,
        "销售费用_万元": 1057.336193,
        "管理费用_万元": 2080.493445,
        "研发费用_万元": 1164.223361,
        "财务费用_万元": 409.979618,
        "其中利息费用_万元": 610.208316,
        "其中利息收入_万元": 448.818794,
        "其他收益_万元": 324.410628,
        "投资收益_万元": null,
        "其中对联营企业投资收益_万元": null,
        "公允价值变动收益_万元": 1126.117977,
        "信用减值损失_万元": 111.633921,
        "资产减值损失_万元": null,
        "资产处置收益_万元": -80.636207,
        "营业总支出_万元": 24121.79509,
        "营业利润_万元": 2622.215548,
        "营业外收入_万元": 4.938,
        "营业外支出_万元": 44.8,
        "利润总额_万元": 2582.353548,
        "所得税费用_万元": 307.670313,
        "净利润_万元": 2274.683235,
        "归母净利润_万元": 1993.737889,
        "少数股东损益_万元": 280.945346,
        "持续经营净利润_万元": 2274.683235,
        "终止经营净利润_万元": null,
        "其他综合收益_万元": -943.692737,
        "综合收益总额_万元": 1330.990498,
        "归母综合收益总额_万元": 1050.045152
    },
    "现金流量表": {
        "销售商品收到现金_万元": 35987.912069,
        "收到的税费返还_万元": 2228.200298,
        "收到其他经营活动现金_万元": 1018.232597,
        "经营活动现金流入_万元": 39234.344964,
        "购买商品支付现金_万元": 30563.215975,
        "支付职工现金_万元": 4681.626327,
        "支付税费_万元": 1733.384256,
        "支付其他经营活动现金_万元": 2311.346744,
        "经营活动现金流出_万元": 39289.573302,
        "经营现金流净额_万元": -55.228338,
        "经营现金流净额同比增长_百分比": -101.28,
        "收回投资现金_万元": null,
        "取得投资收益现金_万元": null,
        "处置资产收回现金_万元": 164.55,
        "收到其他投资活动现金_万元": null,
        "投资活动现金流入_万元": 164.55,
        "投资支付现金_万元": null,
        "购建资产支付现金_万元": 9169.465051,
        "支付其他投资活动现金_万元": null,
        "投资活动现金流出_万元": 9169.465051,
        "投资现金流净额_万元": -9004.915051,
        "吸收投资现金_万元": null,
        "取得借款现金_万元": 26088.825,
        "收到其他筹资活动现金_万元": 600.0,
        "筹资活动现金流入_万元": 26688.825,
        "偿还债务现金_万元": 18452.278,
        "分配股利现金_万元": 678.464986,
        "支付其他筹资活动现金_万元": 51.676648,
        "筹资活动现金流出_万元": 19182.419634,
        "融资现金流净额_万元": 7506.405366,
        "汇率变动影响_万元": 5.515265,
        "现金及等价物净增加额_万元": -1548.222758,
        "净现金流_元": -15482227.58,
        "净现金流同比增长_百分比": -611.84,
        "期初现金及等价物_万元": 52026.466376,
        "期末现金及等价物_万元": 50478.243618,
        "经营现金流占比_百分比": null,
        "投资现金流占比_百分比": null,
        "融资现金流占比_百分比": null
    }
}