{
    "报告信息": {
        "序号": null,
        "股票代码": "002737",
        "股票简称": "葵花药业",
        "报告年份": "2025",
        "报告期": "第三季度",
        "总股本_股": 584000000,
        "流通股本_股": null,
        "报告日期": "2025-09-30",
        "审计意见": null,
        "会计师事务所": null,
        "期": "Q3"
    },
    "核心业绩指标": {
        "每股收益_元": -0.06,
        "稀释每股收益_元": -0.06,
        "营业总收入_万元": 168398.404739,
        "营业总收入_亿元": 16.8398404739,
        "营收同比增长_百分比": -43.24,
        "营收环比增长_百分比": null,
        "净利润_万元": -4591.434686,
        "净利润_亿元": -0.4591434686,
        "净利润同比增长_百分比": -107.58,
        "净利润环比增长_百分比": null,
        "归母净利润_万元": -3353.869369,
        "少数股东损益_万元": -1237.565317,
        "每股净资产_元": null,
        "净资产收益率_百分比": null,
        "扣非净资产收益率_百分比": null,
        "每股经营现金流_元": null,
        "扣非净利润_万元": -8139.393098,
        "扣非净利润同比增长_百分比": -117.68,
        "销售毛利率_百分比": null,
        "销售净利率_百分比": null,
        "加权平均净资产收益率_百分比": -0.77,
        "扣非加权净资产收益率_百分比": null,
        "总资产收益率_百分比": null,
        "主营业务收入_万元": 168398.404739,
        "主营业务成本_万元": 104991.173715,
        "主营业务利润_万元": null
    },
    "资产负债表": {
        "货币资金_万元": 68549.846848,
        "应收账款_万元": 21815.465045,
        "应收票据_万元": 763.160922,
        "应收款项融资_万元": 4359.670391,
        "预付款项_万元": 8355.926285,
        "其他应收款_万元": 1324.448515,
        "存货_万元": 67529.668005,
        "合同资产_万元": null,
        "一年内到期的非流动资产_万元": null,
        "其他流动资产_万元": 3434.112178,
        "流动资产合计_万元": 326132.298189,
        "交易性金融资产_万元": 150000.0,
        "债权投资_万元": null,
        "其他债权投资_万元": null,
        "长期应收款_万元": null,
        "长期股权投资_万元": 3921.109584,
        "其他权益工具投资_万元": 280.06344,
        "投资性房地产_万元": 3940.094544,
        "固定资产_万元": 118047.671534,
        "在建工程_万元": 4677.895822,
        "生产性生物资产_万元": null,
        "油气资产_万元": null,
        "使用权资产_万元": 478.200526,
        "无形资产_万元": 31371.524737,
        "开发支出_万元": null,
        "商誉_万元": 8697.612804,
        "长期待摊费用_万元": 766.768557,
        "递延所得税资产_万元": 3645.993663,
        "其他非流动资产_万元": 5266.723556,
        "非流动资产合计_万元": 186213.039385,
        "总资产_万元": 512345.337574,
        "总资产同比增长_百分比": -12.06,
        "短期借款_万元": 1800.0,
        "交易性金融负债_万元": null,
        "应付票据_万元": 845.131965,
        "应付账款_万元": 25684.119858,
        "预收款项_万元": 117.737,
        "合同负债_万元": 15833.847653,
        "应付职工薪酬_万元": 6758.694336,
        "应交税费_万元": 1892.001618,
        "其他应付款_万元": 17600.913063,
        "一年内到期的非流动负债_万元": 190.748722,
        "其他流动负债_万元": 1328.243886,
        "流动负债合计_万元": 72051.438101,
        "长期借款_万元": null,
        "应付债券_万元": null,
        "租赁负债_万元": 183.860896,
        "长期应付款_万元": null,
        "预计负债_万元": null,
        "递延收益_万元": 16556.637155,
        "递延所得税负债_万元": 363.472894,
        "其他非流动负债_万元": null,
        "非流动负债合计_万元": 17103.970945,
        "总负债_万元": 89155.409046,
        "总负债同比增长_百分比": null,
        "资产负债率_百分比": null,
        "实收资本_万元": 58400.0,
        "资本公积_万元": 91842.840613,
        "盈余公积_万元": 29986.650183,
        "未分配利润_万元": 224214.03724,
        "其他综合收益_万元": -18.24381,
        "专项储备_万元": 837.985655,
        "归属于母公司所有者权益合计_万元": 405263.269881,
        "少数股东权益_万元": 17926.658647,
        "股东权益合计_万元": 423189.928528
    },
    "利润表": {
        "营业总收入_万元": 168398.404739,
        "营业收入_万元": 168398.404739,
        "营业总收入同比增长_百分比": -43.24,
        "营业成本_万元": 104991.173715,
        "税金及附加_万元": 2813.041492,
        "销售费用_万元": 33647.904908,
        "管理费用_万元": 27072.270822,
        "研发费用_万元": 6610.774022,
        "财务费用_万元": -392.439911,
        "其中利息费用_万元": 121.917387,
        "其中利息收入_万元": 556.937447,
        "其他收益_万元": 5038.859986,
        "投资收益_万元": 1967.591934,
        "其中对联营企业投资收益_万元": -118.927121,
        "公允价值变动收益_万元": 508.493096,
        "信用减值损失_万元": -317.001565,
        "资产减值损失_万元": -683.955804,
        "资产处置收益_万元": 65.255691,
        "营业总支出_万元": null,
        "营业利润_万元": 234.923029,
        "营业外收入_万元": 12.411398,
        "营业外支出_万元": 870.810701,
        "利润总额_万元": -623.476274,
        "所得税费用_万元": 3967.958412,
        "净利润_万元": -4591.434686,
        "归母净利润_万元": -3353.869369,
        "少数股东损益_万元": -1237.565317,
        "持续经营净利润_万元": -4591.434686,
        "终止经营净利润_万元": null,
        "其他综合收益_万元": -2.673216,
        "综合收益总额_万元": -4594.107902,
        "归母综合收益总额_万元": -3355.74062
    },
    "现金流量表": {
        "销售商品收到现金_万元": 155859.461729,
        "收到的税费返还_万元": null,
        "收到其他经营活动现金_万元": 12834.759048,
        "经营活动现金流入_万元": 168694.220777,
        "购买商品支付现金_万元": 42079.443308,
        "支付职工现金_万元": 44084.960704,
        "支付税费_万元": 17141.297609,
        "支付其他经营活动现金_万元": 43356.119936,
        "经营活动现金流出_万元": 146661.821557,
        "经营现金流净额_万元": 22032.39922,
        "经营现金流净额同比增长_百分比": 155.2,
        "收回投资现金_万元": 811911.631291,
        "取得投资收益现金_万元": 3119.823444,
        "处置资产收回现金_万元": 19.1876,
        "收到其他投资活动现金_万元": null,
        "投资活动现金流入_万元": 815050.642335,
        "投资支付现金_万元": 836000.0,
        "购建资产支付现金_万元": 6742.14231,
        "支付其他投资活动现金_万元": null,
        "投资活动现金流出_万元": 842742.14231,
        "投资现金流净额_万元": -27691.499975,
        "吸收投资现金_万元": null,
        "取得借款现金_万元": 1800.0,
        "收到其他筹资活动现金_万元": null,
        "筹资活动现金流入_万元": 1800.0,
        "偿还债务现金_万元": null,
        "分配股利现金_万元": 31050.639909,
        "支付其他筹资活动现金_万元": 350.153672,
        "筹资活动现金流出_万元": 31400.793581,
        "融资现金流净额_万元": -29600.793581,
        "汇率变动影响_万元": 6.521333,
        "现金及等价物净增加额_万元": -35253.373003,
        "净现金流_元": null,
        "净现金流同比增长_百分比": null,
        "期初现金及等价物_万元": 103796.069851,
        "期末现金及等价物_万元": 68542.696848,
        "经营现金流占比_百分比": null,
        "投资现金流占比_百分比": null,
        "融资现金流占比_百分比": null
    }
}