{
    "报告信息": {
        "序号": null,
        "股票代码": "002737",
        "股票简称": "葵花药业",
        "报告年份": "2024",
        "报告期": "Q1",
        "总股本_股": 584000000,
        "流通股本_股": null,
        "报告日期": null,
        "审计意见": "未经审计",
        "会计师事务所": null
    },
    "核心业绩指标": {
        "每股收益_元": 0.44,
        "稀释每股收益_元": 0.44,
        "营业总收入_万元": 151818.106965,
        "营业总收入_亿元": 15.1818106965,
        "营收同比增长_百分比": -14.01,
        "营收环比增长_百分比": null,
        "净利润_万元": 27030.323896,
        "净利润_亿元": 2.7030323896,
        "净利润同比增长_百分比": -37.91,
        "净利润环比增长_百分比": null,
        "归母净利润_万元": 25518.328886,
        "少数股东损益_万元": 1511.99501,
        "每股净资产_元": null,
        "净资产收益率_百分比": null,
        "扣非净资产收益率_百分比": null,
        "每股经营现金流_元": null,
        "扣非净利润_万元": 23745.434004,
        "扣非净利润同比增长_百分比": -39.18,
        "销售毛利率_百分比": null,
        "销售净利率_百分比": null,
        "加权平均净资产收益率_百分比": 5.22,
        "扣非加权净资产收益率_百分比": null,
        "总资产收益率_百分比": null,
        "主营业务收入_万元": null,
        "主营业务成本_万元": null,
        "主营业务利润_万元": null
    },
    "资产负债表": {
        "货币资金_万元": 349667.746715,
        "应收账款_万元": 8043.961079,
        "应收票据_万元": 565.97376,
        "应收款项融资_万元": 9224.819927,
        "预付款项_万元": 10385.291385,
        "其他应收款_万元": 4520.706199,
        "存货_万元": 90991.53967,
        "合同资产_万元": null,
        "一年内到期的非流动资产_万元": null,
        "其他流动资产_万元": 5323.532676,
        "流动资产合计_万元": 508739.471411,
        "交易性金融资产_万元": 30015.9,
        "债权投资_万元": null,
        "其他债权投资_万元": null,
        "长期应收款_万元": null,
        "长期股权投资_万元": 4495.434023,
        "其他权益工具投资_万元": 275.21496,
        "投资性房地产_万元": null,
        "固定资产_万元": 135546.299997,
        "在建工程_万元": 3699.36725,
        "生产性生物资产_万元": null,
        "油气资产_万元": null,
        "使用权资产_万元": 1330.084213,
        "无形资产_万元": 33956.678101,
        "开发支出_万元": null,
        "商誉_万元": 9177.365238,
        "长期待摊费用_万元": 838.060556,
        "递延所得税资产_万元": 6441.151175,
        "其他非流动资产_万元": 3265.633409,
        "非流动资产合计_万元": 205920.059733,
        "总资产_万元": 714659.531144,
        "总资产同比增长_百分比": 3.85,
        "短期借款_万元": 1370.0,
        "交易性金融负债_万元": null,
        "应付票据_万元": null,
        "应付账款_万元": 90727.612249,
        "预收款项_万元": null,
        "合同负债_万元": 15697.236041,
        "应付职工薪酬_万元": 15465.038452,
        "应交税费_万元": 11502.810223,
        "其他应付款_万元": 15696.201408,
        "一年内到期的非流动负债_万元": 320.911267,
        "其他流动负债_万元": 856.014794,
        "流动负债合计_万元": 151635.824434,
        "长期借款_万元": null,
        "应付债券_万元": null,
        "租赁负债_万元": 983.461817,
        "长期应付款_万元": null,
        "预计负债_万元": null,
        "递延收益_万元": null,
        "递延所得税负债_万元": null,
        "其他非流动负债_万元": null,
        "非流动负债合计_万元": null,
        "总负债_万元": 186913.355424,
        "总负债同比增长_百分比": null,
        "资产负债率_百分比": null,
        "实收资本_万元": 58400.0,
        "资本公积_万元": 91827.105879,
        "盈余公积_万元": 29986.650183,
        "未分配利润_万元": 320681.693082,
        "其他综合收益_万元": -22.669686,
        "专项储备_万元": 1242.800125,
        "归属于母公司所有者权益合计_万元": 502115.579583,
        "少数股东权益_万元": 25630.596137,
        "股东权益合计_万元": 527746.17572
    },
    "利润表": {
        "营业总收入_万元": 151818.106965,
        "营业收入_万元": 151818.106965,
        "营业总收入同比增长_百分比": -14.01,
        "营业成本_万元": 65636.530785,
        "税金及附加_万元": 1611.906052,
        "销售费用_万元": 39510.303063,
        "管理费用_万元": 11884.269814,
        "研发费用_万元": 2299.39109,
        "财务费用_万元": -1111.315212,
        "其中利息费用_万元": 20.349332,
        "其中利息收入_万元": 1109.915002,
        "其他收益_万元": 2315.620391,
        "投资收益_万元": 540.760103,
        "其中对联营企业投资收益_万元": -46.40387,
        "公允价值变动收益_万元": -535.616641,
        "信用减值损失_万元": -299.105406,
        "资产减值损失_万元": -185.923183,
        "资产处置收益_万元": 0.0,
        "营业总支出_万元": null,
        "营业利润_万元": 33822.756637,
        "营业外收入_万元": 33.318295,
        "营业外支出_万元": 93.818474,
        "利润总额_万元": 33762.256458,
        "所得税费用_万元": 6731.932562,
        "净利润_万元": 27030.323896,
        "归母净利润_万元": 25518.328886,
        "少数股东损益_万元": 1511.99501,
        "持续经营净利润_万元": 27030.323896,
        "终止经营净利润_万元": null,
        "其他综合收益_万元": 3.276,
        "综合收益总额_万元": 27033.599896,
        "归母综合收益总额_万元": 25520.622086
    },
    "现金流量表": {
        "销售商品收到现金_万元": 151581.130434,
        "收到的税费返还_万元": null,
        "收到其他经营活动现金_万元": 4074.48522,
        "经营活动现金流入_万元": 155655.615654,
        "购买商品支付现金_万元": 70769.498268,
        "支付职工现金_万元": 17003.617578,
        "支付税费_万元": 17611.251209,
        "支付其他经营活动现金_万元": 29842.191304,
        "经营活动现金流出_万元": 135226.558359,
        "经营现金流净额_万元": 20429.057295,
        "经营现金流净额同比增长_百分比": -17.97,
        "收回投资现金_万元": 100000.0,
        "取得投资收益现金_万元": 2081.723973,
        "处置资产收回现金_万元": null,
        "收到其他投资活动现金_万元": null,
        "投资活动现金流入_万元": 102081.723973,
        "投资支付现金_万元": null,
        "购建资产支付现金_万元": 1398.538142,
        "支付其他投资活动现金_万元": null,
        "投资活动现金流出_万元": 1398.538142,
        "投资现金流净额_万元": 100683.185831,
        "吸收投资现金_万元": null,
        "取得借款现金_万元": null,
        "收到其他筹资活动现金_万元": null,
        "筹资活动现金流入_万元": null,
        "偿还债务现金_万元": null,
        "分配股利现金_万元": 9.22639,
        "支付其他筹资活动现金_万元": 92.352866,
        "筹资活动现金流出_万元": 101.579256,
        "融资现金流净额_万元": -101.579256,
        "汇率变动影响_万元": -13.437744,
        "现金及等价物净增加额_万元": 120997.226126,
        "净现金流_元": null,
        "净现金流同比增长_百分比": null,
        "期初现金及等价物_万元": 228570.520589,
        "期末现金及等价物_万元": 349567.746715,
        "经营现金流占比_百分比": null,
        "投资现金流占比_百分比": null,
        "融资现金流占比_百分比": null
    }
}