{
    "报告信息": {
        "序号": null,
        "股票代码": "002737",
        "股票简称": "葵花药业",
        "报告年份": "2025",
        "报告期": "Q1",
        "总股本_股": 584000000,
        "流通股本_股": null,
        "报告日期": "2025年04月24日",
        "审计意见": "未经审计",
        "会计师事务所": null
    },
    "核心业绩指标": {
        "每股收益_元": 0.1,
        "稀释每股收益_元": 0.1,
        "营业总收入_万元": 66349.532467,
        "营业总收入_亿元": 0.66349532467,
        "营收同比增长_百分比": -56.3,
        "营收环比增长_百分比": null,
        "净利润_万元": 5884.138482,
        "净利润_亿元": 0.5884138482,
        "净利润同比增长_百分比": -78.23,
        "净利润环比增长_百分比": null,
        "归母净利润_万元": 5711.182108,
        "少数股东损益_万元": 172.956374,
        "每股净资产_元": 7.595,
        "净资产收益率_百分比": null,
        "扣非净资产收益率_百分比": null,
        "每股经营现金流_元": 0.174,
        "扣非净利润_万元": 3986.379078,
        "扣非净利润同比增长_百分比": -83.21,
        "销售毛利率_百分比": 37.27,
        "销售净利率_百分比": 8.87,
        "加权平均净资产收益率_百分比": 1.3,
        "扣非加权净资产收益率_百分比": null,
        "总资产收益率_百分比": 1.02,
        "主营业务收入_万元": 66349.532467,
        "主营业务成本_万元": 41610.937238,
        "主营业务利润_万元": 24738.595229
    },
    "资产负债表": {
        "货币资金_万元": 93999.833334,
        "应收账款_万元": 20699.583179,
        "应收票据_万元": 1347.202505,
        "应收款项融资_万元": 33600.950616,
        "预付款项_万元": 6364.627085,
        "其他应收款_万元": 1665.273191,
        "存货_万元": 78666.404865,
        "合同资产_万元": null,
        "一年内到期的非流动资产_万元": null,
        "其他流动资产_万元": 5746.126223,
        "流动资产合计_万元": 388271.798271,
        "交易性金融资产_万元": 146000.0,
        "债权投资_万元": null,
        "其他债权投资_万元": null,
        "长期应收款_万元": null,
        "长期股权投资_万元": 4277.422121,
        "其他权益工具投资_万元": 281.63592,
        "投资性房地产_万元": 4060.802406,
        "固定资产_万元": 122192.355387,
        "在建工程_万元": 2974.626895,
        "生产性生物资产_万元": null,
        "油气资产_万元": null,
        "使用权资产_万元": 823.498586,
        "无形资产_万元": 32611.80869,
        "开发支出_万元": null,
        "商誉_万元": 8697.612804,
        "长期待摊费用_万元": 904.724025,
        "递延所得税资产_万元": 5107.564124,
        "其他非流动资产_万元": 2660.707674,
        "非流动资产合计_万元": 189168.794831,
        "总资产_万元": 577440.593102,
        "总资产同比增长_百分比": -0.88,
        "短期借款_万元": 0.0,
        "交易性金融负债_万元": null,
        "应付票据_万元": null,
        "应付账款_万元": 32789.746841,
        "预收款项_万元": 145.99388,
        "合同负债_万元": 23551.859886,
        "应付职工薪酬_万元": 13459.116767,
        "应交税费_万元": 3399.096303,
        "其他应付款_万元": 19041.137199,
        "一年内到期的非流动负债_万元": 404.007771,
        "其他流动负债_万元": 773.79233,
        "流动负债合计_万元": 93595.234977,
        "长期借款_万元": null,
        "应付债券_万元": null,
        "租赁负债_万元": 0.36,
        "长期应付款_万元": null,
        "预计负债_万元": null,
        "递延收益_万元": 18147.6232,
        "递延所得税负债_万元": 461.857678,
        "其他非流动负债_万元": null,
        "非流动负债合计_万元": 18969.488371,
        "总负债_万元": 112564.723348,
        "总负债同比增长_百分比": -8.92,
        "资产负债率_百分比": 19.49,
        "实收资本_万元": 58400.0,
        "资本公积_万元": 91842.840613,
        "盈余公积_万元": 29986.650183,
        "未分配利润_万元": 262479.088717,
        "其他综合收益_万元": -17.308185,
        "专项储备_万元": 933.757654,
        "归属于母公司所有者权益合计_万元": 443625.028982,
        "少数股东权益_万元": 21250.840772,
        "股东权益合计_万元": 464875.869754
    },
    "利润表": {
        "营业总收入_万元": 66349.532467,
        "营业收入_万元": 66349.532467,
        "营业总收入同比增长_百分比": -56.3,
        "营业成本_万元": 41610.937238,
        "税金及附加_万元": 1066.066802,
        "销售费用_万元": 8221.58473,
        "管理费用_万元": 8445.775904,
        "研发费用_万元": 2019.075743,
        "财务费用_万元": -130.353303,
        "其中利息费用_万元": 11.206284,
        "其中利息收入_万元": 200.809581,
        "其他收益_万元": 2320.72523,
        "投资收益_万元": 290.525609,
        "其中对联营企业投资收益_万元": -41.914587,
        "公允价值变动收益_万元": -34.851323,
        "信用减值损失_万元": -307.951699,
        "资产减值损失_万元": -114.30033,
        "资产处置收益_万元": -0.001,
        "营业总支出_万元": null,
        "营业利润_万元": 7270.59184,
        "营业外收入_万元": 5.675506,
        "营业外支出_万元": 257.48973,
        "利润总额_万元": 7018.777616,
        "所得税费用_万元": 1134.639134,
        "净利润_万元": 5884.138482,
        "归母净利润_万元": 5711.182108,
        "少数股东损益_万元": 172.956374,
        "持续经营净利润_万元": 5884.138482,
        "终止经营净利润_万元": null,
        "其他综合收益_万元": -1.336608,
        "综合收益总额_万元": 5882.801874,
        "归母综合收益总额_万元": 5710.246482
    },
    "现金流量表": {
        "销售商品收到现金_万元": 66916.7211,
        "收到的税费返还_万元": null,
        "收到其他经营活动现金_万元": 7157.716024,
        "经营活动现金流入_万元": 74074.437124,
        "购买商品支付现金_万元": 18301.471035,
        "支付职工现金_万元": 14674.140257,
        "支付税费_万元": 8732.677404,
        "支付其他经营活动现金_万元": 22195.091477,
        "经营活动现金流出_万元": 63903.380173,
        "经营现金流净额_万元": 10171.056951,
        "经营现金流净额同比增长_百分比": -50.21,
        "收回投资现金_万元": 155498.3011,
        "取得投资收益现金_万元": 1182.172523,
        "处置资产收回现金_万元": null,
        "收到其他投资活动现金_万元": null,
        "投资活动现金流入_万元": 156680.473623,
        "投资支付现金_万元": 176000.0,
        "购建资产支付现金_万元": 709.162609,
        "支付其他投资活动现金_万元": null,
        "投资活动现金流出_万元": 176709.162609,
        "投资现金流净额_万元": -20028.688986,
        "吸收投资现金_万元": null,
        "取得借款现金_万元": null,
        "收到其他筹资活动现金_万元": null,
        "筹资活动现金流入_万元": null,
        "偿还债务现金_万元": null,
        "分配股利现金_万元": 9.22639,
        "支付其他筹资活动现金_万元": 163.514482,
        "筹资活动现金流出_万元": 163.514482,
        "融资现金流净额_万元": -163.514482,
        "汇率变动影响_万元": -1.910962,
        "现金及等价物净增加额_万元": -10023.057479,
        "净现金流_元": -100230574.79,
        "净现金流同比增长_百分比": null,
        "期初现金及等价物_万元": 103796.069851,
        "期末现金及等价物_万元": 93773.012372,
        "经营现金流占比_百分比": null,
        "投资现金流占比_百分比": null,
        "融资现金流占比_百分比": null
    }
}