{
    "报告信息": {
        "序号": null,
        "股票代码": "002737",
        "股票简称": "葵花药业",
        "报告年份": "2024",
        "报告期": "FY",
        "总股本_股": 584000000,
        "流通股本_股": null,
        "报告日期": null,
        "审计意见": "标准的无保留意见",
        "会计师事务所": "立信会计师事务所（特殊普通合伙）"
    },
    "核心业绩指标": {
        "每股收益_元": 0.84,
        "稀释每股收益_元": 0.84,
        "营业总收入_万元": 337704.767727,
        "营业总收入_亿元": 33.7704767727,
        "营收同比增长_百分比": -40.76,
        "营收环比增长_百分比": null,
        "净利润_万元": 50273.15083,
        "净利润_亿元": 5.027315083,
        "净利润同比增长_百分比": -56.03,
        "净利润环比增长_百分比": null,
        "归母净利润_万元": 49204.542413,
        "少数股东损益_万元": 1068.608417,
        "每股净资产_元": 7.5,
        "净资产收益率_百分比": 10.76,
        "扣非净资产收益率_百分比": 7.54,
        "每股经营现金流_元": -0.527,
        "扣非净利润_万元": 34471.874645,
        "扣非净利润同比增长_百分比": -65.65,
        "销售毛利率_百分比": 44.86,
        "销售净利率_百分比": 14.89,
        "加权平均净资产收益率_百分比": 10.76,
        "扣非加权净资产收益率_百分比": 7.54,
        "总资产收益率_百分比": null,
        "主营业务收入_万元": 336210.646135,
        "主营业务成本_万元": 184567.639305,
        "主营业务利润_万元": null
    },
    "资产负债表": {
        "货币资金_万元": 104022.890813,
        "应收账款_万元": 20774.041862,
        "应收票据_万元": 744.963147,
        "应收款项融资_万元": 36974.416458,
        "预付款项_万元": 5625.973601,
        "其他应收款_万元": 1494.996636,
        "存货_万元": 86731.079853,
        "合同资产_万元": null,
        "一年内到期的非流动资产_万元": null,
        "其他流动资产_万元": 6161.233236,
        "流动资产合计_万元": 388559.309144,
        "交易性金融资产_万元": 125825.66,
        "债权投资_万元": null,
        "其他债权投资_万元": null,
        "长期应收款_万元": null,
        "长期股权投资_万元": 4319.336708,
        "其他权益工具投资_万元": 283.2084,
        "投资性房地产_万元": 4121.156337,
        "固定资产_万元": 127054.032586,
        "在建工程_万元": 3083.554791,
        "生产性生物资产_万元": null,
        "油气资产_万元": null,
        "使用权资产_万元": 962.435814,
        "无形资产_万元": 33264.476573,
        "开发支出_万元": null,
        "商誉_万元": 8697.612804,
        "长期待摊费用_万元": 1003.378582,
        "递延所得税资产_万元": 3762.148424,
        "其他非流动资产_万元": 2367.757988,
        "非流动资产合计_万元": 194028.287629,
        "总资产_万元": 582587.596773,
        "总资产同比增长_百分比": -15.35,
        "短期借款_万元": 2.209347,
        "交易性金融负债_万元": null,
        "应付票据_万元": null,
        "应付账款_万元": 31904.938233,
        "预收款项_万元": 160.12232,
        "合同负债_万元": 28407.867084,
        "应付职工薪酬_万元": 16528.663667,
        "应交税费_万元": 4629.485472,
        "其他应付款_万元": 19827.823584,
        "一年内到期的非流动负债_万元": 494.60856,
        "其他流动负债_万元": 766.42282,
        "流动负债合计_万元": 102752.625087,
        "长期借款_万元": null,
        "应付债券_万元": null,
        "租赁负债_万元": 402.638006,
        "长期应付款_万元": null,
        "预计负债_万元": null,
        "递延收益_万元": 19937.162541,
        "递延所得税负债_万元": 495.250212,
        "其他非流动负债_万元": null,
        "非流动负债合计_万元": 20835.050759,
        "总负债_万元": 123587.675846,
        "总负债同比增长_百分比": null,
        "资产负债率_百分比": 21.23,
        "实收资本_万元": null,
        "资本公积_万元": 91842.840613,
        "盈余公积_万元": 29986.650183,
        "未分配利润_万元": 256767.906609,
        "其他综合收益_万元": 16.372559,
        "专项储备_万元": 932.846532,
        "归属于母公司所有者权益合计_万元": 437913.871378,
        "少数股东权益_万元": 21086.049549,
        "股东权益合计_万元": 458999.920927
    },
    "利润表": {
        "营业总收入_万元": 337704.767727,
        "营业收入_万元": 337704.767727,
        "营业总收入同比增长_百分比": -40.76,
        "营业成本_万元": 186097.457518,
        "税金及附加_万元": 4935.654945,
        "销售费用_万元": 43100.620826,
        "管理费用_万元": 42306.939092,
        "研发费用_万元": 12412.957453,
        "财务费用_万元": -2309.909016,
        "其中利息费用_万元": 356.242406,
        "其中利息收入_万元": 2727.7742,
        "其他收益_万元": 17573.619702,
        "投资收益_万元": 2493.16966,
        "其中对联营企业投资收益_万元": -222.501185,
        "公允价值变动收益_万元": -1298.53793,
        "信用减值损失_万元": -587.940757,
        "资产减值损失_万元": -5693.00451,
        "资产处置收益_万元": -24.015099,
        "营业总支出_万元": null,
        "营业利润_万元": 63624.337975,
        "营业外收入_万元": 715.970078,
        "营业外支出_万元": 891.555198,
        "利润总额_万元": 63448.752855,
        "所得税费用_万元": 13175.602025,
        "净利润_万元": 50273.15083,
        "归母净利润_万元": 49204.542413,
        "少数股东损益_万元": 1068.608417,
        "持续经营净利润_万元": 50273.15083,
        "终止经营净利润_万元": null,
        "其他综合收益_万元": 12.271896,
        "综合收益总额_万元": 50285.422726,
        "归母综合收益总额_万元": 49213.13274
    },
    "现金流量表": {
        "销售商品收到现金_万元": 311800.7102,
        "收到的税费返还_万元": null,
        "收到其他经营活动现金_万元": 19059.646627,
        "经营活动现金流入_万元": 330860.356827,
        "购买商品支付现金_万元": 160833.330542,
        "支付职工现金_万元": 64621.944965,
        "支付税费_万元": 45928.852145,
        "支付其他经营活动现金_万元": 90224.242898,
        "经营活动现金流出_万元": 361608.37055,
        "经营现金流净额_万元": -30748.013723,
        "经营现金流净额同比增长_百分比": -134.56,
        "收回投资现金_万元": 489052.6609,
        "取得投资收益现金_万元": 3447.188406,
        "处置资产收回现金_万元": 32.8042,
        "收到其他投资活动现金_万元": null,
        "投资活动现金流入_万元": 492532.653506,
        "投资支付现金_万元": 483000.0,
        "购建资产支付现金_万元": 9278.912931,
        "支付其他投资活动现金_万元": null,
        "投资活动现金流出_万元": 492278.912931,
        "投资现金流净额_万元": 253.740575,
        "吸收投资现金_万元": null,
        "取得借款现金_万元": null,
        "收到其他筹资活动现金_万元": 2.209347,
        "筹资活动现金流入_万元": 2.209347,
        "偿还债务现金_万元": 1000.0,
        "分配股利现金_万元": 92583.045858,
        "支付其他筹资活动现金_万元": 669.804221,
        "筹资活动现金流出_万元": 94252.850079,
        "融资现金流净额_万元": -94250.640732,
        "汇率变动影响_万元": null,
        "现金及等价物净增加额_万元": -124774.450738,
        "净现金流_元": null,
        "净现金流同比增长_百分比": -1007.49,
        "期初现金及等价物_万元": 228570.541954,
        "期末现金及等价物_万元": 103796.069851,
        "经营现金流占比_百分比": null,
        "投资现金流占比_百分比": null,
        "融资现金流占比_百分比": null
    }
}