{
    "报告信息": {
        "序号": null,
        "股票代码": "002424",
        "股票简称": "贵州百灵",
        "报告年份": "2023",
        "报告期": "Q3",
        "总股本_股": 1411200000,
        "流通股本_股": null,
        "报告日期": "2023-09-30",
        "审计意见": "未经审计",
        "会计师事务所": null
    },
    "核心业绩指标": {
        "每股收益_元": 0.1,
        "稀释每股收益_元": 0.1,
        "营业总收入_万元": 280973.5241,
        "营业总收入_亿元": 28.09735241,
        "营收同比增长_百分比": 33.88,
        "营收环比增长_百分比": null,
        "净利润_万元": 14088.1461,
        "净利润_亿元": 1.40881461,
        "净利润同比增长_百分比": 40.21,
        "净利润环比增长_百分比": null,
        "归母净利润_万元": 14048.0632,
        "少数股东损益_万元": 40.0828,
        "每股净资产_元": 2.86,
        "净资产收益率_百分比": 3.52,
        "扣非净资产收益率_百分比": null,
        "每股经营现金流_元": -0.05,
        "扣非净利润_万元": 13433.2464,
        "扣非净利润同比增长_百分比": 124.1,
        "销售毛利率_百分比": null,
        "销售净利率_百分比": null,
        "加权平均净资产收益率_百分比": 3.52,
        "扣非加权净资产收益率_百分比": null,
        "总资产收益率_百分比": null,
        "主营业务收入_万元": 280973.5241,
        "主营业务成本_万元": 123226.3699,
        "主营业务利润_万元": null
    },
    "资产负债表": {
        "货币资金_万元": 30613.5983,
        "应收账款_万元": 187811.9766,
        "应收票据_万元": null,
        "应收款项融资_万元": 36231.6181,
        "预付款项_万元": 3092.1889,
        "其他应收款_万元": 29965.88,
        "存货_万元": 117727.0721,
        "合同资产_万元": null,
        "一年内到期的非流动资产_万元": null,
        "其他流动资产_万元": 3823.9575,
        "流动资产合计_万元": 409266.2914,
        "交易性金融资产_万元": null,
        "债权投资_万元": null,
        "其他债权投资_万元": null,
        "长期应收款_万元": null,
        "长期股权投资_万元": 104759.5872,
        "其他权益工具投资_万元": null,
        "投资性房地产_万元": 2343.9542,
        "固定资产_万元": 79954.6333,
        "在建工程_万元": 23306.2187,
        "生产性生物资产_万元": 583.2227,
        "油气资产_万元": null,
        "使用权资产_万元": 4201.7092,
        "无形资产_万元": 18721.4711,
        "开发支出_万元": 15296.1337,
        "商誉_万元": 2137.8058,
        "长期待摊费用_万元": 2137.695,
        "递延所得税资产_万元": 8823.6224,
        "其他非流动资产_万元": 8504.1865,
        "非流动资产合计_万元": 306505.516,
        "总资产_万元": 715771.8074,
        "总资产同比增长_百分比": 3.82,
        "短期借款_万元": 153576.7054,
        "交易性金融负债_万元": null,
        "应付票据_万元": 0,
        "应付账款_万元": 70712.7187,
        "预收款项_万元": null,
        "合同负债_万元": 6865.9108,
        "应付职工薪酬_万元": 1189.4088,
        "应交税费_万元": 5918.6027,
        "其他应付款_万元": 24236.1419,
        "一年内到期的非流动负债_万元": 4619.9218,
        "其他流动负债_万元": 13454.2909,
        "流动负债合计_万元": 280573.7009,
        "长期借款_万元": 20020.9722,
        "应付债券_万元": null,
        "租赁负债_万元": 4120.1437,
        "长期应付款_万元": 0,
        "预计负债_万元": null,
        "递延收益_万元": 3416.458,
        "递延所得税负债_万元": 2709.6613,
        "其他非流动负债_万元": null,
        "非流动负债合计_万元": 30267.2352,
        "总负债_万元": 310840.9362,
        "总负债同比增长_百分比": null,
        "资产负债率_百分比": 43.43,
        "实收资本_万元": 141120.0,
        "资本公积_万元": 14197.718,
        "盈余公积_万元": 36865.6468,
        "未分配利润_万元": 231445.1672,
        "其他综合收益_万元": 6.5005,
        "专项储备_万元": null,
        "归属于母公司所有者权益合计_万元": 403614.3633,
        "少数股东权益_万元": 1316.5079,
        "股东权益合计_万元": 404930.8
    },
    "利润表": {
        "营业总收入_万元": 280973.5241,
        "营业收入_万元": 280973.5241,
        "营业总收入同比增长_百分比": 33.88,
        "营业成本_万元": 123226.3699,
        "税金及附加_万元": 3458.885,
        "销售费用_万元": 112309.7021,
        "管理费用_万元": 17605.9643,
        "研发费用_万元": 2332.0726,
        "财务费用_万元": 6144.8301,
        "其中利息费用_万元": 6247.2554,
        "其中利息收入_万元": 245.43197,
        "其他收益_万元": 2957.7807,
        "投资收益_万元": -755.9664,
        "其中对联营企业投资收益_万元": -1374.1397,
        "公允价值变动收益_万元": null,
        "信用减值损失_万元": -1347.7802,
        "资产减值损失_万元": null,
        "资产处置收益_万元": 113.8486,
        "营业总支出_万元": 265077.824,
        "营业利润_万元": 16863.5828,
        "营业外收入_万元": 154.0648,
        "营业外支出_万元": 66.8685,
        "利润总额_万元": 16950.779,
        "所得税费用_万元": 2862.6329,
        "净利润_万元": 14088.1461,
        "归母净利润_万元": 14048.0632,
        "少数股东损益_万元": 40.0828,
        "持续经营净利润_万元": 14088.1461,
        "终止经营净利润_万元": null,
        "其他综合收益_万元": 1.3968,
        "综合收益总额_万元": 14089.5429,
        "归母综合收益总额_万元": 14049.4601
    },
    "现金流量表": {
        "销售商品收到现金_万元": 270238.8367,
        "收到的税费返还_万元": 150.7608,
        "收到其他经营活动现金_万元": 6879.2936,
        "经营活动现金流入_万元": 277268.8912,
        "购买商品支付现金_万元": 89593.4778,
        "支付职工现金_万元": 44324.269,
        "支付税费_万元": 33486.7558,
        "支付其他经营活动现金_万元": 117450.6075,
        "经营活动现金流出_万元": 284855.11,
        "经营现金流净额_万元": -7586.2188,
        "经营现金流净额同比增长_百分比": -182.01,
        "收回投资现金_万元": null,
        "取得投资收益现金_万元": 618.1733,
        "处置资产收回现金_万元": 1.18,
        "收到其他投资活动现金_万元": 15337.538,
        "投资活动现金流入_万元": 15956.9115,
        "投资支付现金_万元": 429.253,
        "购建资产支付现金_万元": 13475.3661,
        "支付其他投资活动现金_万元": 10950.0,
        "投资活动现金流出_万元": 24854.6191,
        "投资现金流净额_万元": -8897.7277,
        "吸收投资现金_万元": null,
        "取得借款现金_万元": 156860.0,
        "收到其他筹资活动现金_万元": 12.0,
        "筹资活动现金流入_万元": 156872.0,
        "偿还债务现金_万元": 146060.0,
        "分配股利现金_万元": 6007.9369,
        "支付其他筹资活动现金_万元": 13082.7227,
        "筹资活动现金流出_万元": 165150.6596,
        "融资现金流净额_万元": -8278.6596,
        "汇率变动影响_万元": -0.0006,
        "现金及等价物净增加额_万元": -24762.6068,
        "净现金流_元": -247626068.0,
        "净现金流同比增长_百分比": null,
        "期初现金及等价物_万元": 52675.5703,
        "期末现金及等价物_万元": 27912.9635,
        "经营现金流占比_百分比": null,
        "投资现金流占比_百分比": null,
        "融资现金流占比_百分比": null
    }
}