{
    "报告信息": {
        "序号": null,
        "股票代码": "002424",
        "股票简称": "贵州百灵",
        "报告年份": "2023",
        "报告期": "年度",
        "总股本_股": 1411200000,
        "流通股本_股": 1197791112,
        "报告日期": null,
        "审计意见": "保留意见",
        "会计师事务所": "天健会计师事务所（特殊普通合伙）",
        "期": "FY"
    },
    "核心业绩指标": {
        "每股收益_元": -0.3,
        "稀释每股收益_元": -0.3,
        "营业总收入_万元": 426297.144021,
        "营业总收入_亿元": 42.6297144021,
        "营收同比增长_百分比": 20.42,
        "营收环比增长_百分比": null,
        "净利润_万元": -41246.403348,
        "净利润_亿元": -4.1246403348,
        "净利润同比增长_百分比": -399.34,
        "净利润环比增长_百分比": null,
        "归母净利润_万元": -41451.122117,
        "少数股东损益_万元": 204.718769,
        "每股净资产_元": null,
        "净资产收益率_百分比": -11.17,
        "扣非净资产收益率_百分比": null,
        "每股经营现金流_元": null,
        "扣非净利润_万元": null,
        "扣非净利润同比增长_百分比": -626.87,
        "销售毛利率_百分比": null,
        "销售净利率_百分比": null,
        "加权平均净资产收益率_百分比": -11.17,
        "扣非加权净资产收益率_百分比": null,
        "总资产收益率_百分比": null,
        "主营业务收入_万元": 425566.15317,
        "主营业务成本_万元": 190577.406516,
        "主营业务利润_万元": null
    },
    "资产负债表": {
        "货币资金_万元": 41793.853762,
        "应收账款_万元": 173081.163987,
        "应收票据_万元": null,
        "应收款项融资_万元": 47146.81325,
        "预付款项_万元": 3611.586694,
        "其他应收款_万元": 15994.777416,
        "存货_万元": 116368.318716,
        "合同资产_万元": null,
        "一年内到期的非流动资产_万元": null,
        "其他流动资产_万元": 3408.342576,
        "流动资产合计_万元": 401404.856401,
        "交易性金融资产_万元": null,
        "债权投资_万元": null,
        "其他债权投资_万元": null,
        "长期应收款_万元": null,
        "长期股权投资_万元": 108573.039079,
        "其他权益工具投资_万元": 35588.35,
        "投资性房地产_万元": 2255.25308,
        "固定资产_万元": 87848.353615,
        "在建工程_万元": 25807.203601,
        "生产性生物资产_万元": 279.110525,
        "油气资产_万元": null,
        "使用权资产_万元": 4905.030996,
        "无形资产_万元": 19725.062604,
        "开发支出_万元": 16186.856317,
        "商誉_万元": 2137.805777,
        "长期待摊费用_万元": 2016.945117,
        "递延所得税资产_万元": 19219.933942,
        "其他非流动资产_万元": 8960.332499,
        "非流动资产合计_万元": 333503.277152,
        "总资产_万元": 734908.133553,
        "总资产同比增长_百分比": 6.59,
        "短期借款_万元": 143601.761252,
        "交易性金融负债_万元": null,
        "应付票据_万元": null,
        "应付账款_万元": 90477.029056,
        "预收款项_万元": null,
        "合同负债_万元": 9275.069562,
        "应付职工薪酬_万元": 2517.545297,
        "应交税费_万元": 5307.245385,
        "其他应付款_万元": 86069.739548,
        "一年内到期的非流动负债_万元": 3832.837487,
        "其他流动负债_万元": 10575.072169,
        "流动负债合计_万元": 351656.299756,
        "长期借款_万元": 19977.652778,
        "应付债券_万元": null,
        "租赁负债_万元": 3945.83543,
        "长期应付款_万元": null,
        "预计负债_万元": null,
        "递延收益_万元": 3495.717101,
        "递延所得税负债_万元": 3107.794977,
        "其他非流动负债_万元": null,
        "非流动负债合计_万元": 30527.000286,
        "总负债_万元": 382183.300042,
        "总负债同比增长_百分比": null,
        "资产负债率_百分比": null,
        "实收资本_万元": 141120.0,
        "资本公积_万元": 17404.093391,
        "盈余公积_万元": 36864.673746,
        "未分配利润_万元": 175860.547053,
        "其他综合收益_万元": 7.019275,
        "专项储备_万元": null,
        "归属于母公司所有者权益合计_万元": 351235.664312,
        "少数股东权益_万元": 1489.169199,
        "股东权益合计_万元": 352724.833511
    },
    "利润表": {
        "营业总收入_万元": 426297.144021,
        "营业收入_万元": 426297.144021,
        "营业总收入同比增长_百分比": 20.42,
        "营业成本_万元": 190577.406516,
        "税金及附加_万元": 4983.09309,
        "销售费用_万元": 231079.469552,
        "管理费用_万元": 24919.292164,
        "研发费用_万元": 4204.039854,
        "财务费用_万元": 8658.676397,
        "其中利息费用_万元": 8572.392585,
        "其中利息收入_万元": 653.752333,
        "其他收益_万元": 3250.68296,
        "投资收益_万元": -981.864513,
        "其中对联营企业投资收益_万元": -1522.485837,
        "公允价值变动收益_万元": 551.756072,
        "信用减值损失_万元": -8551.687132,
        "资产减值损失_万元": -4699.567982,
        "资产处置收益_万元": 113.852762,
        "营业总支出_万元": null,
        "营业利润_万元": -48441.661385,
        "营业外收入_万元": 172.484092,
        "营业外支出_万元": 1037.762244,
        "利润总额_万元": -49306.939537,
        "所得税费用_万元": -8060.536189,
        "净利润_万元": -41246.403348,
        "归母净利润_万元": -41451.122117,
        "少数股东损益_万元": 204.718769,
        "持续经营净利润_万元": -41246.403348,
        "终止经营净利润_万元": null,
        "其他综合收益_万元": 1.915564,
        "综合收益总额_万元": -41244.487784,
        "归母综合收益总额_万元": -41449.206553
    },
    "现金流量表": {
        "销售商品收到现金_万元": 410735.385334,
        "收到的税费返还_万元": 1152.821269,
        "收到其他经营活动现金_万元": 12642.444043,
        "经营活动现金流入_万元": 424530.650646,
        "经营活动现金流出_万元": 411953.944799,
        "经营现金流净额_万元": 12576.705847,
        "经营现金流净额同比增长_百分比": -74.95,
        "收回投资现金_万元": 1631.826072,
        "取得投资收益现金_万元": 872.690976,
        "处置资产收回现金_万元": 145.88,
        "收到其他投资活动现金_万元": 4720.0,
        "投资活动现金流入_万元": 7370.397048,
        "投资活动现金流出_万元": 10853.526064,
        "投资现金流净额_万元": -3483.129016,
        "吸收投资现金_万元": 42.9955,
        "取得借款现金_万元": null,
        "收到其他筹资活动现金_万元": null,
        "筹资活动现金流入_万元": 169851.078464,
        "偿还债务现金_万元": 168210.0,
        "分配股利现金_万元": 8054.206156,
        "支付其他筹资活动现金_万元": 15067.799142,
        "筹资活动现金流出_万元": 191332.005298,
        "融资现金流净额_万元": -21480.926834,
        "汇率变动影响_万元": -0.000782,
        "现金及等价物净增加额_万元": -12387.350785,
        "净现金流_元": null,
        "净现金流同比增长_百分比": -159.75,
        "期初现金及等价物_万元": 52675.570278,
        "期末现金及等价物_万元": 40288.219493,
        "经营现金流占比_百分比": null,
        "投资现金流占比_百分比": null,
        "融资现金流占比_百分比": null
    }
}