{
    "报告信息": {
        "序号": null,
        "股票代码": "002424",
        "股票简称": "贵州百灵",
        "报告年份": "2025",
        "报告期": "HY",
        "总股本_股": 1397598400,
        "流通股本_股": 1213214512,
        "报告日期": null,
        "审计意见": "未经审计",
        "会计师事务所": null
    },
    "核心业绩指标": {
        "每股收益_元": 0.04,
        "稀释每股收益_元": 0.04,
        "营业总收入_万元": 146197.744993,
        "营业总收入_亿元": 14.6197744993,
        "营收同比增长_百分比": -31.77,
        "营收环比增长_百分比": null,
        "净利润_万元": 5243.592696,
        "净利润_亿元": 0.5243592696,
        "净利润同比增长_百分比": -37.73,
        "净利润环比增长_百分比": null,
        "归母净利润_万元": 5183.464977,
        "少数股东损益_万元": 60.127719,
        "每股净资产_元": null,
        "净资产收益率_百分比": null,
        "扣非净资产收益率_百分比": null,
        "每股经营现金流_元": null,
        "扣非净利润_万元": 1384.57662,
        "扣非净利润同比增长_百分比": -57.48,
        "销售毛利率_百分比": null,
        "销售净利率_百分比": null,
        "加权平均净资产收益率_百分比": 1.62,
        "扣非加权净资产收益率_百分比": null,
        "总资产收益率_百分比": null,
        "主营业务收入_万元": 146197.744993,
        "主营业务成本_万元": 69450.084712,
        "主营业务利润_万元": null
    },
    "资产负债表": {
        "货币资金_万元": 49162.507063,
        "应收账款_万元": 139558.430102,
        "应收票据_万元": 0.0,
        "应收款项融资_万元": 39768.926799,
        "预付款项_万元": 6800.463264,
        "其他应收款_万元": 8029.406275,
        "存货_万元": 87143.531825,
        "合同资产_万元": null,
        "一年内到期的非流动资产_万元": null,
        "其他流动资产_万元": 7151.763418,
        "流动资产合计_万元": 337615.028746,
        "交易性金融资产_万元": 0.0,
        "债权投资_万元": null,
        "其他债权投资_万元": null,
        "长期应收款_万元": null,
        "长期股权投资_万元": 101534.704372,
        "其他权益工具投资_万元": null,
        "投资性房地产_万元": 1856.097878,
        "固定资产_万元": 95399.445869,
        "在建工程_万元": 35305.532428,
        "生产性生物资产_万元": null,
        "油气资产_万元": null,
        "使用权资产_万元": 2669.50419,
        "无形资产_万元": 20514.207497,
        "开发支出_万元": 21174.542856,
        "商誉_万元": 2137.805777,
        "长期待摊费用_万元": 1467.305967,
        "递延所得税资产_万元": 21827.313465,
        "其他非流动资产_万元": 11009.233598,
        "非流动资产合计_万元": 348735.339379,
        "总资产_万元": 686350.368125,
        "总资产同比增长_百分比": -3.8,
        "短期借款_万元": 152326.418422,
        "交易性金融负债_万元": 0.0,
        "应付票据_万元": 0.0,
        "应付账款_万元": 67788.613422,
        "预收款项_万元": 0.0,
        "合同负债_万元": 7022.532242,
        "应付职工薪酬_万元": 412.4157,
        "应交税费_万元": 4070.169308,
        "其他应付款_万元": 88545.014376,
        "一年内到期的非流动负债_万元": 10638.227305,
        "其他流动负债_万元": 5120.339038,
        "流动负债合计_万元": 335923.729813,
        "长期借款_万元": 14012.055556,
        "应付债券_万元": null,
        "租赁负债_万元": 1854.961039,
        "长期应付款_万元": null,
        "预计负债_万元": null,
        "递延收益_万元": 6529.929656,
        "递延所得税负债_万元": 357.178793,
        "其他非流动负债_万元": null,
        "非流动负债合计_万元": 22754.125044,
        "总负债_万元": 358677.854857,
        "总负债同比增长_百分比": null,
        "资产负债率_百分比": null,
        "实收资本_万元": 139759.84,
        "资本公积_万元": 11257.647439,
        "盈余公积_万元": 36864.673746,
        "未分配利润_万元": 159887.663292,
        "其他综合收益_万元": -1.613554,
        "专项储备_万元": 0.0,
        "归属于母公司所有者权益合计_万元": 325808.82521,
        "少数股东权益_万元": 1863.688058,
        "股东权益合计_万元": 327672.513268
    },
    "利润表": {
        "营业总收入_万元": 146197.744993,
        "营业收入_万元": 146197.744993,
        "营业总收入同比增长_百分比": -31.77,
        "营业成本_万元": 69450.084712,
        "税金及附加_万元": 2316.220602,
        "销售费用_万元": 49868.983419,
        "管理费用_万元": 10156.588138,
        "研发费用_万元": 1224.730394,
        "财务费用_万元": 3322.855746,
        "其中利息费用_万元": 3210.356882,
        "其中利息收入_万元": 73.997046,
        "其他收益_万元": 5642.913794,
        "投资收益_万元": -1425.606362,
        "其中对联营企业投资收益_万元": -1387.418948,
        "公允价值变动收益_万元": 0.0,
        "信用减值损失_万元": 540.746252,
        "资产减值损失_万元": -2867.396539,
        "资产处置收益_万元": -14.731976,
        "营业总支出_万元": 136339.463011,
        "营业利润_万元": 11734.207151,
        "营业外收入_万元": 67.257204,
        "营业外支出_万元": 699.402754,
        "利润总额_万元": 11102.061601,
        "所得税费用_万元": 5858.468905,
        "净利润_万元": 5243.592696,
        "归母净利润_万元": 5183.464977,
        "少数股东损益_万元": 60.127719,
        "持续经营净利润_万元": 5243.592696,
        "终止经营净利润_万元": 0.0,
        "其他综合收益_万元": -4.249375,
        "综合收益总额_万元": 5239.343321,
        "归母综合收益总额_万元": 5179.215602
    },
    "现金流量表": {
        "销售商品收到现金_万元": 155141.910004,
        "收到的税费返还_万元": 0.0,
        "收到其他经营活动现金_万元": 7872.988326,
        "经营活动现金流入_万元": 163014.89833,
        "购买商品支付现金_万元": 40749.660726,
        "支付职工现金_万元": 31531.29515,
        "支付税费_万元": 18904.050201,
        "支付其他经营活动现金_万元": 46889.454517,
        "经营活动现金流出_万元": 138079.960594,
        "经营现金流净额_万元": 24934.937736,
        "经营现金流净额同比增长_百分比": 921.03,
        "收回投资现金_万元": 224.158742,
        "取得投资收益现金_万元": 3.758319,
        "处置资产收回现金_万元": 17.597913,
        "收到其他投资活动现金_万元": null,
        "投资活动现金流入_万元": 245.514974,
        "投资支付现金_万元": 1000.0,
        "购建资产支付现金_万元": 2898.562924,
        "支付其他投资活动现金_万元": null,
        "投资活动现金流出_万元": 3898.562924,
        "投资现金流净额_万元": -3653.04795,
        "吸收投资现金_万元": 0.0,
        "取得借款现金_万元": 106323.014949,
        "收到其他筹资活动现金_万元": null,
        "筹资活动现金流入_万元": 106323.014949,
        "偿还债务现金_万元": 109090.765214,
        "分配股利现金_万元": 3275.178403,
        "支付其他筹资活动现金_万元": 574.993446,
        "筹资活动现金流出_万元": 112940.937063,
        "融资现金流净额_万元": -6617.922114,
        "汇率变动影响_万元": -0.008679,
        "现金及等价物净增加额_万元": 14663.958993,
        "净现金流_元": null,
        "净现金流同比增长_百分比": 259.38,
        "期初现金及等价物_万元": 32338.54807,
        "期末现金及等价物_万元": 47002.507063,
        "经营现金流占比_百分比": null,
        "投资现金流占比_百分比": null,
        "融资现金流占比_百分比": null
    }
}