{
    "报告信息": {
        "序号": null,
        "股票代码": "002424",
        "股票简称": "贵州百灵",
        "报告年份": "2025",
        "报告期": "第三季度",
        "总股本_股": 1397598400,
        "流通股本_股": null,
        "报告日期": null,
        "审计意见": "未经审计",
        "会计师事务所": null,
        "期": "Q3"
    },
    "核心业绩指标": {
        "每股收益_元": 0.04,
        "稀释每股收益_元": 0.04,
        "营业总收入_万元": 210157.59226,
        "营业总收入_亿元": 21.015759226,
        "营收同比增长_百分比": -24.28,
        "营收环比增长_百分比": null,
        "净利润_万元": 5840.811103,
        "净利润_亿元": 0.5840811103,
        "净利润同比增长_百分比": -32.95,
        "净利润环比增长_百分比": null,
        "归母净利润_万元": 5681.443227,
        "少数股东损益_万元": 159.367876,
        "每股净资产_元": null,
        "净资产收益率_百分比": 1.77,
        "扣非净资产收益率_百分比": null,
        "每股经营现金流_元": null,
        "扣非净利润_万元": 2120.993184,
        "扣非净利润同比增长_百分比": -16.72,
        "销售毛利率_百分比": null,
        "销售净利率_百分比": null,
        "加权平均净资产收益率_百分比": 1.77,
        "扣非加权净资产收益率_百分比": null,
        "总资产收益率_百分比": null,
        "主营业务收入_万元": 210157.59226,
        "主营业务成本_万元": 98961.269663,
        "主营业务利润_万元": null
    },
    "资产负债表": {
        "货币资金_万元": 18165.497616,
        "应收账款_万元": 144006.794974,
        "应收票据_万元": 1716.203198,
        "应收款项融资_万元": 6445.913475,
        "预付款项_万元": 4221.488594,
        "其他应收款_万元": 8056.262834,
        "存货_万元": 91326.850296,
        "合同资产_万元": null,
        "一年内到期的非流动资产_万元": null,
        "其他流动资产_万元": 7478.259869,
        "流动资产合计_万元": 279701.067658,
        "交易性金融资产_万元": null,
        "债权投资_万元": null,
        "其他债权投资_万元": null,
        "长期应收款_万元": null,
        "长期股权投资_万元": 98721.07503,
        "其他权益工具投资_万元": null,
        "投资性房地产_万元": 1789.572011,
        "固定资产_万元": 120301.671726,
        "在建工程_万元": 13649.656514,
        "生产性生物资产_万元": null,
        "油气资产_万元": null,
        "使用权资产_万元": 2500.522296,
        "无形资产_万元": 20259.787368,
        "开发支出_万元": 21790.761101,
        "商誉_万元": 2137.805777,
        "长期待摊费用_万元": 1306.137382,
        "递延所得税资产_万元": 21784.138856,
        "其他非流动资产_万元": 11009.246272,
        "非流动资产合计_万元": 348909.818516,
        "总资产_万元": 628610.886174,
        "总资产同比增长_百分比": -11.9,
        "短期借款_万元": 97507.699671,
        "交易性金融负债_万元": null,
        "应付票据_万元": 5010.0,
        "应付账款_万元": 78917.338726,
        "预收款项_万元": null,
        "合同负债_万元": 10434.044877,
        "应付职工薪酬_万元": 500.956808,
        "应交税费_万元": 4030.593776,
        "其他应付款_万元": 77722.826591,
        "一年内到期的非流动负债_万元": 10673.770342,
        "其他流动负债_万元": 2951.636423,
        "流动负债合计_万元": 282738.867214,
        "长期借款_万元": 9006.558334,
        "应付债券_万元": null,
        "租赁负债_万元": 1741.565289,
        "长期应付款_万元": null,
        "预计负债_万元": null,
        "递延收益_万元": 6564.211255,
        "递延所得税负债_万元": 289.548236,
        "其他非流动负债_万元": null,
        "非流动负债合计_万元": 17601.883114,
        "总负债_万元": 300340.750328,
        "总负债同比增长_百分比": null,
        "资产负债率_百分比": null,
        "实收资本_万元": 139759.84,
        "资本公积_万元": 11257.647439,
        "盈余公积_万元": 36864.673746,
        "未分配利润_万元": 160385.641542,
        "其他综合收益_万元": -1.209383,
        "专项储备_万元": null,
        "归属于母公司所有者权益合计_万元": 326307.207631,
        "少数股东权益_万元": 1962.928215,
        "股东权益合计_万元": 328270.135846
    },
    "利润表": {
        "营业总收入_万元": 210157.59226,
        "营业收入_万元": 210157.59226,
        "营业总收入同比增长_百分比": -24.28,
        "营业成本_万元": 98961.269663,
        "税金及附加_万元": 3299.735392,
        "销售费用_万元": 69854.58425,
        "管理费用_万元": 15320.059618,
        "研发费用_万元": 2961.864418,
        "财务费用_万元": 4820.647205,
        "其中利息费用_万元": 4464.792853,
        "其中利息收入_万元": 83.115124,
        "其他收益_万元": 6288.1551,
        "投资收益_万元": -3221.992678,
        "其中对联营企业投资收益_万元": -3361.04829,
        "公允价值变动收益_万元": null,
        "信用减值损失_万元": 362.727231,
        "资产减值损失_万元": -3849.303408,
        "资产处置收益_万元": -14.727438,
        "营业总支出_万元": 195218.160546,
        "营业利润_万元": 14504.290521,
        "营业外收入_万元": 82.56064,
        "营业外支出_万元": 1689.044722,
        "利润总额_万元": 12897.806439,
        "所得税费用_万元": 7056.995336,
        "净利润_万元": 5840.811103,
        "归母净利润_万元": 5681.443227,
        "少数股东损益_万元": 159.367876,
        "持续经营净利润_万元": 5840.811103,
        "终止经营净利润_万元": null,
        "其他综合收益_万元": -3.845204,
        "综合收益总额_万元": 5836.965899,
        "归母综合收益总额_万元": 5677.598023
    },
    "现金流量表": {
        "销售商品收到现金_万元": 264730.485367,
        "收到的税费返还_万元": 9.746889,
        "收到其他经营活动现金_万元": 9707.227671,
        "经营活动现金流入_万元": 274437.713038,
        "购买商品支付现金_万元": 81745.079207,
        "支付职工现金_万元": 38016.869815,
        "支付税费_万元": 25530.147556,
        "支付其他经营活动现金_万元": 75575.02367,
        "经营活动现金流出_万元": 220867.120248,
        "经营现金流净额_万元": 53570.59279,
        "经营现金流净额同比增长_百分比": 1336.86,
        "收回投资现金_万元": 281.001133,
        "取得投资收益现金_万元": 843.758319,
        "处置资产收回现金_万元": 17.597913,
        "收到其他投资活动现金_万元": null,
        "投资活动现金流入_万元": 1142.357365,
        "投资支付现金_万元": 1000.0,
        "购建资产支付现金_万元": 3257.203476,
        "支付其他投资活动现金_万元": 1360.0,
        "投资活动现金流出_万元": 4257.203476,
        "投资现金流净额_万元": -3114.846111,
        "吸收投资现金_万元": null,
        "取得借款现金_万元": 111563.014949,
        "收到其他筹资活动现金_万元": 3.321055,
        "筹资活动现金流入_万元": 111563.014949,
        "偿还债务现金_万元": 172138.821881,
        "分配股利现金_万元": 4296.54552,
        "支付其他筹资活动现金_万元": 756.435846,
        "筹资活动现金流出_万元": 177191.803247,
        "融资现金流净额_万元": -65628.788298,
        "汇率变动影响_万元": null,
        "现金及等价物净增加额_万元": -15173.041619,
        "净现金流_元": -151730416.19,
        "净现金流同比增长_百分比": null,
        "期初现金及等价物_万元": 32338.54807,
        "期末现金及等价物_万元": 17165.497616,
        "经营现金流占比_百分比": null,
        "投资现金流占比_百分比": null,
        "融资现金流占比_百分比": null
    }
}