{
    "报告信息": {
        "序号": null,
        "股票代码": "002898",
        "股票简称": "赛隆药业",
        "报告年份": "2023",
        "报告期": "Q3",
        "总股本_股": 176000000,
        "流通股本_股": null,
        "报告日期": null,
        "审计意见": "未经审计",
        "会计师事务所": null
    },
    "核心业绩指标": {
        "每股收益_元": 0.0246,
        "稀释每股收益_元": 0.0246,
        "营业总收入_万元": 22537.784596,
        "营业总收入_亿元": 2.2537784596,
        "营收同比增长_百分比": 16.88,
        "营收环比增长_百分比": null,
        "净利润_万元": 432.420201,
        "净利润_亿元": 0.0432420201,
        "净利润同比增长_百分比": 154.81,
        "净利润环比增长_百分比": null,
        "归母净利润_万元": 432.420201,
        "少数股东损益_万元": null,
        "每股净资产_元": null,
        "净资产收益率_百分比": 0.82,
        "扣非净资产收益率_百分比": null,
        "每股经营现金流_元": null,
        "扣非净利润_万元": -217.166342,
        "扣非净利润同比增长_百分比": 69.52,
        "销售毛利率_百分比": null,
        "销售净利率_百分比": null,
        "加权平均净资产收益率_百分比": 0.82,
        "扣非加权净资产收益率_百分比": null,
        "总资产收益率_百分比": null,
        "主营业务收入_万元": 22537.784596,
        "主营业务成本_万元": 11056.064411,
        "主营业务利润_万元": null
    },
    "资产负债表": {
        "货币资金_万元": 2287.407113,
        "应收账款_万元": 2953.946739,
        "应收票据_万元": 1352.976027,
        "应收款项融资_万元": 1625.752,
        "预付款项_万元": 599.556158,
        "其他应收款_万元": 1672.376632,
        "存货_万元": 9389.723918,
        "合同资产_万元": null,
        "一年内到期的非流动资产_万元": null,
        "其他流动资产_万元": 254.96412,
        "流动资产合计_万元": 23136.702707,
        "交易性金融资产_万元": 3000.0,
        "债权投资_万元": null,
        "其他债权投资_万元": null,
        "长期应收款_万元": null,
        "长期股权投资_万元": null,
        "其他权益工具投资_万元": null,
        "投资性房地产_万元": 1453.572181,
        "固定资产_万元": 37140.468601,
        "在建工程_万元": 595.09464,
        "生产性生物资产_万元": null,
        "油气资产_万元": null,
        "使用权资产_万元": 28.84115,
        "无形资产_万元": 6481.736198,
        "开发支出_万元": 4171.039922,
        "商誉_万元": null,
        "长期待摊费用_万元": null,
        "递延所得税资产_万元": 883.346238,
        "其他非流动资产_万元": 431.322366,
        "非流动资产合计_万元": 58126.455572,
        "总资产_万元": 81263.158279,
        "总资产同比增长_百分比": -4.17,
        "短期借款_万元": 7000.0,
        "交易性金融负债_万元": null,
        "应付票据_万元": 657.903349,
        "应付账款_万元": 7407.159294,
        "预收款项_万元": 2.528815,
        "合同负债_万元": 1138.818986,
        "应付职工薪酬_万元": 938.612998,
        "应交税费_万元": 231.593328,
        "其他应付款_万元": null,
        "一年内到期的非流动负债_万元": 2166.45554,
        "其他流动负债_万元": 1292.455972,
        "流动负债合计_万元": 22238.927097,
        "长期借款_万元": 3050.0,
        "应付债券_万元": null,
        "租赁负债_万元": 73.814433,
        "长期应付款_万元": 1575.248693,
        "预计负债_万元": null,
        "递延收益_万元": 290.223501,
        "递延所得税负债_万元": 967.655141,
        "其他非流动负债_万元": null,
        "非流动负债合计_万元": 5956.941768,
        "总负债_万元": 28195.868865,
        "总负债同比增长_百分比": null,
        "资产负债率_百分比": null,
        "实收资本_万元": 17600.0,
        "资本公积_万元": 28846.940358,
        "盈余公积_万元": 1707.67871,
        "未分配利润_万元": 4912.670346,
        "其他综合收益_万元": null,
        "专项储备_万元": null,
        "归属于母公司所有者权益合计_万元": 53067.289414,
        "少数股东权益_万元": null,
        "股东权益合计_万元": 53067.289414
    },
    "利润表": {
        "营业总收入_万元": 22537.784596,
        "营业收入_万元": 22537.784596,
        "营业总收入同比增长_百分比": 16.88,
        "营业成本_万元": 11056.064411,
        "税金及附加_万元": 358.070009,
        "销售费用_万元": 5314.235087,
        "管理费用_万元": 3660.599535,
        "研发费用_万元": 2183.42308,
        "财务费用_万元": 494.600297,
        "其中利息费用_万元": 513.985144,
        "其中利息收入_万元": 31.006989,
        "其他收益_万元": 108.125113,
        "投资收益_万元": 17.820206,
        "其中对联营企业投资收益_万元": null,
        "公允价值变动收益_万元": 712.773532,
        "信用减值损失_万元": 938.25494,
        "资产减值损失_万元": -76.644463,
        "资产处置收益_万元": -30.940249,
        "营业总支出_万元": 23066.992419,
        "营业利润_万元": 1140.181256,
        "营业外收入_万元": 1.80438,
        "营业外支出_万元": 46.187076,
        "利润总额_万元": 1095.79856,
        "所得税费用_万元": 663.378359,
        "净利润_万元": 432.420201,
        "归母净利润_万元": 432.420201,
        "少数股东损益_万元": null,
        "持续经营净利润_万元": 432.420201,
        "终止经营净利润_万元": null,
        "其他综合收益_万元": null,
        "综合收益总额_万元": 432.420201,
        "归母综合收益总额_万元": 432.420201
    },
    "现金流量表": {
        "销售商品收到现金_万元": 21154.850449,
        "收到的税费返还_万元": 169.072238,
        "收到其他经营活动现金_万元": 722.021979,
        "经营活动现金流入_万元": 22045.944666,
        "购买商品支付现金_万元": 6689.084579,
        "支付职工现金_万元": 4949.943621,
        "支付税费_万元": 2634.35883,
        "支付其他经营活动现金_万元": 7489.307373,
        "经营活动现金流出_万元": 21762.694403,
        "经营现金流净额_万元": 283.250263,
        "经营现金流净额同比增长_百分比": 140.7,
        "收回投资现金_万元": 9500.2,
        "取得投资收益现金_万元": 19.016622,
        "处置资产收回现金_万元": 276.4884,
        "收到其他投资活动现金_万元": null,
        "投资活动现金流入_万元": 9826.711997,
        "投资支付现金_万元": 12500.2,
        "购建资产支付现金_万元": 1949.242387,
        "支付其他投资活动现金_万元": 0.120002,
        "投资活动现金流出_万元": 14449.562389,
        "投资现金流净额_万元": -4622.850392,
        "吸收投资现金_万元": null,
        "取得借款现金_万元": 8500.0,
        "收到其他筹资活动现金_万元": 3000.0,
        "筹资活动现金流入_万元": 11500.0,
        "偿还债务现金_万元": 11567.3513,
        "分配股利现金_万元": 395.856574,
        "支付其他筹资活动现金_万元": 770.072799,
        "筹资活动现金流出_万元": 12733.280673,
        "融资现金流净额_万元": -1233.280673,
        "汇率变动影响_万元": null,
        "现金及等价物净增加额_万元": null,
        "净现金流_元": null,
        "净现金流同比增长_百分比": null,
        "期初现金及等价物_万元": 7226.980486,
        "期末现金及等价物_万元": 2287.407113,
        "经营现金流占比_百分比": null,
        "投资现金流占比_百分比": null,
        "融资现金流占比_百分比": null
    }
}