{
    "报告信息": {
        "序号": null,
        "股票代码": "002898",
        "股票简称": "赛隆药业",
        "报告年份": "2024",
        "报告期": "Q3",
        "总股本_股": 176000000,
        "流通股本_股": null,
        "报告日期": "2024-09-30",
        "审计意见": "未经审计",
        "会计师事务所": null
    },
    "核心业绩指标": {
        "每股收益_元": -0.021,
        "稀释每股收益_元": -0.021,
        "营业总收入_万元": 21874.413656,
        "营业总收入_亿元": 2.1874413656,
        "营收同比增长_百分比": -2.94,
        "营收环比增长_百分比": null,
        "净利润_万元": -369.29814,
        "净利润_亿元": -0.036929814,
        "净利润同比增长_百分比": -185.4,
        "净利润环比增长_百分比": null,
        "归母净利润_万元": -369.29814,
        "少数股东损益_万元": 0.0,
        "每股净资产_元": null,
        "净资产收益率_百分比": null,
        "扣非净资产收益率_百分比": null,
        "每股经营现金流_元": null,
        "扣非净利润_万元": -405.803878,
        "扣非净利润同比增长_百分比": -86.86,
        "销售毛利率_百分比": null,
        "销售净利率_百分比": null,
        "加权平均净资产收益率_百分比": -0.69,
        "扣非加权净资产收益率_百分比": null,
        "总资产收益率_百分比": null,
        "主营业务收入_万元": 21874.413656,
        "主营业务成本_万元": 11935.837432,
        "主营业务利润_万元": null
    },
    "资产负债表": {
        "货币资金_万元": 5845.447712,
        "应收账款_万元": 8151.725358,
        "应收票据_万元": 1249.267601,
        "应收款项融资_万元": 862.934996,
        "预付款项_万元": 792.882418,
        "其他应收款_万元": 540.685084,
        "存货_万元": 8845.21192,
        "合同资产_万元": 0.0,
        "一年内到期的非流动资产_万元": 0.0,
        "其他流动资产_万元": 205.119531,
        "流动资产合计_万元": 27493.17462,
        "交易性金融资产_万元": 999.9,
        "债权投资_万元": 0.0,
        "其他债权投资_万元": 0.0,
        "长期应收款_万元": 163.43044,
        "长期股权投资_万元": 0.0,
        "其他权益工具投资_万元": 0.0,
        "投资性房地产_万元": 1849.332376,
        "固定资产_万元": 32476.417182,
        "在建工程_万元": 2593.079012,
        "生产性生物资产_万元": 0.0,
        "油气资产_万元": 0.0,
        "使用权资产_万元": 6450.556181,
        "无形资产_万元": 7026.96325,
        "开发支出_万元": 5015.393408,
        "商誉_万元": 0.0,
        "长期待摊费用_万元": 0.0,
        "递延所得税资产_万元": 128.286332,
        "其他非流动资产_万元": 421.193625,
        "非流动资产合计_万元": 56614.651806,
        "总资产_万元": 84107.826426,
        "总资产同比增长_百分比": 3.35,
        "短期借款_万元": 11827.085889,
        "交易性金融负债_万元": 0.0,
        "应付票据_万元": 0.0,
        "应付账款_万元": 6618.722081,
        "预收款项_万元": 0.0,
        "合同负债_万元": 1194.312285,
        "应付职工薪酬_万元": 501.218433,
        "应交税费_万元": 314.241057,
        "其他应付款_万元": 929.620107,
        "一年内到期的非流动负债_万元": 2558.277133,
        "其他流动负债_万元": 959.924243,
        "流动负债合计_万元": 24903.401228,
        "长期借款_万元": 3285.0,
        "应付债券_万元": 0.0,
        "租赁负债_万元": 33.437562,
        "长期应付款_万元": 1782.817529,
        "预计负债_万元": 0.0,
        "递延收益_万元": 273.405458,
        "递延所得税负债_万元": 962.894298,
        "其他非流动负债_万元": 0.0,
        "非流动负债合计_万元": 6337.554847,
        "总负债_万元": 31240.956075,
        "总负债同比增长_百分比": null,
        "资产负债率_百分比": null,
        "实收资本_万元": 17600.0,
        "资本公积_万元": 28846.940358,
        "盈余公积_万元": 1800.971723,
        "未分配利润_万元": 4618.95827,
        "其他综合收益_万元": 0.0,
        "专项储备_万元": 0.0,
        "归属于母公司所有者权益合计_万元": 52866.870351,
        "少数股东权益_万元": 0.0,
        "股东权益合计_万元": 52866.870351
    },
    "利润表": {
        "营业总收入_万元": 21874.413656,
        "营业收入_万元": 21874.413656,
        "营业总收入同比增长_百分比": -2.94,
        "营业成本_万元": 11935.837432,
        "税金及附加_万元": 336.248036,
        "销售费用_万元": 3883.392222,
        "管理费用_万元": 3556.310702,
        "研发费用_万元": 1862.074938,
        "财务费用_万元": 495.741244,
        "其中利息费用_万元": 498.344339,
        "其中利息收入_万元": 27.37593,
        "其他收益_万元": 156.993139,
        "投资收益_万元": 6.532175,
        "其中对联营企业投资收益_万元": 0.0,
        "公允价值变动收益_万元": 0.0,
        "信用减值损失_万元": -263.580852,
        "资产减值损失_万元": 10.360644,
        "资产处置收益_万元": -47.163318,
        "营业总支出_万元": 22069.604574,
        "营业利润_万元": -332.04913,
        "营业外收入_万元": 91.665985,
        "营业外支出_万元": 56.028784,
        "利润总额_万元": -296.411929,
        "所得税费用_万元": 72.886211,
        "净利润_万元": -369.29814,
        "归母净利润_万元": -369.29814,
        "少数股东损益_万元": 0.0,
        "持续经营净利润_万元": -369.29814,
        "终止经营净利润_万元": 0.0,
        "其他综合收益_万元": 0.0,
        "综合收益总额_万元": -369.29814,
        "归母综合收益总额_万元": -369.29814
    },
    "现金流量表": {
        "销售商品收到现金_万元": 13085.117726,
        "收到的税费返还_万元": 181.969747,
        "收到其他经营活动现金_万元": 391.42349,
        "经营活动现金流入_万元": 13658.510963,
        "购买商品支付现金_万元": 5897.277371,
        "支付职工现金_万元": 4796.980839,
        "支付税费_万元": 1825.397651,
        "支付其他经营活动现金_万元": 4312.109313,
        "经营活动现金流出_万元": 16831.765174,
        "经营现金流净额_万元": -3173.254211,
        "经营现金流净额同比增长_百分比": -1220.3,
        "收回投资现金_万元": 11594.676123,
        "取得投资收益现金_万元": 11.689258,
        "处置资产收回现金_万元": 1416.837456,
        "收到其他投资活动现金_万元": 0.0,
        "投资活动现金流入_万元": 13023.202837,
        "投资支付现金_万元": 12381.576123,
        "购建资产支付现金_万元": 1821.076388,
        "支付其他投资活动现金_万元": 0.229979,
        "投资活动现金流出_万元": 14202.88249,
        "投资现金流净额_万元": -1179.679653,
        "吸收投资现金_万元": 0.0,
        "取得借款现金_万元": 9825.072,
        "收到其他筹资活动现金_万元": 0.0,
        "筹资活动现金流入_万元": 9825.072,
        "偿还债务现金_万元": 6542.0,
        "分配股利现金_万元": 736.479499,
        "支付其他筹资活动现金_万元": 858.992541,
        "筹资活动现金流出_万元": 8137.47204,
        "融资现金流净额_万元": 1687.59996,
        "汇率变动影响_万元": 0.0,
        "现金及等价物净增加额_万元": -26.0,
        "净现金流_元": null,
        "净现金流同比增长_百分比": null,
        "期初现金及等价物_万元": 8711.867226,
        "期末现金及等价物_万元": 5845.447712,
        "经营现金流占比_百分比": null,
        "投资现金流占比_百分比": null,
        "融资现金流占比_百分比": null
    }
}