{
    "报告信息": {
        "序号": null,
        "股票代码": "002898",
        "股票简称": "赛隆药业",
        "报告年份": "2023",
        "报告期": "HY",
        "总股本_股": 176000000,
        "流通股本_股": 101262561,
        "报告日期": "2023-08-25",
        "审计意见": "未经审计",
        "会计师事务所": null
    },
    "核心业绩指标": {
        "每股收益_元": 0.017,
        "稀释每股收益_元": 0.017,
        "营业总收入_万元": 15678.329097,
        "营业总收入_亿元": 15.678329097,
        "营收同比增长_百分比": 19.35,
        "营收环比增长_百分比": null,
        "净利润_万元": 298.753779,
        "净利润_亿元": 0.298753779,
        "净利润同比增长_百分比": 184.08,
        "净利润环比增长_百分比": null,
        "归母净利润_万元": 298.753779,
        "少数股东损益_万元": 0.0,
        "每股净资产_元": 3.007,
        "净资产收益率_百分比": 0.57,
        "扣非净资产收益率_百分比": null,
        "每股经营现金流_元": 0.012,
        "扣非净利润_万元": -106.339507,
        "扣非净利润同比增长_百分比": 77.32,
        "销售毛利率_百分比": 53.16,
        "销售净利率_百分比": 1.91,
        "加权平均净资产收益率_百分比": 0.57,
        "扣非加权净资产收益率_百分比": null,
        "总资产收益率_百分比": 0.349,
        "主营业务收入_万元": 15174.172879,
        "主营业务成本_万元": 7287.097209,
        "主营业务利润_万元": 7887.07567
    },
    "资产负债表": {
        "货币资金_万元": 5867.913233,
        "应收账款_万元": 4723.85301,
        "应收票据_万元": 1708.156227,
        "应收款项融资_万元": 1965.233343,
        "预付款项_万元": 628.592083,
        "其他应收款_万元": 1696.16549,
        "存货_万元": 9307.530948,
        "合同资产_万元": 0.0,
        "一年内到期的非流动资产_万元": 0.0,
        "其他流动资产_万元": 179.493004,
        "流动资产合计_万元": 27576.937338,
        "交易性金融资产_万元": 1500.0,
        "债权投资_万元": 0.0,
        "其他债权投资_万元": 0.0,
        "长期应收款_万元": 0.0,
        "长期股权投资_万元": 0.0,
        "其他权益工具投资_万元": 0.0,
        "投资性房地产_万元": 1461.321466,
        "固定资产_万元": 37836.37738,
        "在建工程_万元": 357.24059,
        "生产性生物资产_万元": 0.0,
        "油气资产_万元": 0.0,
        "使用权资产_万元": 27.463651,
        "无形资产_万元": 6579.612516,
        "开发支出_万元": 3854.320235,
        "商誉_万元": 0.0,
        "长期待摊费用_万元": 0.0,
        "递延所得税资产_万元": 1082.51584,
        "其他非流动资产_万元": 294.38466,
        "非流动资产合计_万元": 58144.254992,
        "总资产_万元": 85721.19233,
        "总资产同比增长_百分比": 1.09,
        "短期借款_万元": 8000.0,
        "交易性金融负债_万元": 0.0,
        "应付票据_万元": 842.200749,
        "应付账款_万元": 9441.83993,
        "预收款项_万元": 1.284781,
        "合同负债_万元": 2458.85222,
        "应付职工薪酬_万元": 707.305075,
        "应交税费_万元": 461.951568,
        "其他应付款_万元": 1104.762358,
        "一年内到期的非流动负债_万元": 2297.560507,
        "其他流动负债_万元": 1466.890538,
        "流动负债合计_万元": 26782.647726,
        "长期借款_万元": 3100.0,
        "应付债券_万元": 0.0,
        "租赁负债_万元": 8.359451,
        "长期应付款_万元": 1676.129045,
        "预计负债_万元": 0.0,
        "递延收益_万元": 296.280318,
        "递延所得税负债_万元": 924.152798,
        "其他非流动负债_万元": 0.0,
        "非流动负债合计_万元": 6004.921612,
        "总负债_万元": 32787.569338,
        "总负债同比增长_百分比": 1.94,
        "资产负债率_百分比": 38.23,
        "实收资本_万元": 17600.0,
        "资本公积_万元": 28846.940358,
        "盈余公积_万元": 1707.67871,
        "未分配利润_万元": 4779.003924,
        "其他综合收益_万元": 0.0,
        "专项储备_万元": 0.0,
        "归属于母公司所有者权益合计_万元": 52933.622992,
        "少数股东权益_万元": 0.0,
        "股东权益合计_万元": 52933.622992
    },
    "利润表": {
        "营业总收入_万元": 15678.329097,
        "营业收入_万元": 15678.329097,
        "营业总收入同比增长_百分比": 19.35,
        "营业成本_万元": 7366.318214,
        "税金及附加_万元": 229.393971,
        "销售费用_万元": 4296.883147,
        "管理费用_万元": 2212.721881,
        "研发费用_万元": 1514.022667,
        "财务费用_万元": 329.480192,
        "其中利息费用_万元": 342.260746,
        "其中利息收入_万元": 22.699468,
        "其他收益_万元": 102.068296,
        "投资收益_万元": 0.396376,
        "其中对联营企业投资收益_万元": 0.0,
        "公允价值变动收益_万元": 422.75791,
        "信用减值损失_万元": 564.28514,
        "资产减值损失_万元": -30.021205,
        "资产处置收益_万元": -30.934793,
        "营业总支出_万元": 15948.820072,
        "营业利润_万元": 758.060749,
        "营业外收入_万元": 0.920304,
        "营业外支出_万元": 16.080718,
        "利润总额_万元": 742.900335,
        "所得税费用_万元": 444.146556,
        "净利润_万元": 298.753779,
        "归母净利润_万元": 298.753779,
        "少数股东损益_万元": 0.0,
        "持续经营净利润_万元": 298.753779,
        "终止经营净利润_万元": 0.0,
        "其他综合收益_万元": 0.0,
        "综合收益总额_万元": 298.753779,
        "归母综合收益总额_万元": 298.753779
    },
    "现金流量表": {
        "销售商品收到现金_万元": 14603.53484,
        "收到的税费返还_万元": 168.998434,
        "收到其他经营活动现金_万元": 722.445898,
        "经营活动现金流入_万元": 15494.979172,
        "购买商品支付现金_万元": 4889.650833,
        "支付职工现金_万元": 3342.290939,
        "支付税费_万元": 1818.215345,
        "支付其他经营活动现金_万元": 5232.347771,
        "经营活动现金流出_万元": 15282.504888,
        "经营现金流净额_万元": 212.474284,
        "经营现金流净额同比增长_百分比": 45.62,
        "收回投资现金_万元": 0.0,
        "取得投资收益现金_万元": 0.0,
        "处置资产收回现金_万元": 2000.2,
        "收到其他投资活动现金_万元": 0.0,
        "投资活动现金流入_万元": 2299.259214,
        "投资支付现金_万元": 3500.2,
        "购建资产支付现金_万元": 1238.852171,
        "支付其他投资活动现金_万元": 0.020002,
        "投资活动现金流出_万元": 4739.072173,
        "投资现金流净额_万元": -2439.812959,
        "吸收投资现金_万元": 0.0,
        "取得借款现金_万元": 8500.0,
        "收到其他筹资活动现金_万元": 3000.0,
        "筹资活动现金流入_万元": 11500.0,
        "偿还债务现金_万元": 10749.570678,
        "分配股利现金_万元": 328.954019,
        "支付其他筹资活动现金_万元": 205.55383,
        "筹资活动现金流出_万元": 11284.078527,
        "融资现金流净额_万元": 215.921473,
        "汇率变动影响_万元": 0.0,
        "现金及等价物净增加额_万元": -2011.417202,
        "净现金流_元": -20114172.02,
        "净现金流同比增长_百分比": 10.67,
        "期初现金及等价物_万元": 7060.417112,
        "期末现金及等价物_万元": 5048.99991,
        "经营现金流占比_百分比": null,
        "投资现金流占比_百分比": null,
        "融资现金流占比_百分比": null
    }
}