{
    "报告信息": {
        "序号": null,
        "股票代码": "002898",
        "股票简称": "赛隆药业",
        "报告年份": "2023",
        "报告期": "FY",
        "总股本_股": 176000000,
        "流通股本_股": 101262561,
        "报告日期": "2024年4月",
        "审计意见": "标准的无保留意见",
        "会计师事务所": "致同会计师事务所（特殊普通合伙）"
    },
    "核心业绩指标": {
        "每股收益_元": 0.0542,
        "稀释每股收益_元": 0.0542,
        "营业总收入_万元": 31062.702668,
        "营业总收入_亿元": 3.1062702668,
        "营收同比增长_百分比": 17.58,
        "营收环比增长_百分比": null,
        "净利润_万元": 953.368457,
        "净利润_亿元": 0.0953368457,
        "净利润同比增长_百分比": 125.55,
        "净利润环比增长_百分比": null,
        "归母净利润_万元": 953.368457,
        "少数股东损益_万元": 0.0,
        "每股净资产_元": null,
        "净资产收益率_百分比": 1.8,
        "扣非净资产收益率_百分比": null,
        "每股经营现金流_元": 0.2029,
        "扣非净利润_万元": 243.589967,
        "扣非净利润同比增长_百分比": -95.53,
        "销售毛利率_百分比": null,
        "销售净利率_百分比": null,
        "加权平均净资产收益率_百分比": 1.8,
        "扣非加权净资产收益率_百分比": null,
        "总资产收益率_百分比": null,
        "主营业务收入_万元": 30350.671791,
        "主营业务成本_万元": 16324.004914,
        "主营业务利润_万元": null
    },
    "资产负债表": {
        "货币资金_万元": 8711.867226,
        "应收账款_万元": 2839.020322,
        "应收票据_万元": 1567.959891,
        "应收款项融资_万元": 1120.213468,
        "预付款项_万元": 429.738233,
        "其他应收款_万元": 1072.532045,
        "存货_万元": 8887.152355,
        "合同资产_万元": 0.0,
        "一年内到期的非流动资产_万元": 0.0,
        "其他流动资产_万元": 476.861312,
        "流动资产合计_万元": 25630.232201,
        "交易性金融资产_万元": 214.36,
        "债权投资_万元": null,
        "其他债权投资_万元": null,
        "长期应收款_万元": 154.656689,
        "长期股权投资_万元": null,
        "其他权益工具投资_万元": null,
        "投资性房地产_万元": 1879.740298,
        "固定资产_万元": 35024.560044,
        "在建工程_万元": 143.59467,
        "生产性生物资产_万元": null,
        "油气资产_万元": null,
        "使用权资产_万元": 42.77782,
        "无形资产_万元": 6699.605783,
        "开发支出_万元": 4573.677218,
        "商誉_万元": 0.0,
        "长期待摊费用_万元": 0.0,
        "递延所得税资产_万元": 195.987616,
        "其他非流动资产_万元": 53.924156,
        "非流动资产合计_万元": 55754.125234,
        "总资产_万元": 81384.357435,
        "总资产同比增长_百分比": -4.03,
        "短期借款_万元": 9004.781938,
        "交易性金融负债_万元": null,
        "应付票据_万元": 153.920768,
        "应付账款_万元": 6352.899071,
        "预收款项_万元": 10.0,
        "合同负债_万元": 1153.157551,
        "应付职工薪酬_万元": 843.879617,
        "应交税费_万元": 494.092396,
        "其他应付款_万元": 1257.265879,
        "一年内到期的非流动负债_万元": 2195.734513,
        "其他流动负债_万元": 1389.209437,
        "流动负债合计_万元": 22701.020402,
        "长期借款_万元": 2508.0,
        "应付债券_万元": null,
        "租赁负债_万元": 3.797618,
        "长期应付款_万元": 1323.233809,
        "预计负债_万元": 0.0,
        "递延收益_万元": 284.166684,
        "递延所得税负债_万元": 975.970431,
        "其他非流动负债_万元": 0.0,
        "非流动负债合计_万元": 5095.168542,
        "总负债_万元": 27796.188944,
        "总负债同比增长_百分比": null,
        "资产负债率_百分比": 34.15,
        "实收资本_万元": 17600.0,
        "资本公积_万元": 28846.940358,
        "盈余公积_万元": 1800.971723,
        "未分配利润_万元": 5340.25641,
        "其他综合收益_万元": 0.0,
        "专项储备_万元": null,
        "归属于母公司所有者权益合计_万元": 53588.168491,
        "少数股东权益_万元": 0.0,
        "股东权益合计_万元": 53588.168491
    },
    "利润表": {
        "营业总收入_万元": 31062.702668,
        "营业收入_万元": 31062.702668,
        "营业总收入同比增长_百分比": 17.58,
        "营业成本_万元": 16716.047969,
        "税金及附加_万元": 493.752982,
        "销售费用_万元": 5715.028711,
        "管理费用_万元": 4966.078433,
        "研发费用_万元": 2752.922589,
        "财务费用_万元": 672.157863,
        "其中利息费用_万元": 690.698327,
        "其中利息收入_万元": 35.618378,
        "其他收益_万元": 745.668056,
        "投资收益_万元": 32.738417,
        "其中对联营企业投资收益_万元": null,
        "公允价值变动收益_万元": 758.700196,
        "信用减值损失_万元": 1262.002459,
        "资产减值损失_万元": -394.771407,
        "资产处置收益_万元": 105.620188,
        "营业总支出_万元": null,
        "营业利润_万元": 2256.67203,
        "营业外收入_万元": 31.894854,
        "营业外支出_万元": 52.900009,
        "利润总额_万元": 2235.666875,
        "所得税费用_万元": 1282.298418,
        "净利润_万元": 953.368457,
        "归母净利润_万元": 953.368457,
        "少数股东损益_万元": 0.0,
        "持续经营净利润_万元": 953.368457,
        "终止经营净利润_万元": null,
        "其他综合收益_万元": 0.0,
        "综合收益总额_万元": 953.368457,
        "归母综合收益总额_万元": 953.368457
    },
    "现金流量表": {
        "销售商品收到现金_万元": 27704.928913,
        "收到的税费返还_万元": 188.996466,
        "收到其他经营活动现金_万元": 2313.930973,
        "经营活动现金流入_万元": 30207.856352,
        "购买商品支付现金_万元": 9468.500332,
        "支付职工现金_万元": 6523.161298,
        "支付税费_万元": 2909.384022,
        "支付其他经营活动现金_万元": 7736.113959,
        "经营活动现金流出_万元": 26637.159611,
        "经营现金流净额_万元": 3570.696741,
        "经营现金流净额同比增长_百分比": 152.8,
        "收回投资现金_万元": 15287.2,
        "取得投资收益现金_万元": 34.829926,
        "处置资产收回现金_万元": 1303.5123,
        "收到其他投资活动现金_万元": 0.0,
        "投资活动现金流入_万元": 16625.542226,
        "投资支付现金_万元": 15500.2,
        "购建资产支付现金_万元": 3057.879211,
        "支付其他投资活动现金_万元": 0.0,
        "投资活动现金流出_万元": 18558.079211,
        "投资现金流净额_万元": -1932.536985,
        "吸收投资现金_万元": 0.0,
        "取得借款现金_万元": 11500.0,
        "收到其他筹资活动现金_万元": 3000.0,
        "筹资活动现金流入_万元": 14500.0,
        "偿还债务现金_万元": 13095.3513,
        "分配股利现金_万元": 557.870212,
        "支付其他筹资活动现金_万元": 1034.74862,
        "筹资活动现金流出_万元": 14687.970132,
        "融资现金流净额_万元": -187.970132,
        "汇率变动影响_万元": 0.0,
        "现金及等价物净增加额_万元": 1450.189624,
        "净现金流_元": 0.0824,
        "净现金流同比增长_百分比": 133.98,
        "期初现金及等价物_万元": 7060.417112,
        "期末现金及等价物_万元": 8510.606736,
        "经营现金流占比_百分比": 246.22,
        "投资现金流占比_百分比": -133.28,
        "融资现金流占比_百分比": -12.96
    }
}