{
    "报告信息": {
        "序号": null,
        "股票代码": "002898",
        "股票简称": "赛隆药业",
        "报告年份": "2024",
        "报告期": "FY",
        "总股本_股": 176000000,
        "流通股本_股": 101262561,
        "报告日期": "2025年4月",
        "审计意见": "标准的无保留意见",
        "会计师事务所": "致同会计师事务所（特殊普通合伙）"
    },
    "核心业绩指标": {
        "每股收益_元": -0.1883,
        "稀释每股收益_元": -0.1883,
        "营业总收入_万元": 26356.727685,
        "营业总收入_亿元": 2.6356727685,
        "营收同比增长_百分比": -15.15,
        "营收环比增长_百分比": null,
        "净利润_万元": -3314.561122,
        "净利润_亿元": -0.3314561122,
        "净利润同比增长_百分比": -447.67,
        "净利润环比增长_百分比": null,
        "归母净利润_万元": -3314.561122,
        "少数股东损益_万元": null,
        "每股净资产_元": null,
        "净资产收益率_百分比": -6.4,
        "扣非净资产收益率_百分比": null,
        "每股经营现金流_元": null,
        "扣非净利润_万元": -3349.963123,
        "扣非净利润同比增长_百分比": -1275.25,
        "销售毛利率_百分比": null,
        "销售净利率_百分比": null,
        "加权平均净资产收益率_百分比": -6.4,
        "扣非加权净资产收益率_百分比": null,
        "总资产收益率_百分比": null,
        "主营业务收入_万元": 26105.575616,
        "主营业务成本_万元": 16177.164687,
        "主营业务利润_万元": null
    },
    "资产负债表": {
        "货币资金_万元": 4884.338316,
        "应收账款_万元": 6704.697503,
        "应收票据_万元": 1256.748389,
        "应收款项融资_万元": 2006.188561,
        "预付款项_万元": 302.41354,
        "其他应收款_万元": 299.905377,
        "存货_万元": 9407.764527,
        "合同资产_万元": null,
        "一年内到期的非流动资产_万元": null,
        "其他流动资产_万元": 121.04163,
        "流动资产合计_万元": 24983.097843,
        "交易性金融资产_万元": null,
        "债权投资_万元": null,
        "其他债权投资_万元": null,
        "长期应收款_万元": 166.223172,
        "长期股权投资_万元": null,
        "其他权益工具投资_万元": null,
        "投资性房地产_万元": 1839.196406,
        "固定资产_万元": 33217.56313,
        "在建工程_万元": 589.212671,
        "生产性生物资产_万元": null,
        "油气资产_万元": null,
        "使用权资产_万元": 6416.516198,
        "无形资产_万元": 6771.275312,
        "开发支出_万元": 5610.080598,
        "商誉_万元": null,
        "长期待摊费用_万元": 306.186673,
        "递延所得税资产_万元": 370.653583,
        "其他非流动资产_万元": 62.332143,
        "非流动资产合计_万元": 55839.239886,
        "总资产_万元": 80822.337729,
        "总资产同比增长_百分比": -0.69,
        "短期借款_万元": 12813.445963,
        "交易性金融负债_万元": null,
        "应付票据_万元": 219.0,
        "应付账款_万元": 6011.836823,
        "预收款项_万元": null,
        "合同负债_万元": 1150.706152,
        "应付职工薪酬_万元": 612.180976,
        "应交税费_万元": 819.24167,
        "其他应付款_万元": 919.771745,
        "一年内到期的非流动负债_万元": 2223.482261,
        "其他流动负债_万元": 732.299812,
        "流动负债合计_万元": 25501.965402,
        "长期借款_万元": 2986.0,
        "应付债券_万元": null,
        "租赁负债_万元": 32.758056,
        "长期应付款_万元": 1151.469255,
        "预计负债_万元": null,
        "递延收益_万元": 259.939416,
        "递延所得税负债_万元": 962.477431,
        "其他非流动负债_万元": null,
        "非流动负债合计_万元": 5392.644158,
        "总负债_万元": 30894.60956,
        "总负债同比增长_百分比": null,
        "资产负债率_百分比": 38.23,
        "实收资本_万元": 17600.0,
        "资本公积_万元": 28846.940358,
        "盈余公积_万元": 1800.971723,
        "未分配利润_万元": 1673.695288,
        "其他综合收益_万元": null,
        "专项储备_万元": 6.1208,
        "归属于母公司所有者权益合计_万元": 49927.728169,
        "少数股东权益_万元": null,
        "股东权益合计_万元": 49927.728169
    },
    "利润表": {
        "营业总收入_万元": 26356.727685,
        "营业收入_万元": 26356.727685,
        "营业总收入同比增长_百分比": -15.15,
        "营业成本_万元": 16274.585244,
        "税金及附加_万元": 503.9089,
        "销售费用_万元": 3330.146637,
        "管理费用_万元": 4799.018932,
        "研发费用_万元": 2451.163367,
        "财务费用_万元": 644.089625,
        "其中利息费用_万元": 672.519082,
        "其中利息收入_万元": 35.500855,
        "其他收益_万元": 236.80602,
        "投资收益_万元": 7.087161,
        "其中对联营企业投资收益_万元": null,
        "公允价值变动收益_万元": null,
        "信用减值损失_万元": 1.141891,
        "资产减值损失_万元": -2050.789018,
        "资产处置收益_万元": -89.791397,
        "营业总支出_万元": null,
        "营业利润_万元": -3541.730363,
        "营业外收入_万元": 116.352864,
        "营业外支出_万元": 66.593143,
        "利润总额_万元": -3491.970642,
        "所得税费用_万元": -177.40952,
        "净利润_万元": -3314.561122,
        "归母净利润_万元": -3314.561122,
        "少数股东损益_万元": null,
        "持续经营净利润_万元": -3314.561122,
        "终止经营净利润_万元": null,
        "其他综合收益_万元": null,
        "综合收益总额_万元": -3314.561122,
        "归母综合收益总额_万元": -3314.561122
    },
    "现金流量表": {
        "销售商品收到现金_万元": 18829.680604,
        "收到的税费返还_万元": 181.969747,
        "收到其他经营活动现金_万元": 601.686763,
        "经营活动现金流入_万元": 19613.337114,
        "购买商品支付现金_万元": 9789.444779,
        "支付职工现金_万元": 6034.206337,
        "支付税费_万元": 2261.292972,
        "支付其他经营活动现金_万元": 5414.495969,
        "经营活动现金流出_万元": 23499.440057,
        "经营现金流净额_万元": -3886.102943,
        "经营现金流净额同比增长_百分比": -208.83,
        "收回投资现金_万元": 17093.276123,
        "取得投资收益现金_万元": 12.224806,
        "处置资产收回现金_万元": 1977.586056,
        "收到其他投资活动现金_万元": null,
        "投资活动现金流入_万元": 19083.086985,
        "投资支付现金_万元": 16880.681058,
        "购建资产支付现金_万元": 3466.739436,
        "支付其他投资活动现金_万元": null,
        "投资活动现金流出_万元": 20347.420494,
        "投资现金流净额_万元": -1264.333509,
        "吸收投资现金_万元": null,
        "取得借款现金_万元": 14005.656518,
        "收到其他筹资活动现金_万元": null,
        "筹资活动现金流入_万元": 14005.656518,
        "偿还债务现金_万元": 10284.0,
        "分配股利现金_万元": null,
        "支付其他筹资活动现金_万元": 1439.772923,
        "筹资活动现金流出_万元": 12569.088486,
        "融资现金流净额_万元": 1436.568032,
        "汇率变动影响_万元": null,
        "现金及等价物净增加额_万元": -3713.86842,
        "净现金流_元": null,
        "净现金流同比增长_百分比": -356.1,
        "期初现金及等价物_万元": 8510.606736,
        "期末现金及等价物_万元": 4796.738316,
        "经营现金流占比_百分比": null,
        "投资现金流占比_百分比": null,
        "融资现金流占比_百分比": null
    }
}