{
    "报告信息": {
        "序号": null,
        "股票代码": "002898",
        "股票简称": "赛隆药业",
        "报告年份": "2022",
        "报告期": "FY",
        "总股本_股": 176000000,
        "流通股本_股": 100985061,
        "报告日期": "2023-04-19",
        "审计意见": "标准的无保留意见",
        "会计师事务所": "致同会计师事务所（特殊普通合伙）"
    },
    "核心业绩指标": {
        "每股收益_元": -0.212,
        "稀释每股收益_元": -0.212,
        "营业总收入_万元": 26419.265591,
        "营业总收入_亿元": 2.6419265591,
        "营收同比增长_百分比": 6.93,
        "营收环比增长_百分比": null,
        "净利润_万元": -3731.234843,
        "净利润_亿元": -0.3731234843,
        "净利润同比增长_百分比": -59.85,
        "净利润环比增长_百分比": null,
        "归母净利润_万元": -3731.234843,
        "少数股东损益_万元": null,
        "每股净资产_元": null,
        "净资产收益率_百分比": -6.85,
        "扣非净资产收益率_百分比": null,
        "每股经营现金流_元": null,
        "扣非净利润_万元": -5446.895272,
        "扣非净利润同比增长_百分比": -38.5,
        "销售毛利率_百分比": null,
        "销售净利率_百分比": null,
        "加权平均净资产收益率_百分比": -6.85,
        "扣非加权净资产收益率_百分比": null,
        "总资产收益率_百分比": null,
        "主营业务收入_万元": 26114.02417,
        "主营业务成本_万元": 12293.987697,
        "主营业务利润_万元": null
    },
    "资产负债表": {
        "货币资金_万元": 7226.980486,
        "应收账款_万元": 6102.229598,
        "应收票据_万元": 1895.70926,
        "应收款项融资_万元": 887.069928,
        "预付款项_万元": 959.067971,
        "其他应收款_万元": 1853.938684,
        "存货_万元": 6397.08465,
        "合同资产_万元": null,
        "一年内到期的非流动资产_万元": null,
        "其他流动资产_万元": 113.627448,
        "流动资产合计_万元": 25435.708025,
        "交易性金融资产_万元": null,
        "债权投资_万元": null,
        "其他债权投资_万元": null,
        "长期应收款_万元": null,
        "长期股权投资_万元": null,
        "其他权益工具投资_万元": null,
        "投资性房地产_万元": 1752.084973,
        "固定资产_万元": 39244.071944,
        "在建工程_万元": 137.583614,
        "生产性生物资产_万元": null,
        "油气资产_万元": null,
        "使用权资产_万元": 42.974284,
        "无形资产_万元": 6776.71946,
        "开发支出_万元": 3669.690809,
        "商誉_万元": null,
        "长期待摊费用_万元": null,
        "递延所得税资产_万元": 1355.894514,
        "其他非流动资产_万元": 156.120748,
        "非流动资产合计_万元": 59363.40109,
        "总资产_万元": 84799.109115,
        "总资产同比增长_百分比": -3.94,
        "短期借款_万元": 10006.308104,
        "交易性金融负债_万元": null,
        "应付票据_万元": 153.920768,
        "应付账款_万元": 9292.834545,
        "预收款项_万元": 1.604985,
        "合同负债_万元": 2352.55721,
        "应付职工薪酬_万元": 951.947762,
        "应交税费_万元": 1011.322728,
        "其他应付款_万元": 1215.644422,
        "一年内到期的非流动负债_万元": 2987.154485,
        "其他流动负债_万元": 1671.845698,
        "流动负债合计_万元": 29645.140707,
        "长期借款_万元": 1332.0,
        "应付债券_万元": null,
        "租赁负债_万元": 17.966132,
        "长期应付款_万元": null,
        "预计负债_万元": null,
        "递延收益_万元": 308.393952,
        "递延所得税负债_万元": 860.739111,
        "其他非流动负债_万元": null,
        "非流动负债合计_万元": 2519.099195,
        "总负债_万元": 32164.239902,
        "总负债同比增长_百分比": null,
        "资产负债率_百分比": 37.93,
        "实收资本_万元": 17600.0,
        "资本公积_万元": 28846.940358,
        "盈余公积_万元": 1707.67871,
        "未分配利润_万元": 4480.250145,
        "其他综合收益_万元": null,
        "专项储备_万元": null,
        "归属于母公司所有者权益合计_万元": 52634.869213,
        "少数股东权益_万元": null,
        "股东权益合计_万元": 52634.869213
    },
    "利润表": {
        "营业总收入_万元": 26419.265591,
        "营业收入_万元": 26419.265591,
        "营业总收入同比增长_百分比": 6.93,
        "营业成本_万元": 12293.987697,
        "税金及附加_万元": 499.513071,
        "销售费用_万元": 9870.277906,
        "管理费用_万元": 4388.79713,
        "研发费用_万元": 2350.147458,
        "财务费用_万元": 689.436199,
        "其中利息费用_万元": 808.451566,
        "其中利息收入_万元": 126.424688,
        "其他收益_万元": 368.056821,
        "投资收益_万元": null,
        "其中对联营企业投资收益_万元": null,
        "公允价值变动收益_万元": 1709.291362,
        "信用减值损失_万元": -839.593985,
        "资产减值损失_万元": -489.850629,
        "资产处置收益_万元": 46.007625,
        "营业总支出_万元": null,
        "营业利润_万元": -2878.982676,
        "营业外收入_万元": 5.742622,
        "营业外支出_万元": 93.818961,
        "利润总额_万元": -2967.059015,
        "所得税费用_万元": 764.175828,
        "净利润_万元": -3731.234843,
        "归母净利润_万元": -3731.234843,
        "少数股东损益_万元": null,
        "持续经营净利润_万元": -3731.234843,
        "终止经营净利润_万元": null,
        "其他综合收益_万元": null,
        "综合收益总额_万元": -3731.234843,
        "归母综合收益总额_万元": -3731.234843
    },
    "现金流量表": {
        "销售商品收到现金_万元": 24914.971917,
        "收到的税费返还_万元": 1714.126907,
        "收到其他经营活动现金_万元": 749.909421,
        "经营活动现金流入_万元": 27379.008245,
        "购买商品支付现金_万元": 7196.628376,
        "支付职工现金_万元": 5103.905691,
        "支付税费_万元": 1857.820013,
        "支付其他经营活动现金_万元": 11808.185592,
        "经营活动现金流出_万元": 25966.539672,
        "经营现金流净额_万元": 1412.468573,
        "经营现金流净额同比增长_百分比": -60.17,
        "收回投资现金_万元": null,
        "取得投资收益现金_万元": null,
        "处置资产收回现金_万元": 115.013,
        "收到其他投资活动现金_万元": 120.280109,
        "投资活动现金流入_万元": 559.172109,
        "投资支付现金_万元": null,
        "购建资产支付现金_万元": 2394.224128,
        "支付其他投资活动现金_万元": null,
        "投资活动现金流出_万元": 2394.224128,
        "投资现金流净额_万元": -1835.052019,
        "吸收投资现金_万元": null,
        "取得借款现金_万元": 9999.3513,
        "收到其他筹资活动现金_万元": null,
        "筹资活动现金流入_万元": 9999.3513,
        "偿还债务现金_万元": 12878.0,
        "分配股利现金_万元": 869.534611,
        "支付其他筹资活动现金_万元": 96.535705,
        "筹资活动现金流出_万元": 13844.070316,
        "融资现金流净额_万元": -3844.719016,
        "汇率变动影响_万元": null,
        "现金及等价物净增加额_万元": -4267.302462,
        "净现金流_元": null,
        "净现金流同比增长_百分比": null,
        "期初现金及等价物_万元": 11327.719574,
        "期末现金及等价物_万元": 7060.417112,
        "经营现金流占比_百分比": null,
        "投资现金流占比_百分比": null,
        "融资现金流占比_百分比": null
    }
}