{
    "报告信息": {
        "序号": null,
        "股票代码": "000766",
        "股票简称": "通化金马",
        "报告年份": "2024",
        "报告期": "HY",
        "总股本_股": 966494707,
        "流通股本_股": 966007681,
        "报告日期": "2024-08-20",
        "审计意见": null,
        "会计师事务所": null
    },
    "核心业绩指标": {
        "每股收益_元": 0.0129,
        "稀释每股收益_元": 0.0129,
        "营业总收入_万元": 39.931318151,
        "营业总收入_亿元": 0.0039931318151,
        "营收同比增长_百分比": -10.89,
        "营收环比增长_百分比": null,
        "净利润_万元": 1235.141408,
        "净利润_亿元": 0.1235141408,
        "净利润同比增长_百分比": 15.69,
        "净利润环比增长_百分比": null,
        "归母净利润_万元": 1246.834298,
        "少数股东损益_万元": -11.69289,
        "每股净资产_元": null,
        "净资产收益率_百分比": 0.54,
        "扣非净资产收益率_百分比": null,
        "每股经营现金流_元": null,
        "扣非净利润_万元": 640.137602,
        "扣非净利润同比增长_百分比": -16.96,
        "销售毛利率_百分比": 75.23,
        "销售净利率_百分比": null,
        "加权平均净资产收益率_百分比": 0.54,
        "扣非加权净资产收益率_百分比": null,
        "总资产收益率_百分比": null,
        "主营业务收入_万元": 39.930874991,
        "主营业务成本_万元": 7.672060576,
        "主营业务利润_万元": null
    },
    "资产负债表": {
        "货币资金_万元": 26464.030202,
        "应收账款_万元": 49741.959881,
        "应收票据_万元": 289.025,
        "应收款项融资_万元": 1942.986575,
        "预付款项_万元": 871.584189,
        "其他应收款_万元": 2445.358757,
        "存货_万元": 39023.317098,
        "合同资产_万元": 0.0,
        "一年内到期的非流动资产_万元": 0.0,
        "其他流动资产_万元": 24.293791,
        "流动资产合计_万元": 120813.877333,
        "交易性金融资产_万元": 11.32184,
        "债权投资_万元": null,
        "其他债权投资_万元": null,
        "长期应收款_万元": null,
        "长期股权投资_万元": 256.937745727,
        "其他权益工具投资_万元": 191424.183987,
        "投资性房地产_万元": 0.0,
        "固定资产_万元": 71387.414912,
        "在建工程_万元": 26928.200508,
        "生产性生物资产_万元": 1699.815426,
        "油气资产_万元": null,
        "使用权资产_万元": 366.367928,
        "无形资产_万元": 19324.889595,
        "开发支出_万元": 18484.951927,
        "商誉_万元": 190.02,
        "长期待摊费用_万元": 105.472969,
        "递延所得税资产_万元": 1308.249322,
        "其他非流动资产_万元": 715.559784,
        "非流动资产合计_万元": 339143.391578,
        "总资产_万元": 459957.268911,
        "总资产同比增长_百分比": 1.78,
        "短期借款_万元": 23470.611111,
        "交易性金融负债_万元": null,
        "应付票据_万元": 1096.02085,
        "应付账款_万元": 13247.710599,
        "预收款项_万元": null,
        "合同负债_万元": 1211.635475,
        "应付职工薪酬_万元": 1597.737815,
        "应交税费_万元": 860.778773,
        "其他应付款_万元": 21915.381924,
        "一年内到期的非流动负债_万元": 869.814959,
        "其他流动负债_万元": 78.298645,
        "流动负债合计_万元": 64347.990151,
        "长期借款_万元": 155737.0,
        "应付债券_万元": null,
        "租赁负债_万元": 215.913854,
        "长期应付款_万元": null,
        "预计负债_万元": null,
        "递延收益_万元": 6222.180938,
        "递延所得税负债_万元": 386.695831,
        "其他非流动负债_万元": null,
        "非流动负债合计_万元": 162561.419523,
        "总负债_万元": 226909.409674,
        "总负债同比增长_百分比": null,
        "资产负债率_百分比": 49.33,
        "实收资本_万元": 96649.4707,
        "资本公积_万元": 357929.917429,
        "盈余公积_万元": 10864.810859,
        "未分配利润_万元": -232431.072734,
        "其他综合收益_万元": null,
        "专项储备_万元": null,
        "归属于母公司所有者权益合计_万元": 233013.126254,
        "少数股东权益_万元": 34.732983,
        "股东权益合计_万元": 233047.859237
    },
    "利润表": {
        "营业总收入_万元": 39.931318151,
        "营业收入_万元": 39.931318151,
        "营业总收入同比增长_百分比": -10.89,
        "营业成本_万元": 7.67705346,
        "税金及附加_万元": 453.99752,
        "销售费用_万元": 35580.89479,
        "管理费用_万元": 5795.637626,
        "研发费用_万元": 1833.372634,
        "财务费用_万元": 3635.113458,
        "其中利息费用_万元": 4026.71821,
        "其中利息收入_万元": 147.366033,
        "其他收益_万元": 525.347834,
        "投资收益_万元": 68.260818,
        "其中对联营企业投资收益_万元": null,
        "公允价值变动收益_万元": 0.46688,
        "信用减值损失_万元": -544.36793,
        "资产减值损失_万元": -245.169633,
        "资产处置收益_万元": -18.755931,
        "营业总支出_万元": 63377.618681,
        "营业利润_万元": 1391.105679,
        "营业外收入_万元": 84.888388,
        "营业外支出_万元": 119.007187,
        "利润总额_万元": 1356.98688,
        "所得税费用_万元": 121.845472,
        "净利润_万元": 1235.141408,
        "归母净利润_万元": 1246.834298,
        "少数股东损益_万元": -11.69289,
        "持续经营净利润_万元": 1235.141408,
        "终止经营净利润_万元": null,
        "其他综合收益_万元": null,
        "综合收益总额_万元": 1235.141408,
        "归母综合收益总额_万元": 1246.834298
    },
    "现金流量表": {
        "销售商品收到现金_万元": 63533.991268,
        "收到的税费返还_万元": null,
        "收到其他经营活动现金_万元": 1325.350303,
        "经营活动现金流入_万元": 64859.341571,
        "购买商品支付现金_万元": 14834.023262,
        "支付职工现金_万元": 7308.363554,
        "支付税费_万元": 4640.539154,
        "支付其他经营活动现金_万元": 34265.573186,
        "经营活动现金流出_万元": 61048.499156,
        "经营现金流净额_万元": 3810.842415,
        "经营现金流净额同比增长_百分比": -7.28,
        "收回投资现金_万元": null,
        "取得投资收益现金_万元": null,
        "处置资产收回现金_万元": 4.5,
        "收到其他投资活动现金_万元": 189.765676,
        "投资活动现金流入_万元": 194.265676,
        "投资支付现金_万元": null,
        "购建资产支付现金_万元": 1783.053121,
        "支付其他投资活动现金_万元": 94.979708,
        "投资活动现金流出_万元": 1878.032829,
        "投资现金流净额_万元": -1683.767153,
        "吸收投资现金_万元": null,
        "取得借款现金_万元": 23450.0,
        "收到其他筹资活动现金_万元": 757.000326,
        "筹资活动现金流入_万元": 24207.000326,
        "偿还债务现金_万元": 13000.0,
        "分配股利现金_万元": 4217.654263,
        "支付其他筹资活动现金_万元": 221.54543,
        "筹资活动现金流出_万元": 17439.199693,
        "融资现金流净额_万元": 6767.800633,
        "汇率变动影响_万元": null,
        "现金及等价物净增加额_万元": 8894.875895,
        "净现金流_元": null,
        "净现金流同比增长_百分比": 1068.95,
        "期初现金及等价物_万元": 16725.398478,
        "期末现金及等价物_万元": 25620.274373,
        "经营现金流占比_百分比": null,
        "投资现金流占比_百分比": null,
        "融资现金流占比_百分比": null
    }
}