{
    "报告信息": {
        "序号": null,
        "股票代码": "000766",
        "股票简称": "通化金马",
        "报告年份": "2025",
        "报告期": "Q1",
        "总股本_股": 966494707,
        "流通股本_股": null,
        "报告日期": "2025-04-18",
        "审计意见": "未经审计",
        "会计师事务所": null
    },
    "核心业绩指标": {
        "每股收益_元": 0.012,
        "稀释每股收益_元": 0.012,
        "营业总收入_万元": 29928.243673,
        "营业总收入_亿元": 2.9928243673,
        "营收同比增长_百分比": 1.25,
        "营收环比增长_百分比": null,
        "净利润_万元": 1156.998981,
        "净利润_亿元": 0.1156998981,
        "净利润同比增长_百分比": 26.09,
        "净利润环比增长_百分比": null,
        "归母净利润_万元": 1158.276207,
        "少数股东损益_万元": -1.277226,
        "每股净资产_元": null,
        "净资产收益率_百分比": null,
        "扣非净资产收益率_百分比": null,
        "每股经营现金流_元": null,
        "扣非净利润_万元": 1004.595579,
        "扣非净利润同比增长_百分比": 58.53,
        "销售毛利率_百分比": null,
        "销售净利率_百分比": null,
        "加权平均净资产收益率_百分比": 0.51,
        "扣非加权净资产收益率_百分比": null,
        "总资产收益率_百分比": null,
        "主营业务收入_万元": null,
        "主营业务成本_万元": null,
        "主营业务利润_万元": null
    },
    "资产负债表": {
        "货币资金_万元": 33201.337468,
        "应收账款_万元": 50932.405201,
        "应收票据_万元": null,
        "应收款项融资_万元": 2153.508848,
        "预付款项_万元": 1077.76719,
        "其他应收款_万元": 2164.249885,
        "存货_万元": 36755.324135,
        "合同资产_万元": null,
        "一年内到期的非流动资产_万元": null,
        "其他流动资产_万元": 33.878697,
        "流动资产合计_万元": 126426.268664,
        "交易性金融资产_万元": 107.79724,
        "债权投资_万元": null,
        "其他债权投资_万元": null,
        "长期应收款_万元": null,
        "长期股权投资_万元": 5423.265335,
        "其他权益工具投资_万元": 177459.183987,
        "投资性房地产_万元": null,
        "固定资产_万元": 68628.361365,
        "在建工程_万元": 27443.463784,
        "生产性生物资产_万元": 1747.648455,
        "油气资产_万元": null,
        "使用权资产_万元": 331.010136,
        "无形资产_万元": 18071.094009,
        "开发支出_万元": 18946.260329,
        "商誉_万元": 190.02,
        "长期待摊费用_万元": 72.908536,
        "递延所得税资产_万元": 3169.984805,
        "其他非流动资产_万元": 2601.200141,
        "非流动资产合计_万元": 325961.144602,
        "总资产_万元": 452387.413266,
        "总资产同比增长_百分比": 0.9,
        "短期借款_万元": 24969.004027,
        "交易性金融负债_万元": null,
        "应付票据_万元": 15.75,
        "应付账款_万元": 14898.454424,
        "预收款项_万元": null,
        "合同负债_万元": 1332.225272,
        "应付职工薪酬_万元": 1669.420915,
        "应交税费_万元": 2610.022451,
        "其他应付款_万元": 12711.082414,
        "一年内到期的非流动负债_万元": 160350.44375,
        "其他流动负债_万元": 100.453707,
        "流动负债合计_万元": 218641.10696,
        "长期借款_万元": null,
        "应付债券_万元": null,
        "租赁负债_万元": 309.081195,
        "长期应付款_万元": null,
        "预计负债_万元": null,
        "递延收益_万元": 6473.892336,
        "递延所得税负债_万元": 266.041617,
        "其他非流动负债_万元": null,
        "非流动负债合计_万元": 7049.015148,
        "总负债_万元": 225690.122108,
        "总负债同比增长_百分比": null,
        "资产负债率_百分比": null,
        "实收资本_万元": 96649.4707,
        "资本公积_万元": 357929.917429,
        "盈余公积_万元": 10864.810859,
        "未分配利润_万元": -226875.898264,
        "其他综合收益_万元": -11870.25,
        "专项储备_万元": null,
        "归属于母公司所有者权益合计_万元": 226698.050724,
        "少数股东权益_万元": -0.759566,
        "股东权益合计_万元": 226697.291158
    },
    "利润表": {
        "营业总收入_万元": 29928.243673,
        "营业收入_万元": 29928.243673,
        "营业总收入同比增长_百分比": 1.25,
        "营业成本_万元": 8498.144617,
        "税金及附加_万元": 373.430672,
        "销售费用_万元": 14056.205219,
        "管理费用_万元": 2687.494768,
        "研发费用_万元": 1068.722931,
        "财务费用_万元": 1960.755057,
        "其中利息费用_万元": 2004.352001,
        "其中利息收入_万元": 61.105196,
        "其他收益_万元": 202.665335,
        "投资收益_万元": -45.827958,
        "其中对联营企业投资收益_万元": null,
        "公允价值变动收益_万元": -1.459,
        "信用减值损失_万元": -4.370228,
        "资产减值损失_万元": -0.971784,
        "资产处置收益_万元": null,
        "营业总支出_万元": null,
        "营业利润_万元": 1433.526774,
        "营业外收入_万元": 42.744837,
        "营业外支出_万元": 34.652348,
        "利润总额_万元": 1441.619263,
        "所得税费用_万元": 284.620282,
        "净利润_万元": 1156.998981,
        "归母净利润_万元": 1158.276207,
        "少数股东损益_万元": -1.277226,
        "持续经营净利润_万元": 1156.998981,
        "终止经营净利润_万元": null,
        "其他综合收益_万元": null,
        "综合收益总额_万元": 1156.998981,
        "归母综合收益总额_万元": 1158.276207
    },
    "现金流量表": {
        "销售商品收到现金_万元": 31566.091916,
        "收到的税费返还_万元": null,
        "收到其他经营活动现金_万元": 857.154949,
        "经营活动现金流入_万元": 32423.246865,
        "购买商品支付现金_万元": 4707.376845,
        "支付职工现金_万元": 3938.044847,
        "支付税费_万元": 3767.148492,
        "支付其他经营活动现金_万元": 15830.671743,
        "经营活动现金流出_万元": 28243.241927,
        "经营现金流净额_万元": 4180.004938,
        "经营现金流净额同比增长_百分比": 473.28,
        "收回投资现金_万元": null,
        "取得投资收益现金_万元": 0.320617,
        "处置资产收回现金_万元": null,
        "收到其他投资活动现金_万元": 95.536819,
        "投资活动现金流入_万元": 95.857436,
        "投资支付现金_万元": null,
        "购建资产支付现金_万元": 508.543078,
        "支付其他投资活动现金_万元": 95.570472,
        "投资活动现金流出_万元": 604.11355,
        "投资现金流净额_万元": -508.256114,
        "吸收投资现金_万元": null,
        "取得借款现金_万元": 23650.0,
        "收到其他筹资活动现金_万元": null,
        "筹资活动现金流入_万元": 23650.0,
        "偿还债务现金_万元": 19550.0,
        "分配股利现金_万元": 2008.208415,
        "支付其他筹资活动现金_万元": null,
        "筹资活动现金流出_万元": 21558.208415,
        "融资现金流净额_万元": 2091.791585,
        "汇率变动影响_万元": null,
        "现金及等价物净增加额_万元": 5763.540409,
        "净现金流_元": null,
        "净现金流同比增长_百分比": null,
        "期初现金及等价物_万元": 27398.322875,
        "期末现金及等价物_万元": 33161.863284,
        "经营现金流占比_百分比": null,
        "投资现金流占比_百分比": null,
        "融资现金流占比_百分比": null
    }
}