{
    "报告信息": {
        "序号": null,
        "股票代码": "000766",
        "股票简称": "通化金马",
        "报告年份": "2023",
        "报告期": "半年度",
        "总股本_股": 966494707,
        "流通股本_股": 848564434,
        "报告日期": "2023-08",
        "审计意见": "未经审计",
        "会计师事务所": null,
        "期": "HY"
    },
    "核心业绩指标": {
        "每股收益_元": 0.0112,
        "稀释每股收益_元": 0.0112,
        "营业总收入_万元": 72849.108333,
        "营业总收入_亿元": 7.2849108333,
        "营收同比增长_百分比": 5.01,
        "营收环比增长_百分比": null,
        "净利润_万元": 1030.436603,
        "净利润_亿元": 0.1030436603,
        "净利润同比增长_百分比": 43.12,
        "净利润环比增长_百分比": null,
        "归母净利润_万元": 1077.691131,
        "少数股东损益_万元": -47.254528,
        "每股净资产_元": 2.4287,
        "净资产收益率_百分比": null,
        "扣非净资产收益率_百分比": null,
        "每股经营现金流_元": 0.0425,
        "扣非净利润_万元": 770.921242,
        "扣非净利润同比增长_百分比": 107.07,
        "销售毛利率_百分比": 74.67,
        "销售净利率_百分比": 1.41,
        "加权平均净资产收益率_百分比": 0.46,
        "扣非加权净资产收益率_百分比": null,
        "总资产收益率_百分比": null,
        "主营业务收入_万元": 72849.108333,
        "主营业务成本_万元": 18449.932992,
        "主营业务利润_万元": null
    },
    "资产负债表": {
        "货币资金_万元": 22911.138706,
        "应收账款_万元": 43653.841565,
        "应收票据_万元": 98.965672,
        "应收款项融资_万元": 856.915457,
        "预付款项_万元": 1255.947554,
        "其他应收款_万元": 4102.959026,
        "存货_万元": 37821.983723,
        "合同资产_万元": null,
        "一年内到期的非流动资产_万元": null,
        "其他流动资产_万元": 16.448765,
        "流动资产合计_万元": 110729.814108,
        "交易性金融资产_万元": 11.61364,
        "债权投资_万元": null,
        "其他债权投资_万元": null,
        "长期应收款_万元": null,
        "长期股权投资_万元": 5372.714666,
        "其他权益工具投资_万元": 191424.183987,
        "投资性房地产_万元": null,
        "固定资产_万元": 74474.614347,
        "在建工程_万元": 27431.561891,
        "生产性生物资产_万元": 1663.431647,
        "油气资产_万元": null,
        "使用权资产_万元": 184.25871,
        "无形资产_万元": 20805.806147,
        "开发支出_万元": 16349.00219,
        "商誉_万元": 190.02,
        "长期待摊费用_万元": 68.807929,
        "递延所得税资产_万元": 1497.39603,
        "其他非流动资产_万元": 1345.543329,
        "非流动资产合计_万元": 342684.084593,
        "总资产_万元": 453413.898701,
        "总资产同比增长_百分比": -3.22,
        "短期借款_万元": 13011.75,
        "交易性金融负债_万元": null,
        "应付票据_万元": 387.081788,
        "应付账款_万元": 22478.794835,
        "预收款项_万元": null,
        "合同负债_万元": 1426.476243,
        "应付职工薪酬_万元": 1799.497842,
        "应交税费_万元": 1604.153598,
        "其他应付款_万元": 10923.722967,
        "一年内到期的非流动负债_万元": 5.714781,
        "其他流动负债_万元": 110.314204,
        "流动负债合计_万元": 51747.506258,
        "长期借款_万元": 156355.0,
        "应付债券_万元": null,
        "租赁负债_万元": 237.336678,
        "长期应付款_万元": null,
        "预计负债_万元": null,
        "递延收益_万元": 6834.008296,
        "递延所得税负债_万元": 359.486603,
        "其他非流动负债_万元": null,
        "非流动负债合计_万元": 163785.831577,
        "总负债_万元": 215533.337835,
        "总负债同比增长_百分比": null,
        "资产负债率_百分比": 47.54,
        "实收资本_万元": 96649.4707,
        "资本公积_万元": 364242.93724,
        "盈余公积_万元": 10864.810859,
        "未分配利润_万元": -236993.586291,
        "其他综合收益_万元": null,
        "专项储备_万元": null,
        "归属于母公司所有者权益合计_万元": 234763.632508,
        "少数股东权益_万元": 3116.928358,
        "股东权益合计_万元": 237880.560866
    },
    "利润表": {
        "营业总收入_万元": 72849.108333,
        "营业收入_万元": 72849.108333,
        "营业总收入同比增长_百分比": 5.01,
        "营业成本_万元": 18449.932992,
        "税金及附加_万元": 531.709572,
        "销售费用_万元": 40879.048438,
        "管理费用_万元": 5288.352925,
        "研发费用_万元": 2171.779204,
        "财务费用_万元": 3775.567034,
        "其中利息费用_万元": 3997.992508,
        "其中利息收入_万元": 262.587424,
        "其他收益_万元": 407.799421,
        "投资收益_万元": -288.535314,
        "其中对联营企业投资收益_万元": null,
        "公允价值变动收益_万元": -1.22556,
        "信用减值损失_万元": -515.119231,
        "资产减值损失_万元": -234.064383,
        "资产处置收益_万元": 20.886391,
        "营业总支出_万元": null,
        "营业利润_万元": 1142.459492,
        "营业外收入_万元": 56.598569,
        "营业外支出_万元": 147.343347,
        "利润总额_万元": 1051.714714,
        "所得税费用_万元": 21.278111,
        "净利润_万元": 1030.436603,
        "归母净利润_万元": 1077.691131,
        "少数股东损益_万元": -47.254528,
        "持续经营净利润_万元": 1030.436603,
        "终止经营净利润_万元": null,
        "其他综合收益_万元": null,
        "综合收益总额_万元": 1030.436603,
        "归母综合收益总额_万元": 1077.691131
    },
    "现金流量表": {
        "销售商品收到现金_万元": 69323.204745,
        "收到的税费返还_万元": 0.165678,
        "收到其他经营活动现金_万元": 2686.671299,
        "经营活动现金流入_万元": 72009.876044,
        "购买商品支付现金_万元": 8314.820716,
        "支付职工现金_万元": 7669.331449,
        "支付税费_万元": 6263.642309,
        "支付其他经营活动现金_万元": 45651.8696,
        "经营活动现金流出_万元": 67899.664074,
        "经营现金流净额_万元": 4110.21197,
        "经营现金流净额同比增长_百分比": -29.25,
        "收回投资现金_万元": null,
        "取得投资收益现金_万元": null,
        "处置资产收回现金_万元": 29.62,
        "收到其他投资活动现金_万元": 10319.864833,
        "投资活动现金流入_万元": 10349.484833,
        "投资支付现金_万元": null,
        "购建资产支付现金_万元": 1153.948066,
        "支付其他投资活动现金_万元": 279.877019,
        "投资活动现金流出_万元": 1433.825085,
        "投资现金流净额_万元": 8915.659748,
        "吸收投资现金_万元": null,
        "取得借款现金_万元": 13000.0,
        "收到其他筹资活动现金_万元": null,
        "筹资活动现金流入_万元": 13000.0,
        "偿还债务现金_万元": 22720.0,
        "分配股利现金_万元": 4223.864511,
        "支付其他筹资活动现金_万元": null,
        "筹资活动现金流出_万元": 26943.864511,
        "融资现金流净额_万元": -13943.864511,
        "汇率变动影响_万元": null,
        "现金及等价物净增加额_万元": -917.992793,
        "净现金流_元": null,
        "净现金流同比增长_百分比": 61.1,
        "期初现金及等价物_万元": 23520.522795,
        "期末现金及等价物_万元": 22602.530002,
        "经营现金流占比_百分比": null,
        "投资现金流占比_百分比": null,
        "融资现金流占比_百分比": null
    }
}