{
    "报告信息": {
        "序号": null,
        "股票代码": "000766",
        "股票简称": "通化金马",
        "报告年份": "2024",
        "报告期": "第一季度",
        "总股本_股": 966494707.0,
        "流通股本_股": null,
        "报告日期": null,
        "审计意见": "未经审计",
        "会计师事务所": null,
        "期": "Q1"
    },
    "核心业绩指标": {
        "每股收益_元": 0.0095,
        "稀释每股收益_元": 0.0095,
        "营业总收入_万元": 29557.301613,
        "营业总收入_亿元": 2.9557301613,
        "营收同比增长_百分比": -4.21,
        "营收环比增长_百分比": null,
        "净利润_万元": 916.579692,
        "净利润_亿元": 0.0916579692,
        "净利润同比增长_百分比": null,
        "净利润环比增长_百分比": null,
        "归母净利润_万元": 918.628068,
        "少数股东损益_万元": -2.048376,
        "每股净资产_元": null,
        "净资产收益率_百分比": null,
        "扣非净资产收益率_百分比": null,
        "每股经营现金流_元": null,
        "扣非净利润_万元": 633.685731,
        "扣非净利润同比增长_百分比": 33.43,
        "销售毛利率_百分比": null,
        "销售净利率_百分比": null,
        "加权平均净资产收益率_百分比": 0.4,
        "扣非加权净资产收益率_百分比": null,
        "总资产收益率_百分比": null,
        "主营业务收入_万元": null,
        "主营业务成本_万元": null,
        "主营业务利润_万元": null
    },
    "资产负债表": {
        "货币资金_万元": 24455.523095,
        "应收账款_万元": 50530.060859,
        "应收票据_万元": 322.495602,
        "应收款项融资_万元": 1401.913445,
        "预付款项_万元": 1112.269547,
        "其他应收款_万元": 4802.292875,
        "存货_万元": 38505.111439,
        "合同资产_万元": null,
        "一年内到期的非流动资产_万元": null,
        "其他流动资产_万元": 9.314391,
        "流动资产合计_万元": 121246.045373,
        "交易性金融资产_万元": 107.06412,
        "债权投资_万元": null,
        "其他债权投资_万元": null,
        "长期应收款_万元": null,
        "长期股权投资_万元": 5300.271658,
        "其他权益工具投资_万元": 191424.183987,
        "投资性房地产_万元": null,
        "固定资产_万元": 72292.371894,
        "在建工程_万元": 26816.618109,
        "生产性生物资产_万元": 1696.446672,
        "油气资产_万元": null,
        "使用权资产_万元": 424.835615,
        "无形资产_万元": 19772.062617,
        "开发支出_万元": 17396.313984,
        "商誉_万元": 190.02,
        "长期待摊费用_万元": 116.558032,
        "递延所得税资产_万元": 1252.750301,
        "其他非流动资产_万元": 696.924883,
        "非流动资产合计_万元": 339256.101472,
        "总资产_万元": 460502.146845,
        "总资产同比增长_百分比": 1.9,
        "短期借款_万元": 22515.183382,
        "交易性金融负债_万元": null,
        "应付票据_万元": 709.96091,
        "应付账款_万元": 16001.135702,
        "预收款项_万元": null,
        "合同负债_万元": 1302.396324,
        "应付职工薪酬_万元": null,
        "应交税费_万元": 1294.333198,
        "其他应付款_万元": 19689.305373,
        "一年内到期的非流动负债_万元": 867.456207,
        "其他流动负债_万元": 85.32957,
        "流动负债合计_万元": 64157.242864,
        "长期借款_万元": 156687.0,
        "应付债券_万元": null,
        "租赁负债_万元": 213.695091,
        "长期应付款_万元": null,
        "预计负债_万元": null,
        "递延收益_万元": 6301.095672,
        "递延所得税负债_万元": 413.815697,
        "其他非流动负债_万元": null,
        "非流动负债合计_万元": 163615.60646,
        "总负债_万元": 227772.849324,
        "总负债同比增长_百分比": null,
        "资产负债率_百分比": null,
        "实收资本_万元": 96649.4707,
        "资本公积_万元": 357929.917429,
        "盈余公积_万元": 10864.810859,
        "未分配利润_万元": -232759.278964,
        "其他综合收益_万元": null,
        "专项储备_万元": null,
        "归属于母公司所有者权益合计_万元": 232684.920024,
        "少数股东权益_万元": 44.377497,
        "股东权益合计_万元": 232729.297521
    },
    "利润表": {
        "营业总收入_万元": 29557.301613,
        "营业收入_万元": 29557.301613,
        "营业总收入同比增长_百分比": -4.21,
        "营业成本_万元": 7994.188916,
        "税金及附加_万元": 217.615469,
        "销售费用_万元": 15303.213228,
        "管理费用_万元": 3147.47875,
        "研发费用_万元": 785.41934,
        "财务费用_万元": 1527.852305,
        "其中利息费用_万元": 1901.954704,
        "其中利息收入_万元": 124.625745,
        "其他收益_万元": 402.142065,
        "投资收益_万元": 92.353238,
        "其中对联营企业投资收益_万元": null,
        "公允价值变动收益_万元": 1.80916,
        "信用减值损失_万元": 9.969906,
        "资产减值损失_万元": null,
        "资产处置收益_万元": 29.35145,
        "营业总支出_万元": null,
        "营业利润_万元": 1087.807974,
        "营业外收入_万元": 39.611502,
        "营业外支出_万元": 41.005534,
        "利润总额_万元": 1086.413942,
        "所得税费用_万元": 169.83425,
        "净利润_万元": 916.579692,
        "归母净利润_万元": 918.628068,
        "少数股东损益_万元": -2.048376,
        "持续经营净利润_万元": 916.579692,
        "终止经营净利润_万元": null,
        "其他综合收益_万元": null,
        "综合收益总额_万元": 916.579692,
        "归母综合收益总额_万元": 918.628068
    },
    "现金流量表": {
        "销售商品收到现金_万元": 30539.587775,
        "收到的税费返还_万元": null,
        "收到其他经营活动现金_万元": 1139.483112,
        "经营活动现金流入_万元": 31679.070887,
        "购买商品支付现金_万元": 9933.801499,
        "支付职工现金_万元": 3833.883157,
        "支付税费_万元": 2579.43343,
        "支付其他经营活动现金_万元": 16451.758099,
        "经营活动现金流出_万元": 32798.876185,
        "经营现金流净额_万元": -1119.805298,
        "经营现金流净额同比增长_百分比": -265.83,
        "收回投资现金_万元": null,
        "取得投资收益现金_万元": null,
        "处置资产收回现金_万元": null,
        "收到其他投资活动现金_万元": 0.213836,
        "投资活动现金流入_万元": 0.213836,
        "投资支付现金_万元": null,
        "购建资产支付现金_万元": 444.743836,
        "支付其他投资活动现金_万元": 0.177093,
        "投资活动现金流出_万元": 444.920929,
        "投资现金流净额_万元": -444.707093,
        "吸收投资现金_万元": null,
        "取得借款现金_万元": 23450.0,
        "收到其他筹资活动现金_万元": 756.255581,
        "筹资活动现金流入_万元": 24206.255581,
        "偿还债务现金_万元": 13000.0,
        "分配股利现金_万元": null,
        "支付其他筹资活动现金_万元": 251.436772,
        "筹资活动现金流出_万元": 15311.137545,
        "融资现金流净额_万元": 8895.118036,
        "汇率变动影响_万元": null,
        "现金及等价物净增加额_万元": 7330.605645,
        "净现金流_元": null,
        "净现金流同比增长_百分比": null,
        "期初现金及等价物_万元": null,
        "期末现金及等价物_万元": null,
        "经营现金流占比_百分比": null,
        "投资现金流占比_百分比": null,
        "融资现金流占比_百分比": null
    }
}