{
    "报告信息": {
        "序号": null,
        "股票代码": "000766",
        "股票简称": "通化金马",
        "报告年份": "2023",
        "报告期": "Q3",
        "总股本_股": 966494707,
        "流通股本_股": 966494707,
        "报告日期": "2023-09-30",
        "审计意见": "未经审计",
        "会计师事务所": null
    },
    "核心业绩指标": {
        "每股收益_元": 0.0161,
        "稀释每股收益_元": 0.0161,
        "营业总收入_万元": 104424.207732,
        "营业总收入_亿元": 1.04424207732,
        "营收同比增长_百分比": 3.01,
        "营收环比增长_百分比": null,
        "净利润_万元": 1485.191532,
        "净利润_亿元": 0.1485191532,
        "净利润同比增长_百分比": 24.76,
        "净利润环比增长_百分比": null,
        "归母净利润_万元": 1555.063598,
        "少数股东损益_万元": -69.872066,
        "每股净资产_元": 2.4,
        "净资产收益率_百分比": 0.66,
        "扣非净资产收益率_百分比": null,
        "每股经营现金流_元": 0.088,
        "扣非净利润_万元": 1084.200081,
        "扣非净利润同比增长_百分比": 65.8,
        "销售毛利率_百分比": 75.08,
        "销售净利率_百分比": 1.42,
        "加权平均净资产收益率_百分比": 0.66,
        "扣非加权净资产收益率_百分比": null,
        "总资产收益率_百分比": 0.33,
        "主营业务收入_万元": 104424.207732,
        "主营业务成本_万元": 26010.027523,
        "主营业务利润_万元": 2346.384455
    },
    "资产负债表": {
        "货币资金_万元": 18100.698327,
        "应收账款_万元": 42206.493204,
        "应收票据_万元": 349.122548,
        "应收款项融资_万元": 1616.747998,
        "预付款项_万元": 1447.489803,
        "其他应收款_万元": 2649.0527,
        "存货_万元": 38505.020068,
        "合同资产_万元": null,
        "一年内到期的非流动资产_万元": null,
        "其他流动资产_万元": 16.149828,
        "流动资产合计_万元": 104901.629436,
        "交易性金融资产_万元": 10.85496,
        "债权投资_万元": null,
        "其他债权投资_万元": null,
        "长期应收款_万元": null,
        "长期股权投资_万元": 5745.915478,
        "其他权益工具投资_万元": 191424.183987,
        "投资性房地产_万元": null,
        "固定资产_万元": 73710.97824,
        "在建工程_万元": 27064.17782,
        "生产性生物资产_万元": 1683.771249,
        "油气资产_万元": null,
        "使用权资产_万元": 180.759297,
        "无形资产_万元": 20571.034254,
        "开发支出_万元": 16634.510843,
        "商誉_万元": 190.02,
        "长期待摊费用_万元": 138.728158,
        "递延所得税资产_万元": 1499.034078,
        "其他非流动资产_万元": 1005.285569,
        "非流动资产合计_万元": 341725.142693,
        "总资产_万元": 446626.772129,
        "总资产同比增长_百分比": -4.67,
        "短期借款_万元": 13011.75,
        "交易性金融负债_万元": null,
        "应付票据_万元": 827.141688,
        "应付账款_万元": 21712.496645,
        "预收款项_万元": null,
        "合同负债_万元": 2007.570746,
        "应付职工薪酬_万元": 1774.759744,
        "应交税费_万元": 1697.796704,
        "其他应付款_万元": 10020.845167,
        "一年内到期的非流动负债_万元": 7.584228,
        "其他流动负债_万元": 139.785245,
        "流动负债合计_万元": 51199.730167,
        "长期借款_万元": null,
        "应付债券_万元": null,
        "租赁负债_万元": 231.916446,
        "长期应付款_万元": null,
        "预计负债_万元": null,
        "递延收益_万元": 6659.724088,
        "递延所得税负债_万元": 397.085633,
        "其他非流动负债_万元": null,
        "非流动负债合计_万元": 163643.726167,
        "总负债_万元": 214843.456334,
        "总负债同比增长_百分比": null,
        "资产负债率_百分比": 48.1,
        "实收资本_万元": 96649.4707,
        "资本公积_万元": 360737.917429,
        "盈余公积_万元": 10864.810859,
        "未分配利润_万元": -236516.213824,
        "其他综合收益_万元": null,
        "专项储备_万元": null,
        "归属于母公司所有者权益合计_万元": 231735.985164,
        "少数股东权益_万元": 47.330631,
        "股东权益合计_万元": 231783.315795
    },
    "利润表": {
        "营业总收入_万元": 104424.207732,
        "营业收入_万元": 104424.207732,
        "营业总收入同比增长_百分比": 3.01,
        "营业成本_万元": 26010.027523,
        "税金及附加_万元": 731.767742,
        "销售费用_万元": 58462.518902,
        "管理费用_万元": 8004.987461,
        "研发费用_万元": 2974.070407,
        "财务费用_万元": 5774.225787,
        "其中利息费用_万元": 6064.883692,
        "其中利息收入_万元": 336.017834,
        "其他收益_万元": 630.925075,
        "投资收益_万元": 67.170379,
        "其中对联营企业投资收益_万元": null,
        "公允价值变动收益_万元": -1.98424,
        "信用减值损失_万元": -603.946735,
        "资产减值损失_万元": -234.845826,
        "资产处置收益_万元": 22.455892,
        "营业总支出_万元": null,
        "营业利润_万元": 2346.384455,
        "营业外收入_万元": 89.122916,
        "营业外支出_万元": 218.620463,
        "利润总额_万元": 2216.886908,
        "所得税费用_万元": 731.695376,
        "净利润_万元": 1485.191532,
        "归母净利润_万元": 1555.063598,
        "少数股东损益_万元": -69.872066,
        "持续经营净利润_万元": 1485.191532,
        "终止经营净利润_万元": null,
        "其他综合收益_万元": null,
        "综合收益总额_万元": 1485.191532,
        "归母综合收益总额_万元": 1555.063598
    },
    "现金流量表": {
        "销售商品收到现金_万元": 101237.134928,
        "收到的税费返还_万元": 0,
        "收到其他经营活动现金_万元": 4039.027868,
        "经营活动现金流入_万元": 105276.162796,
        "购买商品支付现金_万元": 11404.506764,
        "支付职工现金_万元": 11105.425826,
        "支付税费_万元": 9275.761984,
        "支付其他经营活动现金_万元": 64986.871513,
        "经营活动现金流出_万元": 96772.566087,
        "经营现金流净额_万元": 8503.596709,
        "经营现金流净额同比增长_百分比": -4.11,
        "收回投资现金_万元": null,
        "取得投资收益现金_万元": null,
        "处置资产收回现金_万元": 33.4557,
        "收到其他投资活动现金_万元": 10320.107982,
        "投资活动现金流入_万元": 10353.563682,
        "投资支付现金_万元": null,
        "购建资产支付现金_万元": 1650.720464,
        "支付其他投资活动现金_万元": 373.598365,
        "投资活动现金流出_万元": 2024.318829,
        "投资现金流净额_万元": 8329.244853,
        "吸收投资现金_万元": null,
        "取得借款现金_万元": 13000,
        "收到其他筹资活动现金_万元": null,
        "筹资活动现金流入_万元": 13000,
        "偿还债务现金_万元": 22720,
        "分配股利现金_万元": 6289.274734,
        "支付其他筹资活动现金_万元": 6552,
        "筹资活动现金流出_万元": 35561.274734,
        "融资现金流净额_万元": -22561.274734,
        "汇率变动影响_万元": null,
        "现金及等价物净增加额_万元": -5728.433172,
        "净现金流_元": -57284331.72,
        "净现金流同比增长_百分比": null,
        "期初现金及等价物_万元": 23520.522795,
        "期末现金及等价物_万元": 17792.089623,
        "经营现金流占比_百分比": null,
        "投资现金流占比_百分比": null,
        "融资现金流占比_百分比": null
    }
}