{
    "报告信息": {
        "序号": null,
        "股票代码": "000766",
        "股票简称": "通化金马",
        "报告年份": "2024",
        "报告期": "年度报告",
        "总股本_股": 966494707,
        "流通股本_股": null,
        "报告日期": "2025-04-17",
        "审计意见": "标准的无保留意见",
        "会计师事务所": "北京德皓国际会计师事务所（特殊普通合伙）",
        "期": "FY"
    },
    "核心业绩指标": {
        "每股收益_元": 0.06,
        "稀释每股收益_元": 0.06,
        "营业总收入_万元": 132255.77,
        "营业总收入_亿元": 13.225577,
        "营收同比增长_百分比": -10.23,
        "营收环比增长_百分比": null,
        "净利润_万元": 5597.82,
        "净利润_亿元": 0.559782,
        "净利润同比增长_百分比": null,
        "净利润环比增长_百分比": null,
        "归母净利润_万元": 5643.73,
        "少数股东损益_万元": -45.91,
        "每股净资产_元": null,
        "净资产收益率_百分比": 2.42,
        "扣非净资产收益率_百分比": null,
        "每股经营现金流_元": null,
        "扣非净利润_万元": 4797.44,
        "扣非净利润同比增长_百分比": 63.04,
        "销售毛利率_百分比": 74.93,
        "销售净利率_百分比": 4.24,
        "加权平均净资产收益率_百分比": 2.42,
        "扣非加权净资产收益率_百分比": null,
        "总资产收益率_百分比": null,
        "主营业务收入_万元": 132205.87,
        "主营业务成本_万元": 33113.78,
        "主营业务利润_万元": null
    },
    "资产负债表": {
        "货币资金_万元": 27417.74908,
        "应收账款_万元": 54949.565246,
        "应收票据_万元": 0,
        "应收款项融资_万元": 2671.589478,
        "预付款项_万元": 1056.832857,
        "其他应收款_万元": 1533.010614,
        "存货_万元": 38219.309701,
        "合同资产_万元": 0,
        "一年内到期的非流动资产_万元": 0,
        "其他流动资产_万元": 33.878697,
        "流动资产合计_万元": 120996.42,
        "交易性金融资产_万元": 108.85624,
        "债权投资_万元": null,
        "其他债权投资_万元": null,
        "长期应收款_万元": null,
        "长期股权投资_万元": 5471.18,
        "其他权益工具投资_万元": 177459.18,
        "投资性房地产_万元": null,
        "固定资产_万元": 69638.068216,
        "在建工程_万元": 27226.411172,
        "生产性生物资产_万元": 1730.178246,
        "油气资产_万元": null,
        "使用权资产_万元": 389.232687,
        "无形资产_万元": 18496.34151,
        "开发支出_万元": 18938.22,
        "商誉_万元": 20582.2053821,
        "长期待摊费用_万元": 83.475532,
        "递延所得税资产_万元": 3172.852266,
        "其他非流动资产_万元": 2693.53,
        "非流动资产合计_万元": 327365.44,
        "总资产_万元": 448361.86,
        "总资产同比增长_百分比": -0.79,
        "短期借款_万元": 19474.84861,
        "交易性金融负债_万元": null,
        "应付票据_万元": 15.75,
        "应付账款_万元": 18215.74038,
        "预收款项_万元": null,
        "合同负债_万元": 1465.5484,
        "应付职工薪酬_万元": 1884.29,
        "应交税费_万元": 2036.033939,
        "其他应付款_万元": 11975.491573,
        "一年内到期的非流动负债_万元": 160472.27,
        "其他流动负债_万元": 146.66,
        "流动负债合计_万元": 215686.63,
        "长期借款_万元": null,
        "应付债券_万元": null,
        "租赁负债_万元": 282.826982,
        "长期应付款_万元": null,
        "预计负债_万元": null,
        "递延收益_万元": 6553.178171,
        "递延所得税负债_万元": 298.93,
        "其他非流动负债_万元": null,
        "非流动负债合计_万元": 7134.94,
        "总负债_万元": 222821.57,
        "总负债同比增长_百分比": null,
        "资产负债率_百分比": 49.64,
        "实收资本_万元": null,
        "资本公积_万元": 357929.92,
        "盈余公积_万元": 10864.81,
        "未分配利润_万元": -228034.17,
        "其他综合收益_万元": -11870.25,
        "专项储备_万元": null,
        "归属于母公司所有者权益合计_万元": 225539.77,
        "少数股东权益_万元": 0.52,
        "股东权益合计_万元": 225540.29
    },
    "利润表": {
        "营业总收入_万元": 132255.77,
        "营业收入_万元": 132255.77,
        "营业总收入同比增长_百分比": -10.23,
        "营业成本_万元": 33157.75,
        "税金及附加_万元": 990.09,
        "销售费用_万元": 67192.35,
        "管理费用_万元": 11734.12,
        "研发费用_万元": 5034.32,
        "财务费用_万元": 7988.8,
        "其中利息费用_万元": 8497.96,
        "其中利息收入_万元": 288.86,
        "其他收益_万元": 955.45,
        "投资收益_万元": 238.84,
        "其中对联营企业投资收益_万元": 202.72,
        "公允价值变动收益_万元": 2.8,
        "信用减值损失_万元": -851.12,
        "资产减值损失_万元": 255.14,
        "资产处置收益_万元": -16.79,
        "营业总支出_万元": null,
        "营业利润_万元": 6742.67,
        "营业外收入_万元": 84.56,
        "营业外支出_万元": 118.73,
        "利润总额_万元": 6708.5,
        "所得税费用_万元": 1110.68,
        "净利润_万元": 5597.82,
        "归母净利润_万元": 5643.73,
        "少数股东损益_万元": -45.91,
        "持续经营净利润_万元": 5597.82,
        "终止经营净利润_万元": null,
        "其他综合收益_万元": -11870.25,
        "综合收益总额_万元": -6272.43,
        "归母综合收益总额_万元": -6226.52
    },
    "现金流量表": {
        "销售商品收到现金_万元": 129716.17,
        "收到的税费返还_万元": null,
        "收到其他经营活动现金_万元": 5222.52,
        "经营活动现金流入_万元": 134938.69,
        "购买商品支付现金_万元": 22433.99,
        "支付职工现金_万元": 14563.1,
        "支付税费_万元": 8511.64,
        "支付其他经营活动现金_万元": 73155.31,
        "经营活动现金流出_万元": 118664.04,
        "经营现金流净额_万元": 16274.65,
        "经营现金流净额同比增长_百分比": 44.31,
        "收回投资现金_万元": null,
        "取得投资收益现金_万元": null,
        "处置资产收回现金_万元": 4.58,
        "收到其他投资活动现金_万元": 380.28,
        "投资活动现金流入_万元": 384.86,
        "投资支付现金_万元": null,
        "购建资产支付现金_万元": 4917.07,
        "支付其他投资活动现金_万元": 380.25,
        "投资活动现金流出_万元": 5297.32,
        "投资现金流净额_万元": -4912.47,
        "吸收投资现金_万元": null,
        "取得借款现金_万元": 23450.0,
        "收到其他筹资活动现金_万元": 757.0,
        "筹资活动现金流入_万元": 24207.0,
        "偿还债务现金_万元": 13100.0,
        "分配股利现金_万元": 8497.81,
        "支付其他筹资活动现金_万元": 3298.45,
        "筹资活动现金流出_万元": 24896.26,
        "融资现金流净额_万元": -689.26,
        "汇率变动影响_万元": null,
        "现金及等价物净增加额_万元": 10672.92,
        "净现金流_元": null,
        "净现金流同比增长_百分比": null,
        "期初现金及等价物_万元": 16725.4,
        "期末现金及等价物_万元": 27398.32,
        "经营现金流占比_百分比": null,
        "投资现金流占比_百分比": null,
        "融资现金流占比_百分比": null
    }
}