{
    "报告信息": {
        "序号": null,
        "股票代码": "000766",
        "股票简称": "通化金马",
        "报告年份": "2022",
        "报告期": "FY",
        "总股本_股": 966494707,
        "流通股本_股": 848564434,
        "报告日期": "2023-04-19",
        "审计意见": "标准的无保留意见",
        "会计师事务所": "中准会计师事务所（特殊普通合伙）"
    },
    "核心业绩指标": {
        "每股收益_元": 0.03,
        "稀释每股收益_元": 0.03,
        "营业总收入_万元": 147074.877514,
        "营业总收入_亿元": 14.7074877514,
        "营收同比增长_百分比": -2.95,
        "营收环比增长_百分比": null,
        "净利润_万元": 2918.879037,
        "净利润_亿元": 0.2918879037,
        "净利润同比增长_百分比": -14.12,
        "净利润环比增长_百分比": null,
        "归母净利润_万元": 3015.13489,
        "少数股东损益_万元": -96.255853,
        "每股净资产_元": null,
        "净资产收益率_百分比": null,
        "扣非净资产收益率_百分比": null,
        "每股经营现金流_元": null,
        "扣非净利润_万元": 2024.347147,
        "扣非净利润同比增长_百分比": -0.3,
        "销售毛利率_百分比": 75.98,
        "销售净利率_百分比": null,
        "加权平均净资产收益率_百分比": 1.3,
        "扣非加权净资产收益率_百分比": null,
        "总资产收益率_百分比": null,
        "主营业务收入_万元": 147074.877514,
        "主营业务成本_万元": 35320.864019,
        "主营业务利润_万元": null
    },
    "资产负债表": {
        "货币资金_万元": 33682.163018,
        "应收账款_万元": 42391.482503,
        "应收票据_万元": 427.992404,
        "应收款项融资_万元": 4222.978305,
        "预付款项_万元": 1370.81195,
        "其他应收款_万元": 3575.102425,
        "存货_万元": 38137.260142,
        "合同资产_万元": null,
        "一年内到期的非流动资产_万元": null,
        "其他流动资产_万元": 16.448765,
        "流动资产合计_万元": 123837.078712,
        "交易性金融资产_万元": 12.8392,
        "债权投资_万元": null,
        "其他债权投资_万元": null,
        "长期应收款_万元": null,
        "长期股权投资_万元": 5642.618276,
        "其他权益工具投资_万元": 191424.183987,
        "投资性房地产_万元": null,
        "固定资产_万元": 76703.266758,
        "在建工程_万元": 26738.774254,
        "生产性生物资产_万元": 1402.994104,
        "油气资产_万元": null,
        "使用权资产_万元": 429.562826,
        "无形资产_万元": 21660.910229,
        "开发支出_万元": 16011.466614,
        "商誉_万元": 190.02,
        "长期待摊费用_万元": 77.782873,
        "递延所得税资产_万元": 1468.810474,
        "其他非流动资产_万元": 1047.285912,
        "非流动资产合计_万元": 344674.420027,
        "总资产_万元": 468511.498739,
        "总资产同比增长_百分比": 0.96,
        "短期借款_万元": 2504.254234,
        "交易性金融负债_万元": null,
        "应付票据_万元": 627.578576,
        "应付账款_万元": 21551.191216,
        "预收款项_万元": null,
        "合同负债_万元": 3979.456476,
        "应付职工薪酬_万元": 2249.671188,
        "应交税费_万元": 3129.846113,
        "其他应付款_万元": 12319.843886,
        "一年内到期的非流动负债_万元": 20487.571204,
        "其他流动负债_万元": 336.786755,
        "流动负债合计_万元": 67186.199648,
        "长期借款_万元": 156355.0,
        "应付债券_万元": null,
        "租赁负债_万元": 443.846504,
        "长期应付款_万元": null,
        "预计负债_万元": null,
        "递延收益_万元": 7182.576712,
        "递延所得税负债_万元": 493.751612,
        "其他非流动负债_万元": null,
        "非流动负债合计_万元": 164475.174828,
        "总负债_万元": 231661.374476,
        "总负债同比增长_百分比": null,
        "资产负债率_百分比": 49.45,
        "实收资本_万元": 96649.4707,
        "资本公积_万元": 364242.93724,
        "盈余公积_万元": 10864.810859,
        "未分配利润_万元": -238071.277422,
        "其他综合收益_万元": null,
        "专项储备_万元": null,
        "归属于母公司所有者权益合计_万元": 233685.941377,
        "少数股东权益_万元": 3164.182886,
        "股东权益合计_万元": 236850.124263
    },
    "利润表": {
        "营业总收入_万元": 147074.877514,
        "营业收入_万元": 147074.877514,
        "营业总收入同比增长_百分比": -2.95,
        "营业成本_万元": 35320.864019,
        "税金及附加_万元": 1157.287042,
        "销售费用_万元": 81514.486395,
        "管理费用_万元": 10832.540907,
        "研发费用_万元": 6490.86831,
        "财务费用_万元": 7879.345642,
        "其中利息费用_万元": 8879.42,
        "其中利息收入_万元": 1014.932138,
        "其他收益_万元": 1143.956004,
        "投资收益_万元": 135.360721,
        "其中对联营企业投资收益_万元": null,
        "公允价值变动收益_万元": -5.19404,
        "信用减值损失_万元": -40.520891,
        "资产减值损失_万元": 28.07925,
        "资产处置收益_万元": -2.218406,
        "营业总支出_万元": 143195.392315,
        "营业利润_万元": 5138.947837,
        "营业外收入_万元": 52.353438,
        "营业外支出_万元": 173.9061,
        "利润总额_万元": 5017.395175,
        "所得税费用_万元": 2098.516138,
        "净利润_万元": 2918.879037,
        "归母净利润_万元": 3015.13489,
        "少数股东损益_万元": -96.255853,
        "持续经营净利润_万元": 2918.879037,
        "终止经营净利润_万元": null,
        "其他综合收益_万元": null,
        "综合收益总额_万元": 2918.879037,
        "归母综合收益总额_万元": 3015.13489
    },
    "现金流量表": {
        "销售商品收到现金_万元": 144801.848915,
        "收到的税费返还_万元": 2.329269,
        "收到其他经营活动现金_万元": 2251.402721,
        "经营活动现金流入_万元": 147055.580905,
        "购买商品支付现金_万元": 21507.18812,
        "支付职工现金_万元": 14312.496192,
        "支付税费_万元": 8572.332371,
        "支付其他经营活动现金_万元": 82847.178432,
        "经营活动现金流出_万元": 127239.195115,
        "经营现金流净额_万元": 19816.38579,
        "经营现金流净额同比增长_百分比": 43.25,
        "收回投资现金_万元": null,
        "取得投资收益现金_万元": null,
        "处置资产收回现金_万元": 159.283057,
        "收到其他投资活动现金_万元": 651.530676,
        "投资活动现金流入_万元": 810.813733,
        "投资支付现金_万元": null,
        "购建资产支付现金_万元": 2374.063605,
        "支付其他投资活动现金_万元": 560.653705,
        "投资活动现金流出_万元": 2934.71731,
        "投资现金流净额_万元": -2123.903577,
        "吸收投资现金_万元": null,
        "取得借款现金_万元": 160700.0,
        "收到其他筹资活动现金_万元": null,
        "筹资活动现金流入_万元": 160700.0,
        "偿还债务现金_万元": 166233.154047,
        "分配股利现金_万元": 8860.02211,
        "支付其他筹资活动现金_万元": 49.0,
        "筹资活动现金流出_万元": 175142.176157,
        "融资现金流净额_万元": -14442.176157,
        "汇率变动影响_万元": null,
        "现金及等价物净增加额_万元": 3250.306056,
        "净现金流_元": null,
        "净现金流同比增长_百分比": 115.34,
        "期初现金及等价物_万元": 30158.995711,
        "期末现金及等价物_万元": 33682.163018,
        "经营现金流占比_百分比": null,
        "投资现金流占比_百分比": null,
        "融资现金流占比_百分比": null
    }
}