{
    "报告信息": {
        "序号": null,
        "股票代码": "000766",
        "股票简称": "通化金马",
        "报告年份": "2025",
        "报告期": "Q3",
        "总股本_股": 966494707,
        "流通股本_股": null,
        "报告日期": null,
        "审计意见": "未经审计",
        "会计师事务所": null
    },
    "核心业绩指标": {
        "每股收益_元": 0.0258,
        "稀释每股收益_元": 0.0258,
        "营业总收入_万元": 89225.11294,
        "营业总收入_亿元": 8.922511294,
        "营收同比增长_百分比": -7.88,
        "营收环比增长_百分比": null,
        "净利润_万元": 2499.14431,
        "净利润_亿元": 0.249914431,
        "净利润同比增长_百分比": 4.35,
        "净利润环比增长_百分比": null,
        "归母净利润_万元": 2496.346801,
        "少数股东损益_万元": 2.797509,
        "每股净资产_元": null,
        "净资产收益率_百分比": null,
        "扣非净资产收益率_百分比": null,
        "每股经营现金流_元": null,
        "扣非净利润_万元": 1933.939759,
        "扣非净利润同比增长_百分比": 18.01,
        "销售毛利率_百分比": null,
        "销售净利率_百分比": null,
        "加权平均净资产收益率_百分比": 1.1,
        "扣非加权净资产收益率_百分比": null,
        "总资产收益率_百分比": null,
        "主营业务收入_万元": 89225.11294,
        "主营业务成本_万元": 24469.633211,
        "主营业务利润_万元": null
    },
    "资产负债表": {
        "货币资金_万元": 32227.565185,
        "应收账款_万元": 49362.394411,
        "应收票据_万元": null,
        "应收款项融资_万元": 4727.680926,
        "预付款项_万元": 613.636547,
        "其他应收款_万元": 1574.882043,
        "存货_万元": 38117.371035,
        "合同资产_万元": null,
        "一年内到期的非流动资产_万元": null,
        "其他流动资产_万元": 33.948005,
        "流动资产合计_万元": 126765.266872,
        "交易性金融资产_万元": 107.78872,
        "债权投资_万元": null,
        "其他债权投资_万元": null,
        "长期应收款_万元": null,
        "长期股权投资_万元": 5570.297938,
        "其他权益工具投资_万元": 177459.183987,
        "投资性房地产_万元": null,
        "固定资产_万元": 67117.98402,
        "在建工程_万元": 29848.697123,
        "生产性生物资产_万元": 1778.006482,
        "油气资产_万元": null,
        "使用权资产_万元": 284.851568,
        "无形资产_万元": 17460.208008,
        "开发支出_万元": 20733.766521,
        "商誉_万元": 190.02,
        "长期待摊费用_万元": 53.339893,
        "递延所得税资产_万元": 2783.439972,
        "其他非流动资产_万元": 840.709814,
        "非流动资产合计_万元": 325997.249046,
        "总资产_万元": 452762.515918,
        "总资产同比增长_百分比": 0.98,
        "短期借款_万元": 25972.34597,
        "交易性金融负债_万元": null,
        "应付票据_万元": 358.655425,
        "应付账款_万元": 14435.106574,
        "预收款项_万元": null,
        "合同负债_万元": 1374.853056,
        "应付职工薪酬_万元": 1463.166709,
        "应交税费_万元": 1567.785303,
        "其他应付款_万元": 10984.419241,
        "一年内到期的非流动负债_万元": 175.899375,
        "其他流动负债_万元": 108.921904,
        "流动负债合计_万元": 56441.153557,
        "长期借款_万元": 159357.666667,
        "应付债券_万元": null,
        "租赁负债_万元": 312.557911,
        "长期应付款_万元": null,
        "预计负债_万元": null,
        "递延收益_万元": 6315.543605,
        "递延所得税负债_万元": 211.532691,
        "其他非流动负债_万元": null,
        "非流动负债合计_万元": 166197.300874,
        "总负债_万元": 222638.454431,
        "总负债同比增长_百分比": null,
        "资产负债率_百分比": null,
        "实收资本_万元": 96649.4707,
        "资本公积_万元": 357929.917429,
        "盈余公积_万元": 10864.810859,
        "未分配利润_万元": -225537.82767,
        "其他综合收益_万元": -9785.625,
        "专项储备_万元": null,
        "归属于母公司所有者权益合计_万元": 230120.746318,
        "少数股东权益_万元": 3.315169,
        "股东权益合计_万元": 230124.061487
    },
    "利润表": {
        "营业总收入_万元": 89225.11294,
        "营业收入_万元": 89225.11294,
        "营业总收入同比增长_百分比": -7.88,
        "营业成本_万元": 24469.633211,
        "税金及附加_万元": 1082.096848,
        "销售费用_万元": 43472.271736,
        "管理费用_万元": 8421.908283,
        "研发费用_万元": 2799.155263,
        "财务费用_万元": 6013.142408,
        "其中利息费用_万元": 6096.245032,
        "其中利息收入_万元": 132.86859,
        "其他收益_万元": 760.341608,
        "投资收益_万元": 88.386655,
        "其中对联营企业投资收益_万元": null,
        "公允价值变动收益_万元": -1.86752,
        "信用减值损失_万元": -245.049203,
        "资产减值损失_万元": -49.386983,
        "资产处置收益_万元": -4.835019,
        "营业总支出_万元": 86258.207749,
        "营业利润_万元": 3514.494729,
        "营业外收入_万元": 41.779113,
        "营业外支出_万元": 97.447708,
        "利润总额_万元": 3458.826134,
        "所得税费用_万元": 959.681824,
        "净利润_万元": 2499.14431,
        "归母净利润_万元": 2496.346801,
        "少数股东损益_万元": 2.797509,
        "持续经营净利润_万元": 2499.14431,
        "终止经营净利润_万元": null,
        "其他综合收益_万元": 2084.625,
        "综合收益总额_万元": 4583.76931,
        "归母综合收益总额_万元": 4580.971801
    },
    "现金流量表": {
        "销售商品收到现金_万元": 94009.023733,
        "收到的税费返还_万元": 11442.051247,
        "收到其他经营活动现金_万元": 10674.422959,
        "经营活动现金流入_万元": null,
        "购买商品支付现金_万元": null,
        "支付职工现金_万元": null,
        "支付税费_万元": null,
        "支付其他经营活动现金_万元": null,
        "经营活动现金流出_万元": null,
        "经营现金流净额_万元": 7081.302195,
        "经营现金流净额同比增长_百分比": -36.44,
        "收回投资现金_万元": null,
        "取得投资收益现金_万元": null,
        "处置资产收回现金_万元": null,
        "收到其他投资活动现金_万元": null,
        "投资活动现金流入_万元": null,
        "投资支付现金_万元": null,
        "购建资产支付现金_万元": null,
        "支付其他投资活动现金_万元": null,
        "投资活动现金流出_万元": null,
        "投资现金流净额_万元": null,
        "吸收投资现金_万元": null,
        "取得借款现金_万元": null,
        "收到其他筹资活动现金_万元": null,
        "筹资活动现金流入_万元": null,
        "偿还债务现金_万元": null,
        "分配股利现金_万元": null,
        "支付其他筹资活动现金_万元": 3159.772688,
        "筹资活动现金流出_万元": 185808.8034,
        "融资现金流净额_万元": -1803.8034,
        "汇率变动影响_万元": null,
        "现金及等价物净增加额_万元": 4470.586885,
        "净现金流_元": null,
        "净现金流同比增长_百分比": null,
        "期初现金及等价物_万元": 27398.322875,
        "期末现金及等价物_万元": 31868.90976,
        "经营现金流占比_百分比": null,
        "投资现金流占比_百分比": null,
        "融资现金流占比_百分比": null
    }
}