{
    "报告信息": {
        "序号": "2024-015",
        "股票代码": "300391",
        "股票简称": "长药控股",
        "报告年份": "2023",
        "报告期": "年度报告",
        "总股本_股": 350336112,
        "流通股本_股": null,
        "报告日期": "2024年4月30日",
        "审计意见": "带强调事项段和持续经营重大不确定性段落的无保留意见",
        "会计师事务所": "中审亚太会计师事务所（特殊普通合伙）",
        "期": "FY"
    },
    "核心业绩指标": {
        "每股收益_元": -1.7288,
        "稀释每股收益_元": -1.7288,
        "营业总收入_万元": 119756.240116,
        "营业总收入_亿元": 11.9756240116,
        "营收同比增长_百分比": -25.86,
        "营收环比增长_百分比": null,
        "净利润_万元": -70733.450563,
        "净利润_亿元": -7.0733450563,
        "净利润同比增长_百分比": null,
        "净利润环比增长_百分比": null,
        "归母净利润_万元": -60565.3315,
        "少数股东损益_万元": -10168.119063,
        "每股净资产_元": 0.556,
        "净资产收益率_百分比": -121.65,
        "扣非净资产收益率_百分比": null,
        "每股经营现金流_元": null,
        "扣非净利润_万元": -63232.59418,
        "扣非净利润同比增长_百分比": -727.71,
        "销售毛利率_百分比": 16.4,
        "销售净利率_百分比": -59.1,
        "加权平均净资产收益率_百分比": -121.65,
        "扣非加权净资产收益率_百分比": -127.01,
        "总资产收益率_百分比": -20.5,
        "主营业务收入_万元": 119756.240116,
        "主营业务成本_万元": 100155.581999,
        "主营业务利润_万元": 19600.658117
    },
    "资产负债表": {
        "货币资金_万元": 1520.330056,
        "应收账款_万元": 163915.694932,
        "应收票据_万元": 10,
        "应收款项融资_万元": 23.81056,
        "预付款项_万元": 12075.930799,
        "其他应收款_万元": 24394.088113,
        "存货_万元": 5185.818915,
        "合同资产_万元": 691.913943,
        "一年内到期的非流动资产_万元": null,
        "其他流动资产_万元": 5044.90663,
        "流动资产合计_万元": 212862.493948,
        "交易性金融资产_万元": null,
        "债权投资_万元": null,
        "其他债权投资_万元": null,
        "长期应收款_万元": null,
        "长期股权投资_万元": 152879.33,
        "其他权益工具投资_万元": null,
        "投资性房地产_万元": null,
        "固定资产_万元": 76385.65724,
        "在建工程_万元": 18481.773321,
        "生产性生物资产_万元": 194.821307,
        "油气资产_万元": null,
        "使用权资产_万元": 1176.647814,
        "无形资产_万元": 9918.372874,
        "开发支出_万元": null,
        "商誉_万元": 23606.98964,
        "长期待摊费用_万元": null,
        "递延所得税资产_万元": 1646.650021,
        "其他非流动资产_万元": 302.3,
        "非流动资产合计_万元": 131713.212217,
        "总资产_万元": 344575.706165,
        "总资产同比增长_百分比": -3.71,
        "短期借款_万元": 20511.623023,
        "交易性金融负债_万元": null,
        "应付票据_万元": 1746.452317,
        "应付账款_万元": 34104.346665,
        "预收款项_万元": null,
        "合同负债_万元": 1695.163386,
        "应付职工薪酬_万元": 1851.984136,
        "应交税费_万元": 12746.40695,
        "其他应付款_万元": 104410.807635,
        "一年内到期的非流动负债_万元": 10803.234115,
        "其他流动负债_万元": 172.344147,
        "流动负债合计_万元": 188042.362374,
        "长期借款_万元": 51888.557872,
        "应付债券_万元": null,
        "租赁负债_万元": 545.398079,
        "长期应付款_万元": null,
        "预计负债_万元": 67.64505,
        "递延收益_万元": 1524.206645,
        "递延所得税负债_万元": 710.361838,
        "其他非流动负债_万元": 65.031353,
        "非流动负债合计_万元": 54801.200837,
        "总负债_万元": 242843.563211,
        "总负债同比增长_百分比": null,
        "资产负债率_百分比": 70.5,
        "实收资本_万元": 35033.6112,
        "资本公积_万元": 78817.222203,
        "盈余公积_万元": 1835.842424,
        "未分配利润_万元": -96174.568898,
        "其他综合收益_万元": null,
        "专项储备_万元": null,
        "归属于母公司所有者权益合计_万元": 19512.106929,
        "少数股东权益_万元": 82220.036025,
        "股东权益合计_万元": 101732.142954
    },
    "利润表": {
        "营业总收入_万元": 119756.240116,
        "营业收入_万元": 119756.240116,
        "营业总收入同比增长_百分比": -25.86,
        "营业成本_万元": 100155.581999,
        "税金及附加_万元": 371.116343,
        "销售费用_万元": 2358.946574,
        "管理费用_万元": 8411.38545,
        "研发费用_万元": 766.084544,
        "财务费用_万元": 6096.79526,
        "其中利息费用_万元": 6131.483615,
        "其中利息收入_万元": 9.714846,
        "其他收益_万元": 221.010867,
        "投资收益_万元": 0,
        "其中对联营企业投资收益_万元": null,
        "公允价值变动收益_万元": 6763.027395,
        "信用减值损失_万元": -19589.525467,
        "资产减值损失_万元": -55969.636287,
        "资产处置收益_万元": 7.855478,
        "营业总支出_万元": null,
        "营业利润_万元": -66970.938068,
        "营业外收入_万元": 76.407175,
        "营业外支出_万元": 1206.482335,
        "利润总额_万元": -68101.013228,
        "所得税费用_万元": 2632.437335,
        "净利润_万元": -70733.450563,
        "归母净利润_万元": -60565.3315,
        "少数股东损益_万元": -10168.119063,
        "持续经营净利润_万元": null,
        "终止经营净利润_万元": null,
        "其他综合收益_万元": null,
        "综合收益总额_万元": null,
        "归母综合收益总额_万元": null
    },
    "现金流量表": {
        "销售商品收到现金_万元": 93117.73266,
        "收到的税费返还_万元": 402.316625,
        "收到其他经营活动现金_万元": 307.132888,
        "经营活动现金流入_万元": 93827.182173,
        "购买商品支付现金_万元": 94573.73427,
        "支付职工现金_万元": 6085.28235,
        "支付税费_万元": 1692.118431,
        "支付其他经营活动现金_万元": 6218.634291,
        "经营活动现金流出_万元": 108569.769342,
        "经营现金流净额_万元": -14742.587169,
        "经营现金流净额同比增长_百分比": -123.12,
        "收回投资现金_万元": null,
        "取得投资收益现金_万元": null,
        "处置资产收回现金_万元": 7.855478,
        "收到其他投资活动现金_万元": 17150,
        "投资活动现金流入_万元": 17157.855478,
        "投资支付现金_万元": null,
        "购建资产支付现金_万元": 679.087045,
        "支付其他投资活动现金_万元": 10033.4,
        "投资活动现金流出_万元": 10712.487045,
        "投资现金流净额_万元": 6445.368433,
        "吸收投资现金_万元": null,
        "取得借款现金_万元": 13938.5,
        "收到其他筹资活动现金_万元": 28559.269856,
        "筹资活动现金流入_万元": 42497.769856,
        "偿还债务现金_万元": 25554.831245,
        "分配股利现金_万元": 6203.506971,
        "支付其他筹资活动现金_万元": 2966.159774,
        "筹资活动现金流出_万元": 34724.49799,
        "融资现金流净额_万元": 7773.271866,
        "汇率变动影响_万元": null,
        "现金及等价物净增加额_万元": -523.94687,
        "净现金流_元": null,
        "净现金流同比增长_百分比": null,
        "期初现金及等价物_万元": 1154.058054,
        "期末现金及等价物_万元": 630.111184,
        "经营现金流占比_百分比": null,
        "投资现金流占比_百分比": null,
        "融资现金流占比_百分比": null
    }
}