{
    "报告信息": {
        "序号": null,
        "股票代码": "300391",
        "股票简称": "长药控股",
        "报告年份": "2023",
        "报告期": "Q1",
        "总股本_股": 350336112,
        "流通股本_股": null,
        "报告日期": null,
        "审计意见": null,
        "会计师事务所": null
    },
    "核心业绩指标": {
        "每股收益_元": -0.0655,
        "稀释每股收益_元": -0.0655,
        "营业总收入_万元": 13679.288094,
        "营业总收入_亿元": 1.3679288094,
        "营收同比增长_百分比": -74.92,
        "营收环比增长_百分比": null,
        "净利润_万元": -3081.322072,
        "净利润_亿元": -0.3081322072,
        "净利润同比增长_百分比": null,
        "净利润环比增长_百分比": null,
        "归母净利润_万元": -2295.814164,
        "少数股东损益_万元": -785.507908,
        "每股净资产_元": null,
        "净资产收益率_百分比": null,
        "扣非净资产收益率_百分比": null,
        "每股经营现金流_元": null,
        "扣非净利润_万元": -2310.151852,
        "扣非净利润同比增长_百分比": -265.44,
        "销售毛利率_百分比": null,
        "销售净利率_百分比": null,
        "加权平均净资产收益率_百分比": -2.91,
        "扣非加权净资产收益率_百分比": null,
        "总资产收益率_百分比": null,
        "主营业务收入_万元": null,
        "主营业务成本_万元": null,
        "主营业务利润_万元": null
    },
    "资产负债表": {
        "货币资金_万元": 1262.860641,
        "应收账款_万元": 141321.233263,
        "应收票据_万元": null,
        "应收款项融资_万元": 82.708384,
        "预付款项_万元": 23692.760592,
        "其他应收款_万元": 3985.612609,
        "存货_万元": 7159.024789,
        "合同资产_万元": 1828.021654,
        "一年内到期的非流动资产_万元": null,
        "其他流动资产_万元": 5016.466829,
        "流动资产合计_万元": 184348.688761,
        "交易性金融资产_万元": null,
        "债权投资_万元": null,
        "其他债权投资_万元": null,
        "长期应收款_万元": null,
        "长期股权投资_万元": null,
        "其他权益工具投资_万元": null,
        "投资性房地产_万元": null,
        "固定资产_万元": 87650.82665,
        "在建工程_万元": 17404.689971,
        "生产性生物资产_万元": 206.747855,
        "油气资产_万元": null,
        "使用权资产_万元": 1298.153684,
        "无形资产_万元": 4147.718184,
        "开发支出_万元": null,
        "商誉_万元": 67542.970761,
        "长期待摊费用_万元": 27.086269,
        "递延所得税资产_万元": 4067.687897,
        "其他非流动资产_万元": 169.34184,
        "非流动资产合计_万元": 182482.223111,
        "总资产_万元": 366830.911872,
        "总资产同比增长_百分比": 2.51,
        "短期借款_万元": 52757.373341,
        "交易性金融负债_万元": null,
        "应付票据_万元": 661.843552,
        "应付账款_万元": 24239.959966,
        "预收款项_万元": null,
        "合同负债_万元": 1980.677004,
        "应付职工薪酬_万元": 2228.251108,
        "应交税费_万元": 13278.229505,
        "其他应付款_万元": 65012.543729,
        "一年内到期的非流动负债_万元": 4049.079478,
        "其他流动负债_万元": 194.446832,
        "流动负债合计_万元": 164402.404515,
        "长期借款_万元": 34279.475,
        "应付债券_万元": null,
        "租赁负债_万元": 2079.395508,
        "长期应付款_万元": 14.095047,
        "预计负债_万元": 402.5293,
        "递延收益_万元": 1573.74665,
        "递延所得税负债_万元": 689.69521,
        "其他非流动负债_万元": 8.810784,
        "非流动负债合计_万元": 39047.747499,
        "总负债_万元": 203450.152014,
        "总负债同比增长_百分比": null,
        "资产负债率_百分比": null,
        "实收资本_万元": 35033.6112,
        "资本公积_万元": 78807.056365,
        "盈余公积_万元": 1835.842424,
        "未分配利润_万元": -37905.051562,
        "其他综合收益_万元": null,
        "专项储备_万元": null,
        "归属于母公司所有者权益合计_万元": 77771.458427,
        "少数股东权益_万元": 85609.301431,
        "股东权益合计_万元": null
    },
    "利润表": {
        "营业总收入_万元": 13679.288094,
        "营业收入_万元": 13679.288094,
        "营业总收入同比增长_百分比": -74.92,
        "营业成本_万元": 12565.160596,
        "税金及附加_万元": 66.001733,
        "销售费用_万元": 474.178277,
        "管理费用_万元": 1810.496873,
        "研发费用_万元": 201.113443,
        "财务费用_万元": 1021.19759,
        "其中利息费用_万元": 947.833498,
        "其中利息收入_万元": 1.886502,
        "其他收益_万元": 34.801894,
        "投资收益_万元": null,
        "其中对联营企业投资收益_万元": null,
        "公允价值变动收益_万元": null,
        "信用减值损失_万元": -742.826698,
        "资产减值损失_万元": -20.368675,
        "资产处置收益_万元": null,
        "营业总支出_万元": null,
        "营业利润_万元": -3187.253897,
        "营业外收入_万元": 2.335116,
        "营业外支出_万元": 7.660738,
        "利润总额_万元": -3192.579519,
        "所得税费用_万元": -111.257447,
        "净利润_万元": -3081.322072,
        "归母净利润_万元": -2295.814164,
        "少数股东损益_万元": -785.507908,
        "持续经营净利润_万元": -3081.322072,
        "终止经营净利润_万元": null,
        "其他综合收益_万元": null,
        "综合收益总额_万元": -3081.322072,
        "归母综合收益总额_万元": -2295.814164
    },
    "现金流量表": {
        "销售商品收到现金_万元": 16218.723979,
        "收到的税费返还_万元": 82.031184,
        "收到其他经营活动现金_万元": 8676.528871,
        "经营活动现金流入_万元": 24977.284034,
        "购买商品支付现金_万元": 19971.277812,
        "支付职工现金_万元": 1186.471174,
        "支付税费_万元": 429.449039,
        "支付其他经营活动现金_万元": 955.971283,
        "经营活动现金流出_万元": 22543.169308,
        "经营现金流净额_万元": 2434.114726,
        "经营现金流净额同比增长_百分比": 158.18,
        "收回投资现金_万元": null,
        "取得投资收益现金_万元": null,
        "处置资产收回现金_万元": null,
        "收到其他投资活动现金_万元": null,
        "投资活动现金流入_万元": null,
        "投资支付现金_万元": null,
        "购建资产支付现金_万元": 57.054795,
        "支付其他投资活动现金_万元": null,
        "投资活动现金流出_万元": 57.054795,
        "投资现金流净额_万元": -57.054795,
        "吸收投资现金_万元": null,
        "取得借款现金_万元": null,
        "收到其他筹资活动现金_万元": -478.605415,
        "筹资活动现金流入_万元": -478.605415,
        "偿还债务现金_万元": 1701.772866,
        "分配股利现金_万元": 1044.001553,
        "支付其他筹资活动现金_万元": null,
        "筹资活动现金流出_万元": 2745.774419,
        "融资现金流净额_万元": -3224.379834,
        "汇率变动影响_万元": -0.340462,
        "现金及等价物净增加额_万元": -847.660365,
        "净现金流_元": null,
        "净现金流同比增长_百分比": null,
        "期初现金及等价物_万元": 1453.10351,
        "期末现金及等价物_万元": 605.443145,
        "经营现金流占比_百分比": null,
        "投资现金流占比_百分比": null,
        "融资现金流占比_百分比": null
    }
}