{
    "报告信息": {
        "序号": null,
        "股票代码": "300391",
        "股票简称": "长药控股",
        "报告年份": "2024",
        "报告期": "半年度",
        "总股本_股": 350336112,
        "流通股本_股": 350336112,
        "报告日期": "2024-08-30",
        "审计意见": "未经审计",
        "会计师事务所": null,
        "期": "HY"
    },
    "核心业绩指标": {
        "每股收益_元": -0.4355,
        "稀释每股收益_元": -0.4355,
        "营业总收入_万元": 7365.369297,
        "营业总收入_亿元": 0.7365,
        "营收同比增长_百分比": -84.53,
        "营收环比增长_百分比": null,
        "净利润_万元": -24170.516245,
        "净利润_亿元": -2.4171,
        "净利润同比增长_百分比": null,
        "净利润环比增长_百分比": null,
        "归母净利润_万元": -15257.305907,
        "少数股东损益_万元": -8913.210338,
        "每股净资产_元": null,
        "净资产收益率_百分比": -128.39,
        "扣非净资产收益率_百分比": null,
        "每股经营现金流_元": null,
        "扣非净利润_万元": -15044.967707,
        "扣非净利润同比增长_百分比": -51.42,
        "销售毛利率_百分比": null,
        "销售净利率_百分比": null,
        "加权平均净资产收益率_百分比": -128.39,
        "扣非加权净资产收益率_百分比": -126.6,
        "总资产收益率_百分比": null,
        "主营业务收入_万元": 7365.369297,
        "主营业务成本_万元": 6948.203198,
        "主营业务利润_万元": null
    },
    "资产负债表": {
        "货币资金_万元": 1006.053975,
        "应收账款_万元": 152031.211034,
        "应收票据_万元": 10.0,
        "应收款项融资_万元": 9.5,
        "预付款项_万元": 12637.139887,
        "其他应收款_万元": 7322.015325,
        "存货_万元": 5415.217168,
        "合同资产_万元": 84.531,
        "一年内到期的非流动资产_万元": null,
        "其他流动资产_万元": 5040.58888,
        "流动资产合计_万元": 183546.257269,
        "交易性金融资产_万元": null,
        "债权投资_万元": null,
        "其他债权投资_万元": null,
        "长期应收款_万元": null,
        "长期股权投资_万元": null,
        "其他权益工具投资_万元": null,
        "投资性房地产_万元": null,
        "固定资产_万元": 74871.519205,
        "在建工程_万元": 18924.824761,
        "生产性生物资产_万元": 194.821307,
        "油气资产_万元": null,
        "使用权资产_万元": 644.935166,
        "无形资产_万元": 9782.963611,
        "开发支出_万元": null,
        "商誉_万元": 20862.66539,
        "长期待摊费用_万元": null,
        "递延所得税资产_万元": 1646.650021,
        "其他非流动资产_万元": 501.155,
        "非流动资产合计_万元": 127234.713154,
        "总资产_万元": 310780.970423,
        "总资产同比增长_百分比": -9.81,
        "短期借款_万元": 21972.395728,
        "交易性金融负债_万元": null,
        "应付票据_万元": 149.25796,
        "应付账款_万元": 32547.626116,
        "预收款项_万元": null,
        "合同负债_万元": 1374.004715,
        "应付职工薪酬_万元": 2659.679664,
        "应交税费_万元": 12496.205884,
        "其他应付款_万元": 96197.870438,
        "一年内到期的非流动负债_万元": 10695.627075,
        "其他流动负债_万元": 53.807848,
        "流动负债合计_万元": 178146.475428,
        "长期借款_万元": 51089.9,
        "应付债券_万元": null,
        "租赁负债_万元": 595.734453,
        "长期应付款_万元": null,
        "预计负债_万元": 1103.993998,
        "递延收益_万元": 1507.846643,
        "递延所得税负债_万元": 710.361839,
        "其他非流动负债_万元": 65.031353,
        "非流动负债合计_万元": 55072.868286,
        "总负债_万元": 233219.343714,
        "总负债同比增长_百分比": null,
        "资产负债率_百分比": null,
        "实收资本_万元": 35033.6112,
        "资本公积_万元": 78817.222203,
        "盈余公积_万元": 1835.842424,
        "未分配利润_万元": -111431.874805,
        "其他综合收益_万元": null,
        "专项储备_万元": null,
        "归属于母公司所有者权益合计_万元": 4254.801022,
        "少数股东权益_万元": 73306.825687,
        "股东权益合计_万元": 77561.626709
    },
    "利润表": {
        "营业总收入_万元": 7365.369297,
        "营业收入_万元": 7365.369297,
        "营业总收入同比增长_百分比": -84.53,
        "营业成本_万元": 6948.203198,
        "税金及附加_万元": 124.986254,
        "销售费用_万元": 940.318458,
        "管理费用_万元": 3360.893527,
        "研发费用_万元": 220.531031,
        "财务费用_万元": 4834.317701,
        "其中利息费用_万元": 4887.498365,
        "其中利息收入_万元": 4.42623,
        "其他收益_万元": 34.679385,
        "投资收益_万元": null,
        "其中对联营企业投资收益_万元": null,
        "公允价值变动收益_万元": null,
        "信用减值损失_万元": -12025.225285,
        "资产减值损失_万元": -2729.418241,
        "资产处置收益_万元": -52.086355,
        "营业总支出_万元": null,
        "营业利润_万元": -23835.931368,
        "营业外收入_万元": 0.806467,
        "营业外支出_万元": 335.391344,
        "利润总额_万元": -24170.516245,
        "所得税费用_万元": -585.557479,
        "净利润_万元": -24170.516245,
        "归母净利润_万元": -15257.305907,
        "少数股东损益_万元": -8913.210338,
        "持续经营净利润_万元": -24170.516245,
        "终止经营净利润_万元": null,
        "其他综合收益_万元": null,
        "综合收益总额_万元": -24170.516245,
        "归母综合收益总额_万元": -15257.305907
    },
    "现金流量表": {
        "销售商品收到现金_万元": 6848.916572,
        "收到的税费返还_万元": 50.300431,
        "收到其他经营活动现金_万元": 1018.523169,
        "经营活动现金流入_万元": 7917.740172,
        "购买商品支付现金_万元": 6166.217312,
        "支付职工现金_万元": 1819.806229,
        "支付税费_万元": 610.680829,
        "支付其他经营活动现金_万元": 2333.825258,
        "经营活动现金流出_万元": 10930.529628,
        "经营现金流净额_万元": -3012.789456,
        "经营现金流净额同比增长_百分比": -350.2,
        "收回投资现金_万元": null,
        "取得投资收益现金_万元": null,
        "处置资产收回现金_万元": 0.148,
        "收到其他投资活动现金_万元": null,
        "投资活动现金流入_万元": 0.148,
        "投资支付现金_万元": 397.017945,
        "购建资产支付现金_万元": 446.0657,
        "支付其他投资活动现金_万元": 993.342888,
        "投资活动现金流出_万元": 1439.408588,
        "投资现金流净额_万元": -1439.408588,
        "吸收投资现金_万元": null,
        "取得借款现金_万元": 2250.4,
        "收到其他筹资活动现金_万元": 6280.788439,
        "筹资活动现金流入_万元": 8531.188439,
        "偿还债务现金_万元": 1849.334765,
        "分配股利现金_万元": 1844.619819,
        "支付其他筹资活动现金_万元": 781.65,
        "筹资活动现金流出_万元": 4475.604584,
        "融资现金流净额_万元": 4055.583855,
        "汇率变动影响_万元": 3.08374,
        "现金及等价物净增加额_万元": -393.530449,
        "净现金流_元": -393.530449,
        "净现金流同比增长_百分比": 63.5,
        "期初现金及等价物_万元": 630.111184,
        "期末现金及等价物_万元": 236.580735,
        "经营现金流占比_百分比": null,
        "投资现金流占比_百分比": null,
        "融资现金流占比_百分比": null
    }
}