{
    "报告信息": {
        "序号": null,
        "股票代码": "300391",
        "股票简称": "长药控股",
        "报告年份": "2024",
        "报告期": "第一季度",
        "总股本_股": 350336112,
        "流通股本_股": null,
        "报告日期": null,
        "审计意见": "未经审计",
        "会计师事务所": null,
        "期": "Q1"
    },
    "核心业绩指标": {
        "每股收益_元": -0.1356,
        "稀释每股收益_元": -0.1356,
        "营业总收入_万元": 5909.176231,
        "营业总收入_亿元": 0.5909176231,
        "营收同比增长_百分比": -56.8,
        "营收环比增长_百分比": null,
        "净利润_万元": -8112.026942,
        "净利润_亿元": -0.8112026942,
        "净利润同比增长_百分比": -163.2,
        "净利润环比增长_百分比": null,
        "归母净利润_万元": -4750.590227,
        "少数股东损益_万元": -3361.436715,
        "每股净资产_元": null,
        "净资产收益率_百分比": null,
        "扣非净资产收益率_百分比": null,
        "每股经营现金流_元": -0.0937,
        "扣非净利润_万元": -4565.963461,
        "扣非净利润同比增长_百分比": -97.65,
        "销售毛利率_百分比": 7.59,
        "销售净利率_百分比": -137.28,
        "加权平均净资产收益率_百分比": -27.72,
        "扣非加权净资产收益率_百分比": null,
        "总资产收益率_百分比": -2.36,
        "主营业务收入_万元": 5909.176231,
        "主营业务成本_万元": 5460.463879,
        "主营业务利润_万元": 448.712352
    },
    "资产负债表": {
        "货币资金_万元": 855.000663,
        "应收账款_万元": 160385.38099,
        "应收票据_万元": 10.0,
        "应收款项融资_万元": 23.81056,
        "预付款项_万元": 14541.64542,
        "其他应收款_万元": 25917.849697,
        "存货_万元": 5370.438997,
        "合同资产_万元": 691.913943,
        "一年内到期的非流动资产_万元": null,
        "其他流动资产_万元": 4337.871571,
        "流动资产合计_万元": 212100.101281,
        "交易性金融资产_万元": null,
        "债权投资_万元": null,
        "其他债权投资_万元": null,
        "长期应收款_万元": null,
        "长期股权投资_万元": null,
        "其他权益工具投资_万元": null,
        "投资性房地产_万元": null,
        "固定资产_万元": 75554.427059,
        "在建工程_万元": 19478.413188,
        "生产性生物资产_万元": 194.821307,
        "油气资产_万元": null,
        "使用权资产_万元": 878.493415,
        "无形资产_万元": 9850.41825,
        "开发支出_万元": null,
        "商誉_万元": 23606.98964,
        "长期待摊费用_万元": null,
        "递延所得税资产_万元": 1646.650021,
        "其他非流动资产_万元": 81.35,
        "非流动资产合计_万元": 131096.741573,
        "总资产_万元": 343196.842854,
        "总资产同比增长_百分比": -0.4,
        "短期借款_万元": 21498.395728,
        "交易性金融负债_万元": null,
        "应付票据_万元": 279.559584,
        "应付账款_万元": 35832.699295,
        "预收款项_万元": null,
        "合同负债_万元": 1357.35335,
        "应付职工薪酬_万元": 2211.308538,
        "应交税费_万元": 12487.955974,
        "其他应付款_万元": 111783.89335,
        "一年内到期的非流动负债_万元": 10638.175005,
        "其他流动负债_万元": 55.314754,
        "流动负债合计_万元": 196144.655578,
        "长期借款_万元": 50400.0,
        "应付债券_万元": null,
        "租赁负债_万元": 624.759156,
        "长期应付款_万元": null,
        "预计负债_万元": 67.64505,
        "递延收益_万元": 1516.026644,
        "递延所得税负债_万元": 710.361839,
        "其他非流动负债_万元": 65.031353,
        "非流动负债合计_万元": 53432.071264,
        "总负债_万元": 249576.726842,
        "总负债同比增长_百分比": 2.77,
        "资产负债率_百分比": 72.72,
        "实收资本_万元": 35033.6112,
        "资本公积_万元": 78817.222203,
        "盈余公积_万元": 1835.842424,
        "未分配利润_万元": -100925.159125,
        "其他综合收益_万元": null,
        "专项储备_万元": null,
        "归属于母公司所有者权益合计_万元": 14761.516702,
        "少数股东权益_万元": 78858.59931,
        "股东权益合计_万元": 93620.116012
    },
    "利润表": {
        "营业总收入_万元": 5909.176231,
        "营业收入_万元": 5909.176231,
        "营业总收入同比增长_百分比": -56.8,
        "营业成本_万元": 5460.463879,
        "税金及附加_万元": 55.483158,
        "销售费用_万元": 510.368248,
        "管理费用_万元": 1608.518097,
        "研发费用_万元": 97.877788,
        "财务费用_万元": 1242.219609,
        "其中利息费用_万元": 1278.866259,
        "其中利息收入_万元": 21.387437,
        "其他收益_万元": 24.569278,
        "投资收益_万元": null,
        "其中对联营企业投资收益_万元": null,
        "公允价值变动收益_万元": null,
        "信用减值损失_万元": -4702.148323,
        "资产减值损失_万元": null,
        "资产处置收益_万元": null,
        "营业总支出_万元": 8974.930779,
        "营业利润_万元": -7743.333593,
        "营业外收入_万元": 0.515206,
        "营业外支出_万元": 369.208555,
        "利润总额_万元": -8112.026942,
        "所得税费用_万元": null,
        "净利润_万元": -8112.026942,
        "归母净利润_万元": -4750.590227,
        "少数股东损益_万元": -3361.436715,
        "持续经营净利润_万元": -8112.026942,
        "终止经营净利润_万元": null,
        "其他综合收益_万元": null,
        "综合收益总额_万元": -8112.026942,
        "归母综合收益总额_万元": -4750.590227
    },
    "现金流量表": {
        "销售商品收到现金_万元": 4940.039201,
        "收到的税费返还_万元": 50.300431,
        "收到其他经营活动现金_万元": 990.923351,
        "经营活动现金流入_万元": 5981.262983,
        "购买商品支付现金_万元": 5877.755113,
        "支付职工现金_万元": 1013.928847,
        "支付税费_万元": 442.438376,
        "支付其他经营活动现金_万元": 1928.81284,
        "经营活动现金流出_万元": 9262.935176,
        "经营现金流净额_万元": -3281.672193,
        "经营现金流净额同比增长_百分比": -234.82,
        "收回投资现金_万元": null,
        "取得投资收益现金_万元": null,
        "处置资产收回现金_万元": null,
        "收到其他投资活动现金_万元": null,
        "投资活动现金流入_万元": null,
        "投资支付现金_万元": null,
        "购建资产支付现金_万元": 269.0657,
        "支付其他投资活动现金_万元": null,
        "投资活动现金流出_万元": 269.0657,
        "投资现金流净额_万元": -269.0657,
        "吸收投资现金_万元": null,
        "取得借款现金_万元": 1025.0,
        "收到其他筹资活动现金_万元": 4944.319738,
        "筹资活动现金流入_万元": 5969.319738,
        "偿还债务现金_万元": 1654.861951,
        "分配股利现金_万元": 1164.167008,
        "支付其他筹资活动现金_万元": null,
        "筹资活动现金流出_万元": 2819.028959,
        "融资现金流净额_万元": 3150.290779,
        "汇率变动影响_万元": 2.010454,
        "现金及等价物净增加额_万元": -398.43666,
        "净现金流_元": -398.43666,
        "净现金流同比增长_百分比": 53.0,
        "期初现金及等价物_万元": 630.111184,
        "期末现金及等价物_万元": 231.674524,
        "经营现金流占比_百分比": 823.52,
        "投资现金流占比_百分比": 67.52,
        "融资现金流占比_百分比": -791.04
    }
}