{
    "报告信息": {
        "序号": null,
        "股票代码": "300391",
        "股票简称": "长药控股",
        "报告年份": "2023",
        "报告期": "Q3",
        "总股本_股": 350336112,
        "流通股本_股": null,
        "报告日期": "2023-09-30",
        "审计意见": "未经审计",
        "会计师事务所": null
    },
    "核心业绩指标": {
        "每股收益_元": -0.3307,
        "稀释每股收益_元": -0.3307,
        "营业总收入_万元": 102186.755656,
        "营业总收入_亿元": null,
        "营收同比增长_百分比": -28.17,
        "营收环比增长_百分比": null,
        "净利润_万元": -11585.239422,
        "净利润_亿元": null,
        "净利润同比增长_百分比": -522.43,
        "净利润环比增长_百分比": null,
        "归母净利润_万元": -11585.239422,
        "少数股东损益_万元": -2173.886539,
        "每股净资产_元": null,
        "净资产收益率_百分比": null,
        "扣非净资产收益率_百分比": null,
        "每股经营现金流_元": null,
        "扣非净利润_万元": -19081.76001,
        "扣非净利润同比增长_百分比": -882.09,
        "销售毛利率_百分比": null,
        "销售净利率_百分比": null,
        "加权平均净资产收益率_百分比": -15.6,
        "扣非加权净资产收益率_百分比": null,
        "总资产收益率_百分比": null,
        "主营业务收入_万元": null,
        "主营业务成本_万元": null,
        "主营业务利润_万元": null
    },
    "资产负债表": {
        "货币资金_万元": 1382.521299,
        "应收账款_万元": 157378.666788,
        "应收票据_万元": null,
        "应收款项融资_万元": 356.583977,
        "预付款项_万元": 17642.011454,
        "其他应收款_万元": 7108.959803,
        "存货_万元": 5691.189447,
        "合同资产_万元": 2558.88804,
        "一年内到期的非流动资产_万元": null,
        "其他流动资产_万元": 4574.579511,
        "流动资产合计_万元": 196693.400319,
        "交易性金融资产_万元": null,
        "债权投资_万元": null,
        "其他债权投资_万元": null,
        "长期应收款_万元": null,
        "长期股权投资_万元": null,
        "其他权益工具投资_万元": null,
        "投资性房地产_万元": null,
        "固定资产_万元": 84274.748653,
        "在建工程_万元": 18402.215581,
        "生产性生物资产_万元": 198.830957,
        "油气资产_万元": null,
        "使用权资产_万元": 736.952943,
        "无形资产_万元": 9986.227515,
        "开发支出_万元": null,
        "商誉_万元": 61951.098835,
        "长期待摊费用_万元": null,
        "递延所得税资产_万元": 1755.792168,
        "其他非流动资产_万元": 269.34184,
        "非流动资产合计_万元": 177575.208492,
        "总资产_万元": 374268.608811,
        "总资产同比增长_百分比": 4.59,
        "短期借款_万元": 47540.42712,
        "交易性金融负债_万元": null,
        "应付票据_万元": 1925.635013,
        "应付账款_万元": 28341.869725,
        "预收款项_万元": null,
        "合同负债_万元": 3401.959369,
        "应付职工薪酬_万元": 2596.046549,
        "应交税费_万元": 13599.104649,
        "其他应付款_万元": 74257.249775,
        "一年内到期的非流动负债_万元": 6017.55703,
        "其他流动负债_万元": 445.994194,
        "流动负债合计_万元": 178125.843424,
        "长期借款_万元": 31738.5,
        "应付债券_万元": null,
        "租赁负债_万元": 555.501331,
        "长期应付款_万元": null,
        "预计负债_万元": 2938.344216,
        "递延收益_万元": 1540.71998,
        "递延所得税负债_万元": 655.33895,
        "其他非流动负债_万元": 7.893353,
        "非流动负债合计_万元": 37436.29783,
        "总负债_万元": 215562.141254,
        "总负债同比增长_百分比": null,
        "资产负债率_百分比": 57.54,
        "实收资本_万元": 35033.6112,
        "资本公积_万元": null,
        "盈余公积_万元": 1835.842424,
        "未分配利润_万元": -47194.47682,
        "其他综合收益_万元": null,
        "专项储备_万元": null,
        "归属于母公司所有者权益合计_万元": 68482.033169,
        "少数股东权益_万元": 90224.434388,
        "股东权益合计_万元": 158706.467557
    },
    "利润表": {
        "营业总收入_万元": 102186.755656,
        "营业收入_万元": 102186.755656,
        "营业总收入同比增长_百分比": -28.17,
        "营业成本_万元": 85910.87919,
        "税金及附加_万元": 241.344838,
        "销售费用_万元": 2481.812953,
        "管理费用_万元": 5952.87983,
        "研发费用_万元": 613.649943,
        "财务费用_万元": 5738.008349,
        "其中利息费用_万元": 5924.08147,
        "其中利息收入_万元": 7.223797,
        "其他收益_万元": 175.359261,
        "投资收益_万元": null,
        "其中对联营企业投资收益_万元": null,
        "公允价值变动收益_万元": null,
        "信用减值损失_万元": -10254.756334,
        "资产减值损失_万元": -10688.906986,
        "资产处置收益_万元": -30.43531,
        "营业总支出_万元": null,
        "营业利润_万元": -19550.558816,
        "营业外收入_万元": 8128.220695,
        "营业外支出_万元": 117.945413,
        "利润总额_万元": -11540.283534,
        "所得税费用_万元": 2218.842427,
        "净利润_万元": -13759.125961,
        "归母净利润_万元": -11585.239422,
        "少数股东损益_万元": -2173.886539,
        "持续经营净利润_万元": -20437.634893,
        "终止经营净利润_万元": null,
        "其他综合收益_万元": null,
        "综合收益总额_万元": -13759.125961,
        "归母综合收益总额_万元": -11585.239422
    },
    "现金流量表": {
        "销售商品收到现金_万元": 74460.461914,
        "收到的税费返还_万元": 832.233368,
        "收到其他经营活动现金_万元": 22952.222874,
        "经营活动现金流入_万元": 98244.918156,
        "购买商品支付现金_万元": 78380.650311,
        "支付职工现金_万元": 3484.65171,
        "支付税费_万元": 920.144061,
        "支付其他经营活动现金_万元": 12265.771458,
        "经营活动现金流出_万元": 95051.21754,
        "经营现金流净额_万元": 3193.700616,
        "经营现金流净额同比增长_百分比": 133.3,
        "收回投资现金_万元": null,
        "取得投资收益现金_万元": null,
        "处置资产收回现金_万元": 0.238,
        "收到其他投资活动现金_万元": null,
        "投资活动现金流入_万元": 0.238,
        "投资支付现金_万元": null,
        "购建资产支付现金_万元": 504.197326,
        "支付其他投资活动现金_万元": null,
        "投资活动现金流出_万元": 504.197326,
        "投资现金流净额_万元": -503.959326,
        "吸收投资现金_万元": null,
        "取得借款现金_万元": 4068.3,
        "收到其他筹资活动现金_万元": 7110.364533,
        "筹资活动现金流入_万元": 11178.664533,
        "偿还债务现金_万元": 12163.509408,
        "分配股利现金_万元": 2504.154721,
        "支付其他筹资活动现金_万元": null,
        "筹资活动现金流出_万元": 14667.664129,
        "融资现金流净额_万元": -3488.999596,
        "汇率变动影响_万元": 3.047947,
        "现金及等价物净增加额_万元": -796.210359,
        "净现金流_元": null,
        "净现金流同比增长_百分比": null,
        "期初现金及等价物_万元": 1453.096645,
        "期末现金及等价物_万元": 656.886286,
        "经营现金流占比_百分比": null,
        "投资现金流占比_百分比": null,
        "融资现金流占比_百分比": null
    }
}