{
    "报告信息": {
        "序号": "2024-061",
        "股票代码": "300534",
        "股票简称": "陇神戎发",
        "报告年份": "2024",
        "报告期": "半年度",
        "总股本_股": 303345000,
        "流通股本_股": null,
        "报告日期": "2024-08",
        "审计意见": null,
        "会计师事务所": null,
        "期": "HY"
    },
    "核心业绩指标": {
        "每股收益_元": 0.0707,
        "稀释每股收益_元": 0.0707,
        "营业总收入_万元": 55082.989654,
        "营业总收入_亿元": 5.5082989654,
        "营收同比增长_百分比": -6.87,
        "营收环比增长_百分比": null,
        "净利润_万元": 3681.107645,
        "净利润_亿元": 0.3681107645,
        "净利润同比增长_百分比": null,
        "净利润环比增长_百分比": null,
        "归母净利润_万元": 2145.294775,
        "少数股东损益_万元": 1535.81287,
        "每股净资产_元": null,
        "净资产收益率_百分比": null,
        "扣非净资产收益率_百分比": null,
        "每股经营现金流_元": null,
        "扣非净利润_万元": 2133.664356,
        "扣非净利润同比增长_百分比": -29.85,
        "销售毛利率_百分比": null,
        "销售净利率_百分比": null,
        "加权平均净资产收益率_百分比": 3.31,
        "扣非加权净资产收益率_百分比": null,
        "总资产收益率_百分比": null,
        "主营业务收入_万元": null,
        "主营业务成本_万元": null,
        "主营业务利润_万元": null
    },
    "资产负债表": {
        "货币资金_万元": 35299.320286,
        "应收账款_万元": 18416.433327,
        "应收票据_万元": 187.00992,
        "应收款项融资_万元": null,
        "预付款项_万元": 2371.537227,
        "其他应收款_万元": 604.140168,
        "存货_万元": 10143.172059,
        "合同资产_万元": null,
        "一年内到期的非流动资产_万元": null,
        "其他流动资产_万元": 278.565369,
        "流动资产合计_万元": 67300.178356,
        "交易性金融资产_万元": null,
        "债权投资_万元": null,
        "其他债权投资_万元": null,
        "长期应收款_万元": null,
        "长期股权投资_万元": null,
        "其他权益工具投资_万元": 5420.0,
        "投资性房地产_万元": 10694.000228,
        "固定资产_万元": 33495.195386,
        "在建工程_万元": 10774.775753,
        "生产性生物资产_万元": null,
        "油气资产_万元": null,
        "使用权资产_万元": 454.465828,
        "无形资产_万元": 6125.189239,
        "开发支出_万元": null,
        "商誉_万元": 1372.41666,
        "长期待摊费用_万元": 19.347988,
        "递延所得税资产_万元": 1085.117013,
        "其他非流动资产_万元": 535.152751,
        "非流动资产合计_万元": 69975.660846,
        "总资产_万元": 137275.839202,
        "总资产同比增长_百分比": 2.7,
        "短期借款_万元": 324.518166,
        "交易性金融负债_万元": null,
        "应付票据_万元": null,
        "应付账款_万元": 37660.673186,
        "预收款项_万元": 160.740336,
        "合同负债_万元": 2034.831526,
        "应付职工薪酬_万元": 778.892535,
        "应交税费_万元": 1567.578685,
        "其他应付款_万元": 7960.379376,
        "一年内到期的非流动负债_万元": 119.403051,
        "其他流动负债_万元": 264.528099,
        "流动负债合计_万元": 50871.54496,
        "长期借款_万元": 10384.93669,
        "应付债券_万元": null,
        "租赁负债_万元": 363.83625,
        "长期应付款_万元": null,
        "预计负债_万元": null,
        "递延收益_万元": 3180.639986,
        "递延所得税负债_万元": 22.723291,
        "其他非流动负债_万元": null,
        "非流动负债合计_万元": 13952.136217,
        "总负债_万元": 64823.681177,
        "总负债同比增长_百分比": null,
        "资产负债率_百分比": null,
        "实收资本_万元": null,
        "资本公积_万元": 6668.202974,
        "盈余公积_万元": 3066.13668,
        "未分配利润_万元": 24840.364393,
        "其他综合收益_万元": null,
        "专项储备_万元": null,
        "归属于母公司所有者权益合计_万元": 64909.204047,
        "少数股东权益_万元": 7542.953978,
        "股东权益合计_万元": 72452.158025
    },
    "利润表": {
        "营业总收入_万元": 55082.989654,
        "营业收入_万元": 55082.989654,
        "营业总收入同比增长_百分比": -6.87,
        "营业成本_万元": 13797.649672,
        "税金及附加_万元": 754.382308,
        "销售费用_万元": 31920.20864,
        "管理费用_万元": 2186.661855,
        "研发费用_万元": 1054.726743,
        "财务费用_万元": -147.742624,
        "其中利息费用_万元": 190.806483,
        "其中利息收入_万元": 343.960946,
        "其他收益_万元": 238.758782,
        "投资收益_万元": 60.0,
        "其中对联营企业投资收益_万元": null,
        "公允价值变动收益_万元": null,
        "信用减值损失_万元": -33.550568,
        "资产减值损失_万元": null,
        "资产处置收益_万元": null,
        "营业总支出_万元": null,
        "营业利润_万元": 5782.311274,
        "营业外收入_万元": 19.972181,
        "营业外支出_万元": 243.723243,
        "利润总额_万元": 5558.560212,
        "所得税费用_万元": 1877.452567,
        "净利润_万元": 3681.107645,
        "归母净利润_万元": 2145.294775,
        "少数股东损益_万元": 1535.81287,
        "持续经营净利润_万元": 3681.107645,
        "终止经营净利润_万元": null,
        "其他综合收益_万元": null,
        "综合收益总额_万元": 3681.107645,
        "归母综合收益总额_万元": 2145.294775
    },
    "现金流量表": {
        "销售商品收到现金_万元": 59840.88395,
        "收到的税费返还_万元": null,
        "收到其他经营活动现金_万元": 2869.296717,
        "经营活动现金流入_万元": 62710.180667,
        "购买商品支付现金_万元": 11465.02921,
        "支付职工现金_万元": 4450.393423,
        "支付税费_万元": 9440.132438,
        "支付其他经营活动现金_万元": 20966.288807,
        "经营活动现金流出_万元": 46321.843878,
        "经营现金流净额_万元": 16388.336789,
        "经营现金流净额同比增长_百分比": 1019.41,
        "收回投资现金_万元": null,
        "取得投资收益现金_万元": 60.0,
        "处置资产收回现金_万元": null,
        "收到其他投资活动现金_万元": 1560.878948,
        "投资活动现金流入_万元": 1620.878948,
        "投资支付现金_万元": 2304.83946,
        "购建资产支付现金_万元": 3449.607987,
        "支付其他投资活动现金_万元": 0.498415,
        "投资活动现金流出_万元": 5754.945862,
        "投资现金流净额_万元": -4134.066914,
        "吸收投资现金_万元": 75.0,
        "取得借款现金_万元": 300.0,
        "收到其他筹资活动现金_万元": null,
        "筹资活动现金流入_万元": 375.0,
        "偿还债务现金_万元": 3575.0,
        "分配股利现金_万元": 2624.171553,
        "支付其他筹资活动现金_万元": null,
        "筹资活动现金流出_万元": 6199.171553,
        "融资现金流净额_万元": -5824.171553,
        "汇率变动影响_万元": null,
        "现金及等价物净增加额_万元": 6430.098322,
        "净现金流_元": null,
        "净现金流同比增长_百分比": 157.85,
        "期初现金及等价物_万元": 28869.221964,
        "期末现金及等价物_万元": 35299.320286,
        "经营现金流占比_百分比": null,
        "投资现金流占比_百分比": null,
        "融资现金流占比_百分比": null
    }
}