{
    "报告信息": {
        "序号": null,
        "股票代码": "300534",
        "股票简称": "陇神戎发",
        "报告年份": "2025",
        "报告期": "第一季度",
        "总股本_股": 303345000,
        "流通股本_股": null,
        "报告日期": "2025-04-24",
        "审计意见": "未经审计",
        "会计师事务所": null,
        "期": "Q1"
    },
    "核心业绩指标": {
        "每股收益_元": 0.0798,
        "稀释每股收益_元": 0.0798,
        "营业总收入_万元": 28944.311682,
        "营业总收入_亿元": 2.8944311682,
        "营收同比增长_百分比": 13.52,
        "营收环比增长_百分比": null,
        "净利润_万元": 3287.639514,
        "净利润_亿元": 0.3287639514,
        "净利润同比增长_百分比": null,
        "净利润环比增长_百分比": null,
        "归母净利润_万元": 2421.00045,
        "少数股东损益_万元": 866.639064,
        "每股净资产_元": null,
        "净资产收益率_百分比": null,
        "扣非净资产收益率_百分比": null,
        "每股经营现金流_元": -0.1068,
        "扣非净利润_万元": 2692.298649,
        "扣非净利润同比增长_百分比": 26.88,
        "销售毛利率_百分比": null,
        "销售净利率_百分比": null,
        "加权平均净资产收益率_百分比": 3.55,
        "扣非加权净资产收益率_百分比": null,
        "总资产收益率_百分比": null,
        "主营业务收入_万元": null,
        "主营业务成本_万元": null,
        "主营业务利润_万元": null
    },
    "资产负债表": {
        "货币资金_万元": 27484.926871,
        "应收账款_万元": 22412.689127,
        "应收票据_万元": 101.304,
        "应收款项融资_万元": null,
        "预付款项_万元": 4597.431223,
        "其他应收款_万元": 2309.521822,
        "存货_万元": 13292.890114,
        "合同资产_万元": null,
        "一年内到期的非流动资产_万元": null,
        "其他流动资产_万元": 202.252925,
        "流动资产合计_万元": 70401.016082,
        "交易性金融资产_万元": null,
        "债权投资_万元": null,
        "其他债权投资_万元": null,
        "长期应收款_万元": null,
        "长期股权投资_万元": null,
        "其他权益工具投资_万元": 4956.770184,
        "投资性房地产_万元": 7297.030351,
        "固定资产_万元": 48033.276642,
        "在建工程_万元": 3093.179238,
        "生产性生物资产_万元": null,
        "油气资产_万元": null,
        "使用权资产_万元": 351.528305,
        "无形资产_万元": 6252.777847,
        "开发支出_万元": null,
        "商誉_万元": 1372.41666,
        "长期待摊费用_万元": 149.619029,
        "递延所得税资产_万元": 1150.369673,
        "其他非流动资产_万元": 117.01998,
        "非流动资产合计_万元": 72953.089683,
        "总资产_万元": 143354.105765,
        "总资产同比增长_百分比": -0.91,
        "短期借款_万元": 121.532,
        "交易性金融负债_万元": null,
        "应付票据_万元": null,
        "应付账款_万元": 36777.4025,
        "预收款项_万元": 185.79987,
        "合同负债_万元": 694.279686,
        "应付职工薪酬_万元": 1005.334826,
        "应交税费_万元": 2134.012844,
        "其他应付款_万元": 4774.572048,
        "一年内到期的非流动负债_万元": 3441.11,
        "其他流动负债_万元": 90.25636,
        "流动负债合计_万元": 49224.300134,
        "长期借款_万元": 9721.468229,
        "应付债券_万元": null,
        "租赁负债_万元": 243.17823,
        "长期应付款_万元": null,
        "预计负债_万元": null,
        "递延收益_万元": 4947.093176,
        "递延所得税负债_万元": 153.997175,
        "其他非流动负债_万元": 2374.68308,
        "非流动负债合计_万元": 17440.41989,
        "总负债_万元": 66664.720024,
        "总负债同比增长_百分比": null,
        "资产负债率_百分比": 46.5,
        "实收资本_万元": 30334.5,
        "资本公积_万元": 9715.1798,
        "盈余公积_万元": 3525.056586,
        "未分配利润_万元": 26630.919895,
        "其他综合收益_万元": -223.745344,
        "专项储备_万元": null,
        "归属于母公司所有者权益合计_万元": 69981.910937,
        "少数股东权益_万元": 6707.474804,
        "股东权益合计_万元": 76689.385741
    },
    "利润表": {
        "营业总收入_万元": 28944.311682,
        "营业收入_万元": 28944.311682,
        "营业总收入同比增长_百分比": 13.52,
        "营业成本_万元": 10597.001329,
        "税金及附加_万元": 376.479316,
        "销售费用_万元": 11889.680576,
        "管理费用_万元": 1336.231277,
        "研发费用_万元": 599.980211,
        "财务费用_万元": -69.375968,
        "其中利息费用_万元": 67.396172,
        "其中利息收入_万元": 140.085349,
        "其他收益_万元": 319.537076,
        "投资收益_万元": null,
        "其中对联营企业投资收益_万元": null,
        "公允价值变动收益_万元": null,
        "信用减值损失_万元": 1.114625,
        "资产减值损失_万元": null,
        "资产处置收益_万元": null,
        "营业总支出_万元": 24729.996741,
        "营业利润_万元": 4534.966642,
        "营业外收入_万元": 838.240803,
        "营业外支出_万元": 1548.965383,
        "利润总额_万元": 3824.242062,
        "所得税费用_万元": 536.602548,
        "净利润_万元": 3287.639514,
        "归母净利润_万元": 2421.00045,
        "少数股东损益_万元": 866.639064,
        "持续经营净利润_万元": 3287.639514,
        "终止经营净利润_万元": null,
        "其他综合收益_万元": null,
        "综合收益总额_万元": 3287.639514,
        "归母综合收益总额_万元": 2421.00045
    },
    "现金流量表": {
        "销售商品收到现金_万元": 31216.710041,
        "收到的税费返还_万元": null,
        "收到其他经营活动现金_万元": 1476.921934,
        "经营活动现金流入_万元": 32693.631975,
        "购买商品支付现金_万元": 10990.980069,
        "支付职工现金_万元": 2777.322979,
        "支付税费_万元": 5946.597308,
        "支付其他经营活动现金_万元": 16217.203501,
        "经营活动现金流出_万元": 35932.103857,
        "经营现金流净额_万元": -3238.471882,
        "经营现金流净额同比增长_百分比": -124.47,
        "收回投资现金_万元": null,
        "取得投资收益现金_万元": null,
        "处置资产收回现金_万元": null,
        "收到其他投资活动现金_万元": null,
        "投资活动现金流入_万元": null,
        "投资支付现金_万元": null,
        "购建资产支付现金_万元": 878.596639,
        "支付其他投资活动现金_万元": null,
        "投资活动现金流出_万元": 878.596639,
        "投资现金流净额_万元": -878.596639,
        "吸收投资现金_万元": 2843.005299,
        "取得借款现金_万元": 127.251,
        "收到其他筹资活动现金_万元": null,
        "筹资活动现金流入_万元": 2970.256299,
        "偿还债务现金_万元": 368.468,
        "分配股利现金_万元": 1143.551036,
        "支付其他筹资活动现金_万元": 858.494,
        "筹资活动现金流出_万元": 2370.513036,
        "融资现金流净额_万元": 599.743263,
        "汇率变动影响_万元": null,
        "现金及等价物净增加额_万元": -3517.325258,
        "净现金流_元": null,
        "净现金流同比增长_百分比": null,
        "期初现金及等价物_万元": 31002.252129,
        "期末现金及等价物_万元": 27484.926871,
        "经营现金流占比_百分比": null,
        "投资现金流占比_百分比": null,
        "融资现金流占比_百分比": null
    }
}