{
    "报告信息": {
        "序号": null,
        "股票代码": "300534",
        "股票简称": "陇神戎发",
        "报告年份": "2023",
        "报告期": "第三季度",
        "总股本_股": 303345000,
        "流通股本_股": null,
        "报告日期": null,
        "审计意见": null,
        "会计师事务所": null,
        "期": "Q3"
    },
    "核心业绩指标": {
        "每股收益_元": 0.1544,
        "稀释每股收益_元": 0.1544,
        "营业总收入_万元": 81230.626281,
        "营业总收入_亿元": 8.1230626281,
        "营收同比增长_百分比": 102.52,
        "营收环比增长_百分比": null,
        "净利润_万元": 6293.299922,
        "净利润_亿元": 0.6293299922,
        "净利润同比增长_百分比": 230.24,
        "净利润环比增长_百分比": null,
        "归母净利润_万元": 4682.765999,
        "少数股东损益_万元": 1610.533923,
        "每股净资产_元": null,
        "净资产收益率_百分比": 6.49,
        "扣非净资产收益率_百分比": null,
        "每股经营现金流_元": null,
        "扣非净利润_万元": 4389.875008,
        "扣非净利润同比增长_百分比": 216.7,
        "销售毛利率_百分比": null,
        "销售净利率_百分比": null,
        "加权平均净资产收益率_百分比": 6.49,
        "扣非加权净资产收益率_百分比": null,
        "总资产收益率_百分比": null,
        "主营业务收入_万元": 81230.626281,
        "主营业务成本_万元": 26774.166196,
        "主营业务利润_万元": null
    },
    "资产负债表": {
        "货币资金_万元": 26344.447055,
        "应收账款_万元": 23825.981596,
        "应收票据_万元": 140.16474,
        "应收款项融资_万元": null,
        "预付款项_万元": 3646.045151,
        "其他应收款_万元": 339.509512,
        "存货_万元": 12686.562445,
        "合同资产_万元": null,
        "一年内到期的非流动资产_万元": null,
        "其他流动资产_万元": 20.327831,
        "流动资产合计_万元": 67003.03833,
        "交易性金融资产_万元": null,
        "债权投资_万元": null,
        "其他债权投资_万元": null,
        "长期应收款_万元": null,
        "长期股权投资_万元": null,
        "其他权益工具投资_万元": 5420.0,
        "投资性房地产_万元": 10971.634166,
        "固定资产_万元": 32016.585475,
        "在建工程_万元": 8200.68108,
        "生产性生物资产_万元": null,
        "油气资产_万元": null,
        "使用权资产_万元": null,
        "无形资产_万元": 6126.509208,
        "开发支出_万元": null,
        "商誉_万元": 1372.41666,
        "长期待摊费用_万元": 9.883031,
        "递延所得税资产_万元": 959.646391,
        "其他非流动资产_万元": 262.15388,
        "非流动资产合计_万元": 65339.509891,
        "总资产_万元": 132342.548221,
        "总资产同比增长_百分比": 1.65,
        "短期借款_万元": 3003.041668,
        "交易性金融负债_万元": null,
        "应付票据_万元": null,
        "应付账款_万元": 32902.614398,
        "预收款项_万元": 45.151022,
        "合同负债_万元": 1923.191387,
        "应付职工薪酬_万元": 100.723393,
        "应交税费_万元": 981.05177,
        "其他应付款_万元": 10646.679037,
        "一年内到期的非流动负债_万元": null,
        "其他流动负债_万元": 250.014881,
        "流动负债合计_万元": 49852.467556,
        "长期借款_万元": 11083.777602,
        "应付债券_万元": null,
        "租赁负债_万元": null,
        "长期应付款_万元": null,
        "预计负债_万元": null,
        "递延收益_万元": 2648.796792,
        "递延所得税负债_万元": null,
        "其他非流动负债_万元": null,
        "非流动负债合计_万元": 13732.574394,
        "总负债_万元": 63585.04195,
        "总负债同比增长_百分比": null,
        "资产负债率_百分比": null,
        "实收资本_万元": 30334.5,
        "资本公积_万元": 5575.587741,
        "盈余公积_万元": 2949.711945,
        "未分配利润_万元": 22817.61482,
        "其他综合收益_万元": null,
        "专项储备_万元": null,
        "归属于母公司所有者权益合计_万元": 61677.414506,
        "少数股东权益_万元": 7080.091765,
        "股东权益合计_万元": 68757.506271
    },
    "利润表": {
        "营业总收入_万元": 81230.626281,
        "营业收入_万元": 81230.626281,
        "营业总收入同比增长_百分比": 102.52,
        "营业成本_万元": 26774.166196,
        "税金及附加_万元": 949.371263,
        "销售费用_万元": 40410.067598,
        "管理费用_万元": 3289.896512,
        "研发费用_万元": 2065.095275,
        "财务费用_万元": -255.778954,
        "其中利息费用_万元": 286.073125,
        "其中利息收入_万元": 545.17806,
        "其他收益_万元": 358.946109,
        "投资收益_万元": null,
        "其中对联营企业投资收益_万元": null,
        "公允价值变动收益_万元": null,
        "信用减值损失_万元": -895.74905,
        "资产减值损失_万元": null,
        "资产处置收益_万元": null,
        "营业总支出_万元": 73232.81789,
        "营业利润_万元": 7461.00545,
        "营业外收入_万元": 11.052505,
        "营业外支出_万元": 43.25001,
        "利润总额_万元": 7428.807945,
        "所得税费用_万元": 1135.508023,
        "净利润_万元": 6293.299922,
        "归母净利润_万元": 4682.765999,
        "少数股东损益_万元": 1610.533923,
        "持续经营净利润_万元": 6293.299922,
        "终止经营净利润_万元": null,
        "其他综合收益_万元": null,
        "综合收益总额_万元": 6293.299922,
        "归母综合收益总额_万元": 4682.765999
    },
    "现金流量表": {
        "销售商品收到现金_万元": 81545.440408,
        "收到的税费返还_万元": 0.65288,
        "收到其他经营活动现金_万元": 4149.948714,
        "经营活动现金流入_万元": 85695.389122,
        "购买商品支付现金_万元": 28764.316015,
        "支付职工现金_万元": 6686.284663,
        "支付税费_万元": 12047.475063,
        "支付其他经营活动现金_万元": 34353.92436,
        "经营活动现金流出_万元": 81852.000101,
        "经营现金流净额_万元": 3843.389021,
        "经营现金流净额同比增长_百分比": 49.33,
        "收回投资现金_万元": null,
        "取得投资收益现金_万元": 91.219178,
        "处置资产收回现金_万元": null,
        "收到其他投资活动现金_万元": 1500.0,
        "投资活动现金流入_万元": 1591.219178,
        "投资支付现金_万元": null,
        "购建资产支付现金_万元": 9644.593713,
        "支付其他投资活动现金_万元": 1500.0,
        "投资活动现金流出_万元": 3277.534761,
        "投资现金流净额_万元": -9644.593713,
        "吸收投资现金_万元": 168.0,
        "取得借款现金_万元": 14200.0,
        "收到其他筹资活动现金_万元": null,
        "筹资活动现金流入_万元": 14368.0,
        "偿还债务现金_万元": 125.0,
        "分配股利现金_万元": 274.253855,
        "支付其他筹资活动现金_万元": 18747.498,
        "筹资活动现金流出_万元": 2059.465503,
        "融资现金流净额_万元": -4778.751855,
        "汇率变动影响_万元": null,
        "现金及等价物净增加额_万元": -10579.956547,
        "净现金流_元": null,
        "净现金流同比增长_百分比": null,
        "期初现金及等价物_万元": 36924.403602,
        "期末现金及等价物_万元": 26344.447055,
        "经营现金流占比_百分比": null,
        "投资现金流占比_百分比": null,
        "融资现金流占比_百分比": null
    }
}