{
    "报告信息": {
        "序号": null,
        "股票代码": "300534",
        "股票简称": "陇神戎发",
        "报告年份": "2024",
        "报告期": "第三季度",
        "总股本_股": 303345000,
        "流通股本_股": null,
        "报告日期": null,
        "审计意见": null,
        "会计师事务所": null,
        "期": "Q3"
    },
    "核心业绩指标": {
        "每股收益_元": 0.0816,
        "稀释每股收益_元": 0.0816,
        "营业总收入_万元": 80621.158075,
        "营业总收入_亿元": 0.80621158075,
        "营收同比增长_百分比": -0.75,
        "营收环比增长_百分比": null,
        "净利润_万元": 4754.675019,
        "净利润_亿元": 0.4754675019,
        "净利润同比增长_百分比": null,
        "净利润环比增长_百分比": null,
        "归母净利润_万元": 2476.719751,
        "少数股东损益_万元": 2277.955268,
        "每股净资产_元": 2.13,
        "净资产收益率_百分比": 3.87,
        "扣非净资产收益率_百分比": null,
        "每股经营现金流_元": 0.544,
        "扣非净利润_万元": 2415.108997,
        "扣非净利润同比增长_百分比": -44.98,
        "销售毛利率_百分比": 71.41,
        "销售净利率_百分比": 5.9,
        "加权平均净资产收益率_百分比": 3.87,
        "扣非加权净资产收益率_百分比": null,
        "总资产收益率_百分比": 3.47,
        "主营业务收入_万元": 80621.158075,
        "主营业务成本_万元": 23063.252365,
        "主营业务利润_万元": 57557.90571
    },
    "资产负债表": {
        "货币资金_万元": 31573.870785,
        "应收账款_万元": 20234.841387,
        "应收票据_万元": 59.967348,
        "应收款项融资_万元": null,
        "预付款项_万元": 2890.608288,
        "其他应收款_万元": 727.533422,
        "存货_万元": 10780.407723,
        "合同资产_万元": null,
        "一年内到期的非流动资产_万元": null,
        "其他流动资产_万元": 0.93424,
        "流动资产合计_万元": 66268.163193,
        "交易性金融资产_万元": null,
        "债权投资_万元": null,
        "其他债权投资_万元": null,
        "长期应收款_万元": null,
        "长期股权投资_万元": null,
        "其他权益工具投资_万元": 5420.0,
        "投资性房地产_万元": 10611.175411,
        "固定资产_万元": 32962.320015,
        "在建工程_万元": 11250.36118,
        "生产性生物资产_万元": null,
        "油气资产_万元": null,
        "使用权资产_万元": 431.235783,
        "无形资产_万元": 6078.392368,
        "开发支出_万元": null,
        "商誉_万元": 1372.41666,
        "长期待摊费用_万元": 53.940442,
        "递延所得税资产_万元": 1085.117013,
        "其他非流动资产_万元": 1766.970641,
        "非流动资产合计_万元": 71031.929513,
        "总资产_万元": 137300.092706,
        "总资产同比增长_百分比": 2.72,
        "短期借款_万元": 0.0,
        "交易性金融负债_万元": null,
        "应付票据_万元": null,
        "应付账款_万元": 39640.217113,
        "预收款项_万元": 87.103166,
        "合同负债_万元": 1259.651842,
        "应付职工薪酬_万元": 575.482779,
        "应交税费_万元": 1750.549892,
        "其他应付款_万元": 7764.204229,
        "一年内到期的非流动负债_万元": 119.403051,
        "其他流动负债_万元": 155.699933,
        "流动负债合计_万元": 51352.312005,
        "长期借款_万元": 10382.925347,
        "应付债券_万元": null,
        "租赁负债_万元": 350.748344,
        "长期应付款_万元": null,
        "预计负债_万元": null,
        "递延收益_万元": 3172.34832,
        "递延所得税负债_万元": 22.723291,
        "其他非流动负债_万元": null,
        "非流动负债合计_万元": 13928.745302,
        "总负债_万元": 65281.057307,
        "总负债同比增长_百分比": 4.41,
        "资产负债率_百分比": 47.62,
        "实收资本_万元": 30334.5,
        "资本公积_万元": 6668.202974,
        "盈余公积_万元": 3066.13668,
        "未分配利润_万元": 24565.099369,
        "其他综合收益_万元": null,
        "专项储备_万元": null,
        "归属于母公司所有者权益合计_万元": 64633.939023,
        "少数股东权益_万元": 7385.096376,
        "股东权益合计_万元": 72019.035399
    },
    "利润表": {
        "营业总收入_万元": 80621.158075,
        "营业收入_万元": 80621.158075,
        "营业总收入同比增长_百分比": -0.75,
        "营业成本_万元": 23063.252365,
        "税金及附加_万元": 1052.694036,
        "销售费用_万元": 45030.132283,
        "管理费用_万元": 3264.600588,
        "研发费用_万元": 1549.60575,
        "财务费用_万元": -267.319989,
        "其中利息费用_万元": 237.478002,
        "其中利息收入_万元": 515.522508,
        "其他收益_万元": 375.856847,
        "投资收益_万元": 60.0,
        "其中对联营企业投资收益_万元": null,
        "公允价值变动收益_万元": null,
        "信用减值损失_万元": 4.079552,
        "资产减值损失_万元": null,
        "资产处置收益_万元": -69.312905,
        "营业总支出_万元": 73692.965033,
        "营业利润_万元": 7298.816536,
        "营业外收入_万元": 19.979734,
        "营业外支出_万元": 246.519283,
        "利润总额_万元": 7072.276987,
        "所得税费用_万元": 2317.601968,
        "净利润_万元": 4754.675019,
        "归母净利润_万元": 2476.719751,
        "少数股东损益_万元": 2277.955268,
        "持续经营净利润_万元": 4754.675019,
        "终止经营净利润_万元": null,
        "其他综合收益_万元": null,
        "综合收益总额_万元": 4754.675019,
        "归母综合收益总额_万元": 2476.719751
    },
    "现金流量表": {
        "销售商品收到现金_万元": 86037.610566,
        "收到的税费返还_万元": null,
        "收到其他经营活动现金_万元": 3645.475573,
        "经营活动现金流入_万元": 89683.086139,
        "购买商品支付现金_万元": 18861.136964,
        "支付职工现金_万元": 6571.86246,
        "支付税费_万元": 11998.467783,
        "支付其他经营活动现金_万元": 35748.24535,
        "经营活动现金流出_万元": 73179.712557,
        "经营现金流净额_万元": 16503.373582,
        "经营现金流净额同比增长_百分比": 329.4,
        "收回投资现金_万元": null,
        "取得投资收益现金_万元": 60.0,
        "处置资产收回现金_万元": null,
        "收到其他投资活动现金_万元": 1560.878948,
        "投资活动现金流入_万元": 1620.878948,
        "投资支付现金_万元": null,
        "购建资产支付现金_万元": 5410.701668,
        "支付其他投资活动现金_万元": null,
        "投资活动现金流出_万元": 5410.701668,
        "投资现金流净额_万元": -3789.82272,
        "吸收投资现金_万元": 75.0,
        "取得借款现金_万元": 300.0,
        "收到其他筹资活动现金_万元": null,
        "筹资活动现金流入_万元": 375.0,
        "偿还债务现金_万元": 3875.0,
        "分配股利现金_万元": 4204.062581,
        "支付其他筹资活动现金_万元": 2304.83946,
        "筹资活动现金流出_万元": 10383.902041,
        "融资现金流净额_万元": -10008.902041,
        "汇率变动影响_万元": null,
        "现金及等价物净增加额_万元": 2704.648821,
        "净现金流_元": 27046488.21,
        "净现金流同比增长_百分比": null,
        "期初现金及等价物_万元": 28869.221964,
        "期末现金及等价物_万元": 31573.870785,
        "经营现金流占比_百分比": null,
        "投资现金流占比_百分比": null,
        "融资现金流占比_百分比": null
    }
}