{
    "报告信息": {
        "序号": null,
        "股票代码": "300534",
        "股票简称": "陇神戎发",
        "报告年份": "2024",
        "报告期": "第一季度",
        "总股本_股": 303345000,
        "流通股本_股": null,
        "报告日期": "2024-03-31",
        "审计意见": null,
        "会计师事务所": null,
        "期": "Q1"
    },
    "核心业绩指标": {
        "每股收益_元": 0.073,
        "稀释每股收益_元": 0.073,
        "营业总收入_万元": 25491.428274,
        "营业总收入_亿元": 0.25491428274,
        "营收同比增长_百分比": -13.97,
        "营收环比增长_百分比": null,
        "净利润_万元": 3080.263946,
        "净利润_亿元": 0.3080263946,
        "净利润同比增长_百分比": 5.16,
        "净利润环比增长_百分比": null,
        "归母净利润_万元": 2214.102838,
        "少数股东损益_万元": 866.161108,
        "每股净资产_元": 2.16,
        "净资产收益率_百分比": 3.43,
        "扣非净资产收益率_百分比": null,
        "每股经营现金流_元": 0.279,
        "扣非净利润_万元": 2121.861675,
        "扣非净利润同比增长_百分比": 10.81,
        "销售毛利率_百分比": 73.68,
        "销售净利率_百分比": 12.08,
        "加权平均净资产收益率_百分比": 3.43,
        "扣非加权净资产收益率_百分比": null,
        "总资产收益率_百分比": 2.15,
        "主营业务收入_万元": 25491.428274,
        "主营业务成本_万元": 6703.630419,
        "主营业务利润_万元": 3644.952703
    },
    "资产负债表": {
        "货币资金_万元": 32736.114974,
        "应收账款_万元": 23238.426749,
        "应收票据_万元": 119.932224,
        "应收款项融资_万元": null,
        "预付款项_万元": 5042.746104,
        "其他应收款_万元": 2641.172564,
        "存货_万元": 9833.549941,
        "合同资产_万元": null,
        "一年内到期的非流动资产_万元": null,
        "其他流动资产_万元": 20.285056,
        "流动资产合计_万元": 73632.227612,
        "交易性金融资产_万元": null,
        "债权投资_万元": null,
        "其他债权投资_万元": null,
        "长期应收款_万元": null,
        "长期股权投资_万元": null,
        "其他权益工具投资_万元": 5420.0,
        "投资性房地产_万元": 10776.813659,
        "固定资产_万元": 32331.647788,
        "在建工程_万元": 11536.29766,
        "生产性生物资产_万元": null,
        "油气资产_万元": null,
        "使用权资产_万元": 488.64819,
        "无形资产_万元": 6162.194602,
        "开发支出_万元": null,
        "商誉_万元": 1372.41666,
        "长期待摊费用_万元": 21.217747,
        "递延所得税资产_万元": 1011.842473,
        "其他非流动资产_万元": 248.29306,
        "非流动资产合计_万元": 69369.371839,
        "总资产_万元": 143001.599451,
        "总资产同比增长_百分比": 6.98,
        "短期借款_万元": 303.113833,
        "交易性金融负债_万元": null,
        "应付票据_万元": null,
        "应付账款_万元": 32541.415155,
        "预收款项_万元": 103.814886,
        "合同负债_万元": 5680.644693,
        "应付职工薪酬_万元": 923.535549,
        "应交税费_万元": 3741.421895,
        "其他应付款_万元": 10144.057688,
        "一年内到期的非流动负债_万元": 119.403051,
        "其他流动负债_万元": 738.48381,
        "流动负债合计_万元": 54295.89056,
        "长期借款_万元": 10960.299538,
        "应付债券_万元": null,
        "租赁负债_万元": 371.64219,
        "长期应付款_万元": null,
        "预计负债_万元": null,
        "递延收益_万元": 3118.014986,
        "递延所得税负债_万元": 24.43241,
        "其他非流动负债_万元": null,
        "非流动负债合计_万元": 14474.389124,
        "总负债_万元": 68770.279684,
        "总负债同比增长_百分比": 10.04,
        "资产负债率_百分比": 48.08,
        "实收资本_万元": 30334.5,
        "资本公积_万元": 6668.202974,
        "盈余公积_万元": 3066.13668,
        "未分配利润_万元": 25515.862456,
        "其他综合收益_万元": null,
        "专项储备_万元": null,
        "归属于母公司所有者权益合计_万元": 65584.70211,
        "少数股东权益_万元": 8646.617657,
        "股东权益合计_万元": 74231.319767
    },
    "利润表": {
        "营业总收入_万元": 25491.428274,
        "营业收入_万元": 25491.428274,
        "营业总收入同比增长_百分比": -13.97,
        "营业成本_万元": 6703.630419,
        "税金及附加_万元": 351.695362,
        "销售费用_万元": 13508.89566,
        "管理费用_万元": 1063.594282,
        "研发费用_万元": 398.448586,
        "财务费用_万元": -45.768491,
        "其中利息费用_万元": 90.921031,
        "其中利息收入_万元": 137.977875,
        "其他收益_万元": 134.020247,
        "投资收益_万元": null,
        "其中对联营企业投资收益_万元": null,
        "公允价值变动收益_万元": null,
        "信用减值损失_万元": null,
        "资产减值损失_万元": null,
        "资产处置收益_万元": null,
        "营业总支出_万元": 21980.495818,
        "营业利润_万元": 3644.952703,
        "营业外收入_万元": 5.933928,
        "营业外支出_万元": 0.8,
        "利润总额_万元": 3650.086631,
        "所得税费用_万元": 569.822685,
        "净利润_万元": 3080.263946,
        "归母净利润_万元": 2214.102838,
        "少数股东损益_万元": 866.161108,
        "持续经营净利润_万元": 3080.263946,
        "终止经营净利润_万元": null,
        "其他综合收益_万元": null,
        "综合收益总额_万元": 3080.263946,
        "归母综合收益总额_万元": 2214.102838
    },
    "现金流量表": {
        "销售商品收到现金_万元": 26480.90458,
        "收到的税费返还_万元": null,
        "收到其他经营活动现金_万元": 828.519954,
        "经营活动现金流入_万元": 27309.424534,
        "购买商品支付现金_万元": 4359.798298,
        "支付职工现金_万元": 2327.775801,
        "支付税费_万元": 4568.170542,
        "支付其他经营活动现金_万元": 7577.616268,
        "经营活动现金流出_万元": 18838.360909,
        "经营现金流净额_万元": 8471.063625,
        "经营现金流净额同比增长_百分比": 380.82,
        "收回投资现金_万元": null,
        "取得投资收益现金_万元": null,
        "处置资产收回现金_万元": null,
        "收到其他投资活动现金_万元": null,
        "投资活动现金流入_万元": null,
        "投资支付现金_万元": null,
        "购建资产支付现金_万元": 1838.952851,
        "支付其他投资活动现金_万元": null,
        "投资活动现金流出_万元": 1838.952851,
        "投资现金流净额_万元": -1838.952851,
        "吸收投资现金_万元": 0.0,
        "取得借款现金_万元": 300.0,
        "收到其他筹资活动现金_万元": null,
        "筹资活动现金流入_万元": 300.0,
        "偿还债务现金_万元": 3000.0,
        "分配股利现金_万元": 90.517764,
        "支付其他筹资活动现金_万元": 0.0,
        "筹资活动现金流出_万元": 3090.517764,
        "融资现金流净额_万元": -2790.517764,
        "汇率变动影响_万元": null,
        "现金及等价物净增加额_万元": 3841.59301,
        "净现金流_元": 38415930.1,
        "净现金流同比增长_百分比": null,
        "期初现金及等价物_万元": 28869.221964,
        "期末现金及等价物_万元": 32710.814974,
        "经营现金流占比_百分比": null,
        "投资现金流占比_百分比": null,
        "融资现金流占比_百分比": null
    }
}