{
    "报告信息": {
        "序号": null,
        "股票代码": "300147",
        "股票简称": "香雪制药",
        "报告年份": "2024",
        "报告期": "Q1",
        "总股本_股": 661279045,
        "流通股本_股": null,
        "报告日期": "2024-03-31",
        "审计意见": "未经审计",
        "会计师事务所": null
    },
    "核心业绩指标": {
        "每股收益_元": -0.05,
        "稀释每股收益_元": -0.05,
        "营业总收入_万元": 56885.674584,
        "营业总收入_亿元": 5.6885674584,
        "营收同比增长_百分比": -3.37,
        "营收环比增长_百分比": null,
        "净利润_万元": -3565.997904,
        "净利润_亿元": -0.3565997904,
        "净利润同比增长_百分比": -886.0,
        "净利润环比增长_百分比": null,
        "归母净利润_万元": -3565.997904,
        "少数股东损益_万元": 703.017187,
        "每股净资产_元": null,
        "净资产收益率_百分比": -1.87,
        "扣非净资产收益率_百分比": null,
        "每股经营现金流_元": null,
        "扣非净利润_万元": -2767.019814,
        "扣非净利润同比增长_百分比": -992.58,
        "销售毛利率_百分比": null,
        "销售净利率_百分比": null,
        "加权平均净资产收益率_百分比": -1.87,
        "扣非加权净资产收益率_百分比": null,
        "总资产收益率_百分比": null,
        "主营业务收入_万元": 56885.674584,
        "主营业务成本_万元": 36504.978102,
        "主营业务利润_万元": null
    },
    "资产负债表": {
        "货币资金_万元": 11726.868242,
        "应收账款_万元": 74469.01945,
        "应收票据_万元": 8745.273943,
        "应收款项融资_万元": 0.0,
        "预付款项_万元": 2720.60275,
        "其他应收款_万元": 5178.427566,
        "存货_万元": 40760.315037,
        "合同资产_万元": 0.0,
        "一年内到期的非流动资产_万元": 0.0,
        "其他流动资产_万元": 7221.850644,
        "流动资产合计_万元": 182378.661869,
        "交易性金融资产_万元": 400.0,
        "债权投资_万元": null,
        "其他债权投资_万元": null,
        "长期应收款_万元": null,
        "长期股权投资_万元": 4417.738204,
        "其他权益工具投资_万元": 8653.0001,
        "投资性房地产_万元": null,
        "固定资产_万元": 332153.789672,
        "在建工程_万元": 122152.243796,
        "生产性生物资产_万元": 60.924691,
        "油气资产_万元": null,
        "使用权资产_万元": 3535.263396,
        "无形资产_万元": 90742.358181,
        "开发支出_万元": 44550.29913,
        "商誉_万元": 19972.023713,
        "长期待摊费用_万元": 3818.951868,
        "递延所得税资产_万元": 2872.409021,
        "其他非流动资产_万元": 3887.079407,
        "非流动资产合计_万元": 641643.186042,
        "总资产_万元": 824021.847911,
        "总资产同比增长_百分比": -0.49,
        "短期借款_万元": 149368.943445,
        "交易性金融负债_万元": null,
        "应付票据_万元": 51.82184,
        "应付账款_万元": 110175.192211,
        "预收款项_万元": 0.0,
        "合同负债_万元": 13830.164974,
        "应付职工薪酬_万元": 3359.112196,
        "应交税费_万元": 6659.950269,
        "其他应付款_万元": 186708.24709,
        "一年内到期的非流动负债_万元": 34334.084651,
        "其他流动负债_万元": 7763.545247,
        "流动负债合计_万元": 515253.019912,
        "长期借款_万元": 54726.81252,
        "应付债券_万元": null,
        "租赁负债_万元": null,
        "长期应付款_万元": null,
        "预计负债_万元": null,
        "递延收益_万元": 6093.565375,
        "递延所得税负债_万元": 946.180356,
        "其他非流动负债_万元": null,
        "非流动负债合计_万元": 80267.633271,
        "总负债_万元": 595520.653183,
        "总负债同比增长_百分比": null,
        "资产负债率_百分比": null,
        "实收资本_万元": 66127.9045,
        "资本公积_万元": 215229.047639,
        "盈余公积_万元": 10537.382286,
        "未分配利润_万元": -102309.374469,
        "其他综合收益_万元": 169.703908,
        "专项储备_万元": null,
        "归属于母公司所有者权益合计_万元": 188904.5772,
        "少数股东权益_万元": 39596.617528,
        "股东权益合计_万元": 228501.194728
    },
    "利润表": {
        "营业总收入_万元": 56885.674584,
        "营业收入_万元": 56885.674584,
        "营业总收入同比增长_百分比": -3.37,
        "营业成本_万元": 36504.978102,
        "税金及附加_万元": 544.239612,
        "销售费用_万元": 8197.96805,
        "管理费用_万元": 6799.458078,
        "研发费用_万元": 1732.764317,
        "财务费用_万元": 5379.483406,
        "其中利息费用_万元": 5171.526714,
        "其中利息收入_万元": 18.478034,
        "其他收益_万元": 716.03766,
        "投资收益_万元": 49.806799,
        "其中对联营企业投资收益_万元": 47.11542,
        "公允价值变动收益_万元": 2.946068,
        "信用减值损失_万元": -56.802924,
        "资产减值损失_万元": null,
        "资产处置收益_万元": -106.611696,
        "营业总支出_万元": 59158.891565,
        "营业利润_万元": -1667.841074,
        "营业外收入_万元": 19.637333,
        "营业外支出_万元": 985.099046,
        "利润总额_万元": -2633.302787,
        "所得税费用_万元": 229.67793,
        "净利润_万元": -2862.980717,
        "归母净利润_万元": -3565.997904,
        "少数股东损益_万元": 703.017187,
        "持续经营净利润_万元": -2862.980717,
        "终止经营净利润_万元": null,
        "其他综合收益_万元": 0.392747,
        "综合收益总额_万元": -2862.58797,
        "归母综合收益总额_万元": -3565.605157
    },
    "现金流量表": {
        "销售商品收到现金_万元": 48734.453777,
        "收到的税费返还_万元": 441.358315,
        "收到其他经营活动现金_万元": 1014.608832,
        "经营活动现金流入_万元": 50190.420924,
        "购买商品支付现金_万元": 28159.045496,
        "支付职工现金_万元": 10112.382493,
        "支付税费_万元": 3721.651426,
        "支付其他经营活动现金_万元": 5615.948394,
        "经营活动现金流出_万元": 47609.027809,
        "经营现金流净额_万元": 2581.393115,
        "经营现金流净额同比增长_百分比": -53.05,
        "收回投资现金_万元": null,
        "取得投资收益现金_万元": null,
        "处置资产收回现金_万元": 28.74,
        "收到其他投资活动现金_万元": 902.691379,
        "投资活动现金流入_万元": 931.431379,
        "投资支付现金_万元": 2034.410111,
        "购建资产支付现金_万元": 1757.804965,
        "支付其他投资活动现金_万元": 1300.0,
        "投资活动现金流出_万元": 3057.804965,
        "投资现金流净额_万元": -2126.373586,
        "吸收投资现金_万元": 42.0,
        "取得借款现金_万元": 1280.0,
        "收到其他筹资活动现金_万元": 441.96553,
        "筹资活动现金流入_万元": 1763.96553,
        "偿还债务现金_万元": 1037.0,
        "分配股利现金_万元": 3849.287471,
        "支付其他筹资活动现金_万元": 551.333333,
        "筹资活动现金流出_万元": 5437.620804,
        "融资现金流净额_万元": -3673.655274,
        "汇率变动影响_万元": 0.004622,
        "现金及等价物净增加额_万元": -3218.631123,
        "净现金流_元": -32186311.23,
        "净现金流同比增长_百分比": null,
        "期初现金及等价物_万元": 13522.340872,
        "期末现金及等价物_万元": 10303.709749,
        "经营现金流占比_百分比": null,
        "投资现金流占比_百分比": null,
        "融资现金流占比_百分比": null
    }
}