{
    "报告信息": {
        "序号": null,
        "股票代码": "300147",
        "股票简称": "香雪制药",
        "报告年份": "2022",
        "报告期": "FY",
        "总股本_股": 661279045,
        "流通股本_股": 661279045,
        "报告日期": "2023-04-22",
        "审计意见": "标准的无保留意见",
        "会计师事务所": "大华会计师事务所（特殊普通合伙）"
    },
    "核心业绩指标": {
        "每股收益_元": -0.81,
        "稀释每股收益_元": -0.81,
        "营业总收入_万元": 218706.99014,
        "营业总收入_亿元": 21.870699014,
        "营收同比增长_百分比": -26.38,
        "营收环比增长_百分比": null,
        "净利润_万元": -53315.845693,
        "净利润_亿元": -5.3315845693,
        "净利润同比增长_百分比": 22.56,
        "净利润环比增长_百分比": null,
        "归母净利润_万元": -53315.845693,
        "少数股东损益_万元": 2523.72608,
        "每股净资产_元": null,
        "净资产收益率_百分比": -19.9,
        "扣非净资产收益率_百分比": null,
        "每股经营现金流_元": null,
        "扣非净利润_万元": -55310.871397,
        "扣非净利润同比增长_百分比": 24.29,
        "销售毛利率_百分比": null,
        "销售净利率_百分比": null,
        "加权平均净资产收益率_百分比": -19.9,
        "扣非加权净资产收益率_百分比": null,
        "总资产收益率_百分比": null,
        "主营业务收入_万元": 218706.99014,
        "主营业务成本_万元": 164455.706525,
        "主营业务利润_万元": null
    },
    "资产负债表": {
        "货币资金_万元": 16650.330905,
        "应收账款_万元": 59998.684805,
        "应收票据_万元": 8166.33336,
        "应收款项融资_万元": 2005.157216,
        "预付款项_万元": 5465.600608,
        "其他应收款_万元": 7646.589003,
        "存货_万元": 46707.493098,
        "合同资产_万元": null,
        "一年内到期的非流动资产_万元": null,
        "其他流动资产_万元": 8818.32133,
        "流动资产合计_万元": 169318.741238,
        "交易性金融资产_万元": 1259.8022,
        "债权投资_万元": null,
        "其他债权投资_万元": null,
        "长期应收款_万元": null,
        "长期股权投资_万元": 33569.756478,
        "其他权益工具投资_万元": 8898.4401,
        "投资性房地产_万元": 0.0,
        "固定资产_万元": 388217.813567,
        "在建工程_万元": 161682.045777,
        "生产性生物资产_万元": 57.935315,
        "油气资产_万元": 79.42179,
        "使用权资产_万元": 2648.428651,
        "无形资产_万元": 96409.471036,
        "开发支出_万元": 40292.613943,
        "商誉_万元": 19972.023713,
        "长期待摊费用_万元": 3772.448479,
        "递延所得税资产_万元": 2630.585074,
        "其他非流动资产_万元": 3094.969804,
        "非流动资产合计_万元": 765981.31266,
        "总资产_万元": 935300.053898,
        "总资产同比增长_百分比": -17.82,
        "短期借款_万元": 192608.293794,
        "交易性金融负债_万元": null,
        "应付票据_万元": 1794.5631,
        "应付账款_万元": 82336.760686,
        "预收款项_万元": 79.816514,
        "合同负债_万元": 24898.722214,
        "应付职工薪酬_万元": 3427.92534,
        "应交税费_万元": 3359.722911,
        "其他应付款_万元": 256960.152707,
        "一年内到期的非流动负债_万元": 7997.41376,
        "其他流动负债_万元": 8048.820308,
        "流动负债合计_万元": 585255.624574,
        "长期借款_万元": 42693.09765,
        "应付债券_万元": null,
        "租赁负债_万元": 2491.911615,
        "长期应付款_万元": 12043.0918,
        "预计负债_万元": 4962.955556,
        "递延收益_万元": 6035.195982,
        "递延所得税负债_万元": 0.0,
        "其他非流动负债_万元": null,
        "非流动负债合计_万元": 68226.252603,
        "总负债_万元": 653481.877177,
        "总负债同比增长_百分比": -14.28,
        "资产负债率_百分比": 69.87,
        "实收资本_万元": 66127.9045,
        "资本公积_万元": 215229.047639,
        "盈余公积_万元": 10537.382286,
        "未分配利润_万元": -50011.650135,
        "其他综合收益_万元": -519.29248,
        "专项储备_万元": null,
        "归属于母公司所有者权益合计_万元": 240513.305146,
        "少数股东权益_万元": 41304.871575,
        "股东权益合计_万元": 281818.176721
    },
    "利润表": {
        "营业总收入_万元": 218706.99014,
        "营业收入_万元": 218706.99014,
        "营业总收入同比增长_百分比": -26.38,
        "营业成本_万元": 164455.706525,
        "税金及附加_万元": 2296.943446,
        "销售费用_万元": 33314.125826,
        "管理费用_万元": 27055.108044,
        "研发费用_万元": 9479.276861,
        "财务费用_万元": 21250.96686,
        "其中利息费用_万元": 21320.142983,
        "其中利息收入_万元": 391.337302,
        "其他收益_万元": 3259.666438,
        "投资收益_万元": 4732.928579,
        "其中对联营企业投资收益_万元": 90.262438,
        "公允价值变动收益_万元": -1.187595,
        "信用减值损失_万元": -2175.927478,
        "资产减值损失_万元": -13857.757925,
        "资产处置收益_万元": 487.908057,
        "营业总支出_万元": 257852.127562,
        "营业利润_万元": -46699.507346,
        "营业外收入_万元": 120.875153,
        "营业外支出_万元": 4892.989253,
        "利润总额_万元": -51471.621446,
        "所得税费用_万元": -679.501833,
        "净利润_万元": -50792.119613,
        "归母净利润_万元": -53315.845693,
        "少数股东损益_万元": 2523.72608,
        "持续经营净利润_万元": -50792.119613,
        "终止经营净利润_万元": null,
        "其他综合收益_万元": -806.104579,
        "综合收益总额_万元": -51598.224192,
        "归母综合收益总额_万元": -54041.950272
    },
    "现金流量表": {
        "销售商品收到现金_万元": 225676.30496,
        "收到的税费返还_万元": 3036.972821,
        "收到其他经营活动现金_万元": 18946.020635,
        "经营活动现金流入_万元": 247659.298416,
        "购买商品支付现金_万元": 152727.488436,
        "支付职工现金_万元": 31688.867809,
        "支付税费_万元": 9634.653949,
        "支付其他经营活动现金_万元": 30870.561936,
        "经营活动现金流出_万元": 224921.57213,
        "经营现金流净额_万元": 22737.726286,
        "经营现金流净额同比增长_百分比": -11.72,
        "收回投资现金_万元": 5791.180345,
        "取得投资收益现金_万元": 59.988231,
        "处置资产收回现金_万元": 770.818,
        "处置子公司收回现金_万元": 43573.831805,
        "收到其他投资活动现金_万元": 39710.133472,
        "投资活动现金流入_万元": 89905.951853,
        "投资支付现金_万元": 0.0,
        "购建资产支付现金_万元": 36726.906372,
        "支付其他投资活动现金_万元": 15252.79552,
        "投资活动现金流出_万元": 51979.701892,
        "投资现金流净额_万元": 37926.249961,
        "吸收投资现金_万元": 30100.0,
        "取得借款现金_万元": 95917.419282,
        "收到其他筹资活动现金_万元": null,
        "筹资活动现金流入_万元": 119596.5,
        "偿还债务现金_万元": 105681.785054,
        "分配股利现金_万元": 17580.442379,
        "支付其他筹资活动现金_万元": 61611.588552,
        "筹资活动现金流出_万元": 184873.815985,
        "融资现金流净额_万元": -65277.315985,
        "汇率变动影响_万元": 90.104681,
        "现金及等价物净增加额_万元": -4523.235057,
        "净现金流_元": null,
        "净现金流同比增长_百分比": 85.2,
        "期初现金及等价物_万元": 17160.764013,
        "期末现金及等价物_万元": 12637.528956,
        "经营现金流占比_百分比": null,
        "投资现金流占比_百分比": null,
        "融资现金流占比_百分比": null
    }
}