{
    "报告信息": {
        "序号": null,
        "股票代码": "300147",
        "股票简称": "香雪制药",
        "报告年份": "2024",
        "报告期": "第三季度",
        "总股本_股": 661279045,
        "流通股本_股": null,
        "报告日期": null,
        "审计意见": "未经审计",
        "会计师事务所": null,
        "期": "Q3"
    },
    "核心业绩指标": {
        "每股收益_元": -0.33,
        "稀释每股收益_元": -0.33,
        "营业总收入_万元": 153356.00386,
        "营业总收入_亿元": 15.335600386,
        "营收同比增长_百分比": -11.26,
        "营收环比增长_百分比": null,
        "净利润_万元": -19688.958322,
        "净利润_亿元": -1.9688958322,
        "净利润同比增长_百分比": null,
        "净利润环比增长_百分比": null,
        "归母净利润_万元": -21779.792189,
        "少数股东损益_万元": 2090.833867,
        "每股净资产_元": null,
        "净资产收益率_百分比": null,
        "扣非净资产收益率_百分比": null,
        "每股经营现金流_元": null,
        "扣非净利润_万元": -20501.904615,
        "扣非净利润同比增长_百分比": -51.66,
        "销售毛利率_百分比": null,
        "销售净利率_百分比": null,
        "加权平均净资产收益率_百分比": -12.0,
        "扣非加权净资产收益率_百分比": null,
        "总资产收益率_百分比": null,
        "主营业务收入_万元": 153356.00386,
        "主营业务成本_万元": 105662.801556,
        "主营业务利润_万元": null
    },
    "资产负债表": {
        "货币资金_万元": 7559.649508,
        "应收账款_万元": 85156.574305,
        "应收票据_万元": 3975.598921,
        "应收款项融资_万元": 0.0,
        "预付款项_万元": 2163.024375,
        "其他应收款_万元": 6491.293335,
        "存货_万元": 42098.034345,
        "合同资产_万元": null,
        "一年内到期的非流动资产_万元": null,
        "其他流动资产_万元": 6841.761024,
        "流动资产合计_万元": 185755.447017,
        "交易性金融资产_万元": null,
        "债权投资_万元": null,
        "其他债权投资_万元": null,
        "长期应收款_万元": null,
        "长期股权投资_万元": 3391.850898,
        "其他权益工具投资_万元": 8653.0001,
        "投资性房地产_万元": null,
        "固定资产_万元": 324937.24091,
        "在建工程_万元": 117091.836621,
        "生产性生物资产_万元": 61.677469,
        "油气资产_万元": null,
        "使用权资产_万元": 3191.435927,
        "无形资产_万元": 85189.437237,
        "开发支出_万元": 45919.504722,
        "商誉_万元": 19972.023713,
        "长期待摊费用_万元": 3420.200783,
        "递延所得税资产_万元": 2521.247445,
        "其他非流动资产_万元": 2376.297254,
        "非流动资产合计_万元": 619655.092321,
        "总资产_万元": 805410.539338,
        "总资产同比增长_百分比": -2.74,
        "短期借款_万元": 144312.345416,
        "交易性金融负债_万元": null,
        "应付票据_万元": 25.823281,
        "应付账款_万元": 117328.636991,
        "预收款项_万元": 0.0,
        "合同负债_万元": 15194.54396,
        "应付职工薪酬_万元": 3912.327266,
        "应交税费_万元": 5311.502159,
        "其他应付款_万元": 194520.455396,
        "一年内到期的非流动负债_万元": 27782.657701,
        "其他流动负债_万元": 4111.748508,
        "流动负债合计_万元": 515654.808713,
        "长期借款_万元": null,
        "应付债券_万元": null,
        "租赁负债_万元": null,
        "长期应付款_万元": null,
        "预计负债_万元": null,
        "递延收益_万元": null,
        "递延所得税负债_万元": null,
        "其他非流动负债_万元": null,
        "非流动负债合计_万元": 78087.431105,
        "总负债_万元": 593742.239818,
        "总负债同比增长_百分比": null,
        "资产负债率_百分比": null,
        "实收资本_万元": 66127.9045,
        "资本公积_万元": 215229.047639,
        "盈余公积_万元": 10537.382286,
        "未分配利润_万元": -120523.168754,
        "其他综合收益_万元": 162.786305,
        "专项储备_万元": null,
        "归属于母公司所有者权益合计_万元": 170683.865312,
        "少数股东权益_万元": 40984.434208,
        "股东权益合计_万元": 211668.29952
    },
    "利润表": {
        "营业总收入_万元": 153356.00386,
        "营业收入_万元": 153356.00386,
        "营业总收入同比增长_百分比": -11.26,
        "营业成本_万元": 105662.801556,
        "税金及附加_万元": 1934.973993,
        "销售费用_万元": 20987.717255,
        "管理费用_万元": 21214.488406,
        "研发费用_万元": 5306.065317,
        "财务费用_万元": 18075.921288,
        "其中利息费用_万元": 17786.938267,
        "其中利息收入_万元": 174.053491,
        "其他收益_万元": 6066.253157,
        "投资收益_万元": 1470.493599,
        "其中对联营企业投资收益_万元": -42.510437,
        "公允价值变动收益_万元": -13.268211,
        "信用减值损失_万元": -226.269511,
        "资产减值损失_万元": -149.314368,
        "资产处置收益_万元": -2950.775275,
        "营业总支出_万元": 173181.967815,
        "营业利润_万元": -15628.844564,
        "营业外收入_万元": 111.590685,
        "营业外支出_万元": 3266.571299,
        "利润总额_万元": -18783.825178,
        "所得税费用_万元": 905.133144,
        "净利润_万元": -19688.958322,
        "归母净利润_万元": -21779.792189,
        "少数股东损益_万元": 2090.833867,
        "持续经营净利润_万元": -19688.958322,
        "终止经营净利润_万元": null,
        "其他综合收益_万元": -6.524856,
        "综合收益总额_万元": -19695.483178,
        "归母综合收益总额_万元": -21786.317045
    },
    "现金流量表": {
        "销售商品收到现金_万元": 134822.113442,
        "收到的税费返还_万元": 1312.778315,
        "收到其他经营活动现金_万元": 2712.948914,
        "经营活动现金流入_万元": 138847.840671,
        "购买商品支付现金_万元": 90412.162495,
        "支付职工现金_万元": 26583.878217,
        "支付税费_万元": 9731.917379,
        "支付其他经营活动现金_万元": 15736.342545,
        "经营活动现金流出_万元": 142464.300636,
        "经营现金流净额_万元": -3616.459965,
        "经营现金流净额同比增长_百分比": -118.84,
        "收回投资现金_万元": 2340.551342,
        "取得投资收益现金_万元": null,
        "处置资产收回现金_万元": 3007.63861,
        "收到其他投资活动现金_万元": 1303.855829,
        "投资活动现金流入_万元": 8287.387465,
        "投资支付现金_万元": null,
        "购建资产支付现金_万元": 2772.583082,
        "支付其他投资活动现金_万元": 2719.678954,
        "投资活动现金流出_万元": 5492.262036,
        "投资现金流净额_万元": 2795.125429,
        "吸收投资现金_万元": 42.0,
        "取得借款现金_万元": 1280.0,
        "收到其他筹资活动现金_万元": 2527.680735,
        "筹资活动现金流入_万元": 3849.680735,
        "偿还债务现金_万元": 1949.155105,
        "分配股利现金_万元": 5538.331487,
        "支付其他筹资活动现金_万元": 2489.813105,
        "筹资活动现金流出_万元": 9977.299997,
        "融资现金流净额_万元": -6127.618962,
        "汇率变动影响_万元": -0.042686,
        "现金及等价物净增加额_万元": -6948.996184,
        "净现金流_元": null,
        "净现金流同比增长_百分比": null,
        "期初现金及等价物_万元": 13522.340872,
        "期末现金及等价物_万元": 6573.344688,
        "经营现金流占比_百分比": null,
        "投资现金流占比_百分比": null,
        "融资现金流占比_百分比": null
    }
}